sheet	file	id	kind	snippet
StrSheet_Dungeon	StrSheet_Dungeon-00001_Translated.xml	2102000	entity	&lt;font size='25'color='#FFCD12'&gt;&amp;#161;Debo ayudar a &amp;#201;lion!&lt;/font&gt;
StrSheet_Dungeon	StrSheet_Dungeon-00001_Translated.xml	2102101	entity	Eso est&amp;#225; fuera de discusi&amp;#243;n.
StrSheet_Dungeon	StrSheet_Dungeon-00001_Translated.xml	2102200	entity	&amp;#161;Alto!
StrSheet_Dungeon	StrSheet_Dungeon-00001_Translated.xml	2102201	entity	Qu&amp;#233; osad&amp;#237;a la suya de infiltrarse aqu&amp;#237;.
StrSheet_Dungeon	StrSheet_Dungeon-00001_Translated.xml	2102202	entity	&amp;#161;Ustedes tambi&amp;#233;n van a terminar en una jaula!
StrSheet_Dungeon	StrSheet_Dungeon-00001_Translated.xml	2102203	entity	&amp;#161;Argh!
StrSheet_Dungeon	StrSheet_Dungeon-00001_Translated.xml	2102300	entity	&amp;#161;&amp;#191;C&amp;#243;mo se atreven?!
StrSheet_Dungeon	StrSheet_Dungeon-00001_Translated.xml	2102301	entity	&amp;#161;Al ataque!
StrSheet_Dungeon	StrSheet_Dungeon-00001_Translated.xml	2102400	entity	&amp;#161;E... espere!
StrSheet_Dungeon	StrSheet_Dungeon-00001_Translated.xml	2102401	entity	&amp;#161;Oh, no! &amp;#161;Vamos a ayudar a &amp;#201;lion!
StrSheet_Dungeon	StrSheet_Dungeon-00001_Translated.xml	2102402	entity	&amp;#161;Sigan a &amp;#201;lion! No se ve&amp;#237;a nada bien.
StrSheet_Dungeon	StrSheet_Dungeon-00001_Translated.xml	2102403	entity	&amp;#201;lion no se ve&amp;#237;a muy bien que digamos.
StrSheet_Dungeon	StrSheet_Dungeon-00002_Translated.xml	2103101	entity	Ustedes encarg&amp;#250;ense del lado izquierdo.
StrSheet_Dungeon	StrSheet_Dungeon-00002_Translated.xml	2103102	entity	Por aqu&amp;#237;. &amp;#161;R&amp;#225;pido!
StrSheet_Dungeon	StrSheet_Dungeon-00002_Translated.xml	2103103	entity	Thro encontr&amp;#243; una salida.
StrSheet_Dungeon	StrSheet_Dungeon-00002_Translated.xml	2103105	entity	Enc&amp;#225;rguense de &amp;#233;l.
StrSheet_Dungeon	StrSheet_Dungeon-00002_Translated.xml	2103200	entity	&amp;#161;Alto!
StrSheet_Dungeon	StrSheet_Dungeon-00002_Translated.xml	2103300	entity	&amp;#191;C&amp;#243;mo os C&amp;#233;is invadir este lugar?
StrSheet_Dungeon	StrSheet_Dungeon-00002_Translated.xml	2103400	entity	&amp;#161;Ni un paso m&amp;#225;s!
StrSheet_Dungeon	StrSheet_Dungeon-00002_Translated.xml	2103500	entity	&amp;#161;Voy a acabar con ustedes!
StrSheet_Dungeon	StrSheet_Dungeon-00002_Translated.xml	2103600	entity	&amp;#161;Fuera de aqu&amp;#237;, r&amp;#225;pido!
StrSheet_Dungeon	StrSheet_Dungeon-00002_Translated.xml	2103601	entity	&amp;#161;Por aqu&amp;#237;! &amp;#161;R&amp;#225;pido!
StrSheet_Dungeon	StrSheet_Dungeon-00002_Translated.xml	2103602	entity	&amp;#161;Maldici&amp;#243;n, &amp;#201;lion!
StrSheet_Dungeon	StrSheet_Dungeon-00002_Translated.xml	2103603	entity	&amp;#161;Maldici&amp;#243;n, r&amp;#225;pido! &amp;#191;Podr&amp;#237;as ayudarme a colocar la bomba? Es bastante dif&amp;#237;cil.
StrSheet_Dungeon	StrSheet_Dungeon-00002_Translated.xml	2103604	entity	Esto probablemente sea imposible por medios f&amp;#237;sicos... Debemos seguir buscando.
StrSheet_Dungeon	StrSheet_Dungeon-00002_Translated.xml	2103605	entity	Gracias. D&amp;#233;jame encargarme del resto.
StrSheet_Dungeon	StrSheet_Dungeon-00002_Translated.xml	2103606	entity	Sube r&amp;#225;pido para ayudar a &amp;#201;lion.
StrSheet_Dungeon	StrSheet_Dungeon-00002_Translated.xml	2103701	entity	&amp;#161;&amp;#191;C&amp;#243;mo os atrev&amp;#233;is...?!
StrSheet_Dungeon	StrSheet_Dungeon-00002_Translated.xml	2103801	entity	&amp;#161;Por favor, det&amp;#233;nlo unos instantes!
StrSheet_Dungeon	StrSheet_Dungeon-00003_Translated.xml	2105001	entity	Te ayudar&amp;#233;.
StrSheet_Dungeon	StrSheet_Dungeon-00004_Translated.xml	25010021	entity	Aqu&amp;#237; es donde se sell&amp;#243; el poder de los dioses antiguos.
StrSheet_Dungeon	StrSheet_Dungeon-00004_Translated.xml	25010002	entity	&amp;#161;Los voy a exterminar a todos!
StrSheet_Dungeon	StrSheet_Dungeon-00004_Translated.xml	25010004	entity	&amp;#161;Mundo maldito, pueblos malditos!
StrSheet_Dungeon	StrSheet_Dungeon-00004_Translated.xml	25010005	entity	&amp;#161;Voy a destruirlo todo, solo por &quot;ella&quot;!
StrSheet_Dungeon	StrSheet_Dungeon-00004_Translated.xml	25010009	entity	&amp;#161;Todos caer&amp;#225;n de hinojos ante nosotros! &amp;#161;Ja, ja, ja!
StrSheet_Dungeon	StrSheet_Dungeon-00004_Translated.xml	25010001	entity	Percibes una energ&amp;#237;a mal&amp;#233;fica.
StrSheet_Dungeon	StrSheet_Dungeon-00004_Translated.xml	25010006	entity	&amp;#161;Dir&amp;#237;gete al lugar de donde emana la energ&amp;#237;a mal&amp;#233;fica!
StrSheet_Dungeon	StrSheet_Dungeon-00004_Translated.xml	25010007	entity	Una energ&amp;#237;a mal&amp;#233;fica emana de un lugar cercano.
StrSheet_Dungeon	StrSheet_Dungeon-00004_Translated.xml	25010008	entity	&amp;#161;Elimina a los guardianes resucitados!
StrSheet_Dungeon	StrSheet_Dungeon-00005_Translated.xml	25020002	entity	Guardianes ca&amp;#237;dos te bloquean el paso.
StrSheet_Dungeon	StrSheet_Dungeon-00005_Translated.xml	25020003	entity	Thulsa y una mujer desconocida han creado un c&amp;#237;rculo de abjuraci&amp;#243;n.
StrSheet_Dungeon	StrSheet_Dungeon-00005_Translated.xml	25020004	entity	El c&amp;#237;rculo de abjuraci&amp;#243;n de Thulsa ha desaparecido.
StrSheet_Dungeon	StrSheet_Dungeon-00005_Translated.xml	25020102	entity	Guardianes ca&amp;#237;dos te bloquean el paso.
StrSheet_Dungeon	StrSheet_Dungeon-00005_Translated.xml	25020105	entity	El c&amp;#237;rculo de abjuraci&amp;#243;n de Thulsa ha desaparecido.&lt;br&gt;Dir&amp;#237;gete al lugar donde se encontraba Thulsa.
StrSheet_Dungeon	StrSheet_Dungeon-00005_Translated.xml	25020201	entity	&amp;#161;Argh!
StrSheet_Dungeon	StrSheet_Dungeon-00005_Translated.xml	25020203	entity	Ya ver&amp;#225;n lo que les espera.
StrSheet_Dungeon	StrSheet_Dungeon-00005_Translated.xml	25020205	entity	Thulsa rob&amp;#243; el fragmento de la diosa en la Torre de Shara.
StrSheet_Dungeon	StrSheet_Dungeon-00005_Translated.xml	25020206	entity	No s&amp;#233; qu&amp;#233; planea hacer con &amp;#233;l, pero sus intenciones ciertamente no son buenas.
StrSheet_Dungeon	StrSheet_Dungeon-00005_Translated.xml	25020208	entity	Hablemos del resto en el camino. S&amp;#237;ganme.
StrSheet_Dungeon	StrSheet_Dungeon-00006_Translated.xml	25030001	entity	&amp;#161;Mueran todos!
StrSheet_Dungeon	StrSheet_Dungeon-00006_Translated.xml	25030002	entity	Oigan, &amp;#191;les divierte?
StrSheet_Dungeon	StrSheet_Dungeon-00006_Translated.xml	25030003	entity	&amp;#161;Listo!
StrSheet_Dungeon	StrSheet_Dungeon-00007_Translated.xml	25040001	entity	Thro y &amp;#201;lion est&amp;#225;n parados frente a ustedes.
StrSheet_Dungeon	StrSheet_Dungeon-00007_Translated.xml	25040004	entity	Te has teletransportado al 2.&amp;#176; piso.
StrSheet_Dungeon	StrSheet_Dungeon-00007_Translated.xml	25040005	entity	&amp;#201;lion se&amp;#241;al&amp;#243; el dispositivo de control.
StrSheet_Dungeon	StrSheet_Dungeon-00007_Translated.xml	25040006	entity	El dispositivo de control estall&amp;#243; en llamas y ya no funciona.
StrSheet_Dungeon	StrSheet_Dungeon-00007_Translated.xml	25040007	entity	Siempre hay m&amp;#225;s enemigos.
StrSheet_Dungeon	StrSheet_Dungeon-00007_Translated.xml	25040008	entity	&amp;#161;La bomba explot&amp;#243;!
StrSheet_Dungeon	StrSheet_Dungeon-00007_Translated.xml	25040009	entity	Dir&amp;#237;janse al 3.&amp;#176; piso y ayuden a &amp;#201;lion.
StrSheet_Dungeon	StrSheet_Dungeon-00007_Translated.xml	25040010	entity	Dir&amp;#237;janse al centro del 3.&amp;#176; piso.
StrSheet_Dungeon	StrSheet_Dungeon-00007_Translated.xml	25040102	entity	Examina el dispositivo que us&amp;#243; el l&amp;#237;der de los enemigos.
StrSheet_Dungeon	StrSheet_Dungeon-00007_Translated.xml	25040103	entity	Imita a &amp;#201;lion y activa el dispositivo.
StrSheet_Dungeon	StrSheet_Dungeon-00007_Translated.xml	25040104	entity	Sigue a &amp;#201;lion.
StrSheet_Dungeon	StrSheet_Dungeon-00007_Translated.xml	25040105	entity	Dir&amp;#237;gete al lugar al que se fue &amp;#201;lion.
StrSheet_Dungeon	StrSheet_Dungeon-00007_Translated.xml	25040107	entity	Sientes la onda expansiva provocada por la explosi&amp;#243;n de la bomba.
StrSheet_Dungeon	StrSheet_Dungeon-00007_Translated.xml	25040108	entity	&amp;#161;Extermina a Kalligar!
StrSheet_Dungeon	StrSheet_Dungeon-00007_Translated.xml	25040109	entity	Dir&amp;#237;janse al 3.&amp;#176; piso y ayuden a &amp;#201;lion.
StrSheet_Dungeon	StrSheet_Dungeon-00007_Translated.xml	25040110	entity	Dir&amp;#237;janse al centro del 3.&amp;#176; piso.
StrSheet_Dungeon	StrSheet_Dungeon-00007_Translated.xml	25040111	entity	Dir&amp;#237;gete lo m&amp;#225;s r&amp;#225;pido posible al dispositivo de control principal.
StrSheet_Dungeon	StrSheet_Dungeon-00007_Translated.xml	25040114	entity	Sigue a &amp;#201;lion.
StrSheet_Dungeon	StrSheet_Dungeon-00007_Translated.xml	25040200	entity	&amp;#161;Alto!
StrSheet_Dungeon	StrSheet_Dungeon-00007_Translated.xml	25040201	entity	&amp;#161;Elimina a los intrusos!
StrSheet_Dungeon	StrSheet_Dungeon-00007_Translated.xml	25040202	entity	&amp;#161;Ni un paso m&amp;#225;s!
StrSheet_Dungeon	StrSheet_Dungeon-00007_Translated.xml	25040203	entity	&amp;#161;Es imposible!
StrSheet_Dungeon	StrSheet_Dungeon-00007_Translated.xml	25040205	entity	&amp;#191;A qui&amp;#233;n le toca, a ti?
StrSheet_Dungeon	StrSheet_Dungeon-00009_Translated.xml	3001001	entity	&amp;#161;Es simplemente... impresionante!
StrSheet_Dungeon	StrSheet_Dungeon-00009_Translated.xml	3001002	entity	&amp;#161;Lo vas a lograr!
StrSheet_Dungeon	StrSheet_Dungeon-00009_Translated.xml	3001003	entity	&amp;#191;Qu&amp;#233; haces aqu&amp;#237;? &amp;#191;Tanto quieres morir aqu&amp;#237;?
StrSheet_Dungeon	StrSheet_Dungeon-00009_Translated.xml	3001004	entity	&amp;#161;Esto no puede terminar as&amp;#237;! &amp;#161;No me quites mi venganza!
StrSheet_Dungeon	StrSheet_Dungeon-00009_Translated.xml	3001005	entity	&amp;#161;Pobres ilusos presumidos, me encargar&amp;#233; de esto yo mismo!
StrSheet_Dungeon	StrSheet_Dungeon-00009_Translated.xml	3001006	entity	&amp;#161;Una intrusi&amp;#243;n! &amp;#161;Prueba la ira de Lok el todopoderoso!
StrSheet_Dungeon	StrSheet_Dungeon-00009_Translated.xml	3001007	entity	&amp;#161;Soulcrusher, un asesino sediento de sangre, ha sido invocado!
StrSheet_Dungeon	StrSheet_Dungeon-00009_Translated.xml	3001008	entity	&amp;#161;Murdranak en persona se lanza a la batalla!
StrSheet_Dungeon	StrSheet_Dungeon-00009_Translated.xml	3001100	entity	Una bendici&amp;#243;n se activar&amp;#225; en 1 minuto.
StrSheet_Dungeon	StrSheet_Dungeon-00009_Translated.xml	3001101	entity	Una bendici&amp;#243;n ya est&amp;#225; activa. (1/3)
StrSheet_Dungeon	StrSheet_Dungeon-00009_Translated.xml	3001102	entity	Una bendici&amp;#243;n ya est&amp;#225; activa. (2/3)
StrSheet_Dungeon	StrSheet_Dungeon-00009_Translated.xml	3001103	entity	Una bendici&amp;#243;n ya est&amp;#225; activa. (3/3)
StrSheet_Dungeon	StrSheet_Dungeon-00009_Translated.xml	3001200	entity	El &lt;img src='img://__Icon_Items.Add_Extract_Potion_2_Tex' width='28' height='28'&gt;Prime Battle Solution y la &lt;img src='img://__Icon_Items.potion10_Tex' width='28' height='2
StrSheet_Dungeon	StrSheet_Dungeon-00009_Translated.xml	3001201	entity	Los &lt;img src='img://__Icon_Items.fallfestival_bulgogi_Tex' width='28' height='28'&gt;comidas y &lt;img src='img://__Icon_Items.noctan_Tex' width='28' height='28'&gt;Noctenium In
StrSheet_Dungeon	StrSheet_Dungeon-00010_Translated.xml	3002001	entity	Una puerta secreta se abre en el s&amp;#243;tano.
StrSheet_Dungeon	StrSheet_Dungeon-00010_Translated.xml	3002002	entity	&amp;#161;Est&amp;#233;n atentos!
StrSheet_Dungeon	StrSheet_Dungeon-00010_Translated.xml	3002003	entity	&amp;#161;No est&amp;#225;n aqu&amp;#237; para divertirse! &amp;#161;Reaccionen!
StrSheet_Dungeon	StrSheet_Dungeon-00010_Translated.xml	3002004	entity	&amp;#161;Si tienen que morir, mueran solos!
StrSheet_Dungeon	StrSheet_Dungeon-00010_Translated.xml	3002005	entity	&amp;#191;Acaso es... el fin?
StrSheet_Dungeon	StrSheet_Dungeon-00010_Translated.xml	3002006	entity	&amp;#161;Qu&amp;#233; insolencia! &amp;#161;Nadie puede desafiar a un agente de Atel Akaad y salir con vida!
StrSheet_Dungeon	StrSheet_Dungeon-00010_Translated.xml	3002007	entity	&amp;#161;Ac&amp;#233;rcate, Malgarios! &amp;#161;Arr&amp;#225;ncales las extremidades una por una!
StrSheet_Dungeon	StrSheet_Dungeon-00010_Translated.xml	3002008	entity	&amp;#191;C&amp;#243;mo es posible? &amp;#191;C&amp;#243;mo pudieron perder contra aficionados tan pat&amp;#233;ticos? &amp;#161;Lo pagar&amp;#225;n muy caro!
StrSheet_Dungeon	StrSheet_Dungeon-00010_Translated.xml	3002100	entity	Una bendici&amp;#243;n se activar&amp;#225; en 1 minuto.
StrSheet_Dungeon	StrSheet_Dungeon-00010_Translated.xml	3002101	entity	Una bendici&amp;#243;n ya est&amp;#225; activa. (1/3)
StrSheet_Dungeon	StrSheet_Dungeon-00010_Translated.xml	3002102	entity	Una bendici&amp;#243;n ya est&amp;#225; activa. (2/3)
StrSheet_Dungeon	StrSheet_Dungeon-00010_Translated.xml	3002103	entity	Una bendici&amp;#243;n ya est&amp;#225; activa. (3/3)
StrSheet_Dungeon	StrSheet_Dungeon-00011_Translated.xml	3003001	entity	&amp;#191;Tienen la audacia de interponerse en nuestro camino? &amp;#161;Mueren!
StrSheet_Dungeon	StrSheet_Dungeon-00011_Translated.xml	3003002	entity	Los guardianes los han detectado. &amp;#161;Est&amp;#233;n alerta!
StrSheet_Dungeon	StrSheet_Dungeon-00011_Translated.xml	3003003	entity	La primera ola de guardianes se acerca. Mant&amp;#233;nganlos a raya durante al menos tres minutos, &amp;#191;de acuerdo?
StrSheet_Dungeon	StrSheet_Dungeon-00011_Translated.xml	3003007	entity	La &amp;#250;ltima ola de guardianes se aproxima. Elimina a los guardianes.
StrSheet_Dungeon	StrSheet_Dungeon-00011_Translated.xml	3003010	entity	&amp;#161;Terkasia! &amp;#161;Te lo ruego, ay&amp;#250;dame!
StrSheet_Dungeon	StrSheet_Dungeon-00011_Translated.xml	3003104	entity	&amp;#191;Te atreves a perturbar mi descanso? Te mostrar&amp;#233; lo que es el verdadero terror...
StrSheet_Dungeon	StrSheet_Dungeon-00011_Translated.xml	3003105	entity	&amp;#161;Mi venganza ser&amp;#225; tu muerte!
StrSheet_Dungeon	StrSheet_Dungeon-00011_Translated.xml	3003106	entity	La energ&amp;#237;a maligna se ha disipado tras la destrucci&amp;#243;n de la piedra m&amp;#225;gica.
StrSheet_Dungeon	StrSheet_Dungeon-00011_Translated.xml	3003109	entity	Un extra&amp;#241;o se acerca.
StrSheet_Dungeon	StrSheet_Dungeon-00011_Translated.xml	3003110	entity	&amp;#161;Te estaba esperando! &amp;#161;Terkasia!
StrSheet_Dungeon	StrSheet_Dungeon-00011_Translated.xml	3003111	entity	&amp;#161;Qu&amp;#233; gran logro! &amp;#161;Por fin hemos alejado la amenaza de los descendientes de Lok!
StrSheet_Dungeon	StrSheet_Dungeon-00011_Translated.xml	3003112	entity	La destrucci&amp;#243;n del Altar de Samael es el &amp;#250;ltimo paso. &amp;#161;S&amp;#237;gueme!
StrSheet_Dungeon	StrSheet_Dungeon-00011_Translated.xml	3003200	entity	Una bendici&amp;#243;n se activar&amp;#225; en 1 minuto.
StrSheet_Dungeon	StrSheet_Dungeon-00011_Translated.xml	3003201	entity	Una bendici&amp;#243;n ya est&amp;#225; activa. (1/3)
StrSheet_Dungeon	StrSheet_Dungeon-00011_Translated.xml	3003202	entity	Una bendici&amp;#243;n ya est&amp;#225; activa. (2/3)
StrSheet_Dungeon	StrSheet_Dungeon-00011_Translated.xml	3003203	entity	Una bendici&amp;#243;n ya est&amp;#225; activa. (3/3)
StrSheet_Dungeon	StrSheet_Dungeon-00012_Translated.xml	3004001	entity	&amp;#161;Gracias! &amp;#161;Muchas gracias!
StrSheet_Dungeon	StrSheet_Dungeon-00012_Translated.xml	3004002	entity	&amp;#161;Dalmanak invoca a un esbirro!
StrSheet_Dungeon	StrSheet_Dungeon-00012_Translated.xml	3004003	entity	&amp;#161;Dalmanak invoca a un esbirro!
StrSheet_Dungeon	StrSheet_Dungeon-00012_Translated.xml	3004004	entity	&amp;#161;El Kaidun mutante invoca esbirros!
StrSheet_Dungeon	StrSheet_Dungeon-00012_Translated.xml	3004006	entity	Dalmanak ha muerto. La energ&amp;#237;a nigrom&amp;#225;ntica se debilita.
StrSheet_Dungeon	StrSheet_Dungeon-00012_Translated.xml	3004007	entity	(La energ&amp;#237;a nigrom&amp;#225;ntica ha hecho mutar al Kaidun).
StrSheet_Dungeon	StrSheet_Dungeon-00012_Translated.xml	3004009	entity	Esp&amp;#237;ritus malignos emergen de la oscuridad.
StrSheet_Dungeon	StrSheet_Dungeon-00012_Translated.xml	3004100	entity	La bendici&amp;#243;n se activar&amp;#225; en 1 minuto.
StrSheet_Dungeon	StrSheet_Dungeon-00012_Translated.xml	3004101	entity	Una bendici&amp;#243;n ya est&amp;#225; activa. (1/3)
StrSheet_Dungeon	StrSheet_Dungeon-00012_Translated.xml	3004102	entity	Una bendici&amp;#243;n ya est&amp;#225; activa. (2/3)
StrSheet_Dungeon	StrSheet_Dungeon-00012_Translated.xml	3004103	entity	Una bendici&amp;#243;n ya est&amp;#225; activa. (3/3)
StrSheet_Dungeon	StrSheet_Dungeon-00013_Translated.xml	3005001	entity	&amp;#161;Eliminad a los intrusos!
StrSheet_Dungeon	StrSheet_Dungeon-00013_Translated.xml	3005006	entity	&amp;#161;La puerta obstruida se ha abierto!
StrSheet_Dungeon	StrSheet_Dungeon-00013_Translated.xml	3005007	entity	&amp;#161;La puerta se abre!
StrSheet_Dungeon	StrSheet_Dungeon-00013_Translated.xml	3005008	entity	La puerta se abre hacia la C&amp;#225;mara de justicia.
StrSheet_Dungeon	StrSheet_Dungeon-00013_Translated.xml	3005100	entity	La bendici&amp;#243;n se activar&amp;#225; en 1 minuto.
StrSheet_Dungeon	StrSheet_Dungeon-00013_Translated.xml	3005101	entity	Una bendici&amp;#243;n ya est&amp;#225; activa. (1/3)
StrSheet_Dungeon	StrSheet_Dungeon-00013_Translated.xml	3005102	entity	Una bendici&amp;#243;n ya est&amp;#225; activa. (2/3)
StrSheet_Dungeon	StrSheet_Dungeon-00013_Translated.xml	3005103	entity	Una bendici&amp;#243;n ya est&amp;#225; activa. (3/3)
StrSheet_Dungeon	StrSheet_Dungeon-00014_Translated.xml	30061006	entity	Una piedra m&amp;#225;gica pestilente ha sido invocada en la M&amp;#233;nagerie de Karascha.
StrSheet_Dungeon	StrSheet_Dungeon-00014_Translated.xml	30061007	entity	&amp;#161;Impide que el Sacerdote cure!
StrSheet_Dungeon	StrSheet_Dungeon-00014_Translated.xml	3006100	entity	La bendici&amp;#243;n se activar&amp;#225; en 1 minuto.
StrSheet_Dungeon	StrSheet_Dungeon-00014_Translated.xml	3006101	entity	Una bendici&amp;#243;n ya est&amp;#225; activa. (1/3)
StrSheet_Dungeon	StrSheet_Dungeon-00014_Translated.xml	3006102	entity	Una bendici&amp;#243;n ya est&amp;#225; activa. (2/3)
StrSheet_Dungeon	StrSheet_Dungeon-00014_Translated.xml	3006103	entity	Una bendici&amp;#243;n ya est&amp;#225; activa. (3/3)
StrSheet_Dungeon	StrSheet_Dungeon-00015_Translated.xml	3007003	entity	Aqu&amp;#237; tienen la primera prueba.
StrSheet_Dungeon	StrSheet_Dungeon-00015_Translated.xml	3007005	entity	Aqu&amp;#237; tienen al duque Volperon, de la Mansi&amp;#243;n siniestra.
StrSheet_Dungeon	StrSheet_Dungeon-00015_Translated.xml	3007006	entity	Aqu&amp;#237; tienen a Terkasia, del Refugio de los Cultistas.
StrSheet_Dungeon	StrSheet_Dungeon-00015_Translated.xml	3007007	entity	Aqu&amp;#237; tienen a Karascha, el ala pestilente.
StrSheet_Dungeon	StrSheet_Dungeon-00015_Translated.xml	3007008	entity	&amp;#191;Est&amp;#225;n a la altura?
StrSheet_Dungeon	StrSheet_Dungeon-00015_Translated.xml	3007010	entity	Sin embargo, a&amp;#250;n tienen muchas pruebas que superar.
StrSheet_Dungeon	StrSheet_Dungeon-00015_Translated.xml	3007011	entity	&amp;#191;Lograr&amp;#225;n salir de esta?
StrSheet_Dungeon	StrSheet_Dungeon-00015_Translated.xml	3007012	entity	Aqu&amp;#237; tienen la segunda prueba.
StrSheet_Dungeon	StrSheet_Dungeon-00015_Translated.xml	3007013	entity	Aqu&amp;#237; tienen la tercera prueba.
StrSheet_Dungeon	StrSheet_Dungeon-00015_Translated.xml	3007014	entity	Aqu&amp;#237; tienen la &amp;#250;ltima prueba.
StrSheet_Dungeon	StrSheet_Dungeon-00015_Translated.xml	3007017	entity	Un sospechoso ha hecho su aparici&amp;#243;n.
StrSheet_Dungeon	StrSheet_Dungeon-00015_Translated.xml	3007021	entity	&amp;#161;Ja, ja, ja! &amp;#161;Voy a detenerte!
StrSheet_Dungeon	StrSheet_Dungeon-00015_Translated.xml	3007022	entity	&amp;#161;Se ha invocado una piedra m&amp;#225;gica roja!
StrSheet_Dungeon	StrSheet_Dungeon-00015_Translated.xml	3007027	entity	&amp;#161;Se ha invocado una estatua de maldici&amp;#243;n!
StrSheet_Dungeon	StrSheet_Dungeon-00015_Translated.xml	3007028	entity	&amp;#161;Los enemigos cercanos a la piedra m&amp;#225;gica roja se vuelven m&amp;#225;s poderosos!
StrSheet_Dungeon	StrSheet_Dungeon-00015_Translated.xml	3007029	entity	&amp;#161;C&amp;#243;mo osas apuntar con un arma a mi familia!
StrSheet_Dungeon	StrSheet_Dungeon-00015_Translated.xml	3007030	entity	&amp;#161;La Duchesse Tirania ha hecho su aparici&amp;#243;n!
StrSheet_Dungeon	StrSheet_Dungeon-00015_Translated.xml	3007031	entity	&amp;#161;Jam&amp;#225;s te perdonar&amp;#233; esto!
StrSheet_Dungeon	StrSheet_Dungeon-00015_Translated.xml	3007038	entity	&amp;#161;La puerta se cierra!
StrSheet_Dungeon	StrSheet_Dungeon-00015_Translated.xml	3007040	entity	&amp;#161;Elimina al cazador de tesoros para obtener la llave del nivel oculto!
StrSheet_Dungeon	StrSheet_Dungeon-00015_Translated.xml	3007900	entity	&amp;#161;Surgen el mandragora mantrar y los escarabajos de crin amarilla!
StrSheet_Dungeon	StrSheet_Dungeon-00015_Translated.xml	3007901	entity	&amp;#161;El mandragora mantrar y los escarabajos de crin amarilla han sido derrotados!
StrSheet_Dungeon	StrSheet_Dungeon-00015_Translated.xml	3007902	entity	&amp;#161;El mantrar mandragora y el brote de mandragora emergen!
StrSheet_Dungeon	StrSheet_Dungeon-00015_Translated.xml	3007903	entity	&amp;#161;El mantrar mandragora y el brote de mandragora han sido vencidos!
StrSheet_Dungeon	StrSheet_Dungeon-00015_Translated.xml	3007904	entity	&amp;#161;La sala 3 ha sido invocada!
StrSheet_Dungeon	StrSheet_Dungeon-00015_Translated.xml	3007905	entity	&amp;#161;La sala 3 ha terminado! Aparece el elemento de bonificaci&amp;#243;n.
StrSheet_Dungeon	StrSheet_Dungeon-00015_Translated.xml	3007906	entity	&amp;#161;La sala 4 ha sido invocada!
StrSheet_Dungeon	StrSheet_Dungeon-00015_Translated.xml	3007907	entity	&amp;#161;La sala 4 ha terminado!
StrSheet_Dungeon	StrSheet_Dungeon-00015_Translated.xml	3007908	entity	&amp;#161;El elemento de bonificaci&amp;#243;n ha sido invocado en la sala 4!
StrSheet_Dungeon	StrSheet_Dungeon-00015_Translated.xml	3007910	entity	&amp;#161;La sala 6 ha sido invocada!
StrSheet_Dungeon	StrSheet_Dungeon-00015_Translated.xml	3007911	entity	&amp;#161;La sala 6 ha terminado!
StrSheet_Dungeon	StrSheet_Dungeon-00015_Translated.xml	3007912	entity	&amp;#161;La sala 7 ha sido invocada!
StrSheet_Dungeon	StrSheet_Dungeon-00015_Translated.xml	3007913	entity	&amp;#161;La sala 7 ha terminado!
StrSheet_Dungeon	StrSheet_Dungeon-00015_Translated.xml	3007914	entity	&amp;#161;El fimbrilisk ha sido invocado en la sala 8!
StrSheet_Dungeon	StrSheet_Dungeon-00015_Translated.xml	3007915	entity	&amp;#161;El fimbrilisk ha sido derrotado en la sala 8!
StrSheet_Dungeon	StrSheet_Dungeon-00015_Translated.xml	3007916	entity	&amp;#161;El jefe de los no-muertos ha sido invocado en la sala 8!
StrSheet_Dungeon	StrSheet_Dungeon-00015_Translated.xml	3007917	entity	&amp;#161;El jefe de los no-muertos de la sala 8 ha sido derrotado!
StrSheet_Dungeon	StrSheet_Dungeon-00015_Translated.xml	3007918	entity	&amp;#161;El mago drac&amp;#243;nico ha sido invocado en la sala 8!
StrSheet_Dungeon	StrSheet_Dungeon-00015_Translated.xml	3007919	entity	&amp;#161;El mago drac&amp;#243;nico de la sala 8 ha sido derrotado!
StrSheet_Dungeon	StrSheet_Dungeon-00015_Translated.xml	3007920	entity	&amp;#161;La sala 9 ha sido invocada!
StrSheet_Dungeon	StrSheet_Dungeon-00015_Translated.xml	3007921	entity	&amp;#161;La sala 9 ha terminado!
StrSheet_Dungeon	StrSheet_Dungeon-00015_Translated.xml	3007922	entity	&amp;#161;Evento para la sala 9!
StrSheet_Dungeon	StrSheet_Dungeon-00015_Translated.xml	3007923	entity	&amp;#161;La estatua de Soulcrusher y el Soulcrusher 3 han sido invocados en la sala 10!
StrSheet_Dungeon	StrSheet_Dungeon-00015_Translated.xml	3007924	entity	&amp;#161;La estatua de Sorcerer y el Sorcerer 3 han sido invocados en la sala 10!
StrSheet_Dungeon	StrSheet_Dungeon-00015_Translated.xml	3007925	entity	&amp;#161;El Soulcrusher 2 ha sido invocado en la sala 10!
StrSheet_Dungeon	StrSheet_Dungeon-00015_Translated.xml	3007926	entity	&amp;#161;El Soulcrusher 2-1 ha sido derrotado! &amp;#161;El Soulcrusher 1 ha sido invocado en la sala 10!
StrSheet_Dungeon	StrSheet_Dungeon-00015_Translated.xml	3007927	entity	&amp;#161;El Soulcrusher 2-2 ha sido derrotado! &amp;#161;El Soulcrusher 1 ha sido invocado en la sala 10!
StrSheet_Dungeon	StrSheet_Dungeon-00015_Translated.xml	3007928	entity	&amp;#161;El Sorcerer 2 ha sido invocado en la sala 10!
StrSheet_Dungeon	StrSheet_Dungeon-00015_Translated.xml	3007929	entity	&amp;#161;El Sorcerer 2-1 ha sido derrotado! &amp;#161;El Sorcerer 1 ha sido invocado en la sala 10!
StrSheet_Dungeon	StrSheet_Dungeon-00015_Translated.xml	3007930	entity	&amp;#161;El Sorcerer 2-2 ha sido derrotado! &amp;#161;El Sorcerer 1 ha sido invocado en la sala 10!
StrSheet_Dungeon	StrSheet_Dungeon-00015_Translated.xml	3007931	entity	&amp;#161;Los Soulcrushers de la sala 10 han sido derrotados!
StrSheet_Dungeon	StrSheet_Dungeon-00015_Translated.xml	3007932	entity	&amp;#161;Los Sorcerers de la sala 10 han sido derrotados!
StrSheet_Dungeon	StrSheet_Dungeon-00015_Translated.xml	3007100	entity	La bendici&amp;#243;n se activar&amp;#225; en 1 minuto.
StrSheet_Dungeon	StrSheet_Dungeon-00015_Translated.xml	3007101	entity	Una bendici&amp;#243;n ya est&amp;#225; activa. (1/3)
StrSheet_Dungeon	StrSheet_Dungeon-00015_Translated.xml	3007102	entity	Una bendici&amp;#243;n ya est&amp;#225; activa. (2/3)
StrSheet_Dungeon	StrSheet_Dungeon-00015_Translated.xml	3007103	entity	Una bendici&amp;#243;n ya est&amp;#225; activa. (3/3)
StrSheet_Dungeon	StrSheet_Dungeon-00016_Translated.xml	3008002	entity	&amp;#161;La puerta obstruida se abre!
StrSheet_Dungeon	StrSheet_Dungeon-00016_Translated.xml	3008100	entity	La bendici&amp;#243;n se activar&amp;#225; en 1 minuto.
StrSheet_Dungeon	StrSheet_Dungeon-00016_Translated.xml	3008101	entity	Una bendici&amp;#243;n ya est&amp;#225; activa. (1/3)
StrSheet_Dungeon	StrSheet_Dungeon-00016_Translated.xml	3008102	entity	Una bendici&amp;#243;n ya est&amp;#225; activa. (2/3)
StrSheet_Dungeon	StrSheet_Dungeon-00016_Translated.xml	3008103	entity	Una bendici&amp;#243;n ya est&amp;#225; activa. (3/3)
StrSheet_Dungeon	StrSheet_Dungeon-00017_Translated.xml	3009100	entity	La bendici&amp;#243;n se activar&amp;#225; en 1 minuto.
StrSheet_Dungeon	StrSheet_Dungeon-00017_Translated.xml	3009101	entity	Una bendici&amp;#243;n ya est&amp;#225; activa. (1/3)
StrSheet_Dungeon	StrSheet_Dungeon-00017_Translated.xml	3009102	entity	Una bendici&amp;#243;n ya est&amp;#225; activa. (2/3)
StrSheet_Dungeon	StrSheet_Dungeon-00017_Translated.xml	3009103	entity	Una bendici&amp;#243;n ya est&amp;#225; activa. (3/3)
StrSheet_Dungeon	StrSheet_Dungeon-00018_Translated.xml	3010002	entity	&amp;#161;Has activado una trampa!
StrSheet_Dungeon	StrSheet_Dungeon-00018_Translated.xml	3010011	entity	&amp;#161;Kelsaik ha muerto!
StrSheet_Dungeon	StrSheet_Dungeon-00018_Translated.xml	3010012	entity	Has entrado al Sal&amp;#243;n de Kelsaik.
StrSheet_Dungeon	StrSheet_Dungeon-00018_Translated.xml	3010013	entity	La puerta del sal&amp;#243;n se cierra.
StrSheet_Dungeon	StrSheet_Dungeon-00018_Translated.xml	3010100	entity	La bendici&amp;#243;n se activar&amp;#225; en 1 minuto.
StrSheet_Dungeon	StrSheet_Dungeon-00018_Translated.xml	3010101	entity	Una bendici&amp;#243;n ya est&amp;#225; activa. (1/3)
StrSheet_Dungeon	StrSheet_Dungeon-00018_Translated.xml	3010102	entity	Una bendici&amp;#243;n ya est&amp;#225; activa. (2/3)
StrSheet_Dungeon	StrSheet_Dungeon-00018_Translated.xml	3010103	entity	Una bendici&amp;#243;n ya est&amp;#225; activa. (3/3)
StrSheet_Dungeon	StrSheet_Dungeon-00019_Translated.xml	3011002	entity	&amp;#161;Evaporado!
StrSheet_Dungeon	StrSheet_Dungeon-00019_Translated.xml	3011003	entity	&amp;#161;Reaparici&amp;#243;n!
StrSheet_Dungeon	StrSheet_Dungeon-00019_Translated.xml	3011008	entity	Los par&amp;#225;sitos te abruman.
StrSheet_Dungeon	StrSheet_Dungeon-00019_Translated.xml	3011016	entity	Eres resistente... &amp;#161;Ac&amp;#233;rcate, mis queridos esbirros!
StrSheet_Dungeon	StrSheet_Dungeon-00019_Translated.xml	3011017	entity	&amp;#161;Voy a fortalecerte!
StrSheet_Dungeon	StrSheet_Dungeon-00019_Translated.xml	3011019	entity	&amp;#161;Imb&amp;#233;ciles!
StrSheet_Dungeon	StrSheet_Dungeon-00019_Translated.xml	3011020	entity	&amp;#161;Esto es solo el comienzo!
StrSheet_Dungeon	StrSheet_Dungeon-00019_Translated.xml	3011023	entity	Esta puerta est&amp;#225; a punto de bloquearse.
StrSheet_Dungeon	StrSheet_Dungeon-00019_Translated.xml	3011024	entity	El sal&amp;#243;n est&amp;#225; a punto de bloquearse.
StrSheet_Dungeon	StrSheet_Dungeon-00019_Translated.xml	3011025	entity	&amp;#161;Todos los esbirros que eliminaste ahora alimentan mi ser!
StrSheet_Dungeon	StrSheet_Dungeon-00019_Translated.xml	3011007	entity	Cuando sangro, los par&amp;#225;sitos te infectan.
StrSheet_Dungeon	StrSheet_Dungeon-00019_Translated.xml	3011011	entity	Una horda de monstruos se acerca. &amp;#161;Rompe el capullo antes de que lleguen!
StrSheet_Dungeon	StrSheet_Dungeon-00019_Translated.xml	3011012	entity	Insectos t&amp;#243;xicos est&amp;#225;n a punto de ser invocados.
StrSheet_Dungeon	StrSheet_Dungeon-00019_Translated.xml	3011013	entity	&amp;#161;Al teleportal! &amp;#161;Ac&amp;#233;rquense, mis queridos esbirros!
StrSheet_Dungeon	StrSheet_Dungeon-00019_Translated.xml	3011015	entity	&amp;#161;La batalla lleva 15 minutos! &amp;#161;Shandra Manaya entra en un Rage feroz!
StrSheet_Dungeon	StrSheet_Dungeon-00019_Translated.xml	3011021	entity	&amp;#161;La batalla lleva 6 minutos. Hrathgol entra en un Rage feroz!
StrSheet_Dungeon	StrSheet_Dungeon-00019_Translated.xml	3011022	entity	&amp;#161;La batalla lleva 6 minutos! &amp;#161;Melkatran entra en Rage!
StrSheet_Dungeon	StrSheet_Dungeon-00019_Translated.xml	3011100	entity	La bendici&amp;#243;n se activar&amp;#225; en 1 minuto.
StrSheet_Dungeon	StrSheet_Dungeon-00019_Translated.xml	3011101	entity	Una bendici&amp;#243;n ya est&amp;#225; activa. (1/3)
StrSheet_Dungeon	StrSheet_Dungeon-00019_Translated.xml	3011102	entity	Una bendici&amp;#243;n ya est&amp;#225; activa. (2/3)
StrSheet_Dungeon	StrSheet_Dungeon-00019_Translated.xml	3011103	entity	Una bendici&amp;#243;n ya est&amp;#225; activa. (3/3)
StrSheet_Dungeon	StrSheet_Dungeon-00019_Translated.xml	3011104	entity	&amp;#161;Salten para deshacerse de los par&amp;#225;sitos!
StrSheet_Dungeon	StrSheet_Dungeon-00021_Translated.xml	30160000	entity	La entrada se cerrar&amp;#225; pronto.
StrSheet_Dungeon	StrSheet_Dungeon-00021_Translated.xml	30160001	entity	La zona de combate se est&amp;#225; reduciendo.
StrSheet_Dungeon	StrSheet_Dungeon-00021_Translated.xml	30160003	entity	Si no eliminan a los esp&amp;#237;ritus del brasier a tiempo, se volver&amp;#225;n m&amp;#225;s poderosos.
StrSheet_Dungeon	StrSheet_Dungeon-00022_Translated.xml	30171000	entity	S&amp;#237;
StrSheet_Dungeon	StrSheet_Dungeon-00022_Translated.xml	30171001	entity	El bloqueo (nivel 1) de Kallois (dif&amp;#237;cil) ha sido levantado.
StrSheet_Dungeon	StrSheet_Dungeon-00022_Translated.xml	30171002	entity	El bloqueo (nivel 2) de Kallois (dif&amp;#237;cil) ha sido levantado.
StrSheet_Dungeon	StrSheet_Dungeon-00022_Translated.xml	30173002	entity	&amp;#161;Har&amp;#233; explotar la magia que vive en ustedes!
StrSheet_Dungeon	StrSheet_Dungeon-00022_Translated.xml	30173005	entity	Si estabiliza esta magia, tendr&amp;#225; una gran fuerza.
StrSheet_Dungeon	StrSheet_Dungeon-00022_Translated.xml	30173006	entity	&amp;#161;Ni un paso m&amp;#225;s!
StrSheet_Dungeon	StrSheet_Dungeon-00022_Translated.xml	30174000	entity	La entrada se cerrar&amp;#225; pronto.
StrSheet_Dungeon	StrSheet_Dungeon-00022_Translated.xml	30175000	entity	Aqu&amp;#237; es donde comienza la zona de alta seguridad. Las medidas de seguridad se han reforzado.
StrSheet_Dungeon	StrSheet_Dungeon-00023_Translated.xml	3018000	entity	La zona de combate se cerrar&amp;#225; pronto.
StrSheet_Dungeon	StrSheet_Dungeon-00023_Translated.xml	3018101	entity	Cargando energ&amp;#237;a
StrSheet_Dungeon	StrSheet_Dungeon-00023_Translated.xml	3018102	entity	Sobrecarga de energ&amp;#237;a
StrSheet_Dungeon	StrSheet_Dungeon-00023_Translated.xml	3018103	entity	Carga de energ&amp;#237;a completa...
StrSheet_Dungeon	StrSheet_Dungeon-00023_Translated.xml	3018104	entity	Energ&amp;#237;a agotada...
StrSheet_Dungeon	StrSheet_Dungeon-00023_Translated.xml	3018105	entity	Activar el pil&amp;#243;n de energ&amp;#237;a 1
StrSheet_Dungeon	StrSheet_Dungeon-00023_Translated.xml	3018106	entity	Activar el pil&amp;#243;n de energ&amp;#237;a 2
StrSheet_Dungeon	StrSheet_Dungeon-00023_Translated.xml	3018107	entity	Activar el pil&amp;#243;n de energ&amp;#237;a 3
StrSheet_Dungeon	StrSheet_Dungeon-00023_Translated.xml	3018108	entity	Activar el pil&amp;#243;n de energ&amp;#237;a 4
StrSheet_Dungeon	StrSheet_Dungeon-00023_Translated.xml	3018109	entity	Teropes comienza a cargar energ&amp;#237;a.
StrSheet_Dungeon	StrSheet_Dungeon-00023_Translated.xml	3018200	entity	&amp;#161;All&amp;#225; voy!
StrSheet_Dungeon	StrSheet_Dungeon-00023_Translated.xml	3018201	entity	El libro de habilidades se est&amp;#225; fabricando.
StrSheet_Dungeon	StrSheet_Dungeon-00023_Translated.xml	3018202	entity	&amp;#161;Necesito m&amp;#225;s fuerza!
StrSheet_Dungeon	StrSheet_Dungeon-00023_Translated.xml	3018203	entity	&amp;#161;Necesito a&amp;#250;n m&amp;#225;s fuerza!
StrSheet_Dungeon	StrSheet_Dungeon-00023_Translated.xml	3018204	entity	&amp;#161;Necesito much&amp;#237;sima m&amp;#225;s fuerza!
StrSheet_Dungeon	StrSheet_Dungeon-00023_Translated.xml	3018206	entity	&amp;#161;Apetus obtuvo el atributo de fuego!
StrSheet_Dungeon	StrSheet_Dungeon-00023_Translated.xml	3018207	entity	&amp;#161;Apetus obtuvo el atributo de agua!
StrSheet_Dungeon	StrSheet_Dungeon-00023_Translated.xml	3018208	entity	&amp;#161;Apetus obtuvo el atributo de naturaleza!
StrSheet_Dungeon	StrSheet_Dungeon-00023_Translated.xml	3018301	entity	&amp;#161;Jajaja! &amp;#161;He ganado!
StrSheet_Dungeon	StrSheet_Dungeon-00024_Translated.xml	3019002	entity	La estatua de sangre se est&amp;#225; activando.
StrSheet_Dungeon	StrSheet_Dungeon-00024_Translated.xml	3019003	entity	La estatua brillante se est&amp;#225; activando.
StrSheet_Dungeon	StrSheet_Dungeon-00024_Translated.xml	3019004	entity	La estatua maldita se est&amp;#225; activando.
StrSheet_Dungeon	StrSheet_Dungeon-00024_Translated.xml	3019005	entity	La estatua de sangre y la estatua brillante se est&amp;#225;n activando.
StrSheet_Dungeon	StrSheet_Dungeon-00024_Translated.xml	3019006	entity	La estatua de sangre y la estatua maldita se est&amp;#225;n activando.
StrSheet_Dungeon	StrSheet_Dungeon-00024_Translated.xml	3019007	entity	La estatua brillante y la estatua maldita se est&amp;#225;n activando.
StrSheet_Dungeon	StrSheet_Dungeon-00024_Translated.xml	3019012	entity	Alguien est&amp;#225; encadenado.
StrSheet_Dungeon	StrSheet_Dungeon-00024_Translated.xml	3019013	entity	&amp;#161;La sala se est&amp;#225; derrumbando!
StrSheet_Dungeon	StrSheet_Dungeon-00024_Translated.xml	3019100	entity	La zona de combate se est&amp;#225; cerrando.
StrSheet_Dungeon	StrSheet_Dungeon-00024_Translated.xml	3019500	entity	&amp;#161;Intrusos! &amp;#161;Atraparlos!
StrSheet_Dungeon	StrSheet_Dungeon-00025_Translated.xml	30200001	entity	&amp;#161;Barco pirata a la vista!
StrSheet_Dungeon	StrSheet_Dungeon-00025_Translated.xml	30200002	entity	&amp;#161;Elim&amp;#237;nalos r&amp;#225;pido! &amp;#161;Por nada del mundo deben apoderarse del mapa!
StrSheet_Dungeon	StrSheet_Dungeon-00025_Translated.xml	30200006	entity	&amp;#161;Todos los enemigos han sido derrotados!
StrSheet_Dungeon	StrSheet_Dungeon-00025_Translated.xml	30209900	entity	Mu&amp;#233;strale el mapa a Ronnie para comenzar tu viaje.
StrSheet_Dungeon	StrSheet_Dungeon-00025_Translated.xml	30209101	entity	Ladr&amp;#243;n de man&amp;#225;
StrSheet_Dungeon	StrSheet_Dungeon-00025_Translated.xml	30209104	entity	Cuando el ataque de un monstruo te golpea, una maldici&amp;#243;n te afecta y reduce tu capacidad de regeneraci&amp;#243;n.
StrSheet_Dungeon	StrSheet_Dungeon-00025_Translated.xml	30209302	entity	Mediod&amp;#237;a soleado
StrSheet_Dungeon	StrSheet_Dungeon-00025_Translated.xml	30209303	entity	C&amp;#250;mulo de estrellas azules
StrSheet_Dungeon	StrSheet_Dungeon-00025_Translated.xml	30209311	entity	Efecto meteorol&amp;#243;gico: la velocidad de movimiento en combate aumenta.
StrSheet_Dungeon	StrSheet_Dungeon-00025_Translated.xml	30209312	entity	Efecto meteorol&amp;#243;gico: el poder de ataque aumenta.
StrSheet_Dungeon	StrSheet_Dungeon-00025_Translated.xml	30209313	entity	Efecto meteorol&amp;#243;gico: la resistencia aumenta.
StrSheet_Dungeon	StrSheet_Dungeon-00026_Translated.xml	30231000	entity	&amp;#191;Sobrevivir&amp;#225;s a mi maldici&amp;#243;n?
StrSheet_Dungeon	StrSheet_Dungeon-00026_Translated.xml	30233000	entity	La entrada se cerrar&amp;#225; pronto.
StrSheet_Dungeon	StrSheet_Dungeon-00027_Translated.xml	3024001	entity	Un agente de la Federaci&amp;#243;n Valkyon est&amp;#225; apostado all&amp;#237;. Ve a hablar con &amp;#233;l.
StrSheet_Dungeon	StrSheet_Dungeon-00027_Translated.xml	3024003	entity	Elimina a todos los monstruos en el tiempo l&amp;#237;mite.
StrSheet_Dungeon	StrSheet_Dungeon-00027_Translated.xml	3024004	entity	Se acaba de construir un dispositivo que puedes usar en combate. Desaparece despu&amp;#233;s de 20 segundos.
StrSheet_Dungeon	StrSheet_Dungeon-00028_Translated.xml	3025001	entity	Un agente de la Federaci&amp;#243;n Valkyon est&amp;#225; apostado all&amp;#237;. Ve a hablar con &amp;#233;l.
StrSheet_Dungeon	StrSheet_Dungeon-00028_Translated.xml	3025003	entity	Elimina a todos los monstruos en el tiempo l&amp;#237;mite.
StrSheet_Dungeon	StrSheet_Dungeon-00028_Translated.xml	3025004	entity	Se acaba de construir un dispositivo que puedes usar en combate. Desaparece despu&amp;#233;s de 20 segundos.
StrSheet_Dungeon	StrSheet_Dungeon-00029_Translated.xml	30260002	entity	Percibes una energ&amp;#237;a sospechosa que escapa de las entra&amp;#241;as del sacramental.
StrSheet_Dungeon	StrSheet_Dungeon-00029_Translated.xml	30260005	entity	La entrada pronto ser&amp;#225; obstruida.
StrSheet_Dungeon	StrSheet_Dungeon-00029_Translated.xml	30260006	entity	&amp;#161;Salten para deshacerse de los par&amp;#225;sitos!
StrSheet_Dungeon	StrSheet_Dungeon-00029_Translated.xml	30260007	entity	Los par&amp;#225;sitos arg&amp;#243;n comienzan a adherirse al cuerpo.
StrSheet_Dungeon	StrSheet_Dungeon-00029_Translated.xml	30260008	entity	&amp;#161;El poder de los argons me ha resucitado!
StrSheet_Dungeon	StrSheet_Dungeon-00029_Translated.xml	30260009	entity	&amp;#161;No pienso dejar pasar esto!
StrSheet_Dungeon	StrSheet_Dungeon-00029_Translated.xml	30260010	entity	La magia de Kelsaik akalath se propaga en todas direcciones y el cad&amp;#225;ver implosiona.
StrSheet_Dungeon	StrSheet_Dungeon-00029_Translated.xml	30260011	entity	Kelsaik akalath hace su aparici&amp;#243;n.
StrSheet_Dungeon	StrSheet_Dungeon-00029_Translated.xml	30260012	entity	&amp;#161;El ambiente de la zona de combate se ha vuelto inestable debido a una alteraci&amp;#243;n del equilibrio t&amp;#233;rmico!
StrSheet_Dungeon	StrSheet_Dungeon-00029_Translated.xml	30260013	entity	&amp;#161;No puedes hacer nada contra Kelsaik cuando se enfurece!
StrSheet_Dungeon	StrSheet_Dungeon-00029_Translated.xml	30260014	entity	El poder de Kelsaik akalath est&amp;#225; ahora en su apogeo y lo fortalece.
StrSheet_Dungeon	StrSheet_Dungeon-00029_Translated.xml	30260015	entity	Se erige un campo m&amp;#225;gico de Exodor. El &amp;#225;rea de combate comienza a erosionarse.
StrSheet_Dungeon	StrSheet_Dungeon-00029_Translated.xml	30260016	entity	La erosi&amp;#243;n del &amp;#225;rea de combate se acelera.
StrSheet_Dungeon	StrSheet_Dungeon-00029_Translated.xml	30260017	entity	Todos los campos m&amp;#225;gicos de Exodor est&amp;#225;n erigidos.
StrSheet_Dungeon	StrSheet_Dungeon-00029_Translated.xml	30260018	entity	&amp;#161;Kelsaik ha sido derrotado!
StrSheet_Dungeon	StrSheet_Dungeon-00029_Translated.xml	30260021	entity	&amp;#161;La situaci&amp;#243;n es grave! &amp;#161;Ya no podemos dar marcha atr&amp;#225;s!
StrSheet_Dungeon	StrSheet_Dungeon-00029_Translated.xml	3026005	entity	Un clon de Kelsaik ha hecho su aparici&amp;#243;n. Recoge la esencia de sacerdote argon y dir&amp;#237;gete a la rampa.
StrSheet_Dungeon	StrSheet_Dungeon-00029_Translated.xml	3026008	entity	La victoria sobre el clon glacial de Kelsaik ha provocado la eliminaci&amp;#243;n del escudo de escarcha.
StrSheet_Dungeon	StrSheet_Dungeon-00029_Translated.xml	3026009	entity	La victoria sobre el clon &amp;#237;gneo de Kelsaik ha provocado la eliminaci&amp;#243;n del escudo de llamas.
StrSheet_Dungeon	StrSheet_Dungeon-00029_Translated.xml	3026019	entity	Kelsaik absorbe la magia del fr&amp;#237;o glacial.
StrSheet_Dungeon	StrSheet_Dungeon-00029_Translated.xml	3026020	entity	&amp;#161;Jajaja! &amp;#161;Infelices! &amp;#161;Me burlo de las llamas!
StrSheet_Dungeon	StrSheet_Dungeon-00029_Translated.xml	3026021	entity	&amp;#161;Jajaja! &amp;#161;Infelices! &amp;#161;Me burlo del fr&amp;#237;o!
StrSheet_Dungeon	StrSheet_Dungeon-00029_Translated.xml	3026405	entity	El da&amp;#241;o de todas las habilidades disminuye un 25 % si tus reservas de efecto de fuego y escudo son id&amp;#233;nticas.
StrSheet_Dungeon	StrSheet_Dungeon-00029_Translated.xml	3026408	entity	La eficacia de todas las habilidades de regeneraci&amp;#243;n disminuye un 50 % y el tiempo de reutilizaci&amp;#243;n de todas las habilidades un 25 %.
StrSheet_Dungeon	StrSheet_Dungeon-00029_Translated.xml	3026409	entity	La implosi&amp;#243;n de los restos de Kelsaik se intensifica y libera a&amp;#250;n m&amp;#225;s magia.
StrSheet_Dungeon	StrSheet_Dungeon-00029_Translated.xml	3026410	entity	La magia liberada est&amp;#225; en su punto m&amp;#225;ximo.
StrSheet_Dungeon	StrSheet_Dungeon-00029_Translated.xml	3026302	entity	La ca&amp;#237;da de bloques de polvo de gemas se intensifica progresivamente.
StrSheet_Dungeon	StrSheet_Dungeon-00029_Translated.xml	3026304	entity	La ca&amp;#237;da de bloques de polvo de gemas se intensifica progresivamente.
StrSheet_Dungeon	StrSheet_Dungeon-00030_Translated.xml	30270002	entity	&amp;#161;Los voy a exterminar!
StrSheet_Dungeon	StrSheet_Dungeon-00030_Translated.xml	30270003	entity	&amp;#161;Me est&amp;#225;n haciendo perder la paciencia!
StrSheet_Dungeon	StrSheet_Dungeon-00030_Translated.xml	30270004	entity	&amp;#161;Se acab&amp;#243; el juego!
StrSheet_Dungeon	StrSheet_Dungeon-00030_Translated.xml	30270006	entity	La zona de combate se est&amp;#225; cerrando.
StrSheet_Dungeon	StrSheet_Dungeon-00031_Translated.xml	3028001	entity	&amp;#161;Que comiencen los juegos!
StrSheet_Dungeon	StrSheet_Dungeon-00031_Translated.xml	3028012	entity	Alguien est&amp;#225; encadenado.
StrSheet_Dungeon	StrSheet_Dungeon-00031_Translated.xml	3028013	entity	&amp;#161;La sala se est&amp;#225; derrumbando!
StrSheet_Dungeon	StrSheet_Dungeon-00031_Translated.xml	3028014	entity	Destruye la piedra m&amp;#225;gica e invoca a un Lancier o un Pr&amp;#234;tre (v&amp;#225;lido &amp;#250;nicamente para grupos de entrenamiento de 5 jugadores).
StrSheet_Dungeon	StrSheet_Dungeon-00031_Translated.xml	3028015	entity	Cuando el Lancier se lance al combate, ay&amp;#250;dalo a vencer a Nightmare Nedra.
StrSheet_Dungeon	StrSheet_Dungeon-00031_Translated.xml	3028016	entity	La energ&amp;#237;a arom&amp;#225;tica &lt;font color='#BFFF00'&gt;verde&lt;/font&gt; lo cubre todo.
StrSheet_Dungeon	StrSheet_Dungeon-00031_Translated.xml	3028017	entity	La energ&amp;#237;a arom&amp;#225;tica &lt;font color='#8977AD'&gt;morada&lt;/font&gt; lo cubre todo.
StrSheet_Dungeon	StrSheet_Dungeon-00031_Translated.xml	3028019	entity	Cuando el Lancier se lance al combate, ay&amp;#250;dalo a vencer a Nightmare Pakum.
StrSheet_Dungeon	StrSheet_Dungeon-00031_Translated.xml	3028020	entity	Cuando el Lancer se lance al combate, ay&amp;#250;dalo a derrotar a Nightmare Kaylus.
StrSheet_Dungeon	StrSheet_Dungeon-00031_Translated.xml	3028021	entity	Una piedra m&amp;#225;gica de sanador est&amp;#225; ubicada a la izquierda y a la derecha de la entrada. Si es necesario, destr&amp;#250;yela en un plazo de 10 minutos.
StrSheet_Dungeon	StrSheet_Dungeon-00031_Translated.xml	3028022	entity	Al&amp;#237;ate con el Sacerdote invocado para derrotar a Nightmare Nedra.
StrSheet_Dungeon	StrSheet_Dungeon-00031_Translated.xml	3028023	entity	Al&amp;#237;ate con el Sacerdote invocado para derrotar a Nightmare Pakum.
StrSheet_Dungeon	StrSheet_Dungeon-00031_Translated.xml	3028024	entity	Al&amp;#237;ate con el Sacerdote invocado para derrotar a Nightmare Kaylus.
StrSheet_Dungeon	StrSheet_Dungeon-00031_Translated.xml	3028100	entity	La zona de combate se est&amp;#225; cerrando.
StrSheet_Dungeon	StrSheet_Dungeon-00031_Translated.xml	3028200	entity	Antes del combate, usa &lt;img src='img://__Icon_Items.Add_Extract_Potion_2_Tex' width='28' height='28'&gt; &lt;img src='img://__Icon_Items.potion10_Tex' width='28' height='28'&gt;
StrSheet_Dungeon	StrSheet_Dungeon-00031_Translated.xml	3028201	entity	Estos objetos est&amp;#225;n a la venta en la entrada con el &lt;font color = '#FFFF00'&gt;comerciante de la mazmorra de entrenamiento&lt;/font&gt;.
StrSheet_Dungeon	StrSheet_Dungeon-00031_Translated.xml	3028300	entity	Esta mazmorra ha terminado. Para restablecer la mazmorra, escribe /reset o haz clic en el bot&amp;#243;n &quot;Restablecer estancias&quot; disponible a trav&amp;#233;s de Perfil de
StrSheet_Dungeon	StrSheet_Dungeon-00031_Translated.xml	3028500	entity	&amp;#161;Intrusos! &amp;#161;Carguen gritando!
StrSheet_Dungeon	StrSheet_Dungeon-00031_Translated.xml	3028501	entity	&amp;#161;Voy a activar Exasperaci&amp;#243;n, as&amp;#237; que ataque r&amp;#225;pido!
StrSheet_Dungeon	StrSheet_Dungeon-00031_Translated.xml	3028502	entity	&amp;#161;Yo me encargo de la generaci&amp;#243;n de amenaza!
StrSheet_Dungeon	StrSheet_Dungeon-00031_Translated.xml	3028503	entity	&amp;#161;Los protejo recibiendo los golpes, as&amp;#237; que tomen el broche y usen su ataque especial!
StrSheet_Dungeon	StrSheet_Dungeon-00031_Translated.xml	3028504	entity	&amp;#161;Para acompa&amp;#241;ar la Exasperaci&amp;#243;n, activ&amp;#233; Impulso de adrenalina y Grito de protector, as&amp;#237; que ataque r&amp;#225;pido!
StrSheet_Dungeon	StrSheet_Dungeon-00031_Translated.xml	3028505	entity	&amp;#161;Ataquen r&amp;#225;pido y acaben con ellos antes de que la perla se rompa!
StrSheet_Dungeon	StrSheet_Dungeon-00032_Translated.xml	30291000	entity	S&amp;#237;
StrSheet_Dungeon	StrSheet_Dungeon-00032_Translated.xml	30291001	entity	El bloqueo (nivel 1) de Kallois (dif&amp;#237;cil) ha sido levantado.
StrSheet_Dungeon	StrSheet_Dungeon-00032_Translated.xml	30291002	entity	El bloqueo (nivel 2) de Kallois (dif&amp;#237;cil) ha sido levantado.
StrSheet_Dungeon	StrSheet_Dungeon-00032_Translated.xml	30293001	entity	No escapar&amp;#225;n de este ataque.
StrSheet_Dungeon	StrSheet_Dungeon-00032_Translated.xml	30293002	entity	&amp;#161;Har&amp;#233; explotar la magia que vive en ustedes!
StrSheet_Dungeon	StrSheet_Dungeon-00032_Translated.xml	30293003	entity	No me escapar&amp;#225;n.
StrSheet_Dungeon	StrSheet_Dungeon-00032_Translated.xml	30293005	entity	Si estabiliza esta magia, tendr&amp;#225; una gran fuerza.
StrSheet_Dungeon	StrSheet_Dungeon-00032_Translated.xml	30293006	entity	&amp;#161;Ni un paso m&amp;#225;s!
StrSheet_Dungeon	StrSheet_Dungeon-00032_Translated.xml	30294000	entity	La entrada se cerrar&amp;#225; pronto.
StrSheet_Dungeon	StrSheet_Dungeon-00032_Translated.xml	30295000	entity	Aqu&amp;#237; es donde comienza la zona de alta seguridad. Las medidas de seguridad se han reforzado.
StrSheet_Dungeon	StrSheet_Dungeon-00032_Translated.xml	30296000	entity	Cuando el Lancer se lance al combate, ay&amp;#250;dalo a derrotar a Gergov (dif&amp;#237;cil).
StrSheet_Dungeon	StrSheet_Dungeon-00032_Translated.xml	30296001	entity	Destruye una piedra de invocaci&amp;#243;n para invocar a un ayudante que te echar&amp;#225; una mano durante el combate.
StrSheet_Dungeon	StrSheet_Dungeon-00032_Translated.xml	30296002	entity	Cuando el Lancer se lance al combate, ay&amp;#250;dalo a derrotar a Kallois (dif&amp;#237;cil).
StrSheet_Dungeon	StrSheet_Dungeon-00032_Translated.xml	30296004	entity	Cuando el Lancero se lance al combate, ay&amp;#250;dalo a vencer a Antaros (dif&amp;#237;cil).
StrSheet_Dungeon	StrSheet_Dungeon-00032_Translated.xml	30296005	entity	Cuando el Sacerdote se lance al combate, acepta su apoyo para vencer a Gergov (dif&amp;#237;cil).
StrSheet_Dungeon	StrSheet_Dungeon-00032_Translated.xml	30296006	entity	Cuando el Sacerdote se lance al combate, acepta su apoyo para vencer a Kallois (dif&amp;#237;cil).
StrSheet_Dungeon	StrSheet_Dungeon-00032_Translated.xml	30296007	entity	Cuando el Sacerdote se lance al combate, acepta su apoyo para vencer a Antaros (dif&amp;#237;cil).
StrSheet_Dungeon	StrSheet_Dungeon-00032_Translated.xml	30296008	entity	Hay una piedra m&amp;#225;gica curativa a la izquierda y a la derecha de la entrada. Si es necesario, destr&amp;#250;yela en un radio de 10 m.
StrSheet_Dungeon	StrSheet_Dungeon-00032_Translated.xml	30296009	entity	Gu&amp;#237;a: un espectro desconocido vigila el sendero. (Debes vencer al espectro para poder tomar el sendero).
StrSheet_Dungeon	StrSheet_Dungeon-00032_Translated.xml	30296010	entity	Esta mazmorra ha terminado. Para restablecer la mazmorra, escribe /reset o haz clic en el bot&amp;#243;n &quot;Restablecer estancias&quot; disponible a trav&amp;#233;s de Perfil de
StrSheet_Dungeon	StrSheet_Dungeon-00032_Translated.xml	3029501	entity	&amp;#161;Voy a activar Exasperaci&amp;#243;n, as&amp;#237; que ataque r&amp;#225;pido!
StrSheet_Dungeon	StrSheet_Dungeon-00032_Translated.xml	3029502	entity	&amp;#161;Yo me encargo de la generaci&amp;#243;n de amenaza!
StrSheet_Dungeon	StrSheet_Dungeon-00032_Translated.xml	3029503	entity	&amp;#161;Los protejo recibiendo los golpes, as&amp;#237; que tomen el broche y usen su ataque especial!
StrSheet_Dungeon	StrSheet_Dungeon-00032_Translated.xml	3029504	entity	&amp;#161;Para acompa&amp;#241;ar la Exasperaci&amp;#243;n, activ&amp;#233; Impulso de adrenalina y Grito de protector, as&amp;#237; que ataque r&amp;#225;pido!
StrSheet_Dungeon	StrSheet_Dungeon-00032_Translated.xml	3029200	entity	Antes del combate, usa &lt;img src='img://__Icon_Items.Add_Extract_Potion_2_Tex' width='28' height='28'&gt; &lt;img src='img://__Icon_Items.potion10_Tex' width='28' height='28'&gt;
StrSheet_Dungeon	StrSheet_Dungeon-00032_Translated.xml	3029201	entity	Estos objetos est&amp;#225;n a la venta en la entrada con el &lt;font color = '#FFFF00'&gt;comerciante de la mazmorra de entrenamiento&lt;/font&gt;.
StrSheet_Dungeon	StrSheet_Dungeon-00033_Translated.xml	30300000	entity	La entrada pronto ser&amp;#225; obstruida.
StrSheet_Dungeon	StrSheet_Dungeon-00033_Translated.xml	30300001	entity	Un drag&amp;#243;n gigantesco aparece.
StrSheet_Dungeon	StrSheet_Dungeon-00034_Translated.xml	30310001	entity	Energ&amp;#237;a nuclear
StrSheet_Dungeon	StrSheet_Dungeon-00034_Translated.xml	30310002	entity	&amp;#161;La energ&amp;#237;a nuclear ha llegado a su apogeo y se ha desactivado. El caim&amp;#225;n dorado aparece!
StrSheet_Dungeon	StrSheet_Dungeon-00034_Translated.xml	30310003	entity	El caim&amp;#225;n dorado ha sido vencido. La energ&amp;#237;a nuclear est&amp;#225; desactivada durante 6 horas.
StrSheet_Dungeon	StrSheet_Dungeon-00034_Translated.xml	30310004	entity	La energ&amp;#237;a nuclear est&amp;#225; activada.
StrSheet_Dungeon	StrSheet_Dungeon-00035_Translated.xml	30321000	entity	&amp;#191;Sobrevivir&amp;#225;s a mi maldici&amp;#243;n?
StrSheet_Dungeon	StrSheet_Dungeon-00035_Translated.xml	30323000	entity	La entrada se cerrar&amp;#225; pronto.
StrSheet_Dungeon	StrSheet_Dungeon-00035_Translated.xml	3032200	entity	Antes del combate, usa &lt;img src='img://__Icon_Items.Add_Extract_Potion_2_Tex' width='28' height='28'&gt; &lt;img src='img://__Icon_Items.potion10_Tex' width='28' height='28'&gt;
StrSheet_Dungeon	StrSheet_Dungeon-00035_Translated.xml	3032201	entity	Estos objetos est&amp;#225;n a la venta en la entrada con el &lt;font color = '#FFFF00'&gt;comerciante de la mazmorra de entrenamiento&lt;/font&gt;.
StrSheet_Dungeon	StrSheet_Dungeon-00035_Translated.xml	3032300	entity	Esta estancia ha terminado. Para reiniciar la estancia, escribe &lt;font color='#ffe761'&gt;/r&amp;#233;initialiser&lt;/font&gt; o haz clic en el bot&amp;#243;n &lt;font color='#ff
StrSheet_Dungeon	StrSheet_Dungeon-00035_Translated.xml	3032018	entity	Destruye la piedra m&amp;#225;gica e invoca a un Lancier o un Pr&amp;#234;tre (v&amp;#225;lido &amp;#250;nicamente para grupos de entrenamiento de 5 jugadores).
StrSheet_Dungeon	StrSheet_Dungeon-00035_Translated.xml	3032021	entity	Hay una piedra m&amp;#225;gica curativa a la izquierda y a la derecha de la entrada. Si es necesario, destr&amp;#250;yela en un radio de 10 metros.
StrSheet_Dungeon	StrSheet_Dungeon-00035_Translated.xml	3032022	entity	Al&amp;#237;ate con el Sacerdote invocado para vencer a Traban akalath.
StrSheet_Dungeon	StrSheet_Dungeon-00035_Translated.xml	3032023	entity	Al&amp;#237;ate con el Sacerdote invocado para derrotar a Kasir akalath.
StrSheet_Dungeon	StrSheet_Dungeon-00035_Translated.xml	3032501	entity	&amp;#161;Yo activo &quot;Exasperaci&amp;#243;n&quot;, as&amp;#237; que atacad r&amp;#225;pido!
StrSheet_Dungeon	StrSheet_Dungeon-00035_Translated.xml	3032502	entity	&amp;#161;Yo me encargo de la generaci&amp;#243;n de amenaza!
StrSheet_Dungeon	StrSheet_Dungeon-00035_Translated.xml	3032503	entity	&amp;#161;Os protejo haciendo de tanque, as&amp;#237; que tomad el broche y utilizad vuestro ataque especial!
StrSheet_Dungeon	StrSheet_Dungeon-00035_Translated.xml	3032504	entity	&amp;#161;Para acompa&amp;#241;ar a &quot;Exasperaci&amp;#243;n&quot;, activ&amp;#233; &quot;Subid&amp;#243;n de adrenalina&quot; y &quot;Grito del guardi&amp;#225;n&quot;, as&amp;
StrSheet_Dungeon	StrSheet_Dungeon-00036_Translated.xml	3033100	entity	La zona de combate se est&amp;#225; cerrando.
StrSheet_Dungeon	StrSheet_Dungeon-00036_Translated.xml	30336000	entity	Cuando el Lancero se lance al combate, ay&amp;#250;dale a derrotar a Ferva.
StrSheet_Dungeon	StrSheet_Dungeon-00036_Translated.xml	30336001	entity	Cuando el Lancero se lance al combate, ay&amp;#250;dale a derrotar a Parquina.
StrSheet_Dungeon	StrSheet_Dungeon-00036_Translated.xml	30336002	entity	Cuando el Sacerdote se lance al combate, ay&amp;#250;dale a derrotar a Ferva.
StrSheet_Dungeon	StrSheet_Dungeon-00036_Translated.xml	30336003	entity	Cuando el Sacerdote se lance al combate, ay&amp;#250;dale a derrotar a Parquina.
StrSheet_Dungeon	StrSheet_Dungeon-00036_Translated.xml	30336004	entity	Destruye una piedra de invocaci&amp;#243;n para invocar a un ayudante que te echar&amp;#225; una mano durante el combate.
StrSheet_Dungeon	StrSheet_Dungeon-00036_Translated.xml	30336005	entity	Hay una piedra m&amp;#225;gica curativa a la izquierda y a la derecha de la entrada. Si es necesario, destr&amp;#250;yela en un radio de 10 m.
StrSheet_Dungeon	StrSheet_Dungeon-00036_Translated.xml	30336006	entity	Esta mazmorra ha terminado. Para restablecer la mazmorra, escribe /reset o haz clic en el bot&amp;#243;n &quot;Restablecer estancias&quot; disponible a trav&amp;#233;s de Perfil de
StrSheet_Dungeon	StrSheet_Dungeon-00036_Translated.xml	30336007	entity	Cuando los HP de Parquina de pesadilla bajen del 75 %, se activar&amp;#225; una cuenta atr&amp;#225;s de 10 minutos. Una vez transcurrido este tiempo, usar&amp;#225; una habilidad 
StrSheet_Dungeon	StrSheet_Dungeon-00036_Translated.xml	3033200	entity	Antes del combate, usa &lt;img src='img://__Icon_Items.Add_Extract_Potion_2_Tex' width='28' height='28'&gt; &lt;img src='img://__Icon_Items.potion10_Tex' width='28' height='28'&gt;
StrSheet_Dungeon	StrSheet_Dungeon-00036_Translated.xml	3033201	entity	Estos objetos est&amp;#225;n a la venta en la entrada con el &lt;font color = '#FFFF00'&gt;comerciante de la mazmorra de entrenamiento&lt;/font&gt;.
StrSheet_Dungeon	StrSheet_Dungeon-00037_Translated.xml	3034001	entity	&amp;#161;El telepuerto cerrar&amp;#225; pronto!
StrSheet_Dungeon	StrSheet_Dungeon-00037_Translated.xml	3034200	entity	El proceso de eliminaci&amp;#243;n de productos defectuosos est&amp;#225; activado...
StrSheet_Dungeon	StrSheet_Dungeon-00037_Translated.xml	3034301	entity	Protocolo de an&amp;#225;lisis t&amp;#233;rmico: transmitiendo...
StrSheet_Dungeon	StrSheet_Dungeon-00037_Translated.xml	3034307	entity	El hangar se est&amp;#225; reiniciando...
StrSheet_Dungeon	StrSheet_Dungeon-00037_Translated.xml	3034309	entity	Advertencia del sistema: el dispositivo de protecci&amp;#243;n de la piedra m&amp;#225;gica ha sido eliminado.
StrSheet_Dungeon	StrSheet_Dungeon-00037_Translated.xml	3034310	entity	Error al activar la matriz de transmisi&amp;#243;n de energ&amp;#237;a...
StrSheet_Dungeon	StrSheet_Dungeon-00037_Translated.xml	3034311	entity	Modificaci&amp;#243;n de los par&amp;#225;metros del sistema: 1
StrSheet_Dungeon	StrSheet_Dungeon-00037_Translated.xml	3034312	entity	Modificaci&amp;#243;n de la configuraci&amp;#243;n del sistema: 0
StrSheet_Dungeon	StrSheet_Dungeon-00037_Translated.xml	3034313	entity	El supresor de campo magn&amp;#233;tico est&amp;#225; activado.
StrSheet_Dungeon	StrSheet_Dungeon-00037_Translated.xml	3034314	entity	Todos los supresores de campo magn&amp;#233;tico est&amp;#225;n activados.
StrSheet_Dungeon	StrSheet_Dungeon-00037_Translated.xml	3034401	entity	&amp;#161;No me molestes!
StrSheet_Dungeon	StrSheet_Dungeon-00037_Translated.xml	3034402	entity	&amp;#161;Ac&amp;#233;rcate, Ventaron!
StrSheet_Dungeon	StrSheet_Dungeon-00037_Translated.xml	3034403	entity	Maldici&amp;#243;n, Ventaron no es suficiente por s&amp;#237; solo.
StrSheet_Dungeon	StrSheet_Dungeon-00037_Translated.xml	3034404	entity	&amp;#161;Los voy a exterminar aqu&amp;#237; mismo!
StrSheet_Dungeon	StrSheet_Dungeon-00037_Translated.xml	3034405	entity	Debes esquivar los rayos l&amp;#225;ser y activar el supresor de campo magn&amp;#233;tico.
StrSheet_Dungeon	StrSheet_Dungeon-00037_Translated.xml	3034406	entity	&amp;#161;Qu&amp;#233; plaga! &amp;#161;Son tan molestos como las cucarachas!
StrSheet_Dungeon	StrSheet_Dungeon-00037_Translated.xml	3034407	entity	&amp;#161;Ac&amp;#233;rcate, Hexapleion!
StrSheet_Dungeon	StrSheet_Dungeon-00038_Translated.xml	3036001	entity	El envenenador llegar&amp;#225; pronto.
StrSheet_Dungeon	StrSheet_Dungeon-00038_Translated.xml	3036003	entity	&amp;#161;Bienvenidos, gusanos! Ya controlamos este lugar. &amp;#161;Ja, ja, ja!
StrSheet_Dungeon	StrSheet_Dungeon-00038_Translated.xml	3036004	entity	&amp;#161;Tengo tiempo para divertirme un poco con ustedes mientras espero que la abominaci&amp;#243;n destruya la sala de m&amp;#225;quinas!
StrSheet_Dungeon	StrSheet_Dungeon-00038_Translated.xml	3036005	entity	&amp;#161;Vengan, si se atreven!
StrSheet_Dungeon	StrSheet_Dungeon-00038_Translated.xml	3036006	entity	&amp;#161;No quedar&amp;#225; nada de ustedes, pobres novatos!
StrSheet_Dungeon	StrSheet_Dungeon-00038_Translated.xml	3036008	entity	&amp;#191;Deber&amp;#237;a meterme en esto?
StrSheet_Dungeon	StrSheet_Dungeon-00038_Translated.xml	3036009	entity	La abominaci&amp;#243;n se dirige a la sala de m&amp;#225;quinas para destruir la piedra flotante.
StrSheet_Dungeon	StrSheet_Dungeon-00038_Translated.xml	3036010	entity	&amp;#161;El envenenador ha llegado!
StrSheet_Dungeon	StrSheet_Dungeon-00038_Translated.xml	3036011	entity	Tu viaje termina aqu&amp;#237;.
StrSheet_Dungeon	StrSheet_Dungeon-00038_Translated.xml	3036012	entity	&amp;#161;El envenenador va a exterminarte!
StrSheet_Dungeon	StrSheet_Dungeon-00038_Translated.xml	3036015	entity	El M&amp;#237;stico otorga curaci&amp;#243;n continua al envenenador.
StrSheet_Dungeon	StrSheet_Dungeon-00038_Translated.xml	3036016	entity	&amp;#161;Esta nave se hundir&amp;#225; contigo!
StrSheet_Dungeon	StrSheet_Dungeon-00038_Translated.xml	3036017	entity	&amp;#161;Elimina a los archidevans antes de que llegue el envenenador!
StrSheet_Dungeon	StrSheet_Dungeon-00038_Translated.xml	3036018	entity	Todas las piedras flotantes han sido destruidas. El crucero celestial est&amp;#225; cayendo.
StrSheet_Dungeon	StrSheet_Dungeon-00038_Translated.xml	3036021	entity	&amp;#161;Una piedra flotante ha sido destruida! (1/8)
StrSheet_Dungeon	StrSheet_Dungeon-00038_Translated.xml	3036022	entity	&amp;#161;Una piedra flotante ha sido destruida! (2/8)
StrSheet_Dungeon	StrSheet_Dungeon-00038_Translated.xml	3036023	entity	&amp;#161;Una piedra flotante ha sido destruida! (3/8)
StrSheet_Dungeon	StrSheet_Dungeon-00038_Translated.xml	3036024	entity	&amp;#161;Una piedra flotante ha sido destruida! (4/8)
StrSheet_Dungeon	StrSheet_Dungeon-00038_Translated.xml	3036025	entity	&amp;#161;Una piedra flotante ha sido destruida! (5/8)
StrSheet_Dungeon	StrSheet_Dungeon-00038_Translated.xml	3036026	entity	&amp;#161;Reverencia a la oscuridad!
StrSheet_Dungeon	StrSheet_Dungeon-00038_Translated.xml	3036027	entity	&amp;#161;A ver si puedes esquivar mi ataque!
StrSheet_Dungeon	StrSheet_Dungeon-00038_Translated.xml	3036030	entity	&amp;#161;La piedra flotante est&amp;#225; protegida!
StrSheet_Dungeon	StrSheet_Dungeon-00038_Translated.xml	3036031	entity	&amp;#161;No puedes escapar!
StrSheet_Dungeon	StrSheet_Dungeon-00038_Translated.xml	3036032	entity	&amp;#161;Una piedra flotante ha sido destruida! (6/8)
StrSheet_Dungeon	StrSheet_Dungeon-00038_Translated.xml	3036033	entity	&amp;#161;Una piedra flotante ha sido destruida! (7/8)
StrSheet_Dungeon	StrSheet_Dungeon-00038_Translated.xml	3036034	entity	&amp;#161;Mis flamas ser&amp;#225;n suficientes para acabar con ustedes!
StrSheet_Dungeon	StrSheet_Dungeon-00038_Translated.xml	3036035	entity	&amp;#161;Qu&amp;#233;... mis flamas!
StrSheet_Dungeon	StrSheet_Dungeon-00038_Translated.xml	3036036	entity	El crucero celestial est&amp;#225; en llamas.
StrSheet_Dungeon	StrSheet_Dungeon-00038_Translated.xml	3036037	entity	Un efecto extra&amp;#241;o emana de la cubierta.
StrSheet_Dungeon	StrSheet_Dungeon-00038_Translated.xml	3036038	entity	El fuego sigue propag&amp;#225;ndose.
StrSheet_Dungeon	StrSheet_Dungeon-00038_Translated.xml	3036039	entity	&amp;#161;Yo!
StrSheet_Dungeon	StrSheet_Dungeon-00038_Translated.xml	3036040	entity	&amp;#161;Voy
StrSheet_Dungeon	StrSheet_Dungeon-00038_Translated.xml	3036042	entity	&amp;#161;Les mostrar&amp;#233; lo que es el verdadero poder!
StrSheet_Dungeon	StrSheet_Dungeon-00038_Translated.xml	3036043	entity	La pila de cad&amp;#225;veres ha acumulado suficiente gas.
StrSheet_Dungeon	StrSheet_Dungeon-00038_Translated.xml	3036044	entity	La abominaci&amp;#243;n comienza a absorber man&amp;#225;.
StrSheet_Dungeon	StrSheet_Dungeon-00038_Translated.xml	3036045	entity	La abominaci&amp;#243;n comienza a absorber HP.
StrSheet_Dungeon	StrSheet_Dungeon-00038_Translated.xml	3036046	entity	Est&amp;#225;s perdiendo HP.
StrSheet_Dungeon	StrSheet_Dungeon-00038_Translated.xml	3036047	entity	Est&amp;#225;s perdiendo a&amp;#250;n m&amp;#225;s HP.
StrSheet_Dungeon	StrSheet_Dungeon-00038_Translated.xml	3036048	entity	Los dejo en buenas manos con Putrion... Tengo una sala de m&amp;#225;quinas que destruir...
StrSheet_Dungeon	StrSheet_Dungeon-00038_Translated.xml	3036049	entity	&amp;#161;No dar&amp;#225;n un paso m&amp;#225;s!
StrSheet_Dungeon	StrSheet_Dungeon-00038_Translated.xml	3036050	entity	&amp;#161;Exterminen a estos par&amp;#225;sitos!
StrSheet_Dungeon	StrSheet_Dungeon-00038_Translated.xml	3036051	entity	Putrion ser&amp;#225; invocado en 10 segundos.
StrSheet_Dungeon	StrSheet_Dungeon-00038_Translated.xml	3036053	entity	La bendici&amp;#243;n del dios antiguo se activar&amp;#225; en 30 segundos.
StrSheet_Dungeon	StrSheet_Dungeon-00038_Translated.xml	3036054	entity	La bendici&amp;#243;n del dios antiguo ya est&amp;#225; activa. (1/3)
StrSheet_Dungeon	StrSheet_Dungeon-00038_Translated.xml	3036055	entity	La entrada se cerrar&amp;#225; en 10 segundos.
StrSheet_Dungeon	StrSheet_Dungeon-00038_Translated.xml	3036056	entity	Al parecer, voy con cierto retraso respecto a los dem&amp;#225;s. &amp;#161;Qu&amp;#233; alegr&amp;#237;a ver a Darkan derrotado!
StrSheet_Dungeon	StrSheet_Dungeon-00038_Translated.xml	3036057	entity	Ahora que el peligro de Darkan ha pasado, el crucero celeste est&amp;#225; en bastante mal estado.
StrSheet_Dungeon	StrSheet_Dungeon-00038_Translated.xml	3036058	entity	Los ingenieros dicen que no puede volar as&amp;#237;. Tendremos que dar media vuelta para hacer reparaciones.
StrSheet_Dungeon	StrSheet_Dungeon-00038_Translated.xml	3036059	entity	&amp;#161;T&amp;#250;, de ah&amp;#237;! &amp;#161;Mi amo quiere verte sufrir!
StrSheet_Dungeon	StrSheet_Dungeon-00038_Translated.xml	3036060	entity	&amp;#161;Voy a darte una lecci&amp;#243;n que solo Lakan conoce!
StrSheet_Dungeon	StrSheet_Dungeon-00038_Translated.xml	3036061	entity	Pobres criaturas pat&amp;#233;ticas...
StrSheet_Dungeon	StrSheet_Dungeon-00038_Translated.xml	3036062	entity	Esto no... ha terminado todav&amp;#237;a...
StrSheet_Dungeon	StrSheet_Dungeon-00038_Translated.xml	3036063	entity	La bendici&amp;#243;n del dios antiguo ya est&amp;#225; activa. (2/3)
StrSheet_Dungeon	StrSheet_Dungeon-00038_Translated.xml	3036064	entity	La bendici&amp;#243;n del dios antiguo ya est&amp;#225; activa. (3/3)
StrSheet_Dungeon	StrSheet_Dungeon-00038_Translated.xml	3036067	entity	Darkan est&amp;#225; furioso.
StrSheet_Dungeon	StrSheet_Dungeon-00038_Translated.xml	3036069	entity	&amp;#161;Voy a ense&amp;#241;arte lo que es el terror!
StrSheet_Dungeon	StrSheet_Dungeon-00039_Translated.xml	3037002	entity	&amp;#161;Tiemblen ante mi venganza...
StrSheet_Dungeon	StrSheet_Dungeon-00039_Translated.xml	3037003	entity	El Lancero inicia las hostilidades: ay&amp;#250;dale a derrotar a Bahaar, el dios del fuego furioso.
StrSheet_Dungeon	StrSheet_Dungeon-00039_Translated.xml	3037004	entity	&amp;#218;nete al Sacerdote invocado para derrotar a Bahaar, el dios del fuego furioso.
StrSheet_Dungeon	StrSheet_Dungeon-00039_Translated.xml	3037005	entity	El Lancero inicia las hostilidades: ay&amp;#250;dale a derrotar a Bahaar, el dios del fuego furioso.
StrSheet_Dungeon	StrSheet_Dungeon-00039_Translated.xml	3037006	entity	&amp;#218;nete al Sacerdote invocado para derrotar a Bahaar, el dios del fuego furioso.
StrSheet_Dungeon	StrSheet_Dungeon-00039_Translated.xml	3037007	entity	Antes del combate, usa &lt;img src='img://__Icon_Items.Add_Extract_Potion_2_Tex' width='28' height='28'&gt; &lt;img src='img://__Icon_Items.potion10_Tex' width='28' height='28'&gt;
StrSheet_Dungeon	StrSheet_Dungeon-00039_Translated.xml	3037008	entity	Estos objetos est&amp;#225;n a la venta en la entrada con el &lt;font color = '#FFFF00'&gt;mercader de objetos de entrenamiento&lt;/font&gt;.
StrSheet_Dungeon	StrSheet_Dungeon-00039_Translated.xml	3037009	entity	El combate contra Bahaar consta de dos fases. &amp;#161;Sus combos de ataques son especialmente traicioneros, as&amp;#237; que debes estar alerta!
StrSheet_Dungeon	StrSheet_Dungeon-00039_Translated.xml	3037010	entity	Este combate requiere la participaci&amp;#243;n de &lt;font color='#ffe761'&gt;5 personas&lt;/font&gt;. (Si hay menos de 5 personas, el combate no se iniciar&amp;#225;.)
StrSheet_Dungeon	StrSheet_Dungeon-00039_Translated.xml	3037012	entity	Destruye la piedra m&amp;#225;gica e invoca a un Lancier o un Pr&amp;#234;tre (v&amp;#225;lido &amp;#250;nicamente para grupos de entrenamiento de 5 jugadores).
StrSheet_Dungeon	StrSheet_Dungeon-00039_Translated.xml	3037013	entity	Hay una piedra m&amp;#225;gica curativa a la izquierda y a la derecha de la entrada. Si es necesario, destr&amp;#250;yela en un radio de 10 metros.
StrSheet_Dungeon	StrSheet_Dungeon-00039_Translated.xml	3037014	entity	Bahaar es considerablemente m&amp;#225;s temible durante su 2.&amp;#170; fase. Memoriza bien las mec&amp;#225;nicas de combate antes de que comiencen las hostilidades.
StrSheet_Dungeon	StrSheet_Dungeon-00039_Translated.xml	3037100	entity	Esta estancia ha terminado. Para reiniciar la estancia, escribe &lt;font color='#ffe761'&gt;/r&amp;#233;initialiser&lt;/font&gt; o haz clic en el bot&amp;#243;n &lt;font color='#ff
StrSheet_Dungeon	StrSheet_Dungeon-00040_Translated.xml	3101100	entity	La zona de combate se est&amp;#225; cerrando.
StrSheet_Dungeon	StrSheet_Dungeon-00042_Translated.xml	31030001	entity	La zona de combate se est&amp;#225; cerrando.
StrSheet_Dungeon	StrSheet_Dungeon-00043_Translated.xml	31260002	entity	Percibes una energ&amp;#237;a sospechosa que escapa de las entra&amp;#241;as del sacramental.
StrSheet_Dungeon	StrSheet_Dungeon-00043_Translated.xml	31260003	entity	&amp;#191;Polvo de gema? &amp;#191;Y un sentimiento aterrador?
StrSheet_Dungeon	StrSheet_Dungeon-00043_Translated.xml	31260005	entity	La entrada pronto ser&amp;#225; obstruida.
StrSheet_Dungeon	StrSheet_Dungeon-00043_Translated.xml	31260006	entity	&amp;#161;Salten para deshacerse de los par&amp;#225;sitos!
StrSheet_Dungeon	StrSheet_Dungeon-00043_Translated.xml	31260007	entity	Los par&amp;#225;sitos arg&amp;#243;n comienzan a adherirse al cuerpo.
StrSheet_Dungeon	StrSheet_Dungeon-00043_Translated.xml	31260008	entity	&amp;#161;El poder de los argons me ha resucitado!
StrSheet_Dungeon	StrSheet_Dungeon-00043_Translated.xml	31260009	entity	&amp;#161;Argh!
StrSheet_Dungeon	StrSheet_Dungeon-00043_Translated.xml	31260010	entity	La magia de Kelsaik akalath se propaga en todas direcciones y el cad&amp;#225;ver implosiona.
StrSheet_Dungeon	StrSheet_Dungeon-00043_Translated.xml	31260011	entity	Kelsaik akalath hace su aparici&amp;#243;n.
StrSheet_Dungeon	StrSheet_Dungeon-00043_Translated.xml	31260012	entity	&amp;#161;El ambiente de la zona de combate se ha vuelto inestable debido a una alteraci&amp;#243;n del equilibrio t&amp;#233;rmico!
StrSheet_Dungeon	StrSheet_Dungeon-00043_Translated.xml	31260013	entity	No puedes hacer nada contra Kelsaik akalath cuando est&amp;#225; furioso.
StrSheet_Dungeon	StrSheet_Dungeon-00043_Translated.xml	31260014	entity	El poder de Kelsaik akalath est&amp;#225; ahora en su apogeo y lo fortalece.
StrSheet_Dungeon	StrSheet_Dungeon-00043_Translated.xml	31260015	entity	Se erige un campo m&amp;#225;gico de Exodor. El &amp;#225;rea de combate comienza a erosionarse.
StrSheet_Dungeon	StrSheet_Dungeon-00043_Translated.xml	31260016	entity	La erosi&amp;#243;n del &amp;#225;rea de combate se acelera.
StrSheet_Dungeon	StrSheet_Dungeon-00043_Translated.xml	31260017	entity	Todos los campos m&amp;#225;gicos de Exodor est&amp;#225;n erigidos.
StrSheet_Dungeon	StrSheet_Dungeon-00043_Translated.xml	31260018	entity	&amp;#161;Kelsaik akalath ha sido derrotado!
StrSheet_Dungeon	StrSheet_Dungeon-00043_Translated.xml	31260021	entity	&amp;#161;La situaci&amp;#243;n es grave! &amp;#161;Ya no podemos dar marcha atr&amp;#225;s!
StrSheet_Dungeon	StrSheet_Dungeon-00043_Translated.xml	3126005	entity	Un clon de Kelsaik ha hecho su aparici&amp;#243;n. Recoge la esencia de sacerdote argon y dir&amp;#237;gete a la rampa.
StrSheet_Dungeon	StrSheet_Dungeon-00043_Translated.xml	3126008	entity	La victoria sobre el clon glacial de Kelsaik ha provocado la eliminaci&amp;#243;n del escudo de escarcha.
StrSheet_Dungeon	StrSheet_Dungeon-00043_Translated.xml	3126009	entity	La victoria sobre el clon &amp;#237;gneo de Kelsaik ha provocado la eliminaci&amp;#243;n del escudo de llamas.
StrSheet_Dungeon	StrSheet_Dungeon-00043_Translated.xml	3126017	entity	El clon ign&amp;#237;fugo ha sobrevivido. La temperatura de la zona de combate ha subido repentinamente.
StrSheet_Dungeon	StrSheet_Dungeon-00043_Translated.xml	3126019	entity	Kelsaik akalath absorbe la magia del fr&amp;#237;o glacial.
StrSheet_Dungeon	StrSheet_Dungeon-00043_Translated.xml	3126020	entity	&amp;#161;Jajaja! &amp;#161;Infelices! &amp;#161;Me burlo de las llamas!
StrSheet_Dungeon	StrSheet_Dungeon-00043_Translated.xml	3126021	entity	&amp;#161;Jajaja! &amp;#161;Infelices! &amp;#161;Me burlo del fr&amp;#237;o!
StrSheet_Dungeon	StrSheet_Dungeon-00043_Translated.xml	3126405	entity	El da&amp;#241;o de todas las habilidades disminuye un 25 % si tus reservas de efecto de fuego y escudo son id&amp;#233;nticas.
StrSheet_Dungeon	StrSheet_Dungeon-00043_Translated.xml	3126408	entity	La eficacia de todas las habilidades de regeneraci&amp;#243;n disminuye un 50 % y el tiempo de reutilizaci&amp;#243;n de todas las habilidades un 25 %.
StrSheet_Dungeon	StrSheet_Dungeon-00043_Translated.xml	3126409	entity	La implosi&amp;#243;n de los restos de Kelsaik akalath se intensifica y libera a&amp;#250;n m&amp;#225;s magia.
StrSheet_Dungeon	StrSheet_Dungeon-00043_Translated.xml	3126410	entity	La magia liberada est&amp;#225; en su punto m&amp;#225;ximo.
StrSheet_Dungeon	StrSheet_Dungeon-00043_Translated.xml	3126302	entity	La ca&amp;#237;da de bloques de polvo de gema se intensifica a&amp;#250;n m&amp;#225;s.
StrSheet_Dungeon	StrSheet_Dungeon-00043_Translated.xml	3126304	entity	La ca&amp;#237;da de bloques de polvo se intensifica progresivamente.
StrSheet_Dungeon	StrSheet_Dungeon-00044_Translated.xml	3201100	entity	La zona de combate se est&amp;#225; cerrando.
StrSheet_Dungeon	StrSheet_Dungeon-00046_Translated.xml	32030001	entity	La zona de combate se est&amp;#225; cerrando.
StrSheet_Dungeon	StrSheet_Dungeon-00047_Translated.xml	9001001	entity	Todo est&amp;#225; conectado, amigos m&amp;#237;os... A&amp;#250;n vagan en la oscuridad... No tienen idea de qui&amp;#233;n... est&amp;#225; moviendo realmente los hilos.
StrSheet_Dungeon	StrSheet_Dungeon-00047_Translated.xml	9001002	entity	&amp;#161;Viva Atel Akaad!
StrSheet_Dungeon	StrSheet_Dungeon-00047_Translated.xml	9001003	entity	&amp;#161;Mi muerte no cambiar&amp;#225; nada. Los argons los atrapar&amp;#225;n a todos!
StrSheet_Dungeon	StrSheet_Dungeon-00047_Translated.xml	9001004	entity	&amp;#161;Imb&amp;#233;cil! Cumple tu promesa. &amp;#161;No deber&amp;#237;as necesitar refuerzos!
StrSheet_Dungeon	StrSheet_Dungeon-00047_Translated.xml	9001005	entity	&amp;#161;No! &amp;#161;Era una de mis mejores creaciones! &amp;#161;Se acab&amp;#243; tu impertinencia! &amp;#161;Guardias!
StrSheet_Dungeon	StrSheet_Dungeon-00047_Translated.xml	9001006	entity	Esta farsa es insoportable. &amp;#161;Aprendan la lecci&amp;#243;n, achichincles! &amp;#161;Miren c&amp;#243;mo me deshago de los intrusos!
StrSheet_Dungeon	StrSheet_Dungeon-00047_Translated.xml	9001007	entity	Oh maestro... &amp;#161;Pr&amp;#233;stame tu fuerza!
StrSheet_Dungeon	StrSheet_Dungeon-00048_Translated.xml	9002000	entity	El guardi&amp;#225;n del bosque se prepara para atacar.
StrSheet_Dungeon	StrSheet_Dungeon-00048_Translated.xml	9002001	entity	&amp;#161;Demuestra tu fuerza!
StrSheet_Dungeon	StrSheet_Dungeon-00049_Translated.xml	90031001	entity	&amp;#161;Pobres insensatos pretenciosos! &amp;#161;No esperen volver jam&amp;#225;s!
StrSheet_Dungeon	StrSheet_Dungeon-00049_Translated.xml	90031002	entity	&amp;#161;Mierda! &amp;#191;C&amp;#243;mo pueden soportar esto?
StrSheet_Dungeon	StrSheet_Dungeon-00049_Translated.xml	90031003	entity	&amp;#161;Para ti, Cauterask! &amp;#161;Enc&amp;#225;rgate de ellos!
StrSheet_Dungeon	StrSheet_Dungeon-00049_Translated.xml	90031005	entity	Misi&amp;#243;n fallida. Evacuaci&amp;#243;n por teletransportaci&amp;#243;n en 3 segundos.
StrSheet_Dungeon	StrSheet_Dungeon-00049_Translated.xml	90031006	entity	Serion est&amp;#225; bajo ataque.
StrSheet_Dungeon	StrSheet_Dungeon-00049_Translated.xml	90031007	entity	Serion est&amp;#225; siendo atacado.
StrSheet_Dungeon	StrSheet_Dungeon-00049_Translated.xml	90031008	entity	La vida de Serion est&amp;#225; en peligro.
StrSheet_Dungeon	StrSheet_Dungeon-00049_Translated.xml	90031010	entity	Ante una invocaci&amp;#243;n de tal magnitud, ni siquiera Akasha durar&amp;#225; mucho. &amp;#161;Resiste, soldado!
StrSheet_Dungeon	StrSheet_Dungeon-00050_Translated.xml	9005004	entity	&amp;#161;Sobrevivan, si pueden!
StrSheet_Dungeon	StrSheet_Dungeon-00051_Translated.xml	9006001	entity	Invocaci&amp;#243;n de Elion y Jelena
StrSheet_Dungeon	StrSheet_Dungeon-00051_Translated.xml	9006002	entity	&amp;#161;Vamos!
StrSheet_Dungeon	StrSheet_Dungeon-00051_Translated.xml	9006003	entity	&amp;#161;C&amp;#243;mo os atrev&amp;#233;is a enfrentar a Killian, vais a morir!
StrSheet_Dungeon	StrSheet_Dungeon-00052_Translated.xml	9007001	entity	&amp;#161;No saldr&amp;#225;n de aqu&amp;#237; con vida! &amp;#161;Mueren!
StrSheet_Dungeon	StrSheet_Dungeon-00052_Translated.xml	9007002	entity	Tal vez... nosotros mismos est&amp;#225;bamos atrapados. No me gusta el sabor del fracaso, Thulsa.
StrSheet_Dungeon	StrSheet_Dungeon-00053_Translated.xml	90081001	entity	Est&amp;#225;s descubierto, Malachai. &amp;#161;O m&amp;#225;s bien, Thulsa! &amp;#161;Vamos a poner fin a tus oscuros actos de inmediato!
StrSheet_Dungeon	StrSheet_Dungeon-00053_Translated.xml	90081002	entity	Ning&amp;#250;n alto elfo es lo suficientemente fuerte para rebelarse contra un dios, ni siquiera si tuvieras el poder del N&amp;#250;cleo. Te har&amp;#233; arrepentirte.
StrSheet_Dungeon	StrSheet_Dungeon-00053_Translated.xml	90081003	entity	&amp;#161;Los soldados de Allemantheia cargan contra Malachai!
StrSheet_Dungeon	StrSheet_Dungeon-00054_Translated.xml	9011001	entity	Muhrak y Thro est&amp;#225;n conversando.
StrSheet_Dungeon	StrSheet_Dungeon-00054_Translated.xml	9011002	entity	Hablan de negocios y te cuesta entender de qu&amp;#233; se trata.
StrSheet_Dungeon	StrSheet_Dungeon-00055_Translated.xml	9012001	entity	&amp;#161;Esperen a que el gilgash pierda el equilibrio!
StrSheet_Dungeon	StrSheet_Dungeon-00055_Translated.xml	9012002	entity	&amp;#161;Ataquen ahora!
StrSheet_Dungeon	StrSheet_Dungeon-00058_Translated.xml	9019001	entity	&amp;#161;Nuestras filas empiezan a colapsar! &amp;#161;Y los esclavos kobolds siguen llegando!
StrSheet_Dungeon	StrSheet_Dungeon-00058_Translated.xml	9019002	entity	&amp;#161;Los siguientes son la morralla kobold! &amp;#161;Desenvainen sus armas!
StrSheet_Dungeon	StrSheet_Dungeon-00058_Translated.xml	9019003	entity	&amp;#161;Eviten que se acerquen! &amp;#161;D&amp;#225;ndose prisa!
StrSheet_Dungeon	StrSheet_Dungeon-00058_Translated.xml	9019004	entity	&amp;#161;Orkos colmillos rojos! &amp;#161;Que los dioses nos ayuden!
StrSheet_Dungeon	StrSheet_Dungeon-00058_Translated.xml	9019005	entity	&amp;#161;Apretad filas! &amp;#161;Podemos lograrlo!
StrSheet_Dungeon	StrSheet_Dungeon-00058_Translated.xml	9019006	entity	El convoy est&amp;#225; en marcha.
StrSheet_Dungeon	StrSheet_Dungeon-00058_Translated.xml	9019007	entity	&amp;#161;Elthim est&amp;#225; sano y salvo. Alabados sean los dioses!
StrSheet_Dungeon	StrSheet_Dungeon-00058_Translated.xml	9019008	entity	Necesitamos m&amp;#225;s refuerzos. &amp;#161;Vamos, vamos, vamos!
StrSheet_Dungeon	StrSheet_Dungeon-00058_Translated.xml	9019010	entity	&amp;#191;Van a matarme?
StrSheet_Dungeon	StrSheet_Dungeon-00058_Translated.xml	9019012	entity	Morir por nada... qu&amp;#233; desperdicio...
StrSheet_Dungeon	StrSheet_Dungeon-00058_Translated.xml	9019020	entity	Misi&amp;#243;n fallida. Teletransportaci&amp;#243;n al exterior en tres segundos.
StrSheet_Dungeon	StrSheet_Dungeon-00059_Translated.xml	9020001	entity	El ambiente est&amp;#225; un poco tenso estos d&amp;#237;as, &amp;#191;no? &amp;#191;Sabes algo?
StrSheet_Dungeon	StrSheet_Dungeon-00059_Translated.xml	9020002	entity	Mjum, Tetra se ha enfadado much&amp;#237;simo.
StrSheet_Dungeon	StrSheet_Dungeon-00059_Translated.xml	9020003	entity	Sin duda se debe a Dakanius, que est&amp;#225; haciendo bien su trabajo. Aparentemente, la tropa de asalto de Hwiha tambi&amp;#233;n ha sido eliminada por alguien de la Federaci&am
StrSheet_Dungeon	StrSheet_Dungeon-00059_Translated.xml	9020005	entity	Si yo fuera el jefe, habr&amp;#237;amos conquistado Crescentia hace mucho tiempo.
StrSheet_Dungeon	StrSheet_Dungeon-00059_Translated.xml	9020006	entity	Dejen de presumir y tengan cuidado de no hacer enojar a Tetra. Su cabeza no tardar&amp;#237;a en ser arrojada como comida para los basiliscos.
StrSheet_Dungeon	StrSheet_Dungeon-00059_Translated.xml	9020007	entity	&amp;#161;Reuni&amp;#243;n! &amp;#161;Reuni&amp;#243;n! &amp;#161;Se convoca a todos los soldados a reunirse frente a la armer&amp;#237;a!
StrSheet_Dungeon	StrSheet_Dungeon-00059_Translated.xml	9020008	entity	Una reuni&amp;#243;n. &amp;#161;Vamos!
StrSheet_Dungeon	StrSheet_Dungeon-00060_Translated.xml	9022001	entity	&amp;#161;Al ataque! &amp;#161;Eliminen a esos perros de la Federaci&amp;#243;n!
StrSheet_Dungeon	StrSheet_Dungeon-00060_Translated.xml	9022005	entity	&amp;#161;Las protecciones de la piedra ag&amp;#243;nica est&amp;#225;n destruidas!
StrSheet_Dungeon	StrSheet_Dungeon-00060_Translated.xml	9022006	entity	&amp;#161;Nos han golpeado! &amp;#161;Llamen refuerzos!
StrSheet_Dungeon	StrSheet_Dungeon-00060_Translated.xml	9022007	entity	&amp;#161;No puedo creer que me hayan herido. &amp;#161;Ayuda!
StrSheet_Dungeon	StrSheet_Dungeon-00060_Translated.xml	9022008	entity	&amp;#161;La piedra ag&amp;#243;nica est&amp;#225; destruida! Los gigantes han sido liberados de su sufrimiento.
StrSheet_Dungeon	StrSheet_Dungeon-00061_Translated.xml	9023001	entity	&amp;#161;Otra vez ustedes! &amp;#161;Se atreven a obstaculizar los planes de Lok!
StrSheet_Dungeon	StrSheet_Dungeon-00062_Translated.xml	9024004	entity	Si el combate dura m&amp;#225;s de 10 minutos, Kaprima entrar&amp;#225; en un estado de Rage feroz.
StrSheet_Dungeon	StrSheet_Dungeon-00062_Translated.xml	9024006	entity	Kaprima entra en una Rage f&amp;#233;roce.
StrSheet_Dungeon	StrSheet_Dungeon-00062_Translated.xml	9024007	entity	El t&amp;#243;tem maldito aparece.
StrSheet_Dungeon	StrSheet_Dungeon-00062_Translated.xml	9024008	entity	La c&amp;#225;mara secreta se abre.
StrSheet_Dungeon	StrSheet_Dungeon-00063_Translated.xml	9025002	entity	El aura de poder del g&amp;#243;lem se activa.
StrSheet_Dungeon	StrSheet_Dungeon-00063_Translated.xml	9025003	entity	La m&amp;#225;quina de mantenimiento del g&amp;#243;lem se activa.
StrSheet_Dungeon	StrSheet_Dungeon-00063_Translated.xml	9025004	entity	La m&amp;#225;quina de producci&amp;#243;n del g&amp;#243;lem se activa.
StrSheet_Dungeon	StrSheet_Dungeon-00063_Translated.xml	9025005	entity	La secci&amp;#243;n izquierda recibir&amp;#225; energ&amp;#237;a en unos minutos.
StrSheet_Dungeon	StrSheet_Dungeon-00063_Translated.xml	9025006	entity	Se corta la energ&amp;#237;a de la secci&amp;#243;n izquierda.
StrSheet_Dungeon	StrSheet_Dungeon-00063_Translated.xml	9025007	entity	La secci&amp;#243;n derecha recibir&amp;#225; energ&amp;#237;a en unos minutos.
StrSheet_Dungeon	StrSheet_Dungeon-00063_Translated.xml	9025008	entity	Se corta la energ&amp;#237;a de la secci&amp;#243;n derecha.
StrSheet_Dungeon	StrSheet_Dungeon-00063_Translated.xml	9025010	entity	Prep&amp;#225;rate para el segundo nivel.
StrSheet_Dungeon	StrSheet_Dungeon-00063_Translated.xml	9025011	entity	Prep&amp;#225;rate para el tercer nivel.
StrSheet_Dungeon	StrSheet_Dungeon-00063_Translated.xml	9025028	entity	&amp;#161;Encuentra las jarras y destr&amp;#250;yelas dentro del tiempo l&amp;#237;mite!
StrSheet_Dungeon	StrSheet_Dungeon-00063_Translated.xml	9025016	entity	M&amp;#225;s guardianes se acercan.
StrSheet_Dungeon	StrSheet_Dungeon-00063_Translated.xml	9025017	entity	M&amp;#225;s guardianes se acercan.
StrSheet_Dungeon	StrSheet_Dungeon-00063_Translated.xml	9025027	entity	&amp;#161;Ret&amp;#237;rate con los guardianes del Santuario!
StrSheet_Dungeon	StrSheet_Dungeon-00063_Translated.xml	9025019	entity	Auricadis re&amp;#250;ne poder para atacar.
StrSheet_Dungeon	StrSheet_Dungeon-00063_Translated.xml	9025021	entity	Has fracasado. Int&amp;#233;ntalo de nuevo.
StrSheet_Dungeon	StrSheet_Dungeon-00063_Translated.xml	9025022	entity	El guardi&amp;#225;n absorbe toda la energ&amp;#237;a.
StrSheet_Dungeon	StrSheet_Dungeon-00063_Translated.xml	9025024	entity	Ca&amp;#241;ones invocados.
StrSheet_Dungeon	StrSheet_Dungeon-00063_Translated.xml	9025029	entity	&amp;#161;Coloca tus ca&amp;#241;ones y ataca al Guardi&amp;#225;n de la reliquia!
StrSheet_Dungeon	StrSheet_Dungeon-00063_Translated.xml	9025200	entity	Recibir&amp;#225;s un beneficio en 1 minuto.
StrSheet_Dungeon	StrSheet_Dungeon-00063_Translated.xml	9025201	entity	Un beneficio est&amp;#225; activo ahora. (1/3)
StrSheet_Dungeon	StrSheet_Dungeon-00063_Translated.xml	9025202	entity	Un beneficio est&amp;#225; activo ahora. (2/3)
StrSheet_Dungeon	StrSheet_Dungeon-00063_Translated.xml	9025203	entity	Un beneficio est&amp;#225; activo ahora. (3/3)
StrSheet_Dungeon	StrSheet_Dungeon-00064_Translated.xml	9026100	entity	Recibir&amp;#225;s un beneficio en 1 minuto.
StrSheet_Dungeon	StrSheet_Dungeon-00064_Translated.xml	9026101	entity	Un beneficio est&amp;#225; activo ahora. (1/3)
StrSheet_Dungeon	StrSheet_Dungeon-00064_Translated.xml	9026102	entity	Un beneficio est&amp;#225; activo ahora. (2/3)
StrSheet_Dungeon	StrSheet_Dungeon-00064_Translated.xml	9026103	entity	Un beneficio est&amp;#225; activo ahora. (3/3)
StrSheet_Dungeon	StrSheet_Dungeon-00065_Translated.xml	9027002	entity	Magia de desaparici&amp;#243;n.
StrSheet_Dungeon	StrSheet_Dungeon-00065_Translated.xml	9027003	entity	&amp;#161;Reaparici&amp;#243;n!
StrSheet_Dungeon	StrSheet_Dungeon-00065_Translated.xml	9027008	entity	Los par&amp;#225;sitos te abruman.
StrSheet_Dungeon	StrSheet_Dungeon-00065_Translated.xml	9027016	entity	&amp;#161;Nunca se detienen! &amp;#161;Vengan a m&amp;#237;, mis queridos s&amp;#250;bditos!
StrSheet_Dungeon	StrSheet_Dungeon-00065_Translated.xml	9027017	entity	&amp;#161;Les dar&amp;#233; m&amp;#225;s fuerza!
StrSheet_Dungeon	StrSheet_Dungeon-00065_Translated.xml	9027019	entity	&amp;#161;Imb&amp;#233;ciles!
StrSheet_Dungeon	StrSheet_Dungeon-00065_Translated.xml	9027020	entity	&amp;#161;Esto es solo el comienzo!
StrSheet_Dungeon	StrSheet_Dungeon-00065_Translated.xml	9027023	entity	La puerta se cerrar&amp;#225; pronto.
StrSheet_Dungeon	StrSheet_Dungeon-00065_Translated.xml	9027024	entity	El Plexus se bloquear&amp;#225; pronto.
StrSheet_Dungeon	StrSheet_Dungeon-00065_Translated.xml	9027025	entity	&amp;#161;Todos los s&amp;#250;bditos que mataron ahora son parte de mi ser!
StrSheet_Dungeon	StrSheet_Dungeon-00065_Translated.xml	9027007	entity	Cuando sangro, los par&amp;#225;sitos te infectan.
StrSheet_Dungeon	StrSheet_Dungeon-00065_Translated.xml	9027011	entity	Una horda de monstruos se acerca. &amp;#161;Rompe el capullo antes de que lleguen!
StrSheet_Dungeon	StrSheet_Dungeon-00065_Translated.xml	9027013	entity	&amp;#161;Al teleportal! &amp;#161;Ac&amp;#233;rquense, mis queridos esbirros!
StrSheet_Dungeon	StrSheet_Dungeon-00065_Translated.xml	9027015	entity	&amp;#161;La batalla lleva 15 minutos! &amp;#161;Shandra Manaya entra en un Rage feroz!
StrSheet_Dungeon	StrSheet_Dungeon-00065_Translated.xml	9027021	entity	&amp;#161;La batalla lleva 6 minutos! &amp;#161;Hrathgol entra en un estado de Rage furioso!
StrSheet_Dungeon	StrSheet_Dungeon-00065_Translated.xml	9027022	entity	&amp;#161;La Rage contin&amp;#250;a desde hace 6 minutos! &amp;#161;Melkatran entra en una furia ciega!
StrSheet_Dungeon	StrSheet_Dungeon-00065_Translated.xml	9027100	entity	Recibir&amp;#225;s un beneficio en 1 minuto.
StrSheet_Dungeon	StrSheet_Dungeon-00065_Translated.xml	9027101	entity	Un beneficio est&amp;#225; activo ahora. (1/3)
StrSheet_Dungeon	StrSheet_Dungeon-00065_Translated.xml	9027102	entity	Un beneficio est&amp;#225; activo ahora. (2/3)
StrSheet_Dungeon	StrSheet_Dungeon-00065_Translated.xml	9027103	entity	Un beneficio est&amp;#225; activo ahora. (3/3)
StrSheet_Dungeon	StrSheet_Dungeon-00065_Translated.xml	9027104	entity	&amp;#161;Salten para deshacerse de los par&amp;#225;sitos!
StrSheet_Dungeon	StrSheet_Dungeon-00066_Translated.xml	9029002	entity	Se abre un portal para dejar pasar al sacerdote guardi&amp;#225;n.
StrSheet_Dungeon	StrSheet_Dungeon-00066_Translated.xml	9029003	entity	&amp;#161;Siegrea ha aparecido! &amp;#161;Pongan fin al ritual de la ventisca!
StrSheet_Dungeon	StrSheet_Dungeon-00066_Translated.xml	9029004	entity	&amp;#161;El ritual ha terminado! &amp;#161;Se levanta la ventisca!
StrSheet_Dungeon	StrSheet_Dungeon-00066_Translated.xml	9029005	entity	&amp;#161;La reencarnaci&amp;#243;n de Kaprima contin&amp;#250;a el ritual de invocaci&amp;#243;n de la maldici&amp;#243;n!
StrSheet_Dungeon	StrSheet_Dungeon-00066_Translated.xml	9029006	entity	&amp;#161;Los quemar&amp;#233; a todos, hasta al &amp;#250;ltimo!
StrSheet_Dungeon	StrSheet_Dungeon-00066_Translated.xml	9029007	entity	Un beneficio se activar&amp;#225; en 30 segundos.
StrSheet_Dungeon	StrSheet_Dungeon-00066_Translated.xml	9029008	entity	Un beneficio est&amp;#225; activo ahora. (1/3)
StrSheet_Dungeon	StrSheet_Dungeon-00066_Translated.xml	9029009	entity	Un beneficio est&amp;#225; activo ahora. (2/3)
StrSheet_Dungeon	StrSheet_Dungeon-00066_Translated.xml	9029010	entity	Un beneficio est&amp;#225; activo ahora. (3/3)
StrSheet_Dungeon	StrSheet_Dungeon-00066_Translated.xml	9029011	entity	&amp;#161;Kornus est&amp;#225; creando otra trampa!
StrSheet_Dungeon	StrSheet_Dungeon-00066_Translated.xml	9029012	entity	&amp;#161;Recarga la estatua con tu fuerza vital para vencer a Siegrea!
StrSheet_Dungeon	StrSheet_Dungeon-00066_Translated.xml	9029013	entity	&amp;#161;Evita que Kornus construya sus defensas!
StrSheet_Dungeon	StrSheet_Dungeon-00066_Translated.xml	9029014	entity	La entrada se cerrar&amp;#225; en 10 segundos.
StrSheet_Dungeon	StrSheet_Dungeon-00066_Translated.xml	9029015	entity	&amp;#161;Esc&amp;#243;ndete detr&amp;#225;s de los cangrejos y esquiva el ataque del taladro!
StrSheet_Dungeon	StrSheet_Dungeon-00066_Translated.xml	9029016	entity	&amp;#161;Esquiva el taladro radiante!
StrSheet_Dungeon	StrSheet_Dungeon-00067_Translated.xml	90311006	entity	Coraz&amp;#243;n de peste ha sido invocado en la Menagerie de Karascha.
StrSheet_Dungeon	StrSheet_Dungeon-00067_Translated.xml	90311007	entity	&amp;#161;No dejes que el Sacerdote cure&amp;nbsp;!
StrSheet_Dungeon	StrSheet_Dungeon-00069_Translated.xml	9033003	entity	Pasa en tensi&amp;#243;n a Abomigemela al 40&amp;nbsp;% de HP de abominaci&amp;#243;n
StrSheet_Dungeon	StrSheet_Dungeon-00069_Translated.xml	9033006	entity	Los monstruos se est&amp;#225;n acercando.
StrSheet_Dungeon	StrSheet_Dungeon-00069_Translated.xml	9033007	entity	Los monstruos se est&amp;#225;n acercando.
StrSheet_Dungeon	StrSheet_Dungeon-00069_Translated.xml	9033010	entity	Los tent&amp;#225;culos recuperan HP.
StrSheet_Dungeon	StrSheet_Dungeon-00069_Translated.xml	9033013	entity	Thalweg se vuelve m&amp;#225;s fuerte cuando hay Demokrons cerca.
StrSheet_Dungeon	StrSheet_Dungeon-00069_Translated.xml	9033016	entity	Los Demokrons est&amp;#225;n llegando por la retaguardia.
StrSheet_Dungeon	StrSheet_Dungeon-00069_Translated.xml	9033017	entity	Los Demokrons est&amp;#225;n subiendo por el puente.
StrSheet_Dungeon	StrSheet_Dungeon-00069_Translated.xml	9033019	entity	La cueva se est&amp;#225; derrumbando.
StrSheet_Dungeon	StrSheet_Dungeon-00069_Translated.xml	9033020	entity	&amp;#161;Cuidado&amp;nbsp;! Las piedras que caen pueden aturdirte moment&amp;#225;neamente.
StrSheet_Dungeon	StrSheet_Dungeon-00069_Translated.xml	9033023	entity	Krakatox invoca tent&amp;#225;culos para atraparte.
StrSheet_Dungeon	StrSheet_Dungeon-00069_Translated.xml	9033025	entity	La entrada se cerrar&amp;#225; en 20 segundos.
StrSheet_Dungeon	StrSheet_Dungeon-00070_Translated.xml	9037001	entity	El desaf&amp;#237;o de Sorcha ha comenzado.
StrSheet_Dungeon	StrSheet_Dungeon-00070_Translated.xml	9037012	entity	Prep&amp;#225;rate para la primera ola.
StrSheet_Dungeon	StrSheet_Dungeon-00070_Translated.xml	9037002	entity	Prep&amp;#225;rate para la segunda ola.
StrSheet_Dungeon	StrSheet_Dungeon-00070_Translated.xml	9037003	entity	Prep&amp;#225;rate para la tercera ola.
StrSheet_Dungeon	StrSheet_Dungeon-00070_Translated.xml	9037004	entity	Sorcha est&amp;#225; fuera de peligro. Has superado el desaf&amp;#237;o.
StrSheet_Dungeon	StrSheet_Dungeon-00070_Translated.xml	9037005	entity	&amp;#161;Me atacan! &amp;#161;Ayuda!
StrSheet_Dungeon	StrSheet_Dungeon-00070_Translated.xml	9037006	entity	&amp;#161;Los demonios est&amp;#225;n ganando terreno! &amp;#161;Retrocedan todos!
StrSheet_Dungeon	StrSheet_Dungeon-00070_Translated.xml	9037007	entity	&amp;#161;A Sorcha le queda menos de la mitad de su HP. Si Sorcha muere, &amp;#161;la misi&amp;#243;n fracasar&amp;#225;!
StrSheet_Dungeon	StrSheet_Dungeon-00070_Translated.xml	9037008	entity	&amp;#161;Mant&amp;#233;nganse firmes! &amp;#161;Ya casi estoy!
StrSheet_Dungeon	StrSheet_Dungeon-00070_Translated.xml	9037009	entity	&amp;#161;Ay&amp;#250;dame! &amp;#161;No puedo contenerlos!
StrSheet_Dungeon	StrSheet_Dungeon-00070_Translated.xml	9037010	entity	&amp;#161;Los demonios se suman a la pelea! &amp;#161;Alejalos de m&amp;#237;!
StrSheet_Dungeon	StrSheet_Dungeon-00070_Translated.xml	9037011	entity	Misi&amp;#243;n fallida. Evacuaci&amp;#243;n en 3 segundos.
StrSheet_Dungeon	StrSheet_Dungeon-00070_Translated.xml	9037013	entity	De repente ya no puedes moverte. Debes haber sufrido un ataque m&amp;#225;gico inusual.
StrSheet_Dungeon	StrSheet_Dungeon-00070_Translated.xml	9037014	entity	Los buscaba a ambos. Qu&amp;#233; suerte encontrarlos juntos.
StrSheet_Dungeon	StrSheet_Dungeon-00070_Translated.xml	9037015	entity	&amp;#161;Ah... Aktan&amp;nbsp;!
StrSheet_Dungeon	StrSheet_Dungeon-00070_Translated.xml	9037016	entity	&amp;#161;Manda de indeseables, intentaron escapar llev&amp;#225;ndose el dinero! &amp;#191;De verdad pensaban que saldr&amp;#237;an impunes traicion&amp;#225;ndome de esta manera?
StrSheet_Dungeon	StrSheet_Dungeon-00070_Translated.xml	9037017	entity	&amp;#161;Esperen, por favor! &amp;#161;No es lo que creen! D&amp;#233;jennos explicarnos. Hay una explicaci&amp;#243;n v&amp;#225;lida para todo esto.
StrSheet_Dungeon	StrSheet_Dungeon-00070_Translated.xml	9037018	entity	Me importan poco sus explicaciones. S&amp;#233; perfectamente que quer&amp;#237;an entregarle la fuerza vital a Joel antes de huir.
StrSheet_Dungeon	StrSheet_Dungeon-00070_Translated.xml	9037019	entity	&amp;#161;Mmh...! &amp;#161;Oigan! Si... &amp;#161;si no se detienen, se lo contar&amp;#233; todo a la Federaci&amp;#243;n!
StrSheet_Dungeon	StrSheet_Dungeon-00070_Translated.xml	9037020	entity	Hagan lo que quieran, si logran salir de aqu&amp;#237; con vida, por supuesto.
StrSheet_Dungeon	StrSheet_Dungeon-00070_Translated.xml	9037021	entity	&amp;#161;Ah... Aaargh&amp;nbsp;!
StrSheet_Dungeon	StrSheet_Dungeon-00070_Translated.xml	9037022	entity	&amp;#161;Guau! &amp;#191;C&amp;#243;mo?
StrSheet_Dungeon	StrSheet_Dungeon-00070_Translated.xml	9037023	entity	Tampoco puedo dejarlos con vida. &amp;#191;Alguna &amp;#250;ltima palabra antes de perecer?
StrSheet_Dungeon	StrSheet_Dungeon-00070_Translated.xml	9037024	entity	&amp;#161;Esto es lo que pasa cuando te metes en los asuntos de los dem&amp;#225;s!
StrSheet_Dungeon	StrSheet_Dungeon-00070_Translated.xml	9037025	entity	&amp;#161;Basta!
StrSheet_Dungeon	StrSheet_Dungeon-00070_Translated.xml	9037026	entity	Se acab&amp;#243;, Aktan. Te arresto por vandalismo al &amp;#225;rbol de los dioses antiguos.
StrSheet_Dungeon	StrSheet_Dungeon-00070_Translated.xml	9037027	entity	&amp;#161;Qu&amp;#233; broma! &amp;#161;&amp;#191;Qui&amp;#233;n arresta a qui&amp;#233;n aqu&amp;#237;?!
StrSheet_Dungeon	StrSheet_Dungeon-00070_Translated.xml	9037028	entity	&amp;#161;M&amp;#225;tenlos a todos! &amp;#161;Sin piedad!
StrSheet_Dungeon	StrSheet_Dungeon-00070_Translated.xml	9037029	entity	&amp;#161;Det&amp;#233;nganlos!
StrSheet_Dungeon	StrSheet_Dungeon-00070_Translated.xml	9037030	entity	&amp;#161;Eh!
StrSheet_Dungeon	StrSheet_Dungeon-00070_Translated.xml	9037031	entity	&amp;#161;Uy!
StrSheet_Dungeon	StrSheet_Dungeon-00070_Translated.xml	9037032	entity	&amp;#161;La actitud de Molly es bastante sospechosa! &amp;#161;S&amp;#237;guela en secreto!
StrSheet_Dungeon	StrSheet_Dungeon-00070_Translated.xml	9037035	entity	Dejen de decir tonter&amp;#237;as y denme el dinero.
StrSheet_Dungeon	StrSheet_Dungeon-00070_Translated.xml	9037036	entity	&amp;#161;No hay que alterarse! Toma, qu&amp;#233;date con esto.
StrSheet_Dungeon	StrSheet_Dungeon-00070_Translated.xml	9037037	entity	&amp;#161;Sin un solo movimiento! &amp;#161;Te arresto por vandalismo al &amp;#225;rbol de los dioses antiguos!
StrSheet_Dungeon	StrSheet_Dungeon-00070_Translated.xml	9037038	entity	&amp;#161;&amp;#191;Perd&amp;#243;n?!
StrSheet_Dungeon	StrSheet_Dungeon-00070_Translated.xml	9037039	entity	&amp;#191;Maestro Lian? &amp;#191;Qu&amp;#233; haces aqu&amp;#237;?
StrSheet_Dungeon	StrSheet_Dungeon-00070_Translated.xml	9037040	entity	&amp;#191;Eh? &amp;#191;No ser&amp;#225; esta la mujer con la que debo reunirme?
StrSheet_Dungeon	StrSheet_Dungeon-00070_Translated.xml	9037041	entity	&amp;#161;Vaya! &amp;#191;Qu&amp;#233; est&amp;#225; pasando aqu&amp;#237;?
StrSheet_Dungeon	StrSheet_Dungeon-00070_Translated.xml	9037042	entity	&amp;#161;No lo dejes escapar!
StrSheet_Dungeon	StrSheet_Dungeon-00071_Translated.xml	9038002	entity	&amp;#161;Emboscada!
StrSheet_Dungeon	StrSheet_Dungeon-00071_Translated.xml	9038004	entity	Sientes una energ&amp;#237;a de teletransportaci&amp;#243;n cerca.
StrSheet_Dungeon	StrSheet_Dungeon-00071_Translated.xml	9038005	entity	&amp;#161;Plagas insoportables! &amp;#161;Me encargar&amp;#233; de esto yo mismo!
StrSheet_Dungeon	StrSheet_Dungeon-00072_Translated.xml	9039001	entity	&amp;#161;Est&amp;#233;n alerta! La misi&amp;#243;n de escolta ha comenzado.
StrSheet_Dungeon	StrSheet_Dungeon-00072_Translated.xml	9039002	entity	Han pasado cinco minutos. &amp;#161;Sigan adelante!
StrSheet_Dungeon	StrSheet_Dungeon-00072_Translated.xml	9039003	entity	Han pasado nueve minutos. &amp;#161;Resistan!
StrSheet_Dungeon	StrSheet_Dungeon-00072_Translated.xml	9039004	entity	Misi&amp;#243;n cumplida. &amp;#161;Felicitaciones!
StrSheet_Dungeon	StrSheet_Dungeon-00072_Translated.xml	9039005	entity	&amp;#161;El convoy est&amp;#225; bajo ataque!
StrSheet_Dungeon	StrSheet_Dungeon-00072_Translated.xml	9039006	entity	&amp;#161;El convoy est&amp;#225; sufriendo mucho da&amp;#241;o!
StrSheet_Dungeon	StrSheet_Dungeon-00072_Translated.xml	9039007	entity	&amp;#161;El convoy est&amp;#225; medio destruido!
StrSheet_Dungeon	StrSheet_Dungeon-00072_Translated.xml	9039008	entity	&amp;#161;Est&amp;#225;n haciendo a&amp;#241;icos el convoy!
StrSheet_Dungeon	StrSheet_Dungeon-00072_Translated.xml	9039009	entity	&amp;#161;El convoy no lo lograr&amp;#225;!
StrSheet_Dungeon	StrSheet_Dungeon-00072_Translated.xml	9039011	entity	El convoy est&amp;#225; completamente destruido. &amp;#161;Qu&amp;#233; desastre!
StrSheet_Dungeon	StrSheet_Dungeon-00072_Translated.xml	9039013	entity	Revisa el estado del convoy, &amp;#161;y r&amp;#225;pido!
StrSheet_Dungeon	StrSheet_Dungeon-00072_Translated.xml	9039014	entity	Has fallado. Evacuaci&amp;#243;n por teletransportaci&amp;#243;n en tres segundos.
StrSheet_Dungeon	StrSheet_Dungeon-00073_Translated.xml	9040001	entity	Ha comenzado un combate contra unos argons. M&amp;#1575;&amp;#1578;&amp;#1575; a todos los argons.
StrSheet_Dungeon	StrSheet_Dungeon-00073_Translated.xml	9040002	entity	M&amp;#225;s soldados argons vienen a atacarte. Mantente alerta.
StrSheet_Dungeon	StrSheet_Dungeon-00073_Translated.xml	9040003	entity	&amp;#161;Has derrotado a todos los argons! &amp;#161;Bien hecho!
StrSheet_Dungeon	StrSheet_Dungeon-00073_Translated.xml	9040004	entity	La misi&amp;#243;n fall&amp;#243; y se reiniciar&amp;#225;.
StrSheet_Dungeon	StrSheet_Dungeon-00073_Translated.xml	9040007	entity	&amp;#161;Mataste a todos los argons!
StrSheet_Dungeon	StrSheet_Dungeon-00073_Translated.xml	9040008	entity	Regresar&amp;#225;s a Velika en 10 segundos.
StrSheet_Dungeon	StrSheet_Dungeon-00074_Translated.xml	9043001	entity	&lt;font size='50'&gt;&amp;#161;Fuiste atrapado! &amp;#161;Prep&amp;#225;rate para una horda de monstruos!&lt;/font&gt;
StrSheet_Dungeon	StrSheet_Dungeon-00074_Translated.xml	9043011	entity	&lt;font size='50'&gt;&amp;#161;Una nueva ola de monstruos!&lt;/font&gt;
StrSheet_Dungeon	StrSheet_Dungeon-00074_Translated.xml	9043012	entity	&lt;font size='50'&gt;Atajo m&amp;#237;stico activado.&lt;/font&gt;
StrSheet_Dungeon	StrSheet_Dungeon-00074_Translated.xml	9043018	entity	&lt;font size='50'&gt;La piedra de afilar ha sido destruida. Los monstruos ya invocados se han vuelto m&amp;#225;s fuertes.&lt;/font&gt;
StrSheet_Dungeon	StrSheet_Dungeon-00074_Translated.xml	9043020	entity	&lt;font size='50'&gt;Los monstruos ser&amp;#225;n invocados pronto.&lt;/font&gt;
StrSheet_Dungeon	StrSheet_Dungeon-00074_Translated.xml	9043021	entity	&lt;font size='50'&gt;Puente m&amp;#243;vil activado.&lt;/font&gt;
StrSheet_Dungeon	StrSheet_Dungeon-00074_Translated.xml	9043026	entity	&lt;font size='50'&gt;La entrada a la C&amp;#225;mara de la Burla se cerrar&amp;#225; en 10 segundos.&lt;/font&gt;
StrSheet_Dungeon	StrSheet_Dungeon-00074_Translated.xml	9043029	entity	&lt;font size='50'&gt;Las barras que rodeaban el mecanismo de activaci&amp;#243;n del puente han desaparecido.&lt;/font&gt;
StrSheet_Dungeon	StrSheet_Dungeon-00074_Translated.xml	9043030	entity	&lt;font size='50'&gt;La puerta est&amp;#225; abierta.&lt;/font&gt;
StrSheet_Dungeon	StrSheet_Dungeon-00074_Translated.xml	9043033	entity	&lt;font size='50'&gt;Los monstruos regresar&amp;#225;n en 20 segundos.&lt;/font&gt;
StrSheet_Dungeon	StrSheet_Dungeon-00074_Translated.xml	9043034	entity	&lt;font size='50'&gt;Los monstruos regresar&amp;#225;n en 10 segundos.&lt;/font&gt;
StrSheet_Dungeon	StrSheet_Dungeon-00074_Translated.xml	9043035	entity	&lt;font size='50'&gt;Los monstruos regresar&amp;#225;n en 5 segundos.&lt;/font&gt;
StrSheet_Dungeon	StrSheet_Dungeon-00074_Translated.xml	9043036	entity	&lt;font size='50'&gt;Los monstruos est&amp;#225;n regresando.&lt;/font&gt;
StrSheet_Dungeon	StrSheet_Dungeon-00074_Translated.xml	9043038	entity	&lt;font size='50'&gt;Los ataques de Bandersnatch son cada vez m&amp;#225;s r&amp;#225;pidos.&lt;/font&gt;
StrSheet_Dungeon	StrSheet_Dungeon-00074_Translated.xml	9043039	entity	&lt;font size='50'&gt;Como no derrotaste a Kagrom en 20 segundos, Morgak ser&amp;#225; convocado de nuevo.&lt;/font&gt;
StrSheet_Dungeon	StrSheet_Dungeon-00074_Translated.xml	9043040	entity	&lt;font size='50'&gt;Como no derrotaste a Morgak en 20 segundos, Kagrom ser&amp;#225; convocado de nuevo.&lt;/font&gt;
StrSheet_Dungeon	StrSheet_Dungeon-00074_Translated.xml	9043041	entity	&lt;font size='50'&gt;&amp;#161;Esto se ha despejado!&lt;/font&gt;
StrSheet_Dungeon	StrSheet_Dungeon-00074_Translated.xml	9043042	entity	&lt;font size='50'&gt;La jaula se cerrar&amp;#225; sobre Morgak en 10 segundos.&lt;/font&gt;
StrSheet_Dungeon	StrSheet_Dungeon-00074_Translated.xml	9043043	entity	&lt;font size='50'&gt;La jaula se cerrar&amp;#225; sobre Kagrom en 10 segundos.&lt;/font&gt;
StrSheet_Dungeon	StrSheet_Dungeon-00074_Translated.xml	9043045	entity	&lt;font size='50'&gt;La puerta de entrada se cerrar&amp;#225; pronto.&lt;/font&gt;
StrSheet_Dungeon	StrSheet_Dungeon-00074_Translated.xml	9043047	entity	&lt;font size='50'&gt;Ma&amp;#238;tre Keye ha aparecido.&lt;/font&gt;
StrSheet_Dungeon	StrSheet_Dungeon-00074_Translated.xml	9043048	entity	&lt;font size='50'&gt;El atajo m&amp;#237;stico de Ma&amp;#238;tre Keye est&amp;#225; activo.&lt;/font&gt;
StrSheet_Dungeon	StrSheet_Dungeon-00074_Translated.xml	9043049	entity	&lt;font size='50'&gt;Las escaleras hacia la galer&amp;#237;a superior est&amp;#225;n accesibles.&lt;/font&gt;
StrSheet_Dungeon	StrSheet_Dungeon-00074_Translated.xml	9043050	entity	&lt;font size='50'&gt;Jack'un &amp;#339;il se acelera.&lt;/font&gt;
StrSheet_Dungeon	StrSheet_Dungeon-00074_Translated.xml	9043053	entity	&lt;font size='50'&gt;&amp;#161;Al&amp;#233;jate del aparato peligroso en el centro!&lt;/font&gt;
StrSheet_Dungeon	StrSheet_Dungeon-00074_Translated.xml	9043056	entity	&lt;font size='50'&gt;&amp;#191;Qui&amp;#233;nes son? &amp;#161;C&amp;#243;mo se atreven a invadir mi castillo!&lt;/font&gt;
StrSheet_Dungeon	StrSheet_Dungeon-00074_Translated.xml	9043057	entity	&lt;font size='50'&gt;&amp;#161;Nunca lo lograr&amp;#225;n y jam&amp;#225;s se llevar&amp;#225;n lo que me pertenece!&lt;/font&gt;
StrSheet_Dungeon	StrSheet_Dungeon-00074_Translated.xml	9043058	entity	&lt;font size='50'&gt;Como no derrotaste a Kagrom en 30 segundos, Morgak ser&amp;#225; convocado de nuevo.&lt;/font&gt;
StrSheet_Dungeon	StrSheet_Dungeon-00074_Translated.xml	9043059	entity	&lt;font size='50'&gt;Como no derrotaste a Morgak en 30 segundos, Kagrom ser&amp;#225; convocado de nuevo.&lt;/font&gt;
StrSheet_Dungeon	StrSheet_Dungeon-00074_Translated.xml	9043060	entity	&lt;font size='50'&gt;Felbane pierde su inmunidad a las armas de asedio y comienza a lanzar un hechizo de restauraci&amp;#243;n de HP.&lt;/font&gt;
StrSheet_Dungeon	StrSheet_Dungeon-00075_Translated.xml	9044002	entity	&amp;#161;Tiemblen ante mi venganza...
StrSheet_Dungeon	StrSheet_Dungeon-00076_Translated.xml	9047001	entity	&amp;#161;Usa el ca&amp;#241;&amp;#243;n y salva nuestros dulces!
StrSheet_Dungeon	StrSheet_Dungeon-00076_Translated.xml	9047002	entity	&amp;#161;R&amp;#225;pido, prep&amp;#225;rense! &amp;#161;Ya vienen! Reorganicen sus espacios de habilidades como prefieran.
StrSheet_Dungeon	StrSheet_Dungeon-00076_Translated.xml	9047003	entity	&amp;#161;Los tuwangis de Halloween se acercan!
StrSheet_Dungeon	StrSheet_Dungeon-00076_Translated.xml	9047004	entity	&amp;#161;Los dulces demonios de Halloween se acercan!
StrSheet_Dungeon	StrSheet_Dungeon-00076_Translated.xml	9047005	entity	&amp;#161;Los crisselances de Halloween se acercan!
StrSheet_Dungeon	StrSheet_Dungeon-00076_Translated.xml	9047006	entity	&amp;#161;Un jinete p&amp;#225;lido de Halloween se acerca!
StrSheet_Dungeon	StrSheet_Dungeon-00076_Translated.xml	9047022	entity	&amp;#161;Hueso Sagrado se acerca!
StrSheet_Dungeon	StrSheet_Dungeon-00076_Translated.xml	9047007	entity	&amp;#161;Buu! &amp;#161;Gourdo se acerca!
StrSheet_Dungeon	StrSheet_Dungeon-00076_Translated.xml	9047008	entity	&amp;#161;Salva m&amp;#225;s caramelos para alcanzar una mejor puntuaci&amp;#243;n y recibir&amp;#225;s una recompensa de Halloween!
StrSheet_Dungeon	StrSheet_Dungeon-00076_Translated.xml	9047009	entity	&amp;#161;Gracias por salvar nuestra canasta de caramelos!
StrSheet_Dungeon	StrSheet_Dungeon-00076_Translated.xml	9047010	entity	&amp;#161;Te enviar&amp;#233; tu recompensa por correo!
StrSheet_Dungeon	StrSheet_Dungeon-00076_Translated.xml	9047011	entity	Hasta la pr&amp;#243;xima...
StrSheet_Dungeon	StrSheet_Dungeon-00076_Translated.xml	9047018	entity	Cuando Gourdo desaparece, un escalofr&amp;#237;o recorre la sala de fiestas
StrSheet_Dungeon	StrSheet_Dungeon-00076_Translated.xml	9047019	entity	&amp;#161;Un esp&amp;#237;ritu de Halloween te ha jugado una broma!
StrSheet_Dungeon	StrSheet_Dungeon-00076_Translated.xml	9047021	entity	&amp;#161;Gourdo se acerca! &amp;#161;Elim&amp;#237;nalo para ralentizar a todos los dem&amp;#225;s ladrones de az&amp;#250;car!
StrSheet_Dungeon	StrSheet_Dungeon-00076_Translated.xml	9047029	entity	&amp;#161;Otros 3 segundos! Dispara a las calabazas con los botones izquierdo y derecho del rat&amp;#243;n. Un clic derecho inflige un gran da&amp;#241;o continuo.
StrSheet_Dungeon	StrSheet_Dungeon-00076_Translated.xml	9047030	entity	&amp;#161;Otros 2 segundos! &amp;#161;Calabaza #1 aturdida, calabaza #2 ralentizada! &amp;#161;Puedes dispararles cada 25 segundos!
StrSheet_Dungeon	StrSheet_Dungeon-00076_Translated.xml	9047031	entity	&amp;#161;Otro 1 segundo! La calabaza #3 es un mastodonte. Puedes dispararle cada 40 segundos.
StrSheet_Dungeon	StrSheet_Dungeon-00077_Translated.xml	9050001	entity	&lt;font size='50'&gt;La puerta se abrir&amp;#225; ahora.&lt;/font&gt;
StrSheet_Dungeon	StrSheet_Dungeon-00077_Translated.xml	9050003	entity	&lt;font size='50'&gt;La entrada al nido se cerrar&amp;#225; en 10 segundos.&lt;/font&gt;
StrSheet_Dungeon	StrSheet_Dungeon-00077_Translated.xml	9050004	entity	&lt;font size='50'&gt;La entrada a la cueva se cerrar&amp;#225; en 10 segundos.&lt;/font&gt;
StrSheet_Dungeon	StrSheet_Dungeon-00077_Translated.xml	9050010	entity	&lt;font size='50'&gt;La bonificaci&amp;#243;n de principiante para mazmorras se activar&amp;#225; en 1 minuto.&lt;/font&gt;
StrSheet_Dungeon	StrSheet_Dungeon-00077_Translated.xml	9050011	entity	&lt;font size='50'&gt;La bonificaci&amp;#243;n de principiante para mazmorras ya est&amp;#225; activa (1/3).&lt;/font&gt;
StrSheet_Dungeon	StrSheet_Dungeon-00077_Translated.xml	9050012	entity	&lt;font size='50'&gt;La bonificaci&amp;#243;n de principiante para mazmorras ya est&amp;#225; activa (2/3).&lt;/font&gt;
StrSheet_Dungeon	StrSheet_Dungeon-00077_Translated.xml	9050013	entity	&lt;font size='50'&gt;La bonificaci&amp;#243;n de principiante para mazmorras ya est&amp;#225; activa (3/3).&lt;/font&gt;
StrSheet_Dungeon	StrSheet_Dungeon-00078_Translated.xml	9051002	entity	PEST-B-GON te espera. Por favor, contin&amp;#250;a.
StrSheet_Dungeon	StrSheet_Dungeon-00078_Translated.xml	9051004	entity	Limpia la cueva del templo. Usa la escalera para acceder al jard&amp;#237;n.
StrSheet_Dungeon	StrSheet_Dungeon-00078_Translated.xml	9051005	entity	Repara los g&amp;#243;lems de jard&amp;#237;n. Te ser&amp;#225;n muy &amp;#250;tiles.
StrSheet_Dungeon	StrSheet_Dungeon-00078_Translated.xml	9051006	entity	Nahad est&amp;#225; sufriendo un ataque. Ay&amp;#250;dalo.
StrSheet_Dungeon	StrSheet_Dungeon-00079_Translated.xml	9052001	entity	Usa el hechizo Mutaci&amp;#243;n en un monstruo.
StrSheet_Dungeon	StrSheet_Dungeon-00079_Translated.xml	9052003	entity	&amp;#161;Los fantasmas salen del ata&amp;#250;d. &amp;#161;Ci&amp;#233;rralo!
StrSheet_Dungeon	StrSheet_Dungeon-00079_Translated.xml	9052004	entity	Para vencer a los zomporis, incorpora una poci&amp;#243;n en su comida.
StrSheet_Dungeon	StrSheet_Dungeon-00079_Translated.xml	9052005	entity	El sacerdote de sangre resiste todo el da&amp;#241;o. Destruye el altar para vencerlo.
StrSheet_Dungeon	StrSheet_Dungeon-00079_Translated.xml	9052006	entity	Solo puedes infligir da&amp;#241;o al altar con el conjuro Castigo.
StrSheet_Dungeon	StrSheet_Dungeon-00080_Translated.xml	45301	entity	Han aparecido ca&amp;#241;ones. Golpea a Kezzel correctamente para aturdirlo.
StrSheet_Dungeon	StrSheet_Dungeon-00080_Translated.xml	453002	entity	Coloca un barril de p&amp;#243;lvora en el camino del gigante.
StrSheet_Dungeon	StrSheet_Dungeon-00080_Translated.xml	453003	entity	Se ha invocado un ca&amp;#241;&amp;#243;n arriba de la escalera.
StrSheet_Dungeon	StrSheet_Dungeon-00080_Translated.xml	453005	entity	A la puerta todav&amp;#237;a le queda un 70% de HP.
StrSheet_Dungeon	StrSheet_Dungeon-00080_Translated.xml	453006	entity	A la puerta todav&amp;#237;a le queda un 50% de HP.
StrSheet_Dungeon	StrSheet_Dungeon-00080_Translated.xml	453007	entity	A la puerta todav&amp;#237;a le queda un 20% de HP.
StrSheet_Dungeon	StrSheet_Dungeon-00080_Translated.xml	453008	entity	A la puerta todav&amp;#237;a le queda un 10% de HP.
StrSheet_Dungeon	StrSheet_Dungeon-00080_Translated.xml	453009	entity	El taladro est&amp;#225; listo para usar.
StrSheet_Dungeon	StrSheet_Dungeon-00080_Translated.xml	453010	entity	&amp;#161;Se ha invocado un taladro. &amp;#161;Al&amp;#233;jate!
StrSheet_Dungeon	StrSheet_Dungeon-00081_Translated.xml	905401	entity	&lt;font size='50'&gt;El agua est&amp;#225; inundando la habitaci&amp;#243;n.&lt;/font&gt;
StrSheet_Dungeon	StrSheet_Dungeon-00081_Translated.xml	905402	entity	&lt;font size='50'&gt;La entrada se cerrar&amp;#225; en 5 segundos.&lt;/font&gt;
StrSheet_Dungeon	StrSheet_Dungeon-00081_Translated.xml	905403	entity	&lt;font size='50'&gt;El ascensor est&amp;#225; activado.&lt;/font&gt;
StrSheet_Dungeon	StrSheet_Dungeon-00081_Translated.xml	905404	entity	&amp;#161;No! &amp;#161;Ni una pizca de espacio personal!
StrSheet_Dungeon	StrSheet_Dungeon-00081_Translated.xml	905405	entity	&amp;#161;Un poco de concentraci&amp;#243;n!
StrSheet_Dungeon	StrSheet_Dungeon-00081_Translated.xml	905420	entity	&lt;font size='50'&gt;Un canal&amp;#243;n obstruye la fosa.&lt;/font&gt;
StrSheet_Dungeon	StrSheet_Dungeon-00081_Translated.xml	905410	entity	&lt;font size='50'&gt;&amp;#191;Encontrar&amp;#225;n el verdadero coraz&amp;#243;n?&lt;/font&gt;
StrSheet_Dungeon	StrSheet_Dungeon-00081_Translated.xml	905415	entity	&lt;font size='50'&gt;Ah, el n&amp;#250;cleo del asunto.&lt;/font&gt;
StrSheet_Dungeon	StrSheet_Dungeon-00081_Translated.xml	905416	entity	&lt;font size='50'&gt;&amp;#161;Y ahora, enfr&amp;#233;ntate a m&amp;#237;!&lt;/font&gt;
StrSheet_Dungeon	StrSheet_Dungeon-00081_Translated.xml	905418	entity	&lt;font size='50'&gt;&amp;#161;Fracaso!&lt;/font&gt;
StrSheet_Dungeon	StrSheet_Dungeon-00081_Translated.xml	905419	entity	&lt;font size='50'&gt;&amp;#161;Int&amp;#233;ntalo de nuevo!&lt;/font&gt;
StrSheet_Dungeon	StrSheet_Dungeon-00081_Translated.xml	905450	entity	&lt;font size='50'&gt;Un beneficio de novato se activar&amp;#225; en 30 segundos.&lt;/font&gt;
StrSheet_Dungeon	StrSheet_Dungeon-00081_Translated.xml	905451	entity	&lt;font size='50'&gt;Un beneficio de novato ya est&amp;#225; activado (1/3).&lt;/font&gt;
StrSheet_Dungeon	StrSheet_Dungeon-00081_Translated.xml	905452	entity	&lt;font size='50'&gt;Ahora se activ&amp;#243; una bendici&amp;#243;n de principiante (2/3).&lt;/font&gt;
StrSheet_Dungeon	StrSheet_Dungeon-00081_Translated.xml	905453	entity	&lt;font size='50'&gt;Ahora se activ&amp;#243; una bendici&amp;#243;n de principiante (3/3).&lt;/font&gt;
StrSheet_Dungeon	StrSheet_Dungeon-00081_Translated.xml	905454	entity	&lt;font size='50'&gt;Ahora se activ&amp;#243; una bendici&amp;#243;n de principiante (1/1).&lt;/font&gt;
StrSheet_Dungeon	StrSheet_Dungeon-00082_Translated.xml	9055005	entity	&amp;#161;Las rocas se elevan del suelo! &amp;#161;A cubierto!
StrSheet_Dungeon	StrSheet_Dungeon-00082_Translated.xml	9055006	entity	La entrada se cerrar&amp;#225; en 10 segundos.
StrSheet_Dungeon	StrSheet_Dungeon-00082_Translated.xml	9055007	entity	Blazewing recibe la bendici&amp;#243;n del bosque.
StrSheet_Dungeon	StrSheet_Dungeon-00082_Translated.xml	9055008	entity	Forengula recibe la bendici&amp;#243;n del bosque.
StrSheet_Dungeon	StrSheet_Dungeon-00082_Translated.xml	9055009	entity	Nimistrix recibe la bendici&amp;#243;n del bosque.
StrSheet_Dungeon	StrSheet_Dungeon-00082_Translated.xml	9055010	entity	Una bendici&amp;#243;n de principiante se activar&amp;#225; en 30 segundos.
StrSheet_Dungeon	StrSheet_Dungeon-00082_Translated.xml	9055011	entity	Una bendici&amp;#243;n de principiante ya est&amp;#225; activa (1/3).
StrSheet_Dungeon	StrSheet_Dungeon-00082_Translated.xml	9055012	entity	Una bendici&amp;#243;n de principiante ya est&amp;#225; activa (2/3).
StrSheet_Dungeon	StrSheet_Dungeon-00082_Translated.xml	9055013	entity	Una bendici&amp;#243;n de principiante ya est&amp;#225; activa (3/3).
StrSheet_Dungeon	StrSheet_Dungeon-00083_Translated.xml	905604	entity	&lt;font size='30'&gt;El orbe protege al Drag&amp;#243;n del mundo tenebroso y aumenta su poder.&lt;/font&gt;
StrSheet_Dungeon	StrSheet_Dungeon-00083_Translated.xml	905603	entity	&lt;font size='30'&gt;Eremes, el drag&amp;#243;n del mundo tenebroso, aparecer&amp;#225; pronto.&lt;/font&gt;
StrSheet_Dungeon	StrSheet_Dungeon-00083_Translated.xml	905612	entity	&lt;font size='30'&gt;El sello tenebroso se activar&amp;#225; en 30 segundos.&lt;/font&gt;
StrSheet_Dungeon	StrSheet_Dungeon-00083_Translated.xml	905613	entity	&lt;font size='30'&gt;El sello tenebroso est&amp;#225; activo.&lt;/font&gt;
StrSheet_Dungeon	StrSheet_Dungeon-00083_Translated.xml	905615	entity	&lt;font size='30'&gt;El Sello del sol se activar&amp;#225; en 30 segundos.&lt;/font&gt;
StrSheet_Dungeon	StrSheet_Dungeon-00083_Translated.xml	905616	entity	&lt;font size='30'&gt;El Sello del sol est&amp;#225; activo.&lt;/font&gt;
StrSheet_Dungeon	StrSheet_Dungeon-00083_Translated.xml	905602	entity	&lt;font size='30'&gt;&amp;#161;Aparece la barra de evento!&lt;/font&gt;
StrSheet_Dungeon	StrSheet_Dungeon-00083_Translated.xml	905630	entity	&lt;font size='50'&gt;&amp;#191;Te atreves a atacarnos? &amp;#161;Qu&amp;#233; grotesco!&lt;/font&gt;
StrSheet_Dungeon	StrSheet_Dungeon-00084_Translated.xml	9057001	entity	Las barras se elevar&amp;#225;n en 30 segundos.
StrSheet_Dungeon	StrSheet_Dungeon-00084_Translated.xml	9057006	entity	&amp;#161;Castigalos Magnarox! &amp;#161;Usa mi poder!
StrSheet_Dungeon	StrSheet_Dungeon-00084_Translated.xml	9057007	entity	Mientras los demokrons debilitan a Th&amp;#233;olyte, Magnarox se vuelve m&amp;#225;s poderoso.
StrSheet_Dungeon	StrSheet_Dungeon-00084_Translated.xml	9057008	entity	La entrada se cerrar&amp;#225; en 10 segundos.
StrSheet_Dungeon	StrSheet_Dungeon-00085_Translated.xml	9059001	entity	Aqu&amp;#237; es donde vas a morir.
StrSheet_Dungeon	StrSheet_Dungeon-00085_Translated.xml	9059002	entity	Tan... fr&amp;#237;o...
StrSheet_Dungeon	StrSheet_Dungeon-00085_Translated.xml	9059003	entity	&amp;#161;Me voy a tragar tu alma!
StrSheet_Dungeon	StrSheet_Dungeon-00085_Translated.xml	9059007	entity	Viyor est&amp;#225; preparando un ataque poderoso. Ac&amp;#233;rcate a un fantasma y transf&amp;#243;rmate en &amp;#233;l.
StrSheet_Dungeon	StrSheet_Dungeon-00086_Translated.xml	9060001	entity	&amp;#161;Los soldados kamikazes se dirigen hacia los montones de bombas! Rompe un barril de roble y usa las esporas incandescentes para eliminarlos.
StrSheet_Dungeon	StrSheet_Dungeon-00086_Translated.xml	9060002	entity	&amp;#161;Los soldados kamikazes se dirigen hacia las cajas de p&amp;#243;lvora! Rompe un barril de roble y usa las esporas incandescentes para eliminarlos.
StrSheet_Dungeon	StrSheet_Dungeon-00086_Translated.xml	9060003	entity	&amp;#161;Los soldados kamikazes se dirigen hacia los barriles de vino! Rompe un barril de roble y usa las esporas incandescentes para eliminarlos.
StrSheet_Dungeon	StrSheet_Dungeon-00086_Translated.xml	9060004	entity	&amp;#161;Los soldados kamikazes se dirigen hacia los barriles de aceite! Rompe un barril de roble y usa las esporas incandescentes para eliminarlos.
StrSheet_Dungeon	StrSheet_Dungeon-00086_Translated.xml	9060005	entity	&amp;#161;Polyphemus lanza una bomba de tiempo!
StrSheet_Dungeon	StrSheet_Dungeon-00086_Translated.xml	9060007	entity	&amp;#161;Kalivan est&amp;#225; preparando un ataque el&amp;#233;ctrico! &amp;#161;Ref&amp;#250;giate junto a un pararrayos!
StrSheet_Dungeon	StrSheet_Dungeon-00086_Translated.xml	9060008	entity	&amp;#161;Pepero refuerza sus tropas!
StrSheet_Dungeon	StrSheet_Dungeon-00086_Translated.xml	9060009	entity	&amp;#161;Pepero hace tambalear el barco!
StrSheet_Dungeon	StrSheet_Dungeon-00086_Translated.xml	9060010	entity	&amp;#161;Polyphemus se apronta para saltar! Atr&amp;#225;elo hacia un Soldat du pont.
StrSheet_Dungeon	StrSheet_Dungeon-00086_Translated.xml	9060011	entity	&amp;#161;Una explosi&amp;#243;n da&amp;#241;&amp;#243; el barco!
StrSheet_Dungeon	StrSheet_Dungeon-00086_Translated.xml	9060012	entity	&amp;#161;Una explosi&amp;#243;n da&amp;#241;&amp;#243; el barco!
StrSheet_Dungeon	StrSheet_Dungeon-00086_Translated.xml	9060013	entity	&amp;#161;Una explosi&amp;#243;n da&amp;#241;&amp;#243; el barco!
StrSheet_Dungeon	StrSheet_Dungeon-00086_Translated.xml	9060014	entity	&amp;#161;Una explosi&amp;#243;n da&amp;#241;&amp;#243; el barco!
StrSheet_Dungeon	StrSheet_Dungeon-00086_Translated.xml	9060015	entity	&amp;#161;Se destruyeron todas las reservas. &amp;#161;El barco se hunde!
StrSheet_Dungeon	StrSheet_Dungeon-00086_Translated.xml	9060016	entity	&amp;#161;Prep&amp;#225;rate para un asalto masivo!
StrSheet_Dungeon	StrSheet_Dungeon-00086_Translated.xml	9060017	entity	&amp;#161;Cuidado!
StrSheet_Dungeon	StrSheet_Dungeon-00086_Translated.xml	9060018	entity	La entrada se cerrar&amp;#225; en 10 segundos.
StrSheet_Dungeon	StrSheet_Dungeon-00086_Translated.xml	9060019	entity	&amp;#161;Sobrecarga!
StrSheet_Dungeon	StrSheet_Dungeon-00088_Translated.xml	9062003	entity	Snaharzim invoca m&amp;#225;s kelbas.
StrSheet_Dungeon	StrSheet_Dungeon-00089_Translated.xml	9063002	entity	Los mekonaris descubrieron la magnitud de los da&amp;#241;os. &amp;#161;Escapa antes de que invoquen refuerzos!
StrSheet_Dungeon	StrSheet_Dungeon-00090_Translated.xml	9064001	entity	Misi&amp;#243;n fallida. Evacuaci&amp;#243;n por teletransportaci&amp;#243;n en 3 segundos.
StrSheet_Dungeon	StrSheet_Dungeon-00090_Translated.xml	9064003	entity	Protege a Muhrak de la legi&amp;#243;n de Thulsa.
StrSheet_Dungeon	StrSheet_Dungeon-00090_Translated.xml	9064004	entity	Por qu&amp;#233;... no... ayudaste...
StrSheet_Dungeon	StrSheet_Dungeon-00091_Translated.xml	9065101	entity	El escudo que rodea al Imp&amp;#233;rissable comienza a temblar.
StrSheet_Dungeon	StrSheet_Dungeon-00091_Translated.xml	9065103	entity	El Jard&amp;#237;n de la D&amp;#233;esse comienza a temblar.
StrSheet_Dungeon	StrSheet_Dungeon-00091_Translated.xml	9065111	entity	&amp;#161;&amp;#161;Nooo!! &amp;#161;Jam&amp;#225;s!
StrSheet_Dungeon	StrSheet_Dungeon-00092_Translated.xml	9066011	entity	&amp;#161;Ganaste el duelo de dados!
StrSheet_Dungeon	StrSheet_Dungeon-00092_Translated.xml	9066012	entity	&amp;#161;Demoroth gan&amp;#243; el duelo de dados!
StrSheet_Dungeon	StrSheet_Dungeon-00092_Translated.xml	9066013	entity	&amp;#161;Se acab&amp;#243; el minuto fren&amp;#233;tico! Demoroth escapa de esta dimensi&amp;#243;n.
StrSheet_Dungeon	StrSheet_Dungeon-00092_Translated.xml	9066015	entity	&amp;#161;No puedes matarme!
StrSheet_Dungeon	StrSheet_Dungeon-00092_Translated.xml	9066021	entity	&amp;#161;Tu dado muestra un 1!
StrSheet_Dungeon	StrSheet_Dungeon-00092_Translated.xml	9066022	entity	&amp;#161;Tu dado muestra un 2!
StrSheet_Dungeon	StrSheet_Dungeon-00092_Translated.xml	9066023	entity	&amp;#161;Tu dado muestra un 3!
StrSheet_Dungeon	StrSheet_Dungeon-00092_Translated.xml	9066024	entity	&amp;#161;Tu dado muestra un 4!
StrSheet_Dungeon	StrSheet_Dungeon-00092_Translated.xml	9066025	entity	&amp;#161;Tu dado muestra un 5!
StrSheet_Dungeon	StrSheet_Dungeon-00092_Translated.xml	9066026	entity	&amp;#161;Tu dado muestra un 6!
StrSheet_Dungeon	StrSheet_Dungeon-00092_Translated.xml	9066031	entity	&amp;#161;El dado explot&amp;#243;! &amp;#161;El medidor se reduce en 1!
StrSheet_Dungeon	StrSheet_Dungeon-00092_Translated.xml	9066032	entity	&amp;#161;El dado explot&amp;#243;! &amp;#161;El medidor se reduce en 2!
StrSheet_Dungeon	StrSheet_Dungeon-00092_Translated.xml	9066033	entity	&amp;#161;El dado explot&amp;#243;! &amp;#161;El medidor se reduce en 3!
StrSheet_Dungeon	StrSheet_Dungeon-00092_Translated.xml	9066034	entity	&amp;#161;El dado explot&amp;#243;! &amp;#161;El medidor se reduce en 4!
StrSheet_Dungeon	StrSheet_Dungeon-00092_Translated.xml	9066035	entity	&amp;#161;El dado explot&amp;#243;! &amp;#161;El medidor se reduce en 5!
StrSheet_Dungeon	StrSheet_Dungeon-00092_Translated.xml	9066036	entity	&amp;#161;El dado explot&amp;#243;! &amp;#161;El medidor se reduce en 6!
StrSheet_Dungeon	StrSheet_Dungeon-00092_Translated.xml	9066500	entity	&amp;#191;Un nuevo retador?
StrSheet_Dungeon	StrSheet_Dungeon-00092_Translated.xml	9066501	entity	&amp;#161;Oh, ho! &amp;#191;Las apuestas ya est&amp;#225;n hechas? &amp;#161;Je, je, je!
StrSheet_Dungeon	StrSheet_Dungeon-00092_Translated.xml	9066502	entity	&amp;#161;Silencio! &amp;#161;El comienzo de una apuesta requiere un m&amp;#237;nimo de recogimiento! &amp;#161;Hagan entrar a los jugadores!
StrSheet_Dungeon	StrSheet_Dungeon-00092_Translated.xml	9066503	entity	&amp;#161;S&amp;#225;quenme de aqu&amp;#237;!
StrSheet_Dungeon	StrSheet_Dungeon-00092_Translated.xml	9066504	entity	&amp;#161;Se los suplico, d&amp;#233;jenme vivir!
StrSheet_Dungeon	StrSheet_Dungeon-00092_Translated.xml	9066505	entity	No quiero morir aqu&amp;#237;...
StrSheet_Dungeon	StrSheet_Dungeon-00092_Translated.xml	9066506	entity	Je, je... &amp;#191;quieren desafiar al destino?
StrSheet_Dungeon	StrSheet_Dungeon-00092_Translated.xml	9066507	entity	&lt;font size='20'&gt;&amp;#161;Les agradezco por haberme salvado, centinela!&lt;/font&gt;
StrSheet_Dungeon	StrSheet_Dungeon-00092_Translated.xml	9066508	entity	&lt;font size='20'&gt;&amp;#191;Mi anillo se encuentra en este cofre del tesoro, por casualidad?&lt;/font&gt;
StrSheet_Dungeon	StrSheet_Dungeon-00092_Translated.xml	9066509	entity	&lt;font size='20'&gt;&amp;#161;Deber&amp;#237;an mostrarse agradecidos de que su vida haya podido ser salvada!&lt;/font&gt;
StrSheet_Dungeon	StrSheet_Dungeon-00093_Translated.xml	9067012	entity	&amp;#161;Deben mantener a Prima alejada de Vera!
StrSheet_Dungeon	StrSheet_Dungeon-00093_Translated.xml	9067020	entity	&amp;#161;Hierve, oh suelo&amp;nbsp;!
StrSheet_Dungeon	StrSheet_Dungeon-00093_Translated.xml	9067021	entity	&amp;#161;Devu&amp;#233;lvele su agua a Odon! &amp;#161;Dir&amp;#237;gete a una zona segura!
StrSheet_Dungeon	StrSheet_Dungeon-00093_Translated.xml	9067023	entity	&amp;#161;Exploten por turnos&amp;nbsp;!
StrSheet_Dungeon	StrSheet_Dungeon-00093_Translated.xml	9067024	entity	&amp;#161;Exploten por turnos&amp;nbsp;!
StrSheet_Dungeon	StrSheet_Dungeon-00093_Translated.xml	9067025	entity	&amp;#191;Por d&amp;#243;nde esta vez&amp;nbsp;?
StrSheet_Dungeon	StrSheet_Dungeon-00093_Translated.xml	9067026	entity	&amp;#161;Acudan, mis criaturas&amp;nbsp;!
StrSheet_Dungeon	StrSheet_Dungeon-00093_Translated.xml	9067030	entity	&amp;#161;Por fin se rompe&amp;nbsp;!
StrSheet_Dungeon	StrSheet_Dungeon-00093_Translated.xml	9067031	entity	&amp;#161;El verdadero combate por fin puede comenzar&amp;nbsp;!
StrSheet_Dungeon	StrSheet_Dungeon-00093_Translated.xml	9067032	entity	&amp;#161;No ser&amp;#225; f&amp;#225;cil&amp;nbsp;!
StrSheet_Dungeon	StrSheet_Dungeon-00094_Translated.xml	9068001	entity	El g&amp;#243;lem de las sombras se prepara para lanzar una maldici&amp;#243;n.
StrSheet_Dungeon	StrSheet_Dungeon-00094_Translated.xml	9068002	entity	El g&amp;#243;lem de las sombras aument&amp;#243; su poder al absorber una piedra m&amp;#225;gica.
StrSheet_Dungeon	StrSheet_Dungeon-00094_Translated.xml	9068004	entity	La entrada se cerrar&amp;#225; pronto.
StrSheet_Dungeon	StrSheet_Dungeon-00094_Translated.xml	9068005	entity	Dkurion usa la triple explosi&amp;#243;n.
StrSheet_Dungeon	StrSheet_Dungeon-00094_Translated.xml	9068006	entity	&amp;#161;Los har&amp;#233; pedazos y luego los usar&amp;#233; como conejillos de indias!
StrSheet_Dungeon	StrSheet_Dungeon-00094_Translated.xml	9068007	entity	El poder de Lakan se ha materializado. &amp;#161;Ha llegado la hora de desesperar!
StrSheet_Dungeon	StrSheet_Dungeon-00094_Translated.xml	9068008	entity	&amp;#161;El g&amp;#243;lem de las sombras est&amp;#225; absorbiendo la energ&amp;#237;a del sabelith l&amp;#250;gubre! &amp;#161;Debes detenerlo!
StrSheet_Dungeon	StrSheet_Dungeon-00094_Translated.xml	9068009	entity	&amp;#161;Dkurion lanza una maldici&amp;#243;n usando el poder de Lakan! &amp;#161;Debes disiparla lo antes posible!
StrSheet_Dungeon	StrSheet_Dungeon-00094_Translated.xml	9068010	entity	Patr&amp;#243;n de perlas.
StrSheet_Dungeon	StrSheet_Dungeon-00094_Translated.xml	9068011	entity	&amp;#161;Arrepi&amp;#233;ntanse...!
StrSheet_Dungeon	StrSheet_Dungeon-00094_Translated.xml	9068012	entity	&amp;#161;Dkurion canaliza la energ&amp;#237;a m&amp;#225;gica de los fragmentos de sangre y genera energ&amp;#237;a m&amp;#225;gica inestable!
StrSheet_Dungeon	StrSheet_Dungeon-00094_Translated.xml	9068013	entity	&amp;#161;Dkurion se prepara para apu&amp;#241;alar a su objetivo!
StrSheet_Dungeon	StrSheet_Dungeon-00094_Translated.xml	9068014	entity	Dkurion huye porque su intento de teletransportaci&amp;#243;n fall&amp;#243;.
StrSheet_Dungeon	StrSheet_Dungeon-00094_Translated.xml	9068016	entity	Dkurion se apoya en el poder de Lakan para esparcir su propia energ&amp;#237;a m&amp;#225;gica.
StrSheet_Dungeon	StrSheet_Dungeon-00094_Translated.xml	9068017	entity	&amp;#161;Dkurion se nutre de poder en los Abismos de la Cueva L&amp;#250;gubre! &amp;#161;Det&amp;#233;nlo!
StrSheet_Dungeon	StrSheet_Dungeon-00094_Translated.xml	9068018	entity	Dkurion ha despertado por completo su propia energ&amp;#237;a m&amp;#225;gica gracias a la ayuda del poder de Lakan. La destrucci&amp;#243;n comienza.
StrSheet_Dungeon	StrSheet_Dungeon-00094_Translated.xml	9068019	entity	Dkurion despierta el poder de Lakan. Acaba con &amp;#233;l r&amp;#225;pido antes de que sea imparable.
StrSheet_Dungeon	StrSheet_Dungeon-00094_Translated.xml	9068021	entity	El poder del g&amp;#243;lem de las sombras de &amp;#233;lite ha despertado. Ya no puedes detenerlo.
StrSheet_Dungeon	StrSheet_Dungeon-00095_Translated.xml	90699900	entity	&lt;font size='25'color='#FFCD12'&gt;&amp;#191;Est&amp;#225;n todos listos?&lt;/font&gt;
StrSheet_Dungeon	StrSheet_Dungeon-00095_Translated.xml	90699901	entity	&lt;font size='25'color='#FFCD12'&gt;&amp;#191;As&amp;#237; que me toca tomar una decisi&amp;#243;n a m&amp;#237;?&lt;/font&gt;
StrSheet_Dungeon	StrSheet_Dungeon-00095_Translated.xml	90699902	entity	&lt;font size='25'color='#FFCD12'&gt;Muy bien. Acompa&amp;#241;ar&amp;#233; a Syona.&lt;/font&gt;
StrSheet_Dungeon	StrSheet_Dungeon-00095_Translated.xml	90699903	entity	&lt;font size='25'color='#FFCD12'&gt;Este camino es demasiado peligroso. Acompa&amp;#241;ar&amp;#233; a Randun.&lt;/font&gt;
StrSheet_Dungeon	StrSheet_Dungeon-00095_Translated.xml	90699904	entity	&lt;font size='25'color='#FFCD12'&gt;&amp;#161;Randun! &amp;#161;Tenga cuidado!&lt;/font&gt;
StrSheet_Dungeon	StrSheet_Dungeon-00095_Translated.xml	90699905	entity	&lt;font size='25'color='#FFCD12'&gt;Pero, &amp;#191;qu&amp;#233; estar&amp;#225; haciendo Ronid por all&amp;#225;...?&lt;/font&gt;
StrSheet_Dungeon	StrSheet_Dungeon-00095_Translated.xml	9069601	entity	&amp;#161;Princesa Syona! &amp;#161;No puede ir sola!
StrSheet_Dungeon	StrSheet_Dungeon-00095_Translated.xml	9069602	entity	&amp;#161;Por supuesto!
StrSheet_Dungeon	StrSheet_Dungeon-00095_Translated.xml	9069603	entity	Entonces proteger&amp;#233; a Randun.
StrSheet_Dungeon	StrSheet_Dungeon-00095_Translated.xml	9069604	entity	Muy bien. En ese caso, &amp;#161;proteger&amp;#233; a la princesa Syona!
StrSheet_Dungeon	StrSheet_Dungeon-00095_Translated.xml	9069610	entity	&amp;#191;Qu&amp;#233; desean hacer?
StrSheet_Dungeon	StrSheet_Dungeon-00095_Translated.xml	9069605	entity	&amp;#191;Llegaremos pronto al Pozo de Arun, profetizado por Seren?
StrSheet_Dungeon	StrSheet_Dungeon-00095_Translated.xml	9069606	entity	&amp;#161;No diga esas cosas! &amp;#161;De lo contrario, los muros de este mundo podr&amp;#237;an...!
StrSheet_Dungeon	StrSheet_Dungeon-00095_Translated.xml	9069607	entity	&amp;#161;Oh! All&amp;#225; a lo lejos veo un destello. &amp;#161;Princesa Syona!
StrSheet_Dungeon	StrSheet_Dungeon-00095_Translated.xml	9069100	entity	S&amp;#237;. Un mapa que indica la ubicaci&amp;#243;n del Pozo de Arun est&amp;#225; oculto en alg&amp;#250;n lugar de la Fortaleza de Raqnan.
StrSheet_Dungeon	StrSheet_Dungeon-00095_Translated.xml	9069102	entity	Eso no suceder&amp;#225;. Los encontrar&amp;#233; y los detendr&amp;#233; cueste lo que cueste.
StrSheet_Dungeon	StrSheet_Dungeon-00095_Translated.xml	9069104	entity	Psst, hay alguien ah&amp;#237; dentro.
StrSheet_Dungeon	StrSheet_Dungeon-00095_Translated.xml	9069103	entity	&amp;#191;Vieron eso? Esos devans...
StrSheet_Dungeon	StrSheet_Dungeon-00095_Translated.xml	9069105	entity	&amp;#161;Randun, c&amp;#250;brete!
StrSheet_Dungeon	StrSheet_Dungeon-00095_Translated.xml	9069109	entity	Ir&amp;#233; por ah&amp;#237;.
StrSheet_Dungeon	StrSheet_Dungeon-00095_Translated.xml	9069110	entity	&amp;#191;V&amp;#237;ctima?
StrSheet_Dungeon	StrSheet_Dungeon-00095_Translated.xml	9069111	entity	&amp;#161;Los cad&amp;#225;veres...!
StrSheet_Dungeon	StrSheet_Dungeon-00095_Translated.xml	9069112	entity	&amp;#191;Es una... v&amp;#237;ctima de la magia de sangre?
StrSheet_Dungeon	StrSheet_Dungeon-00095_Translated.xml	9069113	entity	Adel&amp;#225;ntense. Me quedar&amp;#233; con Ronid para explorar este lugar a fondo. Los alcanzaremos m&amp;#225;s tarde.
StrSheet_Dungeon	StrSheet_Dungeon-00095_Translated.xml	9069114	entity	&amp;#191;Qu&amp;#233;? &amp;#191;Este lugar de verdad alberg&amp;#243; una ceremonia de magia de sangre?
StrSheet_Dungeon	StrSheet_Dungeon-00095_Translated.xml	9069115	entity	&amp;#161;Ronid, mu&amp;#233;strales el resto del camino y regresa despu&amp;#233;s! &amp;#161;Me quedar&amp;#233; aqu&amp;#237; para continuar con la investigaci&amp;#243;n!
StrSheet_Dungeon	StrSheet_Dungeon-00095_Translated.xml	9069116	entity	&amp;#191;Eh?
StrSheet_Dungeon	StrSheet_Dungeon-00095_Translated.xml	9069203	entity	Creo que ya casi llegamos. &amp;#161;Vamos!
StrSheet_Dungeon	StrSheet_Dungeon-00095_Translated.xml	9069209	entity	Y si a&amp;#250;n as&amp;#237; no encontramos el Pozo de Arun, &amp;#191;qu&amp;#233; haremos?
StrSheet_Dungeon	StrSheet_Dungeon-00095_Translated.xml	9069201	entity	&amp;#161;Primero debemos encontrar el mapa!
StrSheet_Dungeon	StrSheet_Dungeon-00095_Translated.xml	9069204	entity	&amp;#161;Qu&amp;#233; asco! &amp;#161;Seguro que algo est&amp;#225; a punto de salir de ah&amp;#237;!
StrSheet_Dungeon	StrSheet_Dungeon-00095_Translated.xml	9069205	entity	&amp;#191;Aqu&amp;#237; tambi&amp;#233;n hay una puerta?
StrSheet_Dungeon	StrSheet_Dungeon-00095_Translated.xml	9069206	entity	&amp;#191;Un arma? &amp;#191;En serio? &amp;#191;Un arma nueva, dices?
StrSheet_Dungeon	StrSheet_Dungeon-00095_Translated.xml	9069207	entity	&amp;#161;Un arma nueva! &amp;#161;Vayamos por ah&amp;#237;!
StrSheet_Dungeon	StrSheet_Dungeon-00095_Translated.xml	9069208	entity	Quer&amp;#237;a intentar evitarlos, &amp;#161;pero creo que no me queda de otra!
StrSheet_Dungeon	StrSheet_Dungeon-00095_Translated.xml	9069303	entity	&amp;#161;Gracias! &amp;#161;Much&amp;#237;simas gracias!
StrSheet_Dungeon	StrSheet_Dungeon-00095_Translated.xml	90693010	entity	&amp;#161;Te lo suplico, d&amp;#233;jame vivir!
StrSheet_Dungeon	StrSheet_Dungeon-00095_Translated.xml	90693011	entity	Argh... por favor, s&amp;#225;queme de aqu&amp;#237;.
StrSheet_Dungeon	StrSheet_Dungeon-00095_Translated.xml	90693012	entity	S&amp;#233; d&amp;#243;nde encontrar el objeto que buscan.
StrSheet_Dungeon	StrSheet_Dungeon-00095_Translated.xml	90693013	entity	&amp;#161;Te dir&amp;#233; todo si aceptas dejarme vivir!
StrSheet_Dungeon	StrSheet_Dungeon-00095_Translated.xml	9069015	entity	&amp;#161;Los llevar&amp;#233; a la c&amp;#225;mara de la reina!
StrSheet_Dungeon	StrSheet_Dungeon-00095_Translated.xml	9069016	entity	&amp;#161;Gracias por su ayuda, se los compensar&amp;#233;!
StrSheet_Dungeon	StrSheet_Dungeon-00095_Translated.xml	9069017	entity	Por aqu&amp;#237;, por favor.
StrSheet_Dungeon	StrSheet_Dungeon-00095_Translated.xml	9069018	entity	Ah, este lugar es muy peligroso. &amp;#161;Hay muchos guardias e incluso un arma nueva!
StrSheet_Dungeon	StrSheet_Dungeon-00095_Translated.xml	9069020	entity	Te lo suplico... &amp;#161;Ten piedad! Soy muy d&amp;#233;bil. &amp;#161;D&amp;#233;jame vivir!
StrSheet_Dungeon	StrSheet_Dungeon-00095_Translated.xml	9069322	entity	Muchas gracias. Princesa Syona, por aqu&amp;#237;...
StrSheet_Dungeon	StrSheet_Dungeon-00095_Translated.xml	9069317	entity	Glup... &amp;#191;Tambi&amp;#233;n tienen n&amp;#225;useas? Este es el lugar donde vivimos. Tengan cuidado, est&amp;#225; extremadamente sucio.
StrSheet_Dungeon	StrSheet_Dungeon-00095_Translated.xml	90693901	entity	Muchas gracias. As&amp;#237; que tengo derecho a una segunda oportunidad... jejeje...
StrSheet_Dungeon	StrSheet_Dungeon-00095_Translated.xml	90693002	entity	Las clases inferiores eligen cu&amp;#225;les de nosotros ser&amp;#225;n ofrecidos en sacrificio a la C&amp;#225;mara sin retorno.
StrSheet_Dungeon	StrSheet_Dungeon-00095_Translated.xml	90693003	entity	Servir&amp;#225;n para la ceremonia sagrada de la reina Myula.
StrSheet_Dungeon	StrSheet_Dungeon-00095_Translated.xml	90693006	entity	&amp;#161;Jejeje... imb&amp;#233;ciles!
StrSheet_Dungeon	StrSheet_Dungeon-00095_Translated.xml	90693007	entity	&amp;#161;Voy a ejecutar tus &amp;#243;rdenes!
StrSheet_Dungeon	StrSheet_Dungeon-00095_Translated.xml	90693008	entity	Por aqu&amp;#237;.
StrSheet_Dungeon	StrSheet_Dungeon-00095_Translated.xml	90693031	entity	Hab&amp;#237;a un pasaje secreto aqu&amp;#237;. Je, je, je...
StrSheet_Dungeon	StrSheet_Dungeon-00095_Translated.xml	90691001	entity	Es mi comida. &amp;#161;Mant&amp;#233;n tu distancia!
StrSheet_Dungeon	StrSheet_Dungeon-00095_Translated.xml	90691002	entity	&amp;#161;Intrusos! &amp;#161;Intrusos! &amp;#161;Elim&amp;#237;nalos!
StrSheet_Dungeon	StrSheet_Dungeon-00095_Translated.xml	90691003	entity	&amp;#161;Elimina a Grindella antes de que la jaula de comida sea destruida!
StrSheet_Dungeon	StrSheet_Dungeon-00095_Translated.xml	90691004	entity	&amp;#161;Arrrgh! &amp;#161;D&amp;#233;jame salir, te lo suplico!
StrSheet_Dungeon	StrSheet_Dungeon-00095_Translated.xml	90691005	entity	La jaula de comida ha sido destruida y tu misi&amp;#243;n ha fracasado. El evento se reiniciar&amp;#225; en un momento.
StrSheet_Dungeon	StrSheet_Dungeon-00095_Translated.xml	9069011	entity	&amp;#161;Aaargh! &amp;#161;D&amp;#233;jame vivir!
StrSheet_Dungeon	StrSheet_Dungeon-00095_Translated.xml	90693000	entity	La misi&amp;#243;n ha fracasado. El evento se reiniciar&amp;#225; en un momento.
StrSheet_Dungeon	StrSheet_Dungeon-00095_Translated.xml	90693100	entity	&lt;font size='30'color='#FF0000'&gt;Criatura miserable... &amp;#191;te atreves a da&amp;#241;ar a mis preciosas ara&amp;#241;as?&lt;/font&gt;
StrSheet_Dungeon	StrSheet_Dungeon-00095_Translated.xml	90693101	entity	&lt;font size='30'color='#FF0000'&gt;&amp;#161;Me encargar&amp;#233; personalmente de eliminarte!&lt;/font&gt;
StrSheet_Dungeon	StrSheet_Dungeon-00095_Translated.xml	90693102	entity	Lakan... mi maestro... &amp;#191;por qu&amp;#233; eliges...
StrSheet_Dungeon	StrSheet_Dungeon-00095_Translated.xml	90693103	entity	&amp;#191;Hacemos un tramo del camino, queridos ni&amp;#241;os?
StrSheet_Dungeon	StrSheet_Dungeon-00095_Translated.xml	90693104	entity	&amp;#161;Desg&amp;#225;rrarlos!
StrSheet_Dungeon	StrSheet_Dungeon-00095_Translated.xml	90693105	entity	T&amp;#250;... &amp;#161;te atreves!
StrSheet_Dungeon	StrSheet_Dungeon-00095_Translated.xml	90693106	entity	&amp;#161;Ardan! &amp;#161;Calc&amp;#237;nense!
StrSheet_Dungeon	StrSheet_Dungeon-00095_Translated.xml	90693201	entity	Ronid parece haber huido por all&amp;#225;.
StrSheet_Dungeon	StrSheet_Dungeon-00095_Translated.xml	90693203	entity	Desde el principio, me cost&amp;#243; creerlo...
StrSheet_Dungeon	StrSheet_Dungeon-00095_Translated.xml	90693207	entity	Est&amp;#225; bien cerrado. &amp;#161;&amp;#193;branlo!
StrSheet_Dungeon	StrSheet_Dungeon-00095_Translated.xml	90693206	entity	&amp;#161;As&amp;#237; que esta historia del mapa era una mentira!
StrSheet_Dungeon	StrSheet_Dungeon-00095_Translated.xml	90693209	entity	Parece que pas&amp;#243; por aqu&amp;#237; mientras hu&amp;#237;a.
StrSheet_Dungeon	StrSheet_Dungeon-00095_Translated.xml	90693213	entity	Pero antes... me gustar&amp;#237;a examinar esta nueva arma.
StrSheet_Dungeon	StrSheet_Dungeon-00095_Translated.xml	90693202	entity	&amp;#161;R&amp;#225;pido, vengan por aqu&amp;#237;!
StrSheet_Dungeon	StrSheet_Dungeon-00095_Translated.xml	90693211	entity	Solo nos us&amp;#243;. Ya no nos ser&amp;#225; de ninguna ayuda.
StrSheet_Dungeon	StrSheet_Dungeon-00095_Translated.xml	90693212	entity	&amp;#161;Todo esto es una p&amp;#233;rdida de tiempo! V&amp;#225;monos.
StrSheet_Dungeon	StrSheet_Dungeon-00095_Translated.xml	90693214	entity	&amp;#191;Qu&amp;#233; dice, Randun? No podemos perder nuestro valioso tiempo en peque&amp;#241;eces as&amp;#237;.
StrSheet_Dungeon	StrSheet_Dungeon-00095_Translated.xml	90693216	entity	&amp;#161;Basta, v&amp;#225;monos!
StrSheet_Dungeon	StrSheet_Dungeon-00095_Translated.xml	90693204	entity	&amp;#191;As&amp;#237; es como seatreve a agradecerles su clemencia?
StrSheet_Dungeon	StrSheet_Dungeon-00095_Translated.xml	90693208	entity	Hay pedazos de vidrio por aqu&amp;#237;.
StrSheet_Dungeon	StrSheet_Dungeon-00095_Translated.xml	90693215	entity	Los guardias que quedan nos descubrir&amp;#225;n en cualquier momento. &amp;#161;R&amp;#225;pido, largu&amp;#233;monos de aqu&amp;#237;!
StrSheet_Dungeon	StrSheet_Dungeon-00095_Translated.xml	90692200	entity	Oigan... &amp;#161;Oigan! Ap&amp;#250;rense... (La voz de Randun les llega t&amp;#237;midamente desde arriba)
StrSheet_Dungeon	StrSheet_Dungeon-00095_Translated.xml	90692201	entity	Ese arquero, &amp;#191;qu&amp;#233; ve... oh! &amp;#191;De verdad son ustedes?
StrSheet_Dungeon	StrSheet_Dungeon-00095_Translated.xml	90692202	entity	Ir&amp;#233; primero. &amp;#161;S&amp;#237;ganme con cuidado y tengan mucho cuidado con el arquero archidevan!
StrSheet_Dungeon	StrSheet_Dungeon-00095_Translated.xml	90692101	entity	&amp;#161;Oh! &amp;#161;Esa unidad de descompresi&amp;#243;n...! &amp;#161;Y ese revestimiento antioxidante...!
StrSheet_Dungeon	StrSheet_Dungeon-00095_Translated.xml	90692102	entity	&amp;#161;Asombroso! &amp;#161;&amp;#191;C&amp;#243;mo pudieron desarrollar semejante tecnolog&amp;#237;a en el m&amp;#225;s absoluto secreto?!
StrSheet_Dungeon	StrSheet_Dungeon-00095_Translated.xml	90692103	entity	&amp;#161;Es una verdadera obra maestra de la t&amp;#233;cnica ultramoderna!
StrSheet_Dungeon	StrSheet_Dungeon-00095_Translated.xml	90692104	entity	Pero... &amp;#161;&amp;#191;para qu&amp;#233; sirve este bot&amp;#243;n?!
StrSheet_Dungeon	StrSheet_Dungeon-00095_Translated.xml	90692105	entity	&amp;#161;Intrusos! &amp;#161;Neutralicen el objetivo!
StrSheet_Dungeon	StrSheet_Dungeon-00095_Translated.xml	90692106	entity	&amp;#161;Oh, oh!
StrSheet_Dungeon	StrSheet_Dungeon-00095_Translated.xml	90692107	entity	Ah, voy a examinar esta f&amp;#225;brica m&amp;#225;s de cerca. &amp;#161;Los alcanzo m&amp;#225;s tarde!
StrSheet_Dungeon	StrSheet_Dungeon-00095_Translated.xml	90692001	entity	&amp;#161;Matsuki! &amp;#161;Dame fuerzas!
StrSheet_Dungeon	StrSheet_Dungeon-00095_Translated.xml	90692002	entity	&amp;#161;Solo tienen una oportunidad! &amp;#161;No me fallen!
StrSheet_Dungeon	StrSheet_Dungeon-00095_Translated.xml	90692003	entity	&amp;#161;Argh... qu&amp;#233; dolor! &amp;#161;Y qu&amp;#233; alegr&amp;#237;a! &amp;#161;La fuerza me abruma!
StrSheet_Dungeon	StrSheet_Dungeon-00095_Translated.xml	90692004	entity	&amp;#161;M&amp;#225;s! &amp;#161;Un poco m&amp;#225;s! &amp;#161;Ja, ja!
StrSheet_Dungeon	StrSheet_Dungeon-00095_Translated.xml	90692005	entity	&amp;#161;Matsuki, ya no puedo moverme!
StrSheet_Dungeon	StrSheet_Dungeon-00095_Translated.xml	90692006	entity	&amp;#161;Lo hepensado bien! &amp;#161;Estos insectos me distraer&amp;#225;n m&amp;#225;s que ustedes!
StrSheet_Dungeon	StrSheet_Dungeon-00095_Translated.xml	90692007	entity	&amp;#161;Ah... no! &amp;#161;Por favor, d&amp;#233;jenme vivir!
StrSheet_Dungeon	StrSheet_Dungeon-00095_Translated.xml	90692008	entity	&amp;#161;Esta ser&amp;#225; la &amp;#250;ltima alegr&amp;#237;a que les conceder&amp;#233; jam&amp;#225;s! &amp;#161;Tengan!
StrSheet_Dungeon	StrSheet_Dungeon-00095_Translated.xml	90692009	entity	&amp;#161;Argh!
StrSheet_Dungeon	StrSheet_Dungeon-00095_Translated.xml	90692010	entity	Pero, &amp;#191;qu&amp;#233; hago? &amp;#161;Mi juguete est&amp;#225; roto!
StrSheet_Dungeon	StrSheet_Dungeon-00095_Translated.xml	90692011	entity	&amp;#161;Ya les dar&amp;#233; yo algo de alegr&amp;#237;a!
StrSheet_Dungeon	StrSheet_Dungeon-00095_Translated.xml	90692014	entity	&amp;#161;Sadakin! Eso parece peligroso. &amp;#191;Crees que podr&amp;#225;s salir de esta?
StrSheet_Dungeon	StrSheet_Dungeon-00095_Translated.xml	90692015	entity	&amp;#161;Gallina! &amp;#161;No pareces capaz de ganar!
StrSheet_Dungeon	StrSheet_Dungeon-00095_Translated.xml	90692016	entity	&amp;#161;Conf&amp;#237;a en m&amp;#237;, una &amp;#250;ltima vez!
StrSheet_Dungeon	StrSheet_Dungeon-00095_Translated.xml	90692017	entity	Argh... Sadakin... &amp;#161;Por fin puedo comprender tu alegr&amp;#237;a!
StrSheet_Dungeon	StrSheet_Dungeon-00095_Translated.xml	90692018	entity	&amp;#161;Sadakin, eso parece peligroso!
StrSheet_Dungeon	StrSheet_Dungeon-00095_Translated.xml	90699004	entity	Examina el cad&amp;#225;ver putrefacto tendido sobre la caja.
StrSheet_Dungeon	StrSheet_Dungeon-00095_Translated.xml	90699009	entity	Has completado la misi&amp;#243;n secundaria.
StrSheet_Dungeon	StrSheet_Dungeon-00095_Translated.xml	90699010	entity	&amp;#161;Misi&amp;#243;n cumplida!
StrSheet_Dungeon	StrSheet_Dungeon-00095_Translated.xml	90694001	entity	&amp;#161;Gracias! Crrr...
StrSheet_Dungeon	StrSheet_Dungeon-00095_Translated.xml	90694002	entity	&amp;#191;Acaso sabes lo peligroso que es?
StrSheet_Dungeon	StrSheet_Dungeon-00095_Translated.xml	90694003	entity	Pero &amp;#191;por qu&amp;#233; te pones as&amp;#237; por un m&amp;#237;sero impuesto del 150 %?
StrSheet_Dungeon	StrSheet_Dungeon-00095_Translated.xml	90694004	entity	Como lo promet&amp;#237;, te revelar&amp;#233; el secreto de la reina Myula. Harrharrharr...
StrSheet_Dungeon	StrSheet_Dungeon-00095_Translated.xml	90694005	entity	Algunos soldados lo mencionaron. &amp;#161;Myula obtiene su poder de una especie de piedra preciosa! Crr...
StrSheet_Dungeon	StrSheet_Dungeon-00095_Translated.xml	90694006	entity	Esta informaci&amp;#243;n vale bien 100 000 piezas de oro. Pero como me salvaste la vida, &amp;#161;es gratis para ti! &amp;#161;Crr...
StrSheet_Dungeon	StrSheet_Dungeon-00095_Translated.xml	90694007	entity	Pero &amp;#191;d&amp;#243;nde se habr&amp;#225; metido Bidung? Sin embargo, me asegur&amp;#243; que hab&amp;#237;a encontrado algo interesante. &amp;#161;Crr...
StrSheet_Dungeon	StrSheet_Dungeon-00095_Translated.xml	90694009	entity	&amp;#161;Listo! &amp;#161;Crrr... espero no volver a verte nunca!
StrSheet_Dungeon	StrSheet_Dungeon-00096_Translated.xml	9070003	entity	&amp;#191;Qu&amp;#233; les parecer&amp;#237;a a&amp;#241;adir un poco de emoci&amp;#243;n?
StrSheet_Dungeon	StrSheet_Dungeon-00096_Translated.xml	9070004	entity	&amp;#161;Los ver&amp;#233; la pr&amp;#243;xima vez, novatos!
StrSheet_Dungeon	StrSheet_Dungeon-00097_Translated.xml	9071001	entity	&amp;#161;Muchas gracias!
StrSheet_Dungeon	StrSheet_Dungeon-00097_Translated.xml	9071002	entity	&amp;#161;Dalmanak invoca a un esbirro!
StrSheet_Dungeon	StrSheet_Dungeon-00097_Translated.xml	9071003	entity	&amp;#161;Dalmanak invoca a un esbirro!
StrSheet_Dungeon	StrSheet_Dungeon-00097_Translated.xml	9071004	entity	&amp;#161;El Kaidun mutante invoca esbirros!
StrSheet_Dungeon	StrSheet_Dungeon-00097_Translated.xml	9071006	entity	Dalmanak ha muerto. La energ&amp;#237;a nigrom&amp;#225;ntica se debilita.
StrSheet_Dungeon	StrSheet_Dungeon-00097_Translated.xml	9071007	entity	(El Kaidun ha mutado debido a la energ&amp;#237;a nigrom&amp;#225;ntica.)
StrSheet_Dungeon	StrSheet_Dungeon-00097_Translated.xml	9071009	entity	Esp&amp;#237;ritus malignos emergen de la oscuridad.
StrSheet_Dungeon	StrSheet_Dungeon-00097_Translated.xml	9071100	entity	Recibir&amp;#225;s un beneficio en 1 minuto.
StrSheet_Dungeon	StrSheet_Dungeon-00097_Translated.xml	9071101	entity	Un beneficio est&amp;#225; activo ahora. (1/3)
StrSheet_Dungeon	StrSheet_Dungeon-00097_Translated.xml	9071102	entity	Un beneficio est&amp;#225; activo ahora. (2/3)
StrSheet_Dungeon	StrSheet_Dungeon-00097_Translated.xml	9071103	entity	Un beneficio est&amp;#225; activo ahora. (3/3)
StrSheet_Dungeon	StrSheet_Dungeon-00098_Translated.xml	9072001	entity	&amp;#161;Elimina a los intrusos!
StrSheet_Dungeon	StrSheet_Dungeon-00098_Translated.xml	9072006	entity	&amp;#161;La puerta bloqueada se abre!
StrSheet_Dungeon	StrSheet_Dungeon-00098_Translated.xml	9072007	entity	&amp;#161;La puerta se abre!
StrSheet_Dungeon	StrSheet_Dungeon-00098_Translated.xml	9072008	entity	La puerta se abre hacia la C&amp;#225;mara de justicia.
StrSheet_Dungeon	StrSheet_Dungeon-00098_Translated.xml	9072100	entity	Recibir&amp;#225;s un beneficio en 1 minuto.
StrSheet_Dungeon	StrSheet_Dungeon-00098_Translated.xml	9072101	entity	Un beneficio est&amp;#225; activo ahora. (1/3)
StrSheet_Dungeon	StrSheet_Dungeon-00098_Translated.xml	9072102	entity	Un beneficio est&amp;#225; activo ahora. (2/3)
StrSheet_Dungeon	StrSheet_Dungeon-00098_Translated.xml	9072103	entity	Un beneficio est&amp;#225; activo ahora. (3/3)
StrSheet_Dungeon	StrSheet_Dungeon-00099_Translated.xml	9073100	entity	Recibir&amp;#225;s un beneficio en 1 minuto.
StrSheet_Dungeon	StrSheet_Dungeon-00099_Translated.xml	9073101	entity	Un beneficio est&amp;#225; activo ahora. (1/3)
StrSheet_Dungeon	StrSheet_Dungeon-00099_Translated.xml	9073102	entity	Un beneficio est&amp;#225; activo ahora. (2/3)
StrSheet_Dungeon	StrSheet_Dungeon-00099_Translated.xml	9073103	entity	Un beneficio est&amp;#225; activo ahora. (3/3)
StrSheet_Dungeon	StrSheet_Dungeon-00100_Translated.xml	9074001	entity	&amp;#161;Kelsaik despierta!
StrSheet_Dungeon	StrSheet_Dungeon-00100_Translated.xml	9074003	entity	El huevo se mueve de manera extra&amp;#241;a.
StrSheet_Dungeon	StrSheet_Dungeon-00101_Translated.xml	9075002	entity	&amp;#161;Has activado una trampa!
StrSheet_Dungeon	StrSheet_Dungeon-00101_Translated.xml	9075005	entity	La puerta de la habitaci&amp;#243;n se abre.
StrSheet_Dungeon	StrSheet_Dungeon-00101_Translated.xml	9075011	entity	&amp;#161;Kelsaik ha muerto!
StrSheet_Dungeon	StrSheet_Dungeon-00101_Translated.xml	9075012	entity	Entrada al Sal&amp;#243;n de Kelsaik.
StrSheet_Dungeon	StrSheet_Dungeon-00101_Translated.xml	9075013	entity	La puerta de la habitaci&amp;#243;n se cierra.
StrSheet_Dungeon	StrSheet_Dungeon-00101_Translated.xml	9075100	entity	Recibir&amp;#225;s un beneficio en 1 minuto.
StrSheet_Dungeon	StrSheet_Dungeon-00101_Translated.xml	9075101	entity	Un beneficio est&amp;#225; activo ahora. (1/3)
StrSheet_Dungeon	StrSheet_Dungeon-00101_Translated.xml	9075102	entity	Un beneficio est&amp;#225; activo ahora. (2/3)
StrSheet_Dungeon	StrSheet_Dungeon-00101_Translated.xml	9075103	entity	Un beneficio est&amp;#225; activo ahora. (3/3)
StrSheet_Dungeon	StrSheet_Dungeon-00102_Translated.xml	9076002	entity	El camino est&amp;#225; libre.
StrSheet_Dungeon	StrSheet_Dungeon-00102_Translated.xml	9076100	entity	Recibir&amp;#225;s un beneficio en 1 minuto.
StrSheet_Dungeon	StrSheet_Dungeon-00102_Translated.xml	9076101	entity	Un beneficio est&amp;#225; activo ahora. (1/3)
StrSheet_Dungeon	StrSheet_Dungeon-00102_Translated.xml	9076102	entity	Un beneficio est&amp;#225; activo ahora. (2/3)
StrSheet_Dungeon	StrSheet_Dungeon-00102_Translated.xml	9076103	entity	Un beneficio est&amp;#225; activo ahora. (3/3)
StrSheet_Dungeon	StrSheet_Dungeon-00103_Translated.xml	9077001	entity	&amp;#161;Al ataque, semillas del desierto!
StrSheet_Dungeon	StrSheet_Dungeon-00103_Translated.xml	9077003	entity	&amp;#161;Algo aparece en el centro de la arena!
StrSheet_Dungeon	StrSheet_Dungeon-00103_Translated.xml	9077004	entity	El fragmento de sangre necesita m&amp;#225;s sangre.
StrSheet_Dungeon	StrSheet_Dungeon-00103_Translated.xml	9077005	entity	&amp;#161;Un gladiador entra en la arena!
StrSheet_Dungeon	StrSheet_Dungeon-00103_Translated.xml	9077008	entity	Sientes un extra&amp;#241;o sentimiento de Rage a tu alrededor. Destruye la fuente.
StrSheet_Dungeon	StrSheet_Dungeon-00103_Translated.xml	9077010	entity	&amp;#161;Esto no ha terminado!
StrSheet_Dungeon	StrSheet_Dungeon-00103_Translated.xml	9077011	entity	Est&amp;#225;s en una zona de tormenta de arena.
StrSheet_Dungeon	StrSheet_Dungeon-00104_Translated.xml	9078002	entity	&amp;#161;Garan es libre! Ve a hablar con &amp;#233;l.
StrSheet_Dungeon	StrSheet_Dungeon-00104_Translated.xml	9078004	entity	&amp;#161;Vamos!
StrSheet_Dungeon	StrSheet_Dungeon-00104_Translated.xml	9078005	entity	Prom&amp;#233;teme que nos vengar&amp;#225;s.
StrSheet_Dungeon	StrSheet_Dungeon-00105_Translated.xml	9079001	entity	&amp;#161;Abukaizel huye! S&amp;#237;guelo.
StrSheet_Dungeon	StrSheet_Dungeon-00105_Translated.xml	9079002	entity	Los refuerzos vienen en camino. &amp;#161;No dejes que te abrumen!
StrSheet_Dungeon	StrSheet_Dungeon-00105_Translated.xml	9079003	entity	&amp;#161;Los Archers est&amp;#225;n detr&amp;#225;s de la muralla! &amp;#161;Elimina a sus l&amp;#237;deres!
StrSheet_Dungeon	StrSheet_Dungeon-00105_Translated.xml	9079008	entity	La piedra protectora te protege de todo da&amp;#241;o durante 20 segundos.
StrSheet_Dungeon	StrSheet_Dungeon-00105_Translated.xml	9079012	entity	La hembra de basilisco se debilita tras la muerte de su compa&amp;#241;ero.
StrSheet_Dungeon	StrSheet_Dungeon-00105_Translated.xml	9079013	entity	Cuando el compa&amp;#241;ero se para junto a la hembra de basilisco, activa una bonificaci&amp;#243;n de refuerzo.
StrSheet_Dungeon	StrSheet_Dungeon-00105_Translated.xml	9079014	entity	La Rage feroz de Saravash estallar&amp;#225; en 15 minutos.
StrSheet_Dungeon	StrSheet_Dungeon-00105_Translated.xml	9079016	entity	Un duende caprino pronto invocar&amp;#225; un esp&amp;#237;ritu.
StrSheet_Dungeon	StrSheet_Dungeon-00105_Translated.xml	9079017	entity	No aparecer&amp;#225;n m&amp;#225;s cristales. Date prisa en eliminar a Saravash.
StrSheet_Dungeon	StrSheet_Dungeon-00106_Translated.xml	9080002	entity	&amp;#161;Destruye a Eg'thol Nalus!
StrSheet_Dungeon	StrSheet_Dungeon-00106_Translated.xml	9080010	entity	&amp;#161;Destruye el pil&amp;#243;n draelkar!
StrSheet_Dungeon	StrSheet_Dungeon-00106_Translated.xml	9080011	entity	&amp;#161;Destruye el pil&amp;#243;n draelkar!
StrSheet_Dungeon	StrSheet_Dungeon-00106_Translated.xml	9080012	entity	El jefe entrar&amp;#225; en Rage despu&amp;#233;s de 15 minutos de combate.
StrSheet_Dungeon	StrSheet_Dungeon-00106_Translated.xml	9080014	entity	&amp;#161;Iknephars shalozans! No te acerques a ellos.
StrSheet_Dungeon	StrSheet_Dungeon-00106_Translated.xml	9080021	entity	El jefe entrar&amp;#225; en Rage despu&amp;#233;s de 15 minutos de combate.
StrSheet_Dungeon	StrSheet_Dungeon-00106_Translated.xml	9080022	entity	El jefe entrar&amp;#225; en Rage despu&amp;#233;s de 15 minutos de combate.
StrSheet_Dungeon	StrSheet_Dungeon-00107_Translated.xml	9087001	entity	Esto es... demasiado poderoso... &amp;#161;Aaaah!
StrSheet_Dungeon	StrSheet_Dungeon-00107_Translated.xml	9087002	entity	&amp;#161;Vamos, fuerza! &amp;#161;T&amp;#250; puedes hacerlo!
StrSheet_Dungeon	StrSheet_Dungeon-00107_Translated.xml	9087003	entity	&amp;#191;Qu&amp;#233; est&amp;#225;s haciendo? &amp;#191;Quieres morir aqu&amp;#237;?
StrSheet_Dungeon	StrSheet_Dungeon-00107_Translated.xml	9087004	entity	&amp;#161;No te rindas as&amp;#237;! D&amp;#233;jame cumplir mi venganza.
StrSheet_Dungeon	StrSheet_Dungeon-00107_Translated.xml	9087005	entity	&amp;#161;Pobres ilusos presumidos, me encargar&amp;#233; de esto yo mismo!
StrSheet_Dungeon	StrSheet_Dungeon-00107_Translated.xml	9087006	entity	&amp;#161;Intruso! &amp;#161;Contempla la ira del todopoderoso Lok!
StrSheet_Dungeon	StrSheet_Dungeon-00107_Translated.xml	9087007	entity	&amp;#161;Soulcrusher, un asesino sediento de sangre, se est&amp;#225; acercando!
StrSheet_Dungeon	StrSheet_Dungeon-00107_Translated.xml	9087008	entity	&amp;#161;Se acercan porque Murdranak en persona participa en el combate!
StrSheet_Dungeon	StrSheet_Dungeon-00107_Translated.xml	9087100	entity	Recibir&amp;#225;s un beneficio en 1 minuto.
StrSheet_Dungeon	StrSheet_Dungeon-00107_Translated.xml	9087101	entity	Un beneficio est&amp;#225; activo ahora. (1/3)
StrSheet_Dungeon	StrSheet_Dungeon-00107_Translated.xml	9087102	entity	Un beneficio est&amp;#225; activo ahora. (2/3)
StrSheet_Dungeon	StrSheet_Dungeon-00107_Translated.xml	9087103	entity	Un beneficio est&amp;#225; activo ahora. (3/3)
StrSheet_Dungeon	StrSheet_Dungeon-00108_Translated.xml	9088001	entity	Una puerta secreta se abre en el s&amp;#243;tano.
StrSheet_Dungeon	StrSheet_Dungeon-00108_Translated.xml	9088002	entity	&amp;#161;Mantente alerta!
StrSheet_Dungeon	StrSheet_Dungeon-00108_Translated.xml	9088003	entity	&amp;#161;Rec&amp;#243;gete! Est&amp;#225;s aqu&amp;#237; para pelear, no para admirar el paisaje.
StrSheet_Dungeon	StrSheet_Dungeon-00108_Translated.xml	9088004	entity	&amp;#161;Si tienen que morir, mueran solos!
StrSheet_Dungeon	StrSheet_Dungeon-00108_Translated.xml	9088005	entity	&amp;#191;Es... el fin?
StrSheet_Dungeon	StrSheet_Dungeon-00108_Translated.xml	9088006	entity	...&amp;#161;Qu&amp;#233; insolencia! Nadie desaf&amp;#237;a a un agente de Atel Akaad... dos veces.
StrSheet_Dungeon	StrSheet_Dungeon-00108_Translated.xml	9088007	entity	&amp;#161;Ven, Malgarios! &amp;#161;Arr&amp;#225;ncales las extremidades!
StrSheet_Dungeon	StrSheet_Dungeon-00108_Translated.xml	9088008	entity	&amp;#191;C&amp;#243;mo? &amp;#191;C&amp;#243;mo unos pat&amp;#233;ticos aficionados pudieron vencerte? &amp;#161;Vas a lamentar amargamente este d&amp;#237;a, miserables intrusos,
StrSheet_Dungeon	StrSheet_Dungeon-00108_Translated.xml	9088100	entity	Recibir&amp;#225;s un beneficio en 1 minuto.
StrSheet_Dungeon	StrSheet_Dungeon-00108_Translated.xml	9088101	entity	Un beneficio est&amp;#225; activo ahora. (1/3)
StrSheet_Dungeon	StrSheet_Dungeon-00108_Translated.xml	9088102	entity	Un beneficio est&amp;#225; activo ahora. (2/3)
StrSheet_Dungeon	StrSheet_Dungeon-00108_Translated.xml	9088103	entity	Un beneficio est&amp;#225; activo ahora. (3/3)
StrSheet_Dungeon	StrSheet_Dungeon-00109_Translated.xml	9089002	entity	Los guardianes te han {@gender:rep&amp;#233;r&amp;#233;/rep&amp;#233;r&amp;#233;e}. &amp;#161;Mantente en guardia!
StrSheet_Dungeon	StrSheet_Dungeon-00109_Translated.xml	9089003	entity	Los guardianes se acercan. Mantenlos a distancia durante al menos tres minutos, &amp;#191;de acuerdo?
StrSheet_Dungeon	StrSheet_Dungeon-00109_Translated.xml	9089004	entity	&amp;#161;Una segunda ola de guardianes!
StrSheet_Dungeon	StrSheet_Dungeon-00109_Translated.xml	9089005	entity	&amp;#161;Ah&amp;#237; va la tercera ola!
StrSheet_Dungeon	StrSheet_Dungeon-00109_Translated.xml	9089006	entity	&amp;#191;Una cuarta ola, en serio?
StrSheet_Dungeon	StrSheet_Dungeon-00109_Translated.xml	9089007	entity	&amp;#161;La &amp;#250;ltima ola de guardianes! Pase lo que pase...
StrSheet_Dungeon	StrSheet_Dungeon-00109_Translated.xml	9089009	entity	Las barricadas en la entrada del Sal&amp;#243;n de los sacerdotes han sido destruidas.
StrSheet_Dungeon	StrSheet_Dungeon-00109_Translated.xml	9089010	entity	&amp;#161;Lady Terkasia, s&amp;#225;lvame!
StrSheet_Dungeon	StrSheet_Dungeon-00109_Translated.xml	9089011	entity	Terkasia, la guardiana traidora, ha aparecido en los dominios de la C&amp;#225;mara de la Inmortalidad.
StrSheet_Dungeon	StrSheet_Dungeon-00109_Translated.xml	9089012	entity	Una criatura ha sido invocada. &amp;#161;Una criatura... inmensa!
StrSheet_Dungeon	StrSheet_Dungeon-00109_Translated.xml	9089024	entity	Protecci&amp;#243;n terminada.
StrSheet_Dungeon	StrSheet_Dungeon-00109_Translated.xml	9089104	entity	Te gusta aprender en los libros. Ahora, vas a aprender en la sangre. &amp;#161;C&amp;#243;mo osas interrumpirme de esta manera!
StrSheet_Dungeon	StrSheet_Dungeon-00109_Translated.xml	9089105	entity	&amp;#161;Mi venganza ser&amp;#225; tu muerte!
StrSheet_Dungeon	StrSheet_Dungeon-00109_Translated.xml	9089106	entity	Escuchas una puerta lejana abrirse tras la destrucci&amp;#243;n de la piedra.
StrSheet_Dungeon	StrSheet_Dungeon-00109_Translated.xml	9089109	entity	Un extra&amp;#241;o se acerca.
StrSheet_Dungeon	StrSheet_Dungeon-00109_Translated.xml	9089110	entity	&amp;#161;Te estaba esperando, Terkasia!
StrSheet_Dungeon	StrSheet_Dungeon-00109_Translated.xml	9089111	entity	&amp;#161;Es un &amp;#233;xito! &amp;#161;Por fin hemos eliminado la amenaza de los cultistas!
StrSheet_Dungeon	StrSheet_Dungeon-00109_Translated.xml	9089112	entity	La destrucci&amp;#243;n del Altar de Samael es el &amp;#250;ltimo paso. S&amp;#237;gueme.
StrSheet_Dungeon	StrSheet_Dungeon-00109_Translated.xml	9089200	entity	Recibir&amp;#225;s un beneficio en 1 minuto.
StrSheet_Dungeon	StrSheet_Dungeon-00109_Translated.xml	9089201	entity	Un beneficio est&amp;#225; activo ahora. (1/3)
StrSheet_Dungeon	StrSheet_Dungeon-00109_Translated.xml	9089202	entity	Un beneficio est&amp;#225; activo ahora. (2/3)
StrSheet_Dungeon	StrSheet_Dungeon-00109_Translated.xml	9089203	entity	Un beneficio est&amp;#225; activo ahora. (3/3)
StrSheet_Dungeon	StrSheet_Dungeon-00110_Translated.xml	9090001	entity	Prep&amp;#225;rate. El camino que se abre promete ser... sangriento.
StrSheet_Dungeon	StrSheet_Dungeon-00110_Translated.xml	9090002	entity	&amp;#161;A&amp;#250;n no estamos fuera de peligro!
StrSheet_Dungeon	StrSheet_Dungeon-00110_Translated.xml	9090003	entity	&amp;#161;Den todo lo que tienen! &amp;#161;La supervivencia del bosque depende de ello!
StrSheet_Dungeon	StrSheet_Dungeon-00110_Translated.xml	9090004	entity	&amp;#161;Estamos a mitad de camino!
StrSheet_Dungeon	StrSheet_Dungeon-00110_Translated.xml	9090005	entity	&amp;#161;No soy un traidor... Retrocedan!
StrSheet_Dungeon	StrSheet_Dungeon-00110_Translated.xml	9090006	entity	&amp;#161;Debemos darnos prisa o nos aplastar&amp;#225;n!
StrSheet_Dungeon	StrSheet_Dungeon-00110_Translated.xml	9090007	entity	&amp;#161;Ya falta poco! &amp;#161;Luchen!
StrSheet_Dungeon	StrSheet_Dungeon-00110_Translated.xml	9090008	entity	Que los esp&amp;#237;ritus perdonen mi fracaso...
StrSheet_Dungeon	StrSheet_Dungeon-00110_Translated.xml	9090009	entity	&amp;#161;Debo abandonar el Bosque F&amp;#233;rico. Mi destino me espera!
StrSheet_Dungeon	StrSheet_Dungeon-00110_Translated.xml	9090010	entity	Misi&amp;#243;n fallida. Evacuaci&amp;#243;n por teletransportaci&amp;#243;n en 3 segundos.
StrSheet_Dungeon	StrSheet_Dungeon-00111_Translated.xml	9091002	entity	&amp;#161;Ya casi termino de reparar el guardi&amp;#225;n ef&amp;#237;mero de Serena!
StrSheet_Dungeon	StrSheet_Dungeon-00111_Translated.xml	9091003	entity	&amp;#161;No se rindan!
StrSheet_Dungeon	StrSheet_Dungeon-00111_Translated.xml	9091004	entity	A Hallie le queda menos de la mitad de su HP. La misi&amp;#243;n fracasar&amp;#225; si Hallie muere.
StrSheet_Dungeon	StrSheet_Dungeon-00111_Translated.xml	9091005	entity	&amp;#191;De verdad desean un final as&amp;#237; para la Academia Eldritch?
StrSheet_Dungeon	StrSheet_Dungeon-00111_Translated.xml	9091006	entity	&amp;#161;No! &amp;#161;No! &amp;#161;Deben aguantar un poco m&amp;#225;s!
StrSheet_Dungeon	StrSheet_Dungeon-00111_Translated.xml	9091007	entity	Imposible... &amp;#191;Todo termina... de esta manera?
StrSheet_Dungeon	StrSheet_Dungeon-00111_Translated.xml	9091013	entity	Protecci&amp;#243;n terminada.
StrSheet_Dungeon	StrSheet_Dungeon-00111_Translated.xml	9091020	entity	Misi&amp;#243;n fallida. Teletransportaci&amp;#243;n de evacuaci&amp;#243;n en tres segundos.
StrSheet_Dungeon	StrSheet_Dungeon-00112_Translated.xml	9092001	entity	Impidan la resurrecci&amp;#243;n de Dagon eliminando a todos los mekonaris y skuldarik.
StrSheet_Dungeon	StrSheet_Dungeon-00112_Translated.xml	9092002	entity	&amp;#191;Dejarme abatir por estos seres insignificantes? &amp;#161;Imb&amp;#233;ciles!
StrSheet_Dungeon	StrSheet_Dungeon-00112_Translated.xml	9092003	entity	&amp;#191;Vencieron a mis guardias, eh? &amp;#161;Son mejores de lo que imaginaba!
StrSheet_Dungeon	StrSheet_Dungeon-00112_Translated.xml	9092004	entity	&amp;#161;Imb&amp;#233;ciles! &amp;#161;Los matar&amp;#233; yo mismo!
StrSheet_Dungeon	StrSheet_Dungeon-00112_Translated.xml	9092005	entity	&amp;#191;Creen que pueden vencerme? &amp;#161;Ja, ja, ja!
StrSheet_Dungeon	StrSheet_Dungeon-00112_Translated.xml	9092006	entity	&amp;#161;Los matar&amp;#233; a todos!
StrSheet_Dungeon	StrSheet_Dungeon-00112_Translated.xml	9092007	entity	&amp;#161;Dagon! &amp;#191;Acaso... se ha perdido toda esperanza?
StrSheet_Dungeon	StrSheet_Dungeon-00113_Translated.xml	90931006	entity	Coraz&amp;#243;n de peste ha sido invocado en la Menagerie de Karascha.
StrSheet_Dungeon	StrSheet_Dungeon-00113_Translated.xml	90931007	entity	&amp;#161;No dejen que el sacerdote cure!
StrSheet_Dungeon	StrSheet_Dungeon-00113_Translated.xml	9093100	entity	Recibir&amp;#225;s un beneficio en 1 minuto.
StrSheet_Dungeon	StrSheet_Dungeon-00113_Translated.xml	9093101	entity	Un beneficio est&amp;#225; activo ahora. (1/3)
StrSheet_Dungeon	StrSheet_Dungeon-00113_Translated.xml	9093102	entity	Un beneficio est&amp;#225; activo ahora. (2/3)
StrSheet_Dungeon	StrSheet_Dungeon-00113_Translated.xml	9093103	entity	Un beneficio est&amp;#225; activo ahora. (3/3)
StrSheet_Dungeon	StrSheet_Dungeon-00114_Translated.xml	9094005	entity	&amp;#191;Se acuerdan del duque Volperon, de la Mansi&amp;#243;n Siniestra?
StrSheet_Dungeon	StrSheet_Dungeon-00114_Translated.xml	9094006	entity	&amp;#191;Se acuerdan de Terkasia, del Refugio de los Cultistas?
StrSheet_Dungeon	StrSheet_Dungeon-00114_Translated.xml	9094007	entity	&amp;#191;Se acuerdan de Karascha?
StrSheet_Dungeon	StrSheet_Dungeon-00114_Translated.xml	9094008	entity	&amp;#191;Se sienten capaces?
StrSheet_Dungeon	StrSheet_Dungeon-00114_Translated.xml	9094010	entity	Pero muchos m&amp;#225;s los esperan.
StrSheet_Dungeon	StrSheet_Dungeon-00114_Translated.xml	9094011	entity	&amp;#191;Sobrevivir&amp;#225;n hasta aqu&amp;#237;?
StrSheet_Dungeon	StrSheet_Dungeon-00114_Translated.xml	9094014	entity	Esta es la &amp;#250;ltima prueba.
StrSheet_Dungeon	StrSheet_Dungeon-00114_Translated.xml	9094017	entity	Alguien rob&amp;#243; una llave en el Invernadero de Saleron.
StrSheet_Dungeon	StrSheet_Dungeon-00114_Translated.xml	9094021	entity	&amp;#161;Ja, ja, ja! &amp;#161;Voy a detenerte!
StrSheet_Dungeon	StrSheet_Dungeon-00114_Translated.xml	9094022	entity	&amp;#161;Esquirlas de sangre invocadas!
StrSheet_Dungeon	StrSheet_Dungeon-00114_Translated.xml	9094024	entity	El aterrador Necarus invoca al G&amp;#243;lem Necarus
StrSheet_Dungeon	StrSheet_Dungeon-00114_Translated.xml	9094027	entity	&amp;#161;Pilones de Dispersus invocados!
StrSheet_Dungeon	StrSheet_Dungeon-00114_Translated.xml	9094028	entity	&amp;#161;Los enemigos alrededor de la esquirlas de sangre se vuelven m&amp;#225;s fuertes!
StrSheet_Dungeon	StrSheet_Dungeon-00114_Translated.xml	9094029	entity	&amp;#161;C&amp;#243;mo osas apuntar con un arma a mi familia!
StrSheet_Dungeon	StrSheet_Dungeon-00114_Translated.xml	9094030	entity	&amp;#161;Aparece la duquesa Tirania!
StrSheet_Dungeon	StrSheet_Dungeon-00114_Translated.xml	9094031	entity	&amp;#161;No te lo perdonar&amp;#233;!
StrSheet_Dungeon	StrSheet_Dungeon-00114_Translated.xml	9094032	entity	La puerta se cerrar&amp;#225; en 3 segundos.
StrSheet_Dungeon	StrSheet_Dungeon-00114_Translated.xml	9094038	entity	&amp;#161;Puerta cerrada!
StrSheet_Dungeon	StrSheet_Dungeon-00114_Translated.xml	9094040	entity	&amp;#161;Elimina al Treasure Hunter para obtener la llave del nivel oculto!
StrSheet_Dungeon	StrSheet_Dungeon-00114_Translated.xml	9094900	entity	&amp;#161;El Mandragora Singer y los Yellow-Maned Longicorns desaparecen!
StrSheet_Dungeon	StrSheet_Dungeon-00114_Translated.xml	9094902	entity	&amp;#161;El Mandragora Singer y sus brotes aparecen!
StrSheet_Dungeon	StrSheet_Dungeon-00114_Translated.xml	9094904	entity	&amp;#161;Amenaza en la terraza tres!
StrSheet_Dungeon	StrSheet_Dungeon-00114_Translated.xml	9094905	entity	&amp;#161;La terraza tres desaparece! El cristal zenobic aparece.
StrSheet_Dungeon	StrSheet_Dungeon-00114_Translated.xml	9094906	entity	Invocaci&amp;#243;n, sala n.&amp;#176; 4
StrSheet_Dungeon	StrSheet_Dungeon-00114_Translated.xml	9094907	entity	Limpiar la sala n.&amp;#186; 4
StrSheet_Dungeon	StrSheet_Dungeon-00114_Translated.xml	9094908	entity	&amp;#161;Invoca un objeto de mejora para el enemigo en la sala n.&amp;#186; 4!
StrSheet_Dungeon	StrSheet_Dungeon-00114_Translated.xml	9094910	entity	&amp;#161;Invocaci&amp;#243;n, sala n.&amp;#186; 6!
StrSheet_Dungeon	StrSheet_Dungeon-00114_Translated.xml	9094911	entity	&amp;#161;Limpiar la sala n.&amp;#186; 6!
StrSheet_Dungeon	StrSheet_Dungeon-00114_Translated.xml	9094912	entity	&amp;#161;Invocaci&amp;#243;n, sala n.&amp;#186; 7!
StrSheet_Dungeon	StrSheet_Dungeon-00114_Translated.xml	9094913	entity	&amp;#161;Limpiar la sala n.&amp;#186; 7!
StrSheet_Dungeon	StrSheet_Dungeon-00114_Translated.xml	9094914	entity	&amp;#161;Invoca a Fimbrilisk en la sala n.&amp;#186; 8!
StrSheet_Dungeon	StrSheet_Dungeon-00114_Translated.xml	9094915	entity	&amp;#161;Derrota a Fimbrilisk en la sala n.&amp;#186; 8!
StrSheet_Dungeon	StrSheet_Dungeon-00114_Translated.xml	9094916	entity	&amp;#161;Invoca al 3.er jefe de los muertos vivientes en la sala n.&amp;#186; 8!
StrSheet_Dungeon	StrSheet_Dungeon-00114_Translated.xml	9094917	entity	&amp;#161;Derrota al 3.er jefe de los muertos vivientes en la sala n.&amp;#186; 8!
StrSheet_Dungeon	StrSheet_Dungeon-00114_Translated.xml	9094918	entity	&amp;#161;Invoca al Mage draconique en la sala n.&amp;#186; 8!
StrSheet_Dungeon	StrSheet_Dungeon-00114_Translated.xml	9094919	entity	&amp;#161;Derrota al Mage draconique en la sala n.&amp;#186; 8!
StrSheet_Dungeon	StrSheet_Dungeon-00114_Translated.xml	9094920	entity	&amp;#161;Invocaci&amp;#243;n, sala n.&amp;#186; 9!
StrSheet_Dungeon	StrSheet_Dungeon-00114_Translated.xml	9094921	entity	&amp;#161;Limpiar la sala n.&amp;#186; 9!
StrSheet_Dungeon	StrSheet_Dungeon-00114_Translated.xml	9094922	entity	&amp;#161;Evento intermedio en la sala n.&amp;#186; 9!
StrSheet_Dungeon	StrSheet_Dungeon-00114_Translated.xml	9094923	entity	&amp;#161;La Estatua de piedra del Pourfendeur de la sala n.&amp;#186; 10 invoca 3 pourfendeurs!
StrSheet_Dungeon	StrSheet_Dungeon-00114_Translated.xml	9094924	entity	&amp;#161;La Estatua de piedra del Sorcier de la sala n.&amp;#186; 10 invoca 3 sorciers!
StrSheet_Dungeon	StrSheet_Dungeon-00114_Translated.xml	9094925	entity	&amp;#161;2 pourfendeurs invocados en la sala n.&amp;#186; 10!
StrSheet_Dungeon	StrSheet_Dungeon-00114_Translated.xml	9094926	entity	&amp;#161;El primer pourfendeur ha muerto! &amp;#161;Queda un pourfendeur invocado en la sala n.&amp;#186; 10!
StrSheet_Dungeon	StrSheet_Dungeon-00114_Translated.xml	9094927	entity	&amp;#161;El segundo Slayer ha muerto! &amp;#161;Queda un Slayer invocado en la sala n.&amp;#176; 10!
StrSheet_Dungeon	StrSheet_Dungeon-00114_Translated.xml	9094928	entity	&amp;#161;2 Sorcerers invocados en la sala n.&amp;#176; 10!
StrSheet_Dungeon	StrSheet_Dungeon-00114_Translated.xml	9094929	entity	&amp;#161;El primer Sorcerer ha muerto! &amp;#161;Queda un Sorcerer invocado en la sala n.&amp;#176; 10!
StrSheet_Dungeon	StrSheet_Dungeon-00114_Translated.xml	9094930	entity	&amp;#161;El segundo Sorcerer ha muerto! &amp;#161;Queda un Sorcerer invocado en la sala n.&amp;#176; 10!
StrSheet_Dungeon	StrSheet_Dungeon-00114_Translated.xml	9094931	entity	&amp;#161;Slayers de la sala n.&amp;#176; 10 derrotados!
StrSheet_Dungeon	StrSheet_Dungeon-00114_Translated.xml	9094932	entity	&amp;#161;Sorcerers de la sala n.&amp;#176; 10 derrotados!
StrSheet_Dungeon	StrSheet_Dungeon-00114_Translated.xml	9094100	entity	Recibir&amp;#225;s un beneficio en 1 minuto.
StrSheet_Dungeon	StrSheet_Dungeon-00114_Translated.xml	9094101	entity	Un beneficio est&amp;#225; activo ahora. (1/3)
StrSheet_Dungeon	StrSheet_Dungeon-00114_Translated.xml	9094102	entity	Un beneficio est&amp;#225; activo ahora. (2/3)
StrSheet_Dungeon	StrSheet_Dungeon-00114_Translated.xml	9094103	entity	Un beneficio est&amp;#225; activo ahora. (3/3)
StrSheet_Dungeon	StrSheet_Dungeon-00115_Translated.xml	9095001	entity	Mis dragones los llevar&amp;#225;n al tocador de la Prueba.
StrSheet_Dungeon	StrSheet_Dungeon-00115_Translated.xml	9095002	entity	La Prueba comenzar&amp;#225; en 10 segundos.
StrSheet_Dungeon	StrSheet_Dungeon-00116_Translated.xml	9124002	entity	Tu sesi&amp;#243;n de entrenamiento ha terminado.
StrSheet_Dungeon	StrSheet_Dungeon-00118_Translated.xml	9126001	entity	&amp;#161;Intrusos! &amp;#161;Protejan al conejillo de indias!
StrSheet_Dungeon	StrSheet_Dungeon-00118_Translated.xml	9126003	entity	La restauraci&amp;#243;n de HP de Petre se ha detenido.
StrSheet_Dungeon	StrSheet_Dungeon-00118_Translated.xml	9126004	entity	&amp;#161;Todo ha terminado!
StrSheet_Dungeon	StrSheet_Dungeon-00118_Translated.xml	9126005	entity	&amp;#161;No los dejen escapar!
StrSheet_Dungeon	StrSheet_Dungeon-00118_Translated.xml	9126006	entity	Petre se prepara por &amp;#250;ltima vez.
StrSheet_Dungeon	StrSheet_Dungeon-00118_Translated.xml	9126007	entity	&amp;#161;Petre ha sido derrotado!
StrSheet_Dungeon	StrSheet_Dungeon-00118_Translated.xml	9126008	entity	&amp;#161;Cavaste tu propia tumba!
StrSheet_Dungeon	StrSheet_Dungeon-00118_Translated.xml	9126009	entity	&amp;#161;Protege al conejillo de indias!
StrSheet_Dungeon	StrSheet_Dungeon-00118_Translated.xml	9126100	entity	&amp;#161;Ha aparecido el Petre debilitado!
StrSheet_Dungeon	StrSheet_Dungeon-00118_Translated.xml	9126101	entity	&amp;#161;La cuenta regresiva de la clasificaci&amp;#243;n se mueve!
StrSheet_Dungeon	StrSheet_Dungeon-00118_Translated.xml	9126102	entity	&amp;#161;Ha aparecido Petre!
StrSheet_Dungeon	StrSheet_Dungeon-00119_Translated.xml	912701	entity	Se ha alcanzado el m&amp;#237;nimo de 5 jugadores para este grupo.
StrSheet_Dungeon	StrSheet_Dungeon-00120_Translated.xml	9503001	entity	Comandante en jefe Seir, llevar&amp;#233; la insignia de los archidevans a la comandante Fraya.
StrSheet_Dungeon	StrSheet_Dungeon-00120_Translated.xml	9503002	entity	Bien. Conf&amp;#237;o en que ella lograr&amp;#225; persuadir a los esc&amp;#233;pticos del Consejo de Ancianos.
StrSheet_Dungeon	StrSheet_Dungeon-00121_Translated.xml	9505001	entity	&amp;#161;Argh! &amp;#161;Vamos a morir todos!
StrSheet_Dungeon	StrSheet_Dungeon-00121_Translated.xml	9505003	entity	*tos* Aqu&amp;#237; estoy, guardi&amp;#225;n. Esc&amp;#250;chame...
StrSheet_Dungeon	StrSheet_Dungeon-00121_Translated.xml	9505004	entity	El ataque se reanuda con m&amp;#225;s fuerza. &amp;#161;S&amp;#225;lvese quien pueda!
StrSheet_Dungeon	StrSheet_Dungeon-00121_Translated.xml	9505005	entity	Parece que hay sobrevivientes. B&amp;#250;scalos.
StrSheet_Dungeon	StrSheet_Dungeon-00121_Translated.xml	9505006	entity	(El comandante re&amp;#250;ne a los guardias sobrevivientes. Espera un momento.)
StrSheet_Dungeon	StrSheet_Dungeon-00121_Translated.xml	9505010	entity	&amp;#161;El rugido de los dragones resuena con m&amp;#225;s fuerza!
StrSheet_Dungeon	StrSheet_Dungeon-00121_Translated.xml	9505013	entity	Prueba: &amp;#191;todo bien? &amp;#191;Puedo ayudarte?
StrSheet_Dungeon	StrSheet_Dungeon-00121_Translated.xml	9505015	entity	Ya no puedes hacer nada por m&amp;#237;... Aseg&amp;#250;rate de salvar al menos tu pellejo.
StrSheet_Dungeon	StrSheet_Dungeon-00121_Translated.xml	9505016	entity	La diosa Mystel ha aparecido. Ac&amp;#233;rcate a ella.
StrSheet_Dungeon	StrSheet_Dungeon-00122_Translated.xml	9506001	entity	Crrrr... *snif* Se acab&amp;#243; este mundo.
StrSheet_Dungeon	StrSheet_Dungeon-00122_Translated.xml	9506003	entity	El comandante ya te est&amp;#225; esperando.
StrSheet_Dungeon	StrSheet_Dungeon-00122_Translated.xml	9506004	entity	&amp;#161;A ver si imitas esto!
StrSheet_Dungeon	StrSheet_Dungeon-00122_Translated.xml	9506005	entity	&amp;#161;Vaya, sabes bailar muy bien!
StrSheet_Dungeon	StrSheet_Dungeon-00122_Translated.xml	9506006	entity	&amp;#161;Nada es m&amp;#225;s alegre que el baile!
StrSheet_Dungeon	StrSheet_Dungeon-00122_Translated.xml	9506007	entity	Yo no bailo. Mi cuerpo se mueve al comp&amp;#225;s.
StrSheet_Dungeon	StrSheet_Dungeon-00122_Translated.xml	9506008	entity	Yo tambi&amp;#233;n quisiera bailar...
StrSheet_Dungeon	StrSheet_Dungeon-00122_Translated.xml	9506009	entity	&amp;#161;El baile es adictivo!
StrSheet_Dungeon	StrSheet_Dungeon-00122_Translated.xml	9506011	entity	&amp;#161;&amp;#191;C&amp;#243;mo es posible?!
StrSheet_Dungeon	StrSheet_Dungeon-00122_Translated.xml	9506012	entity	Una c&amp;#225;lida luz blanca ilumina los alrededores.
StrSheet_Dungeon	StrSheet_Dungeon-00122_Translated.xml	9506101	entity	Oh, est&amp;#225;s cocinando. Se ve delicioso.
StrSheet_Dungeon	StrSheet_Dungeon-00122_Translated.xml	9506102	entity	&amp;#191;Es un juego de azar?
StrSheet_Dungeon	StrSheet_Dungeon-00122_Translated.xml	9506104	entity	&amp;#191;Le echaste un vistazo al Sal&amp;#243;n de banquetes?
StrSheet_Dungeon	StrSheet_Dungeon-00122_Translated.xml	9506105	entity	El comandante se dispone a dar un discurso. Dir&amp;#237;gete hacia el escenario.
StrSheet_Dungeon	StrSheet_Dungeon-00122_Translated.xml	9506106	entity	Aqu&amp;#237;. Espera aqu&amp;#237; un momento.
StrSheet_Dungeon	StrSheet_Dungeon-00122_Translated.xml	9506110	entity	&amp;#161;Mira nada m&amp;#225;s al Popori que est&amp;#225; bailando por all&amp;#225;! &amp;#161;Magn&amp;#237;fico!
StrSheet_Dungeon	StrSheet_Dungeon-00122_Translated.xml	9506111	entity	M&amp;#241;am. &amp;#161;Huele muy bien!
StrSheet_Dungeon	StrSheet_Dungeon-00122_Translated.xml	9506112	entity	Parece divertido, pero no est&amp;#225; exento de peligro.
StrSheet_Dungeon	StrSheet_Dungeon-00122_Translated.xml	9506113	entity	Qu&amp;#233; l&amp;#225;stima que las princesas Arin y Rida no est&amp;#233;n aqu&amp;#237;.
StrSheet_Dungeon	StrSheet_Dungeon-00122_Translated.xml	9506120	entity	&amp;#161;Por fin una buena raz&amp;#243;n para festejar!
StrSheet_Dungeon	StrSheet_Dungeon-00122_Translated.xml	9506121	entity	&amp;#161;Cuento con probarlo un poco m&amp;#225;s tarde!
StrSheet_Dungeon	StrSheet_Dungeon-00122_Translated.xml	9506122	entity	&amp;#161;Creo que podr&amp;#237;a salir bien librado!
StrSheet_Dungeon	StrSheet_Dungeon-00122_Translated.xml	9506123	entity	El lugar est&amp;#225; plagado de gente venida de los cuatro rincones del mundo.
StrSheet_Dungeon	StrSheet_Dungeon-00122_Translated.xml	9506124	entity	S&amp;#237;, hazlo.
StrSheet_Dungeon	StrSheet_Dungeon-00122_Translated.xml	9506125	entity	Tengo curiosidad por ver la obra de teatro que se presentar&amp;#225; despu&amp;#233;s del discurso.
StrSheet_Dungeon	StrSheet_Dungeon-00122_Translated.xml	9506131	entity	&amp;#191;Se puede elegir algo para comer?
StrSheet_Dungeon	StrSheet_Dungeon-00122_Translated.xml	9506134	entity	&amp;#161;S&amp;#237;!
StrSheet_Dungeon	StrSheet_Dungeon-00122_Translated.xml	9506135	entity	&amp;#191;Nunca va a terminar este discurso?
StrSheet_Dungeon	StrSheet_Dungeon-00123_Translated.xml	9507001	entity	Te cruzas con el drag&amp;#243;n responsable de esta terrible serie de eventos.
StrSheet_Dungeon	StrSheet_Dungeon-00123_Translated.xml	9507002	entity	&amp;#191;Es este el fin...?
StrSheet_Dungeon	StrSheet_Dungeon-00123_Translated.xml	9507003	entity	Tengo v&amp;#233;rtigo...
StrSheet_Dungeon	StrSheet_Dungeon-00123_Translated.xml	9507004	entity	Busca el aura de Mystel y &amp;#250;sala antes de morir.
StrSheet_Dungeon	StrSheet_Dungeon-00123_Translated.xml	9507005	entity	El v&amp;#233;rtigo ha desaparecido pero tu visi&amp;#243;n se nubla.
StrSheet_Dungeon	StrSheet_Dungeon-00123_Translated.xml	9507006	entity	&amp;#191;Me habr&amp;#225; protegido el aura de Mystel?
StrSheet_Dungeon	StrSheet_Dungeon-00123_Translated.xml	9507007	entity	El ataque del drag&amp;#243;n negro va a acabar contigo.
StrSheet_Dungeon	StrSheet_Dungeon-00123_Translated.xml	9507008	entity	&amp;#161;Los voy a exterminar!
StrSheet_Dungeon	StrSheet_Dungeon-00124_Translated.xml	9508001	entity	&amp;#161;Ah, aqu&amp;#237; est&amp;#225;s! La persona que provoca todas estas emociones.
StrSheet_Dungeon	StrSheet_Dungeon-00124_Translated.xml	9508002	entity	&amp;#191;Sientes las emociones que han estado profundamente reprimidas?
StrSheet_Dungeon	StrSheet_Dungeon-00124_Translated.xml	9508004	entity	Guardi&amp;#225;n, &amp;#191;por qu&amp;#233; te llaman as&amp;#237;? &amp;#191;Y qui&amp;#233;n te llama as&amp;#237;?
StrSheet_Dungeon	StrSheet_Dungeon-00124_Translated.xml	9508005	entity	Tienes sangre en las manos. &amp;#191;C&amp;#243;mo te atreves a llamarte guardi&amp;#225;n?
StrSheet_Dungeon	StrSheet_Dungeon-00124_Translated.xml	9508006	entity	&amp;#191;Sientes esta tristeza? &amp;#191;Sientes esta ira?
StrSheet_Dungeon	StrSheet_Dungeon-00124_Translated.xml	9508007	entity	No escapar&amp;#225;s. &amp;#161;Jam&amp;#225;s!
StrSheet_Dungeon	StrSheet_Dungeon-00124_Translated.xml	9508011	entity	&amp;#191;Por qu&amp;#233; no me salvaste?
StrSheet_Dungeon	StrSheet_Dungeon-00124_Translated.xml	9508012	entity	&amp;#161;Muere! &amp;#161;Muere! &amp;#161;Pero muera de una vez!
StrSheet_Dungeon	StrSheet_Dungeon-00124_Translated.xml	9508013	entity	&amp;#161;Acortaste mi existencia! &amp;#161;Eres culpable!
StrSheet_Dungeon	StrSheet_Dungeon-00124_Translated.xml	9508014	entity	&amp;#161;Mi oro! &amp;#161;Todo mi oro...! &amp;#161;Todo es tu culpa!
StrSheet_Dungeon	StrSheet_Dungeon-00124_Translated.xml	9508015	entity	Ojal&amp;#225; te sumerjas en la desesperaci&amp;#243;n.
StrSheet_Dungeon	StrSheet_Dungeon-00124_Translated.xml	9508016	entity	&amp;#161;L&amp;#225;tigo cervical!
StrSheet_Dungeon	StrSheet_Dungeon-00124_Translated.xml	9508017	entity	&amp;#161;Sientes una energ&amp;#237;a l&amp;#250;gubre!
StrSheet_Dungeon	StrSheet_Dungeon-00124_Translated.xml	9508018	entity	&amp;#161;La &amp;#250;ltima criatura de las tinieblas apareci&amp;#243; detr&amp;#225;s de ti! &amp;#161;Ten cuidado!
StrSheet_Dungeon	StrSheet_Dungeon-00124_Translated.xml	9508019	entity	La bendici&amp;#243;n de Mystel redujo el tiempo de recarga de tus habilidades de despertar.
StrSheet_Dungeon	StrSheet_Dungeon-00124_Translated.xml	9508023	entity	Tu despertar elimin&amp;#243; el glifo legendario.
StrSheet_Dungeon	StrSheet_Dungeon-00124_Translated.xml	9508024	entity	Observa tus recuerdos que relatan el camino de guardi&amp;#225;n.
StrSheet_Dungeon	StrSheet_Dungeon-00124_Translated.xml	9508028	entity	Elimina la confusi&amp;#243;n con dolor.
StrSheet_Dungeon	StrSheet_Dungeon-00124_Translated.xml	9508030	entity	Cuando est&amp;#233;s listo, habla con tus recuerdos que relatan el camino de guardia.
StrSheet_Dungeon	StrSheet_Dungeon-00124_Translated.xml	9508031	entity	Cuando est&amp;#233;s listo, habla con tus recuerdos de Paesyn.
StrSheet_Dungeon	StrSheet_Dungeon-00124_Translated.xml	9508032	entity	Cuando est&amp;#233;s listo, habla con tus recuerdos de Zolyn.
StrSheet_Dungeon	StrSheet_Dungeon-00124_Translated.xml	9508033	entity	Sientes una energ&amp;#237;a desconocida.
StrSheet_Dungeon	StrSheet_Dungeon-00124_Translated.xml	9508034	entity	Sientes una poderosa energ&amp;#237;a desconocida.
StrSheet_Dungeon	StrSheet_Dungeon-00124_Translated.xml	9508035	entity	Has vencido tu inestabilidad interior y est&amp;#225;s totalmente despierto.
StrSheet_Dungeon	StrSheet_Dungeon-00124_Translated.xml	9508036	entity	La fuerza de la energ&amp;#237;a desconocida crece sin cesar.
StrSheet_Dungeon	StrSheet_Dungeon-00124_Translated.xml	9508039	entity	Has obtenido un t&amp;#237;tulo de despertar.
StrSheet_Dungeon	StrSheet_Dungeon-00125_Translated.xml	9509001	entity	Crrrr... *snif* Se acab&amp;#243; este mundo.
StrSheet_Dungeon	StrSheet_Dungeon-00125_Translated.xml	9509003	entity	El comandante ya te est&amp;#225; esperando.
StrSheet_Dungeon	StrSheet_Dungeon-00125_Translated.xml	9509004	entity	&amp;#161;A ver si imitas esto!
StrSheet_Dungeon	StrSheet_Dungeon-00125_Translated.xml	9509005	entity	&amp;#161;Vaya, sabes bailar muy bien!
StrSheet_Dungeon	StrSheet_Dungeon-00125_Translated.xml	9509006	entity	&amp;#161;Nada es m&amp;#225;s alegre que el baile!
StrSheet_Dungeon	StrSheet_Dungeon-00125_Translated.xml	9509007	entity	Yo no bailo. Mi cuerpo se mueve al comp&amp;#225;s.
StrSheet_Dungeon	StrSheet_Dungeon-00125_Translated.xml	9509008	entity	Yo tambi&amp;#233;n quisiera bailar...
StrSheet_Dungeon	StrSheet_Dungeon-00125_Translated.xml	9509009	entity	&amp;#161;El baile es adictivo!
StrSheet_Dungeon	StrSheet_Dungeon-00125_Translated.xml	9509011	entity	&amp;#161;&amp;#191;C&amp;#243;mo es posible?!
StrSheet_Dungeon	StrSheet_Dungeon-00125_Translated.xml	9509012	entity	Una c&amp;#225;lida luz blanca ilumina los alrededores.
StrSheet_Dungeon	StrSheet_Dungeon-00125_Translated.xml	9509101	entity	Oh, est&amp;#225;s cocinando. Se ve delicioso.
StrSheet_Dungeon	StrSheet_Dungeon-00125_Translated.xml	9509102	entity	&amp;#191;Es un juego de azar?
StrSheet_Dungeon	StrSheet_Dungeon-00125_Translated.xml	9509104	entity	&amp;#191;Le echaste un vistazo al Sal&amp;#243;n de banquetes?
StrSheet_Dungeon	StrSheet_Dungeon-00125_Translated.xml	9509105	entity	El comandante se dispone a dar un discurso. Dir&amp;#237;gete hacia el escenario.
StrSheet_Dungeon	StrSheet_Dungeon-00125_Translated.xml	9509106	entity	Aqu&amp;#237;. Espera aqu&amp;#237; un momento.
StrSheet_Dungeon	StrSheet_Dungeon-00125_Translated.xml	9509110	entity	&amp;#161;Mira nada m&amp;#225;s al Popori que est&amp;#225; bailando por all&amp;#225;! &amp;#161;Magn&amp;#237;fico!
StrSheet_Dungeon	StrSheet_Dungeon-00125_Translated.xml	9509111	entity	M&amp;#241;am. &amp;#161;Huele muy bien!
StrSheet_Dungeon	StrSheet_Dungeon-00125_Translated.xml	9509112	entity	Parece divertido, pero no est&amp;#225; exento de peligro.
StrSheet_Dungeon	StrSheet_Dungeon-00125_Translated.xml	9509113	entity	Qu&amp;#233; l&amp;#225;stima que las princesas Arin y Rida no est&amp;#233;n aqu&amp;#237;.
StrSheet_Dungeon	StrSheet_Dungeon-00125_Translated.xml	9509120	entity	&amp;#161;Por fin una buena raz&amp;#243;n para festejar!
StrSheet_Dungeon	StrSheet_Dungeon-00125_Translated.xml	9509121	entity	&amp;#161;Cuento con probarlo un poco m&amp;#225;s tarde!
StrSheet_Dungeon	StrSheet_Dungeon-00125_Translated.xml	9509122	entity	&amp;#161;Creo que podr&amp;#237;a salir bien librado!
StrSheet_Dungeon	StrSheet_Dungeon-00125_Translated.xml	9509123	entity	El lugar est&amp;#225; plagado de gente venida de los cuatro rincones del mundo.
StrSheet_Dungeon	StrSheet_Dungeon-00125_Translated.xml	9509124	entity	S&amp;#237;, hazlo.
StrSheet_Dungeon	StrSheet_Dungeon-00125_Translated.xml	9509125	entity	Tengo curiosidad por ver la obra de teatro que se presentar&amp;#225; despu&amp;#233;s del discurso.
StrSheet_Dungeon	StrSheet_Dungeon-00125_Translated.xml	9509131	entity	&amp;#191;Se puede elegir algo para comer?
StrSheet_Dungeon	StrSheet_Dungeon-00125_Translated.xml	9509134	entity	&amp;#161;S&amp;#237;!
StrSheet_Dungeon	StrSheet_Dungeon-00125_Translated.xml	9509135	entity	&amp;#191;Nunca va a terminar este discurso?
StrSheet_Dungeon	StrSheet_Dungeon-00126_Translated.xml	9511003	entity	Pasa en tensi&amp;#243;n a Abomigemela al 40&amp;nbsp;% de HP de abominaci&amp;#243;n
StrSheet_Dungeon	StrSheet_Dungeon-00126_Translated.xml	9511006	entity	Los monstruos se est&amp;#225;n acercando.
StrSheet_Dungeon	StrSheet_Dungeon-00126_Translated.xml	9511007	entity	Los monstruos se est&amp;#225;n acercando.
StrSheet_Dungeon	StrSheet_Dungeon-00126_Translated.xml	9511010	entity	Los tent&amp;#225;culos recuperan HP.
StrSheet_Dungeon	StrSheet_Dungeon-00126_Translated.xml	9511013	entity	Thalweg se vuelve m&amp;#225;s fuerte cuando hay Demokrons cerca.
StrSheet_Dungeon	StrSheet_Dungeon-00126_Translated.xml	9511017	entity	Los Demokrons est&amp;#225;n subiendo por el puente.
StrSheet_Dungeon	StrSheet_Dungeon-00126_Translated.xml	9511019	entity	La cueva se est&amp;#225; derrumbando.
StrSheet_Dungeon	StrSheet_Dungeon-00126_Translated.xml	9511020	entity	&amp;#161;Cuidado&amp;nbsp;! Las rocas que caen te aturden moment&amp;#225;neamente.
StrSheet_Dungeon	StrSheet_Dungeon-00126_Translated.xml	9511023	entity	Krakatox invoca tent&amp;#225;culos para atraparte.
StrSheet_Dungeon	StrSheet_Dungeon-00126_Translated.xml	9511025	entity	El campo de batalla se cerrar&amp;#225; en 20 segundos.
StrSheet_Dungeon	StrSheet_Dungeon-00126_Translated.xml	9511026	entity	Thalweg est&amp;#225; en peligro.
StrSheet_Dungeon	StrSheet_Dungeon-00126_Translated.xml	9511028	entity	Thalweg brama para llamar a los Demokrons hacia &amp;#233;l.
StrSheet_Dungeon	StrSheet_Dungeon-00126_Translated.xml	9511029	entity	El Krakatox est&amp;#225; acumulando energ&amp;#237;a.
StrSheet_Dungeon	StrSheet_Dungeon-00126_Translated.xml	9511030	entity	Det&amp;#233;n al Krakatox antes de que termine de acumular energ&amp;#237;a.
StrSheet_Dungeon	StrSheet_Dungeon-00126_Translated.xml	9511031	entity	La cueva se est&amp;#225; derrumbando.
StrSheet_Dungeon	StrSheet_Dungeon-00126_Translated.xml	9511032	entity	El poder de la maldici&amp;#243;n de los Demokrons llena la cueva.
StrSheet_Dungeon	StrSheet_Dungeon-00126_Translated.xml	9511034	entity	Con el tiempo, se vuelve m&amp;#225;s fuerte.
StrSheet_Dungeon	StrSheet_Dungeon-00126_Translated.xml	9511037	entity	El Krakatox ahora puede crear m&amp;#225;s bombas.
StrSheet_Dungeon	StrSheet_Dungeon-00126_Translated.xml	9511038	entity	La energ&amp;#237;a demokron te mata 10 minutos despu&amp;#233;s de empezar el combate.
StrSheet_Dungeon	StrSheet_Dungeon-00127_Translated.xml	9611003	entity	Pasa en tensi&amp;#243;n a Abomigemela al 40&amp;nbsp;% de HP de abominaci&amp;#243;n
StrSheet_Dungeon	StrSheet_Dungeon-00127_Translated.xml	9611006	entity	Los monstruos se est&amp;#225;n acercando.
StrSheet_Dungeon	StrSheet_Dungeon-00127_Translated.xml	9611007	entity	Los monstruos se est&amp;#225;n acercando.
StrSheet_Dungeon	StrSheet_Dungeon-00127_Translated.xml	9611010	entity	Los tent&amp;#225;culos recuperan HP.
StrSheet_Dungeon	StrSheet_Dungeon-00127_Translated.xml	9611013	entity	Thalweg se vuelve m&amp;#225;s fuerte cuando hay Demokrons cerca.
StrSheet_Dungeon	StrSheet_Dungeon-00127_Translated.xml	9611017	entity	Los Demokrons est&amp;#225;n subiendo por el puente.
StrSheet_Dungeon	StrSheet_Dungeon-00127_Translated.xml	9611019	entity	La cueva se est&amp;#225; derrumbando.
StrSheet_Dungeon	StrSheet_Dungeon-00127_Translated.xml	9611020	entity	&amp;#161;Cuidado&amp;nbsp;! Las rocas que caen te aturden moment&amp;#225;neamente.
StrSheet_Dungeon	StrSheet_Dungeon-00127_Translated.xml	9611023	entity	Krakatox invoca tent&amp;#225;culos para atraparte.
StrSheet_Dungeon	StrSheet_Dungeon-00127_Translated.xml	9611026	entity	&amp;#161;Los Demokrons irrumpen por la retaguardia!
StrSheet_Dungeon	StrSheet_Dungeon-00128_Translated.xml	9681001	entity	Tengo v&amp;#233;rtigo. &amp;#191;O es mi imaginaci&amp;#243;n que me juega una mala pasada?
StrSheet_Dungeon	StrSheet_Dungeon-00128_Translated.xml	9681002	entity	&amp;#191;Estoy so&amp;#241;ando?
StrSheet_Dungeon	StrSheet_Dungeon-00128_Translated.xml	9681003	entity	Elimina las mariposas del fragmento de sue&amp;#241;o de Velik y restaura el sue&amp;#241;o.
StrSheet_Dungeon	StrSheet_Dungeon-00128_Translated.xml	9681004	entity	Sue&amp;#241;o de Velik: 1.er nivel de restauraci&amp;#243;n
StrSheet_Dungeon	StrSheet_Dungeon-00128_Translated.xml	9681005	entity	Sue&amp;#241;o de Velik: el 1.er nivel de restauraci&amp;#243;n ha concluido.
StrSheet_Dungeon	StrSheet_Dungeon-00128_Translated.xml	9681006	entity	Sue&amp;#241;o de Velik: 2.&amp;#176; nivel de restauraci&amp;#243;n
StrSheet_Dungeon	StrSheet_Dungeon-00128_Translated.xml	9681007	entity	Sue&amp;#241;o de Velik: el 2.&amp;#176; nivel de restauraci&amp;#243;n ha concluido.
StrSheet_Dungeon	StrSheet_Dungeon-00128_Translated.xml	9681008	entity	Sue&amp;#241;o de Velik: 3.er nivel de restauraci&amp;#243;n
StrSheet_Dungeon	StrSheet_Dungeon-00128_Translated.xml	9681009	entity	Sue&amp;#241;o de Velik: se complet&amp;#243; el 3.er nivel de restauraci&amp;#243;n.
StrSheet_Dungeon	StrSheet_Dungeon-00128_Translated.xml	9681010	entity	&amp;#161;Encontraste todos los fragmentos de sue&amp;#241;o y viste el sue&amp;#241;o de Velik en su totalidad!
StrSheet_Dungeon	StrSheet_Dungeon-00128_Translated.xml	9681012	entity	&amp;#191;La aparici&amp;#243;n de Ciebel ser&amp;#237;a realmente peligrosa para la diosa Velik?
StrSheet_Dungeon	StrSheet_Dungeon-00128_Translated.xml	9681013	entity	Ya no tengo v&amp;#233;rtigo.
StrSheet_Dungeon	StrSheet_Dungeon-00128_Translated.xml	9681014	entity	&amp;#161;Y ahora vuelve a darme v&amp;#233;rtigo!
StrSheet_Dungeon	StrSheet_Dungeon-00128_Translated.xml	9681015	entity	&amp;#191;Por qu&amp;#233; cargaron a los monstruos enfermos en el carro?
StrSheet_Dungeon	StrSheet_Dungeon-00129_Translated.xml	9710001	entity	&amp;#161;La entrada se cerrar&amp;#225; pronto!
StrSheet_Dungeon	StrSheet_Dungeon-00129_Translated.xml	9710002	entity	El dispositivo de control no fue destruido a tiempo. Onyx Hydra lanza un poderoso ataque m&amp;#225;gico.
StrSheet_Dungeon	StrSheet_Dungeon-00129_Translated.xml	9710003	entity	Se est&amp;#225; comprimiendo magia poderosa en el dispositivo de control. Destruye el dispositivo de control.
StrSheet_Dungeon	StrSheet_Dungeon-00129_Translated.xml	9710004	entity	La zona de combate pronto se cubrir&amp;#225; de magia.
StrSheet_Dungeon	StrSheet_Dungeon-00129_Translated.xml	9710005	entity	Percibes la magia mal&amp;#233;fica que te abruma.
StrSheet_Dungeon	StrSheet_Dungeon-00129_Translated.xml	9710006	entity	Onyx Hydra entra en estado de frenes&amp;#237;.
StrSheet_Dungeon	StrSheet_Dungeon-00129_Translated.xml	9710008	entity	&amp;#161;C&amp;#243;mo osan entrar en estos lugares? &amp;#161;Los exterminar&amp;#233; a todos!
StrSheet_Dungeon	StrSheet_Dungeon-00129_Translated.xml	9710009	entity	Los alrededores pronto se cubrir&amp;#225;n de magia.
StrSheet_Dungeon	StrSheet_Dungeon-00129_Translated.xml	9710010	entity	&amp;#161;No ser&amp;#225; f&amp;#225;cil!
StrSheet_Dungeon	StrSheet_Dungeon-00129_Translated.xml	9710011	entity	La maldici&amp;#243;n se transfiri&amp;#243; a otra persona.
StrSheet_Dungeon	StrSheet_Dungeon-00129_Translated.xml	9710012	entity	&amp;#161;Se reunieron las perlas! &amp;#161;Pronto ocurrir&amp;#225; una poderosa explosi&amp;#243;n!
StrSheet_Dungeon	StrSheet_Dungeon-00129_Translated.xml	9710013	entity	Se invocan artificieros a trav&amp;#233;s de la gigantesca Puerta Dimensional.
StrSheet_Dungeon	StrSheet_Dungeon-00129_Translated.xml	9710014	entity	&amp;#161;La cantidad de perlas no ha cambiado! &amp;#161;Pronto ocurrir&amp;#225; una poderosa explosi&amp;#243;n!
StrSheet_Dungeon	StrSheet_Dungeon-00129_Translated.xml	9710015	entity	Alegr&amp;#237;a de Molorkh
StrSheet_Dungeon	StrSheet_Dungeon-00129_Translated.xml	9710016	entity	&amp;#161;Molorkh se regocija!
StrSheet_Dungeon	StrSheet_Dungeon-00129_Translated.xml	9710017	entity	&amp;#161;Molorkh est&amp;#225; est&amp;#225;tico!
StrSheet_Dungeon	StrSheet_Dungeon-00129_Translated.xml	9710018	entity	&amp;#161;Molorkh est&amp;#225; furioso!
StrSheet_Dungeon	StrSheet_Dungeon-00129_Translated.xml	9710019	entity	&amp;#161;Molorkh est&amp;#225; lleno de Rage!
StrSheet_Dungeon	StrSheet_Dungeon-00129_Translated.xml	9710020	entity	&amp;#161;Por favor, detengan al ej&amp;#233;rcito mal&amp;#233;fico de Lakan! Buena suerte...
StrSheet_Dungeon	StrSheet_Dungeon-00129_Translated.xml	9710021	entity	&amp;#161;Qu&amp;#233; bestias tan aturdidoras. &amp;#161;Personalmente les voy a dar su merecido!
StrSheet_Dungeon	StrSheet_Dungeon-00129_Translated.xml	9710023	entity	La puerta se cerrar&amp;#225; en 10 segundos.
StrSheet_Dungeon	StrSheet_Dungeon-00129_Translated.xml	9710025	entity	&amp;#161;Miserables! &amp;#191;De verdad lograron avanzar hasta aqu&amp;#237;?
StrSheet_Dungeon	StrSheet_Dungeon-00129_Translated.xml	9710026	entity	Si la alegr&amp;#237;a de Molorkh llega a 0 o 100, todos los miembros del grupo mueren.
StrSheet_Dungeon	StrSheet_Dungeon-00130_Translated.xml	9711003	entity	Cambia a tensi&amp;#243;n Abomijumelle al 40% de HP de abominaci&amp;#243;n
StrSheet_Dungeon	StrSheet_Dungeon-00130_Translated.xml	9711006	entity	Los monstruos se est&amp;#225;n acercando.
StrSheet_Dungeon	StrSheet_Dungeon-00130_Translated.xml	9711007	entity	Los monstruos se est&amp;#225;n acercando.
StrSheet_Dungeon	StrSheet_Dungeon-00130_Translated.xml	9711008	entity	Inmunidad contra el da&amp;#241;o cuerpo a cuerpo en 5 segundos
StrSheet_Dungeon	StrSheet_Dungeon-00130_Translated.xml	9711010	entity	Los tent&amp;#225;culos recuperan HP.
StrSheet_Dungeon	StrSheet_Dungeon-00130_Translated.xml	9711013	entity	Thalweg se vuelve m&amp;#225;s fuerte cuando hay Demokrons cerca.
StrSheet_Dungeon	StrSheet_Dungeon-00130_Translated.xml	9711017	entity	Los Demokrons est&amp;#225;n subiendo por el puente.
StrSheet_Dungeon	StrSheet_Dungeon-00130_Translated.xml	9711019	entity	La cueva se est&amp;#225; derrumbando.
StrSheet_Dungeon	StrSheet_Dungeon-00130_Translated.xml	9711020	entity	&amp;#161;Tengan cuidado! Las rocas que caen los aturden moment&amp;#225;neamente.
StrSheet_Dungeon	StrSheet_Dungeon-00130_Translated.xml	9711023	entity	Krakatox invoca tent&amp;#225;culos para atraparte.
StrSheet_Dungeon	StrSheet_Dungeon-00130_Translated.xml	9711025	entity	El campo de batalla se cerrar&amp;#225; en 20 segundos.
StrSheet_Dungeon	StrSheet_Dungeon-00131_Translated.xml	9713001	entity	&amp;#161;Guardi&amp;#225;n, ven corriendo y prot&amp;#233;geme!
StrSheet_Dungeon	StrSheet_Dungeon-00131_Translated.xml	9713002	entity	&amp;#161;Prot&amp;#233;geme, mi guardi&amp;#225;n!
StrSheet_Dungeon	StrSheet_Dungeon-00131_Translated.xml	9713003	entity	&amp;#161;La absorci&amp;#243;n del guardi&amp;#225;n vuelve inestable a Banyakas!
StrSheet_Dungeon	StrSheet_Dungeon-00131_Translated.xml	9713004	entity	&amp;#161;No pueden derrotarme!
StrSheet_Dungeon	StrSheet_Dungeon-00131_Translated.xml	9713006	entity	Banyakas se calma una vez que la Piedra de la soberan&amp;#237;a es destruida.
StrSheet_Dungeon	StrSheet_Dungeon-00131_Translated.xml	9713008	entity	Prot&amp;#233;geme mientras recupero fuerzas.
StrSheet_Dungeon	StrSheet_Dungeon-00131_Translated.xml	9713009	entity	&amp;#161;Repelen a los guardianes oscuros!
StrSheet_Dungeon	StrSheet_Dungeon-00131_Translated.xml	9713010	entity	El guardi&amp;#225;n ha recuperado el 25 % de su HP.
StrSheet_Dungeon	StrSheet_Dungeon-00131_Translated.xml	9713011	entity	El guardi&amp;#225;n ha recuperado el 50 % de su HP.
StrSheet_Dungeon	StrSheet_Dungeon-00131_Translated.xml	9713012	entity	El guardi&amp;#225;n ha recuperado el 75 % de su HP.
StrSheet_Dungeon	StrSheet_Dungeon-00131_Translated.xml	9713013	entity	&amp;#161;El guardi&amp;#225;n ha recuperado completamente su HP!
StrSheet_Dungeon	StrSheet_Dungeon-00131_Translated.xml	9713014	entity	&amp;#161;Me he despertado!
StrSheet_Dungeon	StrSheet_Dungeon-00131_Translated.xml	9713015	entity	&amp;#161;El guardi&amp;#225;n oscuro entra en una Rage desatada!
StrSheet_Dungeon	StrSheet_Dungeon-00131_Translated.xml	9713018	entity	&amp;#161;No se pongan en nuestro camino!
StrSheet_Dungeon	StrSheet_Dungeon-00131_Translated.xml	9713019	entity	&amp;#161;He reunido suficiente fuerza para destruir la piedra de la soberan&amp;#237;a!
StrSheet_Dungeon	StrSheet_Dungeon-00131_Translated.xml	9713020	entity	&amp;#161;Has protegido al guardi&amp;#225;n!
StrSheet_Dungeon	StrSheet_Dungeon-00131_Translated.xml	9713022	entity	Banyakas est&amp;#225; gravemente herido y deja de moverse.
StrSheet_Dungeon	StrSheet_Dungeon-00131_Translated.xml	9713023	entity	Un zancohongo loco aparece mientras la piedra de la soberan&amp;#237;a se hace a&amp;#241;icos.
StrSheet_Dungeon	StrSheet_Dungeon-00131_Translated.xml	9713029	entity	El &amp;#250;ltimo protector de Banyakas va a ser reducido a la esclavitud. Debemos hacer algo.
StrSheet_Dungeon	StrSheet_Dungeon-00131_Translated.xml	9713030	entity	&amp;#191;Pueden cuidar al protector mientras recupera fuerzas? Est&amp;#225; detr&amp;#225;s de m&amp;#237;. &amp;#161;D&amp;#225;se prisa!
StrSheet_Dungeon	StrSheet_Dungeon-00131_Translated.xml	9713031	entity	El guardi&amp;#225;n oscuro colapsa cuando la piedra de soberan&amp;#237;a es destruida.
StrSheet_Dungeon	StrSheet_Dungeon-00131_Translated.xml	9713032	entity	La entrada se cerrar&amp;#225; pronto.
StrSheet_Dungeon	StrSheet_Dungeon-00131_Translated.xml	9713033	entity	&amp;#161;El portero ha sido derrotado!
StrSheet_Dungeon	StrSheet_Dungeon-00131_Translated.xml	9713034	entity	&amp;#161;El guardi&amp;#225;n ha sido derrotado!
StrSheet_Dungeon	StrSheet_Dungeon-00131_Translated.xml	9713035	entity	&amp;#161;Alto! &amp;#161;Basta ya!
StrSheet_Dungeon	StrSheet_Dungeon-00131_Translated.xml	9713036	entity	&amp;#161;Ahora que la piedra de soberan&amp;#237;a est&amp;#225; rota, Banyakas deber&amp;#237;a recuperar la raz&amp;#243;n pronto!
StrSheet_Dungeon	StrSheet_Dungeon-00131_Translated.xml	9713037	entity	Gracias por proteger nuestro bosque. Perm&amp;#237;tanme entregarles este humilde presente de parte de Banyakas.
StrSheet_Dungeon	StrSheet_Dungeon-00131_Translated.xml	9713038	entity	Ahora que la piedra de soberan&amp;#237;a est&amp;#225; rota, Banyakas recuperar&amp;#225; la raz&amp;#243;n pronto.
StrSheet_Dungeon	StrSheet_Dungeon-00131_Translated.xml	9713039	entity	Perm&amp;#237;tanme entregarles este humilde presente de parte de Banyakas.
StrSheet_Dungeon	StrSheet_Dungeon-00131_Translated.xml	9713041	entity	Incluso con sus mentes bajo el efecto de un hechizo, el portero y el guardi&amp;#225;n intentaron proteger a Banyakas. Los extra&amp;#241;aremos.
StrSheet_Dungeon	StrSheet_Dungeon-00131_Translated.xml	9713042	entity	&amp;#161;Oleada en camino!
StrSheet_Dungeon	StrSheet_Dungeon-00132_Translated.xml	7201000	entity	S&amp;#237;
StrSheet_Dungeon	StrSheet_Dungeon-00132_Translated.xml	7203002	entity	&amp;#161;Har&amp;#233; explotar la magia que vive en ustedes!
StrSheet_Dungeon	StrSheet_Dungeon-00132_Translated.xml	7204000	entity	La entrada se cerrar&amp;#225; pronto.
StrSheet_Dungeon	StrSheet_Dungeon-00132_Translated.xml	7205000	entity	Aqu&amp;#237; es donde comienza la zona de alta seguridad. Las medidas de seguridad se han reforzado.
StrSheet_Dungeon	StrSheet_Dungeon-00133_Translated.xml	9724004	entity	Si el combate dura m&amp;#225;s de 10 minutos, Kaprima entrar&amp;#225; en un estado de Rage feroz.
StrSheet_Dungeon	StrSheet_Dungeon-00133_Translated.xml	9724006	entity	Kaprima entra en una Rage f&amp;#233;roce.
StrSheet_Dungeon	StrSheet_Dungeon-00133_Translated.xml	9724007	entity	El t&amp;#243;tem maldito aparece.
StrSheet_Dungeon	StrSheet_Dungeon-00133_Translated.xml	9724008	entity	La c&amp;#225;mara secreta se abre.
StrSheet_Dungeon	StrSheet_Dungeon-00134_Translated.xml	9725002	entity	El aura de poder del g&amp;#243;lem se activa.
StrSheet_Dungeon	StrSheet_Dungeon-00134_Translated.xml	9725003	entity	La m&amp;#225;quina de mantenimiento del g&amp;#243;lem se activa.
StrSheet_Dungeon	StrSheet_Dungeon-00134_Translated.xml	9725004	entity	La m&amp;#225;quina de producci&amp;#243;n del g&amp;#243;lem se activa.
StrSheet_Dungeon	StrSheet_Dungeon-00134_Translated.xml	9725005	entity	La secci&amp;#243;n izquierda recibir&amp;#225; energ&amp;#237;a en unos minutos.
StrSheet_Dungeon	StrSheet_Dungeon-00134_Translated.xml	9725006	entity	Se corta la energ&amp;#237;a de la secci&amp;#243;n izquierda.
StrSheet_Dungeon	StrSheet_Dungeon-00134_Translated.xml	9725007	entity	La secci&amp;#243;n derecha recibir&amp;#225; energ&amp;#237;a en unos minutos.
StrSheet_Dungeon	StrSheet_Dungeon-00134_Translated.xml	9725008	entity	Se corta la energ&amp;#237;a de la secci&amp;#243;n derecha.
StrSheet_Dungeon	StrSheet_Dungeon-00134_Translated.xml	9725010	entity	Prep&amp;#225;rate para el segundo nivel.
StrSheet_Dungeon	StrSheet_Dungeon-00134_Translated.xml	9725011	entity	Prep&amp;#225;rate para el tercer nivel.
StrSheet_Dungeon	StrSheet_Dungeon-00134_Translated.xml	9725016	entity	M&amp;#225;s guardianes se acercan.
StrSheet_Dungeon	StrSheet_Dungeon-00134_Translated.xml	9725017	entity	M&amp;#225;s guardianes se acercan.
StrSheet_Dungeon	StrSheet_Dungeon-00134_Translated.xml	9725019	entity	Auricadis re&amp;#250;ne poder para atacar.
StrSheet_Dungeon	StrSheet_Dungeon-00134_Translated.xml	9725021	entity	Has fracasado. Int&amp;#233;ntalo de nuevo.
StrSheet_Dungeon	StrSheet_Dungeon-00134_Translated.xml	9725022	entity	El guardi&amp;#225;n absorbe toda la energ&amp;#237;a.
StrSheet_Dungeon	StrSheet_Dungeon-00135_Translated.xml	9735001	entity	&amp;#161;El telepuerto cerrar&amp;#225; pronto!
StrSheet_Dungeon	StrSheet_Dungeon-00135_Translated.xml	9735200	entity	El proceso de eliminaci&amp;#243;n de productos defectuosos est&amp;#225; activado...
StrSheet_Dungeon	StrSheet_Dungeon-00135_Translated.xml	9735301	entity	Protocolo de an&amp;#225;lisis t&amp;#233;rmico: transmitiendo...
StrSheet_Dungeon	StrSheet_Dungeon-00135_Translated.xml	9735307	entity	&amp;#191;De verdad cre&amp;#237;an que estaba muerto?
StrSheet_Dungeon	StrSheet_Dungeon-00135_Translated.xml	9735308	entity	&amp;#161;Advertencia! Transmisi&amp;#243;n de protocolo no v&amp;#225;lida: fallo al denegar el acceso.
StrSheet_Dungeon	StrSheet_Dungeon-00135_Translated.xml	9735309	entity	Advertencia del sistema: el dispositivo de protecci&amp;#243;n de la piedra m&amp;#225;gica ha sido eliminado.
StrSheet_Dungeon	StrSheet_Dungeon-00135_Translated.xml	9735310	entity	Error al activar la matriz de transmisi&amp;#243;n de energ&amp;#237;a...
StrSheet_Dungeon	StrSheet_Dungeon-00135_Translated.xml	9735311	entity	Restauraci&amp;#243;n del sistema: protocolo de an&amp;#225;lisis t&amp;#233;rmico
StrSheet_Dungeon	StrSheet_Dungeon-00135_Translated.xml	9735312	entity	Error del sistema: protocolo de an&amp;#225;lisis t&amp;#233;rmico
StrSheet_Dungeon	StrSheet_Dungeon-00135_Translated.xml	9735313	entity	El supresor de campo magn&amp;#233;tico est&amp;#225; activado.
StrSheet_Dungeon	StrSheet_Dungeon-00135_Translated.xml	9735314	entity	Todos los supresores de campo magn&amp;#233;tico est&amp;#225;n activados.
StrSheet_Dungeon	StrSheet_Dungeon-00135_Translated.xml	9735401	entity	&amp;#161;No me molestes!
StrSheet_Dungeon	StrSheet_Dungeon-00135_Translated.xml	9735402	entity	&amp;#161;Ac&amp;#233;rcate, Ventaron!
StrSheet_Dungeon	StrSheet_Dungeon-00135_Translated.xml	9735403	entity	Maldici&amp;#243;n, &amp;#161;Ventaron no es suficiente por s&amp;#237; solo!
StrSheet_Dungeon	StrSheet_Dungeon-00135_Translated.xml	9735404	entity	&amp;#161;Los voy a exterminar aqu&amp;#237; mismo!
StrSheet_Dungeon	StrSheet_Dungeon-00135_Translated.xml	9735405	entity	Deben esquivar los rayos l&amp;#225;ser y activar el supresor de campo magn&amp;#233;tico.
StrSheet_Dungeon	StrSheet_Dungeon-00135_Translated.xml	9735406	entity	&amp;#161;Maldici&amp;#243;n! &amp;#161;Son tan molestos como las cucarachas!
StrSheet_Dungeon	StrSheet_Dungeon-00135_Translated.xml	9735407	entity	&amp;#161;Ac&amp;#233;rcate, Hexapleion!
StrSheet_Dungeon	StrSheet_Dungeon-00136_Translated.xml	9739201	entity	La catapulta ubicada en el norte est&amp;#225; activada.
StrSheet_Dungeon	StrSheet_Dungeon-00136_Translated.xml	9739202	entity	La catapulta ubicada en el este est&amp;#225; activada.
StrSheet_Dungeon	StrSheet_Dungeon-00136_Translated.xml	9739203	entity	La catapulta ubicada en el sur est&amp;#225; activada.
StrSheet_Dungeon	StrSheet_Dungeon-00136_Translated.xml	9739204	entity	La catapulta ubicada en el oeste est&amp;#225; activada.
StrSheet_Dungeon	StrSheet_Dungeon-00136_Translated.xml	9739401	entity	Ya recolectamos suficiente, &amp;#191;no?
StrSheet_Dungeon	StrSheet_Dungeon-00136_Translated.xml	9739403	entity	&amp;#161;Ja, ja, ja! &amp;#161;Hay un intruso!
StrSheet_Dungeon	StrSheet_Dungeon-00136_Translated.xml	9739404	entity	&amp;#161;Oh no! &amp;#161;Vamos, Karabus! &amp;#161;Exterminen a todos!
StrSheet_Dungeon	StrSheet_Dungeon-00136_Translated.xml	9739405	entity	&amp;#161;Estos tipos son muy duros!
StrSheet_Dungeon	StrSheet_Dungeon-00136_Translated.xml	9739406	entity	&amp;#161;Tormentum! &amp;#161;Oc&amp;#250;pense de ellos!
StrSheet_Dungeon	StrSheet_Dungeon-00137_Translated.xml	9750001	entity	El HP m&amp;#225;ximo aumenta un 20 %.
StrSheet_Dungeon	StrSheet_Dungeon-00137_Translated.xml	9750003	entity	&lt;font size='30'&gt;La zona de combate se est&amp;#225; cerrando.&lt;/font&gt;
StrSheet_Dungeon	StrSheet_Dungeon-00137_Translated.xml	9750004	entity	&lt;font size='30'&gt;Destruye la piedra m&amp;#225;gica y elige uno de los tres caminos.&lt;/font&gt;
StrSheet_Dungeon	StrSheet_Dungeon-00137_Translated.xml	9750009	entity	La alta acidez de la zona te est&amp;#225; sofocando.
StrSheet_Dungeon	StrSheet_Dungeon-00137_Translated.xml	9750012	entity	Elimina a todos los insect&amp;#237;voros en un plazo de 15 segundos.
StrSheet_Dungeon	StrSheet_Dungeon-00137_Translated.xml	9750013	entity	No has eliminado a todos los insect&amp;#237;voros, por lo que Yativio lanzar&amp;#225; un ataque de &amp;#225;rea.
StrSheet_Dungeon	StrSheet_Dungeon-00137_Translated.xml	9750014	entity	Ha aparecido la flor de Montauciel. Elim&amp;#237;nala para librar de veneno a todos los miembros del grupo.
StrSheet_Dungeon	StrSheet_Dungeon-00137_Translated.xml	9750015	entity	Durante 40 segundos, todos los rayos caer&amp;#225;n sobre el pararrayos.
StrSheet_Dungeon	StrSheet_Dungeon-00137_Translated.xml	9750016	entity	&amp;#161;Ha aparecido el Tuberelle berserker! &amp;#161;La explosi&amp;#243;n de Tuberelle inflige da&amp;#241;o a Yativio!
StrSheet_Dungeon	StrSheet_Dungeon-00137_Translated.xml	9750017	entity	Puedes eliminar las placas &amp;#225;cidas de Vesporax usando urnas de bombas de agua.
StrSheet_Dungeon	StrSheet_Dungeon-00137_Translated.xml	9750019	entity	Caen rayos del cielo. Si te alcanza un rayo mientras est&amp;#225;s cubierto de polvo, sufrir&amp;#225;s quemaduras.
StrSheet_Dungeon	StrSheet_Dungeon-00137_Translated.xml	9750021	entity	El veneno de Yativio es extremadamente potente. Al d&amp;#233;cimo acumulaci&amp;#243;n, mueres.
StrSheet_Dungeon	StrSheet_Dungeon-00137_Translated.xml	9750022	entity	Te beneficias de la gracia de la resurrecci&amp;#243;n.
StrSheet_Dungeon	StrSheet_Dungeon-00137_Translated.xml	9750023	entity	El factor de golpe cr&amp;#237;tico aumenta en 10&amp;#160;%.
StrSheet_Dungeon	StrSheet_Dungeon-00137_Translated.xml	9750024	entity	El tiempo de recarga de las habilidades disminuye en 5&amp;#160;%.
StrSheet_Dungeon	StrSheet_Dungeon-00138_Translated.xml	975401	entity	&lt;font size='50'&gt;El agua est&amp;#225; inundando la habitaci&amp;#243;n.&lt;/font&gt;
StrSheet_Dungeon	StrSheet_Dungeon-00138_Translated.xml	975402	entity	&lt;font size='50'&gt;La entrada se cerrar&amp;#225; en 5 segundos.&lt;/font&gt;
StrSheet_Dungeon	StrSheet_Dungeon-00138_Translated.xml	975404	entity	&amp;#161;No! &amp;#161;Ni una pizca de espacio personal!
StrSheet_Dungeon	StrSheet_Dungeon-00138_Translated.xml	975405	entity	&amp;#161;Un poco de concentraci&amp;#243;n!
StrSheet_Dungeon	StrSheet_Dungeon-00139_Translated.xml	975601	entity	&lt;font size='30'&gt;El orbe destruido del Drag&amp;#243;n pronto explotar&amp;#225;.&lt;/font&gt;
StrSheet_Dungeon	StrSheet_Dungeon-00139_Translated.xml	975602	entity	&lt;font size='30'&gt;El poder del orbe rodea al Drag&amp;#243;n blanco.&lt;/font&gt;
StrSheet_Dungeon	StrSheet_Dungeon-00139_Translated.xml	975603	entity	&lt;font size='30'&gt;El orbe del Drag&amp;#243;n comienza a nublarte la mente.&lt;/font&gt;
StrSheet_Dungeon	StrSheet_Dungeon-00139_Translated.xml	975605	entity	&lt;font size='30'&gt;La zona de combate se bloquear&amp;#225; en 10 segundos.&lt;/font&gt;
StrSheet_Dungeon	StrSheet_Dungeon-00139_Translated.xml	975606	entity	&lt;font size='30'&gt;Reaparecer&amp;#225; en 3 segundos&lt;/font&gt;
StrSheet_Dungeon	StrSheet_Dungeon-00139_Translated.xml	975609	entity	&lt;font size='30'&gt;La Piedra m&amp;#225;gica de protecci&amp;#243;n ya est&amp;#225; activa&lt;/font&gt;
StrSheet_Dungeon	StrSheet_Dungeon-00139_Translated.xml	975610	entity	&lt;font size='30'&gt;El esp&amp;#237;ritu se desvanece y desaparece&lt;/font&gt;
StrSheet_Dungeon	StrSheet_Dungeon-00139_Translated.xml	975611	entity	&lt;font size='30'&gt;Se forma un puente transparente m&amp;#225;s all&amp;#225; del p&amp;#243;rtico.&lt;/font&gt;
StrSheet_Dungeon	StrSheet_Dungeon-00140_Translated.xml	9757001	entity	Las barras se elevar&amp;#225;n en 30 segundos.
StrSheet_Dungeon	StrSheet_Dungeon-00140_Translated.xml	9757006	entity	&amp;#161;Cast&amp;#237;galos, Magnarox! &amp;#161;Usa mi poder!
StrSheet_Dungeon	StrSheet_Dungeon-00140_Translated.xml	9757007	entity	Mientras los demokrons debilitan a Th&amp;#233;olyte, Magnarox se vuelve m&amp;#225;s poderoso.
StrSheet_Dungeon	StrSheet_Dungeon-00140_Translated.xml	9757008	entity	La entrada se cerrar&amp;#225; en 10 segundos.
StrSheet_Dungeon	StrSheet_Dungeon-00140_Translated.xml	9757010	entity	Enti&amp;#233;rrenme... con honores...
StrSheet_Dungeon	StrSheet_Dungeon-00140_Translated.xml	9757011	entity	&amp;#161;Tienen que detenerme!
StrSheet_Dungeon	StrSheet_Dungeon-00140_Translated.xml	9757012	entity	Esta es mi &amp;#250;ltima pizca de poder...
StrSheet_Dungeon	StrSheet_Dungeon-00140_Translated.xml	9757013	entity	&amp;#161;La devoci&amp;#243;n de mis disc&amp;#237;pulos aumenta mi poder!
StrSheet_Dungeon	StrSheet_Dungeon-00141_Translated.xml	9759001	entity	&amp;#161;Esta ser&amp;#225; su tumba!
StrSheet_Dungeon	StrSheet_Dungeon-00141_Translated.xml	9759002	entity	Viyor absorbe la energ&amp;#237;a de los esp&amp;#237;ritus.
StrSheet_Dungeon	StrSheet_Dungeon-00141_Translated.xml	9759003	entity	Las casillas del suelo se activar&amp;#225;n en 15 segundos.
StrSheet_Dungeon	StrSheet_Dungeon-00141_Translated.xml	9759004	entity	Explosi&amp;#243;n de almas
StrSheet_Dungeon	StrSheet_Dungeon-00141_Translated.xml	9759005	entity	&amp;#161;Todos los seres vivos ser&amp;#225;n aniquilados si no impiden la explosi&amp;#243;n!
StrSheet_Dungeon	StrSheet_Dungeon-00141_Translated.xml	9759006	entity	&lt;font size='50'&gt;&amp;#161;Impedir&amp;#233; la explosi&amp;#243;n de almas!&amp;nbsp;&lt;/font&gt;
StrSheet_Dungeon	StrSheet_Dungeon-00141_Translated.xml	9759007	entity	&lt;font size='50'&gt;&amp;#161;No! &amp;#161;Ser&amp;#225; imposible impedir la explosi&amp;#243;n de almas si caigo...&lt;/font&gt;
StrSheet_Dungeon	StrSheet_Dungeon-00141_Translated.xml	9759008	entity	&amp;#161;He fracasado!
StrSheet_Dungeon	StrSheet_Dungeon-00141_Translated.xml	9759009	entity	&amp;#161;Har&amp;#233; explotar el alma de Rokdos y lo aniquilar&amp;#233; todo!
StrSheet_Dungeon	StrSheet_Dungeon-00141_Translated.xml	9759010	entity	Hasta entonces, el alma de Rokdos se encargar&amp;#225; de ustedes.
StrSheet_Dungeon	StrSheet_Dungeon-00141_Translated.xml	9759011	entity	&amp;#191;De verdad pensaban que esto terminaba aqu&amp;#237;?
StrSheet_Dungeon	StrSheet_Dungeon-00141_Translated.xml	9759012	entity	&amp;#161;Viyor, despierta! &amp;#161;Det&amp;#233;nganlos!
StrSheet_Dungeon	StrSheet_Dungeon-00141_Translated.xml	9759013	entity	Todos se arrodillar&amp;#225;n ante el Maestro Desolarus...
StrSheet_Dungeon	StrSheet_Dungeon-00141_Translated.xml	9759014	entity	&amp;#161;La muerte les aguarda!
StrSheet_Dungeon	StrSheet_Dungeon-00141_Translated.xml	9759015	entity	&amp;#161;La entrada se cerrar&amp;#225; pronto!&amp;nbsp;
StrSheet_Dungeon	StrSheet_Dungeon-00142_Translated.xml	9760001	entity	&amp;#161;Los soldados kamikazes se dirigen hacia los montones de bombas! Rompe un barril de roble y usa las esporas incandescentes para eliminarlos.
StrSheet_Dungeon	StrSheet_Dungeon-00142_Translated.xml	9760002	entity	&amp;#161;Los soldados kamikazes se dirigen hacia las cajas de p&amp;#243;lvora! Rompe un barril de roble y usa las esporas incandescentes para eliminarlos.
StrSheet_Dungeon	StrSheet_Dungeon-00142_Translated.xml	9760003	entity	&amp;#161;Los soldados kamikazes se dirigen hacia los barriles de vino! Rompe un barril de roble y usa las esporas incandescentes para eliminarlos.
StrSheet_Dungeon	StrSheet_Dungeon-00142_Translated.xml	9760004	entity	&amp;#161;Los soldados kamikazes se dirigen hacia los barriles de aceite! Rompe un barril de roble y usa las esporas incandescentes para eliminarlos.
StrSheet_Dungeon	StrSheet_Dungeon-00142_Translated.xml	9760005	entity	&amp;#161;Polyphemus lanza una bomba de tiempo!
StrSheet_Dungeon	StrSheet_Dungeon-00142_Translated.xml	9760007	entity	&amp;#161;Kalivan prepara un ataque el&amp;#233;ctrico! &amp;#161;Ref&amp;#250;giate junto a un pararrayos!
StrSheet_Dungeon	StrSheet_Dungeon-00142_Translated.xml	9760008	entity	&amp;#161;Pepero refuerza sus tropas!
StrSheet_Dungeon	StrSheet_Dungeon-00142_Translated.xml	9760009	entity	&amp;#161;Pepero hace tambalear el barco!
StrSheet_Dungeon	StrSheet_Dungeon-00142_Translated.xml	9760010	entity	&amp;#161;Polyphemus se apronta para saltar! Atr&amp;#225;elo hacia un Soldat du pont.
StrSheet_Dungeon	StrSheet_Dungeon-00142_Translated.xml	9760011	entity	&amp;#161;Una explosi&amp;#243;n da&amp;#241;&amp;#243; el barco!
StrSheet_Dungeon	StrSheet_Dungeon-00142_Translated.xml	9760012	entity	&amp;#161;Una explosi&amp;#243;n da&amp;#241;&amp;#243; el barco!
StrSheet_Dungeon	StrSheet_Dungeon-00142_Translated.xml	9760013	entity	&amp;#161;Una explosi&amp;#243;n da&amp;#241;&amp;#243; el barco!
StrSheet_Dungeon	StrSheet_Dungeon-00142_Translated.xml	9760014	entity	&amp;#161;Una explosi&amp;#243;n da&amp;#241;&amp;#243; el barco!
StrSheet_Dungeon	StrSheet_Dungeon-00142_Translated.xml	9760015	entity	&amp;#161;Se destruyeron todas las reservas. &amp;#161;El barco se hunde!
StrSheet_Dungeon	StrSheet_Dungeon-00142_Translated.xml	9760016	entity	&amp;#161;Prep&amp;#225;rate para un asalto masivo!
StrSheet_Dungeon	StrSheet_Dungeon-00142_Translated.xml	9760017	entity	&amp;#161;Cuidado!
StrSheet_Dungeon	StrSheet_Dungeon-00142_Translated.xml	9760018	entity	&amp;#161;La entrada se cerrar&amp;#225; en 10 segundos!
StrSheet_Dungeon	StrSheet_Dungeon-00142_Translated.xml	9760019	entity	&amp;#161;Sobrecarga!
StrSheet_Dungeon	StrSheet_Dungeon-00143_Translated.xml	9766001	entity	Ves a la tripulaci&amp;#243;n y a los pasajeros heridos tendidos en el muelle.
StrSheet_Dungeon	StrSheet_Dungeon-00143_Translated.xml	9766004	entity	&amp;#161;Adelante!
StrSheet_Dungeon	StrSheet_Dungeon-00143_Translated.xml	9766006	entity	El esfuerzo de la batalla est&amp;#225; despedazando el barco.
StrSheet_Dungeon	StrSheet_Dungeon-00143_Translated.xml	9766009	entity	&amp;#161;El artificiero ha muerto! &amp;#161;Mulmok est&amp;#225; furioso!
StrSheet_Dungeon	StrSheet_Dungeon-00143_Translated.xml	9766010	entity	Mulmok est&amp;#225; furioso.
StrSheet_Dungeon	StrSheet_Dungeon-00143_Translated.xml	9766011	entity	&amp;#161;El mar devuelve a sus muertos!
StrSheet_Dungeon	StrSheet_Dungeon-00143_Translated.xml	9766014	entity	&amp;#161;Barbosa llama a sus esbirros!
StrSheet_Dungeon	StrSheet_Dungeon-00143_Translated.xml	9766015	entity	La invencibilidad de Barbosa se desactivar&amp;#225; una vez que todas las almas resucitadas sean eliminadas.
StrSheet_Dungeon	StrSheet_Dungeon-00143_Translated.xml	9766016	entity	La invencibilidad de Barbosa est&amp;#225; desactivada.
StrSheet_Dungeon	StrSheet_Dungeon-00144_Translated.xml	9768001	entity	&amp;#161;El G&amp;#243;lem de las sombras lanza una maldici&amp;#243;n&amp;nbsp;!
StrSheet_Dungeon	StrSheet_Dungeon-00144_Translated.xml	9768002	entity	&amp;#161;El G&amp;#243;lem de las sombras absorbi&amp;#243; la energ&amp;#237;a de la piedra m&amp;#225;gica&amp;nbsp;!
StrSheet_Dungeon	StrSheet_Dungeon-00144_Translated.xml	9768003	entity	&amp;#161;Dkurion hace brillar sus ojos&amp;nbsp;!
StrSheet_Dungeon	StrSheet_Dungeon-00144_Translated.xml	9768004	entity	La entrada se cerrar&amp;#225; pronto.
StrSheet_Dungeon	StrSheet_Dungeon-00144_Translated.xml	9768005	entity	Dkurion usa la triple explosi&amp;#243;n.
StrSheet_Dungeon	StrSheet_Dungeon-00144_Translated.xml	9768006	entity	&amp;#161;Los har&amp;#233; pedazos y luego los usar&amp;#233; como conejillos de indias!
StrSheet_Dungeon	StrSheet_Dungeon-00144_Translated.xml	9768007	entity	El poder de Lakan se ha materializado. &amp;#161;Ha llegado la hora de desesperar!
StrSheet_Dungeon	StrSheet_Dungeon-00144_Translated.xml	9768008	entity	&amp;#161;El g&amp;#243;lem de las sombras est&amp;#225; absorbiendo la energ&amp;#237;a del sabelith l&amp;#250;gubre! &amp;#161;Debes detenerlo!
StrSheet_Dungeon	StrSheet_Dungeon-00144_Translated.xml	9768009	entity	&amp;#161;Dkurion lanza una maldici&amp;#243;n usando el poder de Lakan! &amp;#161;Debes disiparla lo antes posible!
StrSheet_Dungeon	StrSheet_Dungeon-00144_Translated.xml	9768010	entity	Patr&amp;#243;n de perlas.
StrSheet_Dungeon	StrSheet_Dungeon-00144_Translated.xml	9768011	entity	&amp;#161;Arrepi&amp;#233;ntanse...!
StrSheet_Dungeon	StrSheet_Dungeon-00144_Translated.xml	9768012	entity	&amp;#161;Dkurion canaliza la energ&amp;#237;a m&amp;#225;gica de los fragmentos de sangre y genera energ&amp;#237;a m&amp;#225;gica inestable!
StrSheet_Dungeon	StrSheet_Dungeon-00144_Translated.xml	9768013	entity	&amp;#161;Dkurion se prepara para apu&amp;#241;alar a su objetivo!
StrSheet_Dungeon	StrSheet_Dungeon-00144_Translated.xml	9768014	entity	Dkurion huye porque su intento de teletransportaci&amp;#243;n fall&amp;#243;.
StrSheet_Dungeon	StrSheet_Dungeon-00144_Translated.xml	9768016	entity	Dkurion se apoya en el poder de Lakan para esparcir su propia energ&amp;#237;a m&amp;#225;gica.
StrSheet_Dungeon	StrSheet_Dungeon-00144_Translated.xml	9768017	entity	&amp;#161;Dkurion se nutre de poder en los Abismos de la Cueva L&amp;#250;gubre! &amp;#161;Det&amp;#233;nlo!
StrSheet_Dungeon	StrSheet_Dungeon-00144_Translated.xml	9768018	entity	Dkurion ha despertado por completo su propia energ&amp;#237;a m&amp;#225;gica gracias a la ayuda del poder de Lakan. La destrucci&amp;#243;n comienza.
StrSheet_Dungeon	StrSheet_Dungeon-00144_Translated.xml	9768019	entity	Dkurion despierta el poder de Lakan. Acaba con &amp;#233;l r&amp;#225;pido antes de que sea imparable.
StrSheet_Dungeon	StrSheet_Dungeon-00144_Translated.xml	9768021	entity	&amp;#161;Las personas afectadas por la Fuerza de las tinieblas deben alejarse de Dkurion!
StrSheet_Dungeon	StrSheet_Dungeon-00145_Translated.xml	7690000	entity	La entrada se cerrar&amp;#225; pronto.
StrSheet_Dungeon	StrSheet_Dungeon-00145_Translated.xml	7690003	entity	&amp;#161;Los esp&amp;#237;ritus del brasier se vuelven m&amp;#225;s poderosos si no los eliminas a tiempo!
StrSheet_Dungeon	StrSheet_Dungeon-00146_Translated.xml	9770001	entity	Las cr&amp;#237;as de ara&amp;#241;a se apropiaron de nuevas reservas de comida.
StrSheet_Dungeon	StrSheet_Dungeon-00146_Translated.xml	9770002	entity	Las cr&amp;#237;as de ara&amp;#241;a est&amp;#225;n satisfechas y se quedan dormidas.
StrSheet_Dungeon	StrSheet_Dungeon-00146_Translated.xml	9770003	entity	El hambre de las cr&amp;#237;as de ara&amp;#241;a
StrSheet_Dungeon	StrSheet_Dungeon-00146_Translated.xml	9770004	entity	&amp;#161;Cuanta m&amp;#225;s hambre tienen, m&amp;#225;s violentas se vuelven las cr&amp;#237;as de ara&amp;#241;a!
StrSheet_Dungeon	StrSheet_Dungeon-00146_Translated.xml	9770005	entity	&amp;#161;Malgarios resucitado atrae a todos!
StrSheet_Dungeon	StrSheet_Dungeon-00146_Translated.xml	9770006	entity	El destino de alguien est&amp;#225; a punto de cumplirse.
StrSheet_Dungeon	StrSheet_Dungeon-00146_Translated.xml	9770007	entity	&amp;#161;Es todo lo que te mereces!
StrSheet_Dungeon	StrSheet_Dungeon-00146_Translated.xml	9770008	entity	&amp;#161;El poder de Lakan te ha resucitado!
StrSheet_Dungeon	StrSheet_Dungeon-00146_Translated.xml	9770010	entity	&amp;#161;Las grietas del Muro de almas se intensifican!
StrSheet_Dungeon	StrSheet_Dungeon-00146_Translated.xml	9770011	entity	&amp;#161;Prueba mi ira!
StrSheet_Dungeon	StrSheet_Dungeon-00146_Translated.xml	9770014	entity	&amp;#161;Atrae al jefe de las cr&amp;#237;as de ara&amp;#241;a cerca de los huevos de ara&amp;#241;a!
StrSheet_Dungeon	StrSheet_Dungeon-00146_Translated.xml	9770015	entity	De esta manera, las cr&amp;#237;as de ara&amp;#241;a podr&amp;#225;n dormirse.
StrSheet_Dungeon	StrSheet_Dungeon-00146_Translated.xml	9770016	entity	&amp;#161;Debes ser alcanzado por el color opuesto a tu Rage!
StrSheet_Dungeon	StrSheet_Dungeon-00146_Translated.xml	9770017	entity	&amp;#161;Para detener a Malgarios resucitado, debes eliminarlo!
StrSheet_Dungeon	StrSheet_Dungeon-00146_Translated.xml	9770018	entity	&amp;#161;Aunque escapes de tu destino... La llegada de Lakan sigue siendo ineluctable...
StrSheet_Dungeon	StrSheet_Dungeon-00147_Translated.xml	9775002	entity	&amp;#161;Has activado una trampa!
StrSheet_Dungeon	StrSheet_Dungeon-00147_Translated.xml	9775005	entity	La puerta de la habitaci&amp;#243;n se abre.
StrSheet_Dungeon	StrSheet_Dungeon-00147_Translated.xml	9775011	entity	&amp;#161;Kelsaik ha muerto!
StrSheet_Dungeon	StrSheet_Dungeon-00147_Translated.xml	9775012	entity	Entrada al Sal&amp;#243;n de Kelsaik.
StrSheet_Dungeon	StrSheet_Dungeon-00147_Translated.xml	9775013	entity	La puerta de la habitaci&amp;#243;n se cierra.
StrSheet_Dungeon	StrSheet_Dungeon-00148_Translated.xml	9776002	entity	El camino est&amp;#225; libre.
StrSheet_Dungeon	StrSheet_Dungeon-00149_Translated.xml	9777009	entity	&amp;#161;Activa todos los interruptores de activaci&amp;#243;n de escudo para disipar el efecto!
StrSheet_Dungeon	StrSheet_Dungeon-00149_Translated.xml	9777010	entity	&amp;#161;Re&amp;#250;ne a todos los miembros del grupo para disipar el efecto!
StrSheet_Dungeon	StrSheet_Dungeon-00149_Translated.xml	9777012	entity	&amp;#161;Has derrotado al Ojo del Guardi&amp;#225;n!
StrSheet_Dungeon	StrSheet_Dungeon-00149_Translated.xml	9777013	entity	&amp;#161;No! &amp;#161;Mi huevo!
StrSheet_Dungeon	StrSheet_Dungeon-00149_Translated.xml	9777014	entity	&amp;#161;Debes ayudar al centinela de los Canales a derrotar a Kerkion!
StrSheet_Dungeon	StrSheet_Dungeon-00149_Translated.xml	9777015	entity	&amp;#161;El supervisor de los Canales y el ingeniero de los Canales han venido a echarte una mano!
StrSheet_Dungeon	StrSheet_Dungeon-00149_Translated.xml	9777016	entity	&amp;#161;Gracias! Unos amigos vendr&amp;#225;n a ayudarme muy pronto.
StrSheet_Dungeon	StrSheet_Dungeon-00149_Translated.xml	9777017	entity	&amp;#161;Es solo un cerdo desmesurado!
StrSheet_Dungeon	StrSheet_Dungeon-00149_Translated.xml	9777018	entity	Te proteger&amp;#233;.
StrSheet_Dungeon	StrSheet_Dungeon-00149_Translated.xml	9777019	entity	&amp;#161;Soy indestructible!
StrSheet_Dungeon	StrSheet_Dungeon-00149_Translated.xml	9777021	entity	El huevo est&amp;#225; a punto de eclosionar.
StrSheet_Dungeon	StrSheet_Dungeon-00149_Translated.xml	9777022	entity	&amp;#161;El huevo ha eclosionado!
StrSheet_Dungeon	StrSheet_Dungeon-00149_Translated.xml	9777024	entity	&amp;#161;Cuando los HP caen al 70% o menos, la acumulacion se reinicia!
StrSheet_Dungeon	StrSheet_Dungeon-00149_Translated.xml	9777025	entity	&quot;Regeneraci&amp;#243;n renovada&quot; recibida por parte del ingeniero de los Canales.
StrSheet_Dungeon	StrSheet_Dungeon-00149_Translated.xml	9777026	entity	&amp;#161;Qu&amp;#233; bruto! &amp;#161;No durar&amp;#225;s para siempre!
StrSheet_Dungeon	StrSheet_Dungeon-00149_Translated.xml	9777027	entity	El centinela de los Canales est&amp;#225; aturdido.
StrSheet_Dungeon	StrSheet_Dungeon-00149_Translated.xml	9777029	entity	No... &amp;#191;Qu&amp;#233;? El tesoro... Es m&amp;#237;o...
StrSheet_Dungeon	StrSheet_Dungeon-00149_Translated.xml	9777030	entity	Yo... &amp;#191;Qu&amp;#233;? &amp;#161;Nunca he perdido! Jam&amp;#225;s... perdido...
StrSheet_Dungeon	StrSheet_Dungeon-00149_Translated.xml	9777031	entity	Evita intentar escapar de tu perdici&amp;#243;n.
StrSheet_Dungeon	StrSheet_Dungeon-00149_Translated.xml	9777032	entity	Qu&amp;#233;date quieto para una eliminaci&amp;#243;n r&amp;#225;pida.
StrSheet_Dungeon	StrSheet_Dungeon-00149_Translated.xml	9777035	entity	No logr&amp;#233;... matar... a los invasores...
StrSheet_Dungeon	StrSheet_Dungeon-00149_Translated.xml	9777036	entity	Perm&amp;#237;teme curarte.
StrSheet_Dungeon	StrSheet_Dungeon-00149_Translated.xml	9777037	entity	Te har&amp;#233; a&amp;#250;n m&amp;#225;s fuerte.
StrSheet_Dungeon	StrSheet_Dungeon-00149_Translated.xml	9777040	entity	El ingeniero de los Canales ha muerto. Ya no puedes obtener &quot;Regeneraci&amp;#243;n renovada&quot;.
StrSheet_Dungeon	StrSheet_Dungeon-00149_Translated.xml	9777041	entity	&amp;#161;Kerkion est&amp;#225; enfurecido!
StrSheet_Dungeon	StrSheet_Dungeon-00149_Translated.xml	9777042	entity	Je, je... Ahora que has consumido toda tu energ&amp;#237;a...
StrSheet_Dungeon	StrSheet_Dungeon-00149_Translated.xml	9777045	entity	Un beneficio se activar&amp;#225; en 30 segundos.
StrSheet_Dungeon	StrSheet_Dungeon-00149_Translated.xml	9777046	entity	Un beneficio est&amp;#225; activo ahora. (1/3)
StrSheet_Dungeon	StrSheet_Dungeon-00149_Translated.xml	9777047	entity	Un beneficio est&amp;#225; activo ahora. (2/3)
StrSheet_Dungeon	StrSheet_Dungeon-00149_Translated.xml	9777048	entity	Un beneficio est&amp;#225; activo ahora. (3/3)
StrSheet_Dungeon	StrSheet_Dungeon-00149_Translated.xml	9777050	entity	&amp;#161;El supervisor de los Canales ha aumentado tu poder de ataque!
StrSheet_Dungeon	StrSheet_Dungeon-00149_Translated.xml	9777051	entity	&amp;#161;Al&amp;#233;jate de la pared!
StrSheet_Dungeon	StrSheet_Dungeon-00150_Translated.xml	9780001	entity	La puerta se cerrar&amp;#225; pronto.
StrSheet_Dungeon	StrSheet_Dungeon-00151_Translated.xml	9781001	entity	Est&amp;#225;s entrando en el mundo de las sombras de Lakan.
StrSheet_Dungeon	StrSheet_Dungeon-00151_Translated.xml	9781003	entity	Apropiaci&amp;#243;n de alma
StrSheet_Dungeon	StrSheet_Dungeon-00151_Translated.xml	9781005	entity	&amp;#161;Yo!
StrSheet_Dungeon	StrSheet_Dungeon-00151_Translated.xml	9781006	entity	&amp;#161;Voy
StrSheet_Dungeon	StrSheet_Dungeon-00151_Translated.xml	9781008	entity	&amp;#161;Grrr! &amp;#161;No voy a perder otra vez!
StrSheet_Dungeon	StrSheet_Dungeon-00151_Translated.xml	9781009	entity	La piedra m&amp;#225;gica ha sido reemplazada. &amp;#161;El HP es superior al de la piedra m&amp;#225;gica actual!
StrSheet_Dungeon	StrSheet_Dungeon-00151_Translated.xml	9781010	entity	&amp;#161;Todo el mundo puede entrar, pero salir es lo complicado!
StrSheet_Dungeon	StrSheet_Dungeon-00151_Translated.xml	9781011	entity	&amp;#161;Cuando una piedra m&amp;#225;gica te ataca, un sirviente es invocado en el acto!
StrSheet_Dungeon	StrSheet_Dungeon-00151_Translated.xml	9781022	entity	&amp;#161;Los voy a exterminar con la ayuda de las placas de magia oscura!
StrSheet_Dungeon	StrSheet_Dungeon-00151_Translated.xml	9781023	entity	&amp;#161;A trabajar! &amp;#161;Fres&amp;#237; de la magia oscura!
StrSheet_Dungeon	StrSheet_Dungeon-00151_Translated.xml	9781031	entity	Toda defensa es in&amp;#250;til
StrSheet_Dungeon	StrSheet_Dungeon-00151_Translated.xml	9781032	entity	&amp;#161;El poder de Velik se debilita!
StrSheet_Dungeon	StrSheet_Dungeon-00151_Translated.xml	9781033	entity	&amp;#161;La energ&amp;#237;a m&amp;#225;gica de Lakan se infiltra en el palacio!
StrSheet_Dungeon	StrSheet_Dungeon-00151_Translated.xml	9781034	entity	Velik est&amp;#225; aturdida
StrSheet_Dungeon	StrSheet_Dungeon-00151_Translated.xml	9781035	entity	&amp;#161;La energ&amp;#237;a m&amp;#225;gica de Lakan se ha infiltrado por completo en el palacio!
StrSheet_Dungeon	StrSheet_Dungeon-00151_Translated.xml	9781036	entity	Muere en plena bendici&amp;#243;n
StrSheet_Dungeon	StrSheet_Dungeon-00151_Translated.xml	9781037	entity	&amp;#161;La maldici&amp;#243;n de Lakan se activar&amp;#225; en 1 minuto! &amp;#161;Recibes da&amp;#241;o en lugar de curarte!
StrSheet_Dungeon	StrSheet_Dungeon-00151_Translated.xml	9781038	entity	&amp;#161;Desaparezcan!
StrSheet_Dungeon	StrSheet_Dungeon-00151_Translated.xml	9781039	entity	&amp;#161;Se van a enfrentar a la maldici&amp;#243;n divina!
StrSheet_Dungeon	StrSheet_Dungeon-00151_Translated.xml	9781040	entity	Te ves impotente... el plan sali&amp;#243; como estaba previsto.
StrSheet_Dungeon	StrSheet_Dungeon-00151_Translated.xml	9781042	entity	La misi&amp;#243;n fall&amp;#243;.
StrSheet_Dungeon	StrSheet_Dungeon-00151_Translated.xml	9781046	entity	&lt;font size='50'&gt;Quien acapara demasiado... la atenci&amp;#243;n... debe perecer...&lt;/font&gt;
StrSheet_Dungeon	StrSheet_Dungeon-00151_Translated.xml	9781047	entity	&lt;font size='50'&gt;Para alejarse... m&amp;#225;s... rel&amp;#225;mpago escarlata...&lt;/font&gt;
StrSheet_Dungeon	StrSheet_Dungeon-00151_Translated.xml	9781048	entity	&lt;font size='50'&gt;La maldici&amp;#243;n... es la confianza... en tus aliados...&lt;/font&gt;
StrSheet_Dungeon	StrSheet_Dungeon-00151_Translated.xml	9781500	entity	Aunque est&amp;#233; muerto, su poder a&amp;#250;n se siente. Quedarse aqu&amp;#237; es demasiado peligroso.
StrSheet_Dungeon	StrSheet_Dungeon-00151_Translated.xml	9781501	entity	&amp;#161;Ah... Velik!
StrSheet_Dungeon	StrSheet_Dungeon-00151_Translated.xml	9781502	entity	Me asegurar&amp;#233; de que las tablillas de los titanes lleguen sin contratiempos a Highwatch. Nos volveremos a ver en el Cuartel general.
StrSheet_Dungeon	StrSheet_Dungeon-00152_Translated.xml	9782002	entity	La estatua de sangre se est&amp;#225; activando.
StrSheet_Dungeon	StrSheet_Dungeon-00152_Translated.xml	9782003	entity	La estatua brillante se est&amp;#225; activando.
StrSheet_Dungeon	StrSheet_Dungeon-00152_Translated.xml	9782004	entity	La estatua maldita se est&amp;#225; activando.
StrSheet_Dungeon	StrSheet_Dungeon-00152_Translated.xml	9782005	entity	La estatua de sangre y la estatua brillante se est&amp;#225;n activando.
StrSheet_Dungeon	StrSheet_Dungeon-00152_Translated.xml	9782006	entity	La estatua de sangre y la estatua maldita se est&amp;#225;n activando.
StrSheet_Dungeon	StrSheet_Dungeon-00152_Translated.xml	9782007	entity	La estatua brillante y la estatua maldita se est&amp;#225;n activando.
StrSheet_Dungeon	StrSheet_Dungeon-00152_Translated.xml	9782012	entity	Alguien est&amp;#225; encadenado.
StrSheet_Dungeon	StrSheet_Dungeon-00152_Translated.xml	9782013	entity	&amp;#161;La sala se est&amp;#225; derrumbando!
StrSheet_Dungeon	StrSheet_Dungeon-00152_Translated.xml	9782100	entity	La zona de combate se est&amp;#225; cerrando.
StrSheet_Dungeon	StrSheet_Dungeon-00152_Translated.xml	9782500	entity	&amp;#161;Intrusos! &amp;#161;Atraparlos!
StrSheet_Dungeon	StrSheet_Dungeon-00152_Translated.xml	9782501	entity	&amp;#161;Qu&amp;#233; le han hecho a nuestros camaradas!
StrSheet_Dungeon	StrSheet_Dungeon-00152_Translated.xml	9782502	entity	&amp;#191;Nos entienden ahora? Esos malditos perros...
StrSheet_Dungeon	StrSheet_Dungeon-00152_Translated.xml	9782503	entity	&amp;#161;Aaaargh!
StrSheet_Dungeon	StrSheet_Dungeon-00152_Translated.xml	9782505	entity	&amp;#161;Crrr... Muere!
StrSheet_Dungeon	StrSheet_Dungeon-00153_Translated.xml	9783000	entity	La zona de combate se cerrar&amp;#225; pronto.
StrSheet_Dungeon	StrSheet_Dungeon-00153_Translated.xml	9783101	entity	Cargando energ&amp;#237;a
StrSheet_Dungeon	StrSheet_Dungeon-00153_Translated.xml	9783102	entity	Sobrecarga de energ&amp;#237;a
StrSheet_Dungeon	StrSheet_Dungeon-00153_Translated.xml	9783103	entity	Carga de energ&amp;#237;a completa...
StrSheet_Dungeon	StrSheet_Dungeon-00153_Translated.xml	9783104	entity	Energ&amp;#237;a agotada...
StrSheet_Dungeon	StrSheet_Dungeon-00153_Translated.xml	9783105	entity	Activar el pil&amp;#243;n de energ&amp;#237;a 1
StrSheet_Dungeon	StrSheet_Dungeon-00153_Translated.xml	9783106	entity	Activar el pil&amp;#243;n de energ&amp;#237;a 2
StrSheet_Dungeon	StrSheet_Dungeon-00153_Translated.xml	9783107	entity	Activar el pil&amp;#243;n de energ&amp;#237;a 3
StrSheet_Dungeon	StrSheet_Dungeon-00153_Translated.xml	9783108	entity	Activar el pil&amp;#243;n de energ&amp;#237;a 4
StrSheet_Dungeon	StrSheet_Dungeon-00153_Translated.xml	9783109	entity	Teropes comienza a cargar energ&amp;#237;a.
StrSheet_Dungeon	StrSheet_Dungeon-00153_Translated.xml	9783200	entity	&amp;#161;All&amp;#225; voy!
StrSheet_Dungeon	StrSheet_Dungeon-00153_Translated.xml	9783201	entity	El libro de habilidades se est&amp;#225; fabricando.
StrSheet_Dungeon	StrSheet_Dungeon-00153_Translated.xml	9783202	entity	&amp;#161;Necesito m&amp;#225;s fuerza!
StrSheet_Dungeon	StrSheet_Dungeon-00153_Translated.xml	9783203	entity	&amp;#161;Necesito a&amp;#250;n m&amp;#225;s fuerza!
StrSheet_Dungeon	StrSheet_Dungeon-00153_Translated.xml	9783204	entity	&amp;#161;Necesito much&amp;#237;sima m&amp;#225;s fuerza!
StrSheet_Dungeon	StrSheet_Dungeon-00153_Translated.xml	9783206	entity	&amp;#161;Apetus obtuvo el atributo de fuego!
StrSheet_Dungeon	StrSheet_Dungeon-00153_Translated.xml	9783207	entity	&amp;#161;Apetus obtuvo el atributo de agua!
StrSheet_Dungeon	StrSheet_Dungeon-00153_Translated.xml	9783208	entity	&amp;#161;Apetus obtuvo el atributo de naturaleza!
StrSheet_Dungeon	StrSheet_Dungeon-00153_Translated.xml	9783301	entity	&amp;#161;Jajaja! &amp;#161;He ganado!
StrSheet_Dungeon	StrSheet_Dungeon-00153_Translated.xml	9783501	entity	&amp;#161;&amp;#191;Qui&amp;#233;nes son ustedes?!
StrSheet_Dungeon	StrSheet_Dungeon-00153_Translated.xml	9783502	entity	&amp;#161;T&amp;#250;! &amp;#161;Has infiltrado el campamento!
StrSheet_Dungeon	StrSheet_Dungeon-00153_Translated.xml	9783503	entity	&amp;#161;Otra vez ustedes!
StrSheet_Dungeon	StrSheet_Dungeon-00153_Translated.xml	9783504	entity	&amp;#161;Ustedes! &amp;#161;Nunca me han ca&amp;#237;do bien!
StrSheet_Dungeon	StrSheet_Dungeon-00153_Translated.xml	9783505	entity	&amp;#161;Los voy a reducir a cenizas!
StrSheet_Dungeon	StrSheet_Dungeon-00153_Translated.xml	9783506	entity	Lian ha cambiado mucho desde que Edwin est&amp;#225; aqu&amp;#237;...
StrSheet_Dungeon	StrSheet_Dungeon-00153_Translated.xml	9783507	entity	&amp;#161;Maldici&amp;#243;n! &amp;#161;Un intruso!
StrSheet_Dungeon	StrSheet_Dungeon-00153_Translated.xml	9783508	entity	&amp;#161;Apetus, despierta! &amp;#161;Det&amp;#233;n a los intrusos!
StrSheet_Dungeon	StrSheet_Dungeon-00154_Translated.xml	97931006	entity	Coraz&amp;#243;n de peste ha sido invocado en la Menagerie de Karascha.
StrSheet_Dungeon	StrSheet_Dungeon-00154_Translated.xml	97931007	entity	&amp;#161;No dejen que el sacerdote cure!
StrSheet_Dungeon	StrSheet_Dungeon-00155_Translated.xml	9794000	entity	La zona de combate se est&amp;#225; cerrando.
StrSheet_Dungeon	StrSheet_Dungeon-00155_Translated.xml	9794001	entity	Un &amp;#225;rbol ha crecido en medio del mapa.
StrSheet_Dungeon	StrSheet_Dungeon-00155_Translated.xml	9794002	entity	&amp;#191;Debo apuntar a otro?
StrSheet_Dungeon	StrSheet_Dungeon-00155_Translated.xml	9794003	entity	&amp;#161;Advertencia! &amp;#161;Advertencia! &amp;#161;Intrusos detectados! &amp;#161;Intrusos detectados!
StrSheet_Dungeon	StrSheet_Dungeon-00155_Translated.xml	9794004	entity	La contaminaci&amp;#243;n de la piedra m&amp;#225;gica contin&amp;#250;a.
StrSheet_Dungeon	StrSheet_Dungeon-00155_Translated.xml	9794005	entity	La piedra m&amp;#225;gica archidevana ha contaminado a alguien.
StrSheet_Dungeon	StrSheet_Dungeon-00155_Translated.xml	9794006	entity	La habitaci&amp;#243;n es inestable. La fabricaci&amp;#243;n de probetas se acelera a&amp;#250;n m&amp;#225;s.
StrSheet_Dungeon	StrSheet_Dungeon-00155_Translated.xml	9794007	entity	Se ha producido una probeta y un ant&amp;#237;doto en una parte del mapa.
StrSheet_Dungeon	StrSheet_Dungeon-00157_Translated.xml	9801002	entity	Se han invocado monstruos del nexus en la Traves&amp;#237;a del Nexus.
StrSheet_Dungeon	StrSheet_Dungeon-00157_Translated.xml	9801003	entity	El maestro del nexus est&amp;#225; enfadado.
StrSheet_Dungeon	StrSheet_Dungeon-00157_Translated.xml	9801004	entity	Has entrado en la Traves&amp;#237;a del Nexus, podr&amp;#225;s regresar en 2 horas.
StrSheet_Dungeon	StrSheet_Dungeon-00157_Translated.xml	9801006	entity	Se ha alcanzado el m&amp;#237;nimo de 7 jugadores para esta raid.
StrSheet_Dungeon	StrSheet_Dungeon-00158_Translated.xml	9802002	entity	Se han invocado monstruos del nexus en la Traves&amp;#237;a del Nexus.
StrSheet_Dungeon	StrSheet_Dungeon-00158_Translated.xml	9802003	entity	El maestro del nexus est&amp;#225; enfadado.
StrSheet_Dungeon	StrSheet_Dungeon-00158_Translated.xml	9802004	entity	Has entrado en la Traves&amp;#237;a del Nexus, podr&amp;#225;s regresar en 2 horas.
StrSheet_Dungeon	StrSheet_Dungeon-00158_Translated.xml	9802006	entity	Se ha alcanzado el m&amp;#237;nimo de 7 jugadores para esta raid.
StrSheet_Dungeon	StrSheet_Dungeon-00159_Translated.xml	9803002	entity	Se han invocado monstruos del nexus en la Traves&amp;#237;a del Nexus.
StrSheet_Dungeon	StrSheet_Dungeon-00159_Translated.xml	9803003	entity	El maestro del nexus est&amp;#225; enfadado.
StrSheet_Dungeon	StrSheet_Dungeon-00159_Translated.xml	9803004	entity	Has entrado en la Traves&amp;#237;a del Nexus, podr&amp;#225;s regresar en 2 horas.
StrSheet_Dungeon	StrSheet_Dungeon-00159_Translated.xml	9803006	entity	Se ha alcanzado el m&amp;#237;nimo de 7 jugadores para esta raid.
StrSheet_Dungeon	StrSheet_Dungeon-00160_Translated.xml	9804002	entity	&amp;#161;Has activado una trampa!
StrSheet_Dungeon	StrSheet_Dungeon-00160_Translated.xml	9804005	entity	La puerta de la habitaci&amp;#243;n se abre.
StrSheet_Dungeon	StrSheet_Dungeon-00160_Translated.xml	9804011	entity	&amp;#161;Kelsaik ha muerto!
StrSheet_Dungeon	StrSheet_Dungeon-00160_Translated.xml	9804012	entity	Entrada al Sal&amp;#243;n de Kelsaik.
StrSheet_Dungeon	StrSheet_Dungeon-00160_Translated.xml	9804013	entity	La puerta de la habitaci&amp;#243;n se cierra.
StrSheet_Dungeon	StrSheet_Dungeon-00161_Translated.xml	9808001	entity	Percibes c&amp;#243;mo desaparece el poder de la magia mal&amp;#233;fica archidevana.
StrSheet_Dungeon	StrSheet_Dungeon-00161_Translated.xml	9808011	entity	&amp;#161;Los arcanistas se meten en esto!
StrSheet_Dungeon	StrSheet_Dungeon-00161_Translated.xml	9808012	entity	&amp;#161;Aparecen trampas de picos!
StrSheet_Dungeon	StrSheet_Dungeon-00161_Translated.xml	9808021	entity	&amp;#161;Los arcanistas hacen su aparici&amp;#243;n!
StrSheet_Dungeon	StrSheet_Dungeon-00161_Translated.xml	9808023	entity	&amp;#161;Est&amp;#225; acabado!
StrSheet_Dungeon	StrSheet_Dungeon-00161_Translated.xml	9808024	entity	&amp;#161;Hagan correr la sangre!
StrSheet_Dungeon	StrSheet_Dungeon-00161_Translated.xml	9808026	entity	&amp;#161;Frustrado!
StrSheet_Dungeon	StrSheet_Dungeon-00161_Translated.xml	9808027	entity	&amp;#161;Mis drenadores de sangre despojar&amp;#225;n a los miembros de tu grupo de su poder!
StrSheet_Dungeon	StrSheet_Dungeon-00161_Translated.xml	9808031	entity	&amp;#161;Los arcanistas hacen su aparici&amp;#243;n e invocan tuberelles!
StrSheet_Dungeon	StrSheet_Dungeon-00161_Translated.xml	9808032	entity	&amp;#161;Qu&amp;#233; incompetencia!
StrSheet_Dungeon	StrSheet_Dungeon-00161_Translated.xml	9808033	entity	&amp;#161;El arcanista observador hierve de ira!
StrSheet_Dungeon	StrSheet_Dungeon-00161_Translated.xml	9808034	entity	&amp;#161;Sientan la furia de la magia de sangre!
StrSheet_Dungeon	StrSheet_Dungeon-00161_Translated.xml	9808035	entity	&amp;#161;Cuando se agote el tiempo del general de los Tuberelles, se autodestruir&amp;#225;!
StrSheet_Dungeon	StrSheet_Dungeon-00161_Translated.xml	9808041	entity	&amp;#161;Alertas! &amp;#161;Intrusos!
StrSheet_Dungeon	StrSheet_Dungeon-00161_Translated.xml	9808042	entity	&amp;#161;Guardias! &amp;#161;Protejan al sabelith!
StrSheet_Dungeon	StrSheet_Dungeon-00161_Translated.xml	9808043	entity	&amp;#161;Descanso! &amp;#161;El sabelith est&amp;#225; a salvo!
StrSheet_Dungeon	StrSheet_Dungeon-00161_Translated.xml	9808044	entity	Los arcanistas invocan al sabelith en un lugar m&amp;#225;s apartado de la armer&amp;#237;a.
StrSheet_Dungeon	StrSheet_Dungeon-00161_Translated.xml	9808045	entity	&amp;#161;No puedo dejar que pongan sus manos en nuestro sabelith!
StrSheet_Dungeon	StrSheet_Dungeon-00161_Translated.xml	9808046	entity	&amp;#161;Protejan los secretos del sabelith!
StrSheet_Dungeon	StrSheet_Dungeon-00161_Translated.xml	9808051	entity	La puerta se cerrar&amp;#225; en 10 segundos.
StrSheet_Dungeon	StrSheet_Dungeon-00161_Translated.xml	9808062	entity	Qu&amp;#233; tonter&amp;#237;as... Voy a recuperar su sangre para mi magia.
StrSheet_Dungeon	StrSheet_Dungeon-00161_Translated.xml	9808063	entity	La energ&amp;#237;a mal&amp;#233;fica se disipa.
StrSheet_Dungeon	StrSheet_Dungeon-00161_Translated.xml	9808065	entity	la pr&amp;#243;xima vez morir&amp;#225;n.
StrSheet_Dungeon	StrSheet_Dungeon-00161_Translated.xml	9808066	entity	&amp;#161;Jam&amp;#225;s tendr&amp;#225;n los medios para ganar esta guerra!
StrSheet_Dungeon	StrSheet_Dungeon-00161_Translated.xml	9808070	entity	&amp;#191;C&amp;#243;mo encontraron este lugar?
StrSheet_Dungeon	StrSheet_Dungeon-00161_Translated.xml	9808073	entity	&amp;#161;Has sido detectado{@g:/e}!
StrSheet_Dungeon	StrSheet_Dungeon-00161_Translated.xml	9808081	entity	&amp;#161;Los arcanistas invoquen una coraza explosiva de Dermestida!
StrSheet_Dungeon	StrSheet_Dungeon-00161_Translated.xml	9808082	entity	&amp;#161;Huyan fuera del alcance de la coraza de Dermestida!
StrSheet_Dungeon	StrSheet_Dungeon-00161_Translated.xml	9808090	entity	&amp;#161;Encontraste la armer&amp;#237;a!
StrSheet_Dungeon	StrSheet_Dungeon-00161_Translated.xml	9808100	entity	Recibir&amp;#225;s un beneficio en 1 minuto.
StrSheet_Dungeon	StrSheet_Dungeon-00161_Translated.xml	9808101	entity	Un beneficio est&amp;#225; activo ahora. (1/3)
StrSheet_Dungeon	StrSheet_Dungeon-00161_Translated.xml	9808102	entity	Un beneficio est&amp;#225; activo ahora. (2/3)
StrSheet_Dungeon	StrSheet_Dungeon-00161_Translated.xml	9808103	entity	Un beneficio est&amp;#225; activo ahora. (3/3)
StrSheet_Dungeon	StrSheet_Dungeon-00162_Translated.xml	8090001	entity	Recibir&amp;#225;s un beneficio en 1 minuto.
StrSheet_Dungeon	StrSheet_Dungeon-00162_Translated.xml	8090002	entity	Un beneficio est&amp;#225; activo ahora. (1/3)
StrSheet_Dungeon	StrSheet_Dungeon-00162_Translated.xml	8090003	entity	Un beneficio est&amp;#225; activo ahora. (2/3)
StrSheet_Dungeon	StrSheet_Dungeon-00162_Translated.xml	8090004	entity	Un beneficio est&amp;#225; activo ahora. (3/3)
StrSheet_Dungeon	StrSheet_Dungeon-00163_Translated.xml	9810001	entity	&amp;#161;La prisi&amp;#243;n de Lakan comienza a absorber el poder del n&amp;#250;cleo!
StrSheet_Dungeon	StrSheet_Dungeon-00163_Translated.xml	9810002	entity	&amp;#161;Ahora medir&amp;#225;n el verdadero poder de Lakan!
StrSheet_Dungeon	StrSheet_Dungeon-00163_Translated.xml	9810003	entity	&amp;#161;Imb&amp;#233;ciles! &amp;#191;Se atreven a desafiar el poder de Lakan?
StrSheet_Dungeon	StrSheet_Dungeon-00163_Translated.xml	9810004	entity	&amp;#161;El poder de Lakan me abruma!
StrSheet_Dungeon	StrSheet_Dungeon-00163_Translated.xml	9810005	entity	La entrada a la prisi&amp;#243;n de Lakan est&amp;#225; abierta.
StrSheet_Dungeon	StrSheet_Dungeon-00163_Translated.xml	9810010	entity	&amp;#161;Han entrado invasores en la Prison de Lakan!
StrSheet_Dungeon	StrSheet_Dungeon-00163_Translated.xml	9810011	entity	&amp;#161;Mant&amp;#233;n a los invasores fuera de la Prison de Lakan!
StrSheet_Dungeon	StrSheet_Dungeon-00163_Translated.xml	9810012	entity	&amp;#161;Imb&amp;#233;ciles! &amp;#191;Te atreves a entrar en este lugar?
StrSheet_Dungeon	StrSheet_Dungeon-00163_Translated.xml	9810013	entity	&amp;#161;Dios Lakan! &amp;#161;Acepta esta ofrenda! &amp;#161;Mu&amp;#233;strame tu poder!
StrSheet_Dungeon	StrSheet_Dungeon-00163_Translated.xml	9810014	entity	&amp;#161;Dios Lakan! &amp;#161;Conc&amp;#233;denos tu poder!
StrSheet_Dungeon	StrSheet_Dungeon-00163_Translated.xml	9810015	entity	&amp;#161;Han llegado refuerzos!
StrSheet_Dungeon	StrSheet_Dungeon-00163_Translated.xml	9810016	entity	El Fuego de Lakan se vuelve m&amp;#225;s intenso.
StrSheet_Dungeon	StrSheet_Dungeon-00163_Translated.xml	9810018	entity	&amp;#161;Toma el Fuego de Lakan!
StrSheet_Dungeon	StrSheet_Dungeon-00163_Translated.xml	9810019	entity	La puerta del patio se cerrar&amp;#225; en 10 segundos.
StrSheet_Dungeon	StrSheet_Dungeon-00163_Translated.xml	9810020	entity	&amp;#161;Todos me pertenecen!
StrSheet_Dungeon	StrSheet_Dungeon-00164_Translated.xml	9811003	entity	Cambia a tensi&amp;#243;n Abomijumelle al 40% de HP de abominaci&amp;#243;n
StrSheet_Dungeon	StrSheet_Dungeon-00164_Translated.xml	9811006	entity	Los monstruos se est&amp;#225;n acercando.
StrSheet_Dungeon	StrSheet_Dungeon-00164_Translated.xml	9811007	entity	Los monstruos se est&amp;#225;n acercando.
StrSheet_Dungeon	StrSheet_Dungeon-00164_Translated.xml	9811010	entity	Los tent&amp;#225;culos recuperan HP.
StrSheet_Dungeon	StrSheet_Dungeon-00164_Translated.xml	9811013	entity	Thalweg se vuelve m&amp;#225;s fuerte cuando hay Demokrons cerca.
StrSheet_Dungeon	StrSheet_Dungeon-00164_Translated.xml	9811017	entity	Los Demokrons est&amp;#225;n subiendo por el puente.
StrSheet_Dungeon	StrSheet_Dungeon-00164_Translated.xml	9811019	entity	La cueva se est&amp;#225; derrumbando.
StrSheet_Dungeon	StrSheet_Dungeon-00164_Translated.xml	9811020	entity	&amp;#161;Tengan cuidado! Las rocas que caen los aturden moment&amp;#225;neamente.
StrSheet_Dungeon	StrSheet_Dungeon-00164_Translated.xml	9811023	entity	Krakatox invoca tent&amp;#225;culos para atraparte.
StrSheet_Dungeon	StrSheet_Dungeon-00164_Translated.xml	9811024	entity	La entrada se cerrar&amp;#225; en 10 segundos.
StrSheet_Dungeon	StrSheet_Dungeon-00164_Translated.xml	9811025	entity	La entrada se cerrar&amp;#225; en 20 segundos.
StrSheet_Dungeon	StrSheet_Dungeon-00164_Translated.xml	9811026	entity	Thalweg est&amp;#225; en peligro.
StrSheet_Dungeon	StrSheet_Dungeon-00164_Translated.xml	9811028	entity	Thalweg brama para llamar a los Demokrons hacia &amp;#233;l.
StrSheet_Dungeon	StrSheet_Dungeon-00164_Translated.xml	9811029	entity	El Krakatox est&amp;#225; acumulando energ&amp;#237;a.
StrSheet_Dungeon	StrSheet_Dungeon-00164_Translated.xml	9811030	entity	Det&amp;#233;n al Krakatox antes de que termine de acumular energ&amp;#237;a.
StrSheet_Dungeon	StrSheet_Dungeon-00164_Translated.xml	9811031	entity	La cueva se est&amp;#225; derrumbando.
StrSheet_Dungeon	StrSheet_Dungeon-00164_Translated.xml	9811032	entity	El poder de la maldici&amp;#243;n de los Demokrons llena la cueva.
StrSheet_Dungeon	StrSheet_Dungeon-00164_Translated.xml	9811034	entity	Con el tiempo, se vuelve m&amp;#225;s fuerte.
StrSheet_Dungeon	StrSheet_Dungeon-00164_Translated.xml	9811037	entity	El Krakatox ahora puede crear m&amp;#225;s bombas.
StrSheet_Dungeon	StrSheet_Dungeon-00164_Translated.xml	9811038	entity	La energ&amp;#237;a demokron te mata 10 minutos despu&amp;#233;s de empezar el combate.
StrSheet_Dungeon	StrSheet_Dungeon-00165_Translated.xml	9813001	entity	&amp;#161;Guardi&amp;#225;n de la puerta, ven y prot&amp;#233;geme!
StrSheet_Dungeon	StrSheet_Dungeon-00165_Translated.xml	9813002	entity	&amp;#161;Prot&amp;#233;geme, mi guardi&amp;#225;n!
StrSheet_Dungeon	StrSheet_Dungeon-00165_Translated.xml	9813003	entity	&amp;#161;La absorci&amp;#243;n del guardi&amp;#225;n vuelve inestable a Banyakas!
StrSheet_Dungeon	StrSheet_Dungeon-00165_Translated.xml	9813004	entity	&amp;#161;No pueden derrotarme!
StrSheet_Dungeon	StrSheet_Dungeon-00165_Translated.xml	9813006	entity	Banyakas se calma una vez que la Piedra de la soberan&amp;#237;a es destruida.
StrSheet_Dungeon	StrSheet_Dungeon-00165_Translated.xml	9813007	entity	Activaci&amp;#243;n del modo normal (mensaje provisional)
StrSheet_Dungeon	StrSheet_Dungeon-00165_Translated.xml	9813008	entity	Prot&amp;#233;geme mientras recupero fuerzas.
StrSheet_Dungeon	StrSheet_Dungeon-00165_Translated.xml	9813009	entity	&amp;#161;Repelen a los guardianes oscuros!
StrSheet_Dungeon	StrSheet_Dungeon-00165_Translated.xml	9813010	entity	El guardi&amp;#225;n ha recuperado el 25 % de su HP.
StrSheet_Dungeon	StrSheet_Dungeon-00165_Translated.xml	9813011	entity	El guardi&amp;#225;n ha recuperado el 50 % de su HP.
StrSheet_Dungeon	StrSheet_Dungeon-00165_Translated.xml	9813012	entity	El guardi&amp;#225;n ha recuperado el 75 % de su HP.
StrSheet_Dungeon	StrSheet_Dungeon-00165_Translated.xml	9813013	entity	El guardi&amp;#225;n ha recuperado completamente su HP.
StrSheet_Dungeon	StrSheet_Dungeon-00165_Translated.xml	9813014	entity	&amp;#161;Despierto!
StrSheet_Dungeon	StrSheet_Dungeon-00165_Translated.xml	9813015	entity	&amp;#161;El guardi&amp;#225;n oscuro entra en una Rage desatada!
StrSheet_Dungeon	StrSheet_Dungeon-00165_Translated.xml	9813018	entity	&amp;#161;No se pongan en nuestro camino!
StrSheet_Dungeon	StrSheet_Dungeon-00165_Translated.xml	9813019	entity	&amp;#161;He reunido suficiente fuerza para destruir la piedra de la soberan&amp;#237;a!
StrSheet_Dungeon	StrSheet_Dungeon-00165_Translated.xml	9813020	entity	&amp;#161;Has protegido al guardi&amp;#225;n!
StrSheet_Dungeon	StrSheet_Dungeon-00165_Translated.xml	9813022	entity	Banyakas sufri&amp;#243; una herida grave y dej&amp;#243; de moverse.
StrSheet_Dungeon	StrSheet_Dungeon-00165_Translated.xml	9813023	entity	Un zancohongo loco aparece mientras la piedra de la soberan&amp;#237;a se hace a&amp;#241;icos.
StrSheet_Dungeon	StrSheet_Dungeon-00165_Translated.xml	9813024	entity	Has protegido al guardi&amp;#225;n de la puerta.
StrSheet_Dungeon	StrSheet_Dungeon-00165_Translated.xml	9813029	entity	El &amp;#250;ltimo guardi&amp;#225;n de Banyakas est&amp;#225; a punto de ser esclavizado. Debemos hacer algo.
StrSheet_Dungeon	StrSheet_Dungeon-00165_Translated.xml	9813030	entity	&amp;#191;Puedes vigilar al guardian mientras recupera fuerzas? Est&amp;#225; detr&amp;#225;s de m&amp;#237;. &amp;#161;Date prisa!
StrSheet_Dungeon	StrSheet_Dungeon-00165_Translated.xml	9813031	entity	Los guardianes oscuros se desmoronan una vez destruida la piedra de soberan&amp;#237;a.
StrSheet_Dungeon	StrSheet_Dungeon-00165_Translated.xml	9813032	entity	La entrada se cerrar&amp;#225; pronto.
StrSheet_Dungeon	StrSheet_Dungeon-00165_Translated.xml	9813033	entity	&amp;#161;El guardi&amp;#225;n de la puerta ha sido derrotado!
StrSheet_Dungeon	StrSheet_Dungeon-00165_Translated.xml	9813034	entity	&amp;#161;El guardi&amp;#225;n ha sido derrotado!
StrSheet_Dungeon	StrSheet_Dungeon-00165_Translated.xml	9813035	entity	&amp;#161;Alto! &amp;#161;Basta ya!
StrSheet_Dungeon	StrSheet_Dungeon-00165_Translated.xml	9813036	entity	&amp;#161;Ahora que la piedra de soberan&amp;#237;a est&amp;#225; rota, Banyakas deber&amp;#237;a recuperar la raz&amp;#243;n pronto!
StrSheet_Dungeon	StrSheet_Dungeon-00165_Translated.xml	9813037	entity	Gracias por proteger nuestro bosque. Perm&amp;#237;tanme entregarles este humilde presente de parte de Banyakas.
StrSheet_Dungeon	StrSheet_Dungeon-00165_Translated.xml	9813038	entity	Ya que la piedra de soberan&amp;#237;a est&amp;#225; rota, Banyakas pronto recuperar&amp;#225; el conocimiento.
StrSheet_Dungeon	StrSheet_Dungeon-00165_Translated.xml	9813039	entity	Perm&amp;#237;teme entregarte este modesto presente en nombre de Banyakas.
StrSheet_Dungeon	StrSheet_Dungeon-00165_Translated.xml	9813041	entity	Incluso con sus mentes bajo el efecto de un hechizo, el portero y el guardi&amp;#225;n intentaron proteger a Banyakas. Los extra&amp;#241;aremos.
StrSheet_Dungeon	StrSheet_Dungeon-00165_Translated.xml	9813042	entity	&amp;#161;Nueva oleada!
StrSheet_Dungeon	StrSheet_Dungeon-00166_Translated.xml	9814005	entity	El arcano de Oriyn quiz&amp;#225;s contenga las respuestas que buscas.
StrSheet_Dungeon	StrSheet_Dungeon-00166_Translated.xml	9814006	entity	Esto no tiene ning&amp;#250;n sentido.
StrSheet_Dungeon	StrSheet_Dungeon-00166_Translated.xml	9814007	entity	&amp;#161;Zolyn! Coraz&amp;#243;n de Seren, &amp;#191;est&amp;#225;s bien?
StrSheet_Dungeon	StrSheet_Dungeon-00166_Translated.xml	9814008	entity	&amp;#161;V&amp;#225;yanse!
StrSheet_Dungeon	StrSheet_Dungeon-00166_Translated.xml	9814009	entity	&amp;#191;Qu&amp;#233; vamos a hacer ahora?
StrSheet_Dungeon	StrSheet_Dungeon-00167_Translated.xml	9818001	entity	Pero, &amp;#191;qu&amp;#233; significan todos estos monstruos?
StrSheet_Dungeon	StrSheet_Dungeon-00167_Translated.xml	9818002	entity	&amp;#161;Iiiiiiiiiiik!
StrSheet_Dungeon	StrSheet_Dungeon-00167_Translated.xml	9818003	entity	&amp;#161;Debemos ayudar a Zolyn!
StrSheet_Dungeon	StrSheet_Dungeon-00167_Translated.xml	9818004	entity	&amp;#161;Voy a retorcerte de todas las formas posibles!
StrSheet_Dungeon	StrSheet_Dungeon-00167_Translated.xml	9818007	entity	&amp;#161;Devu&amp;#233;lvenos a Zolyn!
StrSheet_Dungeon	StrSheet_Dungeon-00167_Translated.xml	9818008	entity	&amp;#161;Vengan ya, malditos monstruos!
StrSheet_Dungeon	StrSheet_Dungeon-00167_Translated.xml	9818009	entity	&amp;#191;Era el &amp;#250;ltimo?
StrSheet_Dungeon	StrSheet_Dungeon-00167_Translated.xml	9818010	entity	&amp;#161;Ja!
StrSheet_Dungeon	StrSheet_Dungeon-00168_Translated.xml	9821001	entity	Estas marcas no parecen importantes. Busquen otro cad&amp;#225;ver.
StrSheet_Dungeon	StrSheet_Dungeon-00168_Translated.xml	9821002	entity	&amp;#161;Qu&amp;#233; criatura tan extra&amp;#241;a!
StrSheet_Dungeon	StrSheet_Dungeon-00168_Translated.xml	9821003	entity	Es un sello archidevan. Ll&amp;#233;vaselo a Tirene.
StrSheet_Dungeon	StrSheet_Dungeon-00169_Translated.xml	9822002	entity	&amp;#161;Imb&amp;#233;cil! &amp;#161;Los guiaste hasta m&amp;#237;!
StrSheet_Dungeon	StrSheet_Dungeon-00169_Translated.xml	9822003	entity	&amp;#161;Perd&amp;#243;neme, se&amp;#241;ora!
StrSheet_Dungeon	StrSheet_Dungeon-00169_Translated.xml	9822005	entity	&amp;#161;Mu&amp;#233;strense!
StrSheet_Dungeon	StrSheet_Dungeon-00169_Translated.xml	9822006	entity	&amp;#161;Imposible! &amp;#191;C&amp;#243;mo podr&amp;#237;an saber...?
StrSheet_Dungeon	StrSheet_Dungeon-00169_Translated.xml	9822007	entity	Su presencia es una molestia de la que prescindir&amp;#237;a con gusto.
StrSheet_Dungeon	StrSheet_Dungeon-00169_Translated.xml	9822009	entity	&amp;#161;No, se&amp;#241;ora, se lo suplique!
StrSheet_Dungeon	StrSheet_Dungeon-00169_Translated.xml	9822010	entity	&amp;#161;Silencio! &amp;#161;Obedezcan mi voluntad!
StrSheet_Dungeon	StrSheet_Dungeon-00169_Translated.xml	9822011	entity	&amp;#161;Aaah&amp;#8230; Aarrrgh!
StrSheet_Dungeon	StrSheet_Dungeon-00169_Translated.xml	9822012	entity	&amp;#161;Miren a Zolyn! &amp;#161;Es m&amp;#225;s grande por dentro!
StrSheet_Dungeon	StrSheet_Dungeon-00169_Translated.xml	9822013	entity	&amp;#161;Silencio!
StrSheet_Dungeon	StrSheet_Dungeon-00169_Translated.xml	9822019	entity	&amp;#161;Es imposible! &amp;#191;Todos estos monstruos eran... simples personas?
StrSheet_Dungeon	StrSheet_Dungeon-00169_Translated.xml	9822020	entity	&amp;#161;Qu&amp;#237;tate de mi camino!
StrSheet_Dungeon	StrSheet_Dungeon-00169_Translated.xml	9822021	entity	&amp;#161;Malditos sean estos Archidevans!
StrSheet_Dungeon	StrSheet_Dungeon-00169_Translated.xml	9822022	entity	Rhodos, s&amp;#233; que est&amp;#225;s en shock, pero debemos alcanzarla.
StrSheet_Dungeon	StrSheet_Dungeon-00169_Translated.xml	9822001	entity	Tienes raz&amp;#243;n. Sin embargo, lo que se atrevi&amp;#243; a hacer...
StrSheet_Dungeon	StrSheet_Dungeon-00169_Translated.xml	9822004	entity	No es momento para llorar. &amp;#161;En marcha!
StrSheet_Dungeon	StrSheet_Dungeon-00169_Translated.xml	9822014	entity	&amp;#161;Esa bruja! &amp;#161;Lo transform&amp;#243; en un demokron!
StrSheet_Dungeon	StrSheet_Dungeon-00169_Translated.xml	9822023	entity	&amp;#161;Tss!
StrSheet_Dungeon	StrSheet_Dungeon-00169_Translated.xml	9822024	entity	&amp;#161;Oye, espera! &amp;#161;No vayas sola, Zolyn!
StrSheet_Dungeon	StrSheet_Dungeon-00171_Translated.xml	9825002	entity	El aura de poder del g&amp;#243;lem se activa.
StrSheet_Dungeon	StrSheet_Dungeon-00171_Translated.xml	9825003	entity	La m&amp;#225;quina de mantenimiento del g&amp;#243;lem se activa.
StrSheet_Dungeon	StrSheet_Dungeon-00171_Translated.xml	9825004	entity	La m&amp;#225;quina de producci&amp;#243;n del g&amp;#243;lem se activa.
StrSheet_Dungeon	StrSheet_Dungeon-00171_Translated.xml	9825005	entity	La secci&amp;#243;n izquierda recibir&amp;#225; energ&amp;#237;a en unos minutos.
StrSheet_Dungeon	StrSheet_Dungeon-00171_Translated.xml	9825006	entity	Se corta la energ&amp;#237;a de la secci&amp;#243;n izquierda.
StrSheet_Dungeon	StrSheet_Dungeon-00171_Translated.xml	9825007	entity	La secci&amp;#243;n derecha recibir&amp;#225; energ&amp;#237;a en unos minutos.
StrSheet_Dungeon	StrSheet_Dungeon-00171_Translated.xml	9825008	entity	Se corta la energ&amp;#237;a de la secci&amp;#243;n derecha.
StrSheet_Dungeon	StrSheet_Dungeon-00171_Translated.xml	9825027	entity	Los esbirros se acercan. Atr&amp;#225;elos hacia el estanque y activa el interruptor.
StrSheet_Dungeon	StrSheet_Dungeon-00171_Translated.xml	9825010	entity	Prep&amp;#225;rate para el segundo nivel.
StrSheet_Dungeon	StrSheet_Dungeon-00171_Translated.xml	9825011	entity	Prep&amp;#225;rate para el tercer nivel.
StrSheet_Dungeon	StrSheet_Dungeon-00171_Translated.xml	9825019	entity	Auricadis re&amp;#250;ne poder para atacar.
StrSheet_Dungeon	StrSheet_Dungeon-00171_Translated.xml	9825021	entity	Has fracasado. Int&amp;#233;ntalo de nuevo.
StrSheet_Dungeon	StrSheet_Dungeon-00171_Translated.xml	9825022	entity	El guardi&amp;#225;n absorbe toda la energ&amp;#237;a.
StrSheet_Dungeon	StrSheet_Dungeon-00172_Translated.xml	9826001	entity	&amp;#161;Destruye todos los sabeliths!
StrSheet_Dungeon	StrSheet_Dungeon-00173_Translated.xml	9827003	entity	De repente, el almac&amp;#233;n comienza a temblar.
StrSheet_Dungeon	StrSheet_Dungeon-00173_Translated.xml	9827004	entity	Mientras Varkas perece, los dem&amp;#225;s ghilliedus se desploman.
StrSheet_Dungeon	StrSheet_Dungeon-00173_Translated.xml	9827005	entity	&amp;#161;S&amp;#237;gueme!
StrSheet_Dungeon	StrSheet_Dungeon-00173_Translated.xml	9827006	entity	La tierra tiembla debido a un impacto ocurrido en alg&amp;#250;n lugar del exterior.
StrSheet_Dungeon	StrSheet_Dungeon-00174_Translated.xml	9828001	entity	&amp;#161;Estos son los monstruos que vi en sue&amp;#241;os!
StrSheet_Dungeon	StrSheet_Dungeon-00174_Translated.xml	9828002	entity	&amp;#161;Miren! &amp;#161;Es el t&amp;#237;o Jalka! &amp;#161;Est&amp;#225; herido!
StrSheet_Dungeon	StrSheet_Dungeon-00174_Translated.xml	9828010	entity	El Depredador arg&amp;#243;n se acerca.
StrSheet_Dungeon	StrSheet_Dungeon-00174_Translated.xml	9828004	entity	&amp;#161;Vengan, salgamos de aqu&amp;#237;!
StrSheet_Dungeon	StrSheet_Dungeon-00174_Translated.xml	9828008	entity	El Depredador arg&amp;#243;n est&amp;#225; tramando algo.
StrSheet_Dungeon	StrSheet_Dungeon-00174_Translated.xml	9828005	entity	El Depredador arg&amp;#243;n invoca un pilar arg&amp;#243;n.
StrSheet_Dungeon	StrSheet_Dungeon-00174_Translated.xml	9828006	entity	El Pilar arg&amp;#243;n te atrae hacia las garras del Depredador arg&amp;#243;n.
StrSheet_Dungeon	StrSheet_Dungeon-00174_Translated.xml	9828007	entity	El Depredador arg&amp;#243;n se prepara para dar un golpe fatal.
StrSheet_Dungeon	StrSheet_Dungeon-00174_Translated.xml	9828011	entity	&amp;#161;Dispersense y encuentren a los aldeanos y a los ni&amp;#241;os!
StrSheet_Dungeon	StrSheet_Dungeon-00175_Translated.xml	9829001	entity	&amp;#161;Anya implora a Tiaran, el &amp;#193;rbol del Pesar, que los proteja!
StrSheet_Dungeon	StrSheet_Dungeon-00175_Translated.xml	9829004	entity	El Depredador arg&amp;#243;n est&amp;#225; tramando algo...
StrSheet_Dungeon	StrSheet_Dungeon-00175_Translated.xml	9829005	entity	El Depredador arg&amp;#243;n invoca un Pilar arg&amp;#243;n.
StrSheet_Dungeon	StrSheet_Dungeon-00175_Translated.xml	9829006	entity	El Pilar arg&amp;#243;n te atrae hacia las garras del Depredador arg&amp;#243;n.
StrSheet_Dungeon	StrSheet_Dungeon-00175_Translated.xml	9829007	entity	El Depredador arg&amp;#243;n se prepara para dar un golpe fatal.
StrSheet_Dungeon	StrSheet_Dungeon-00175_Translated.xml	9829008	entity	Cada vez que sacas a Anya del compartimento de los sue&amp;#241;os, Tiaran emite un estremecimiento preocupante.
StrSheet_Dungeon	StrSheet_Dungeon-00175_Translated.xml	9829009	entity	&amp;#161;Un Espectro arg&amp;#243;n se acerca!
StrSheet_Dungeon	StrSheet_Dungeon-00175_Translated.xml	9829010	entity	La energ&amp;#237;a arg&amp;#243;n crepita por todo el templo.
StrSheet_Dungeon	StrSheet_Dungeon-00175_Translated.xml	9829012	entity	Te encuentras de nuevo con un depredador arg&amp;#243;n.
StrSheet_Dungeon	StrSheet_Dungeon-00175_Translated.xml	9829015	entity	Si prestas mucha atenci&amp;#243;n a la naturaleza de los SP de habilidad de tu clase, puedes hacer un mejor uso de ellos y optimizar as&amp;#237; tu progreso.
StrSheet_Dungeon	StrSheet_Dungeon-00175_Translated.xml	9829016	entity	&amp;#161;Ven r&amp;#225;pido y pr&amp;#233;stame tu fuerza!
StrSheet_Dungeon	StrSheet_Dungeon-00176_Translated.xml	9830156	entity	&amp;#161;Salida&amp;nbsp;!
StrSheet_Dungeon	StrSheet_Dungeon-00176_Translated.xml	9830303	entity	Advertencia: una estatua kumas te est&amp;#225; atacando.
StrSheet_Dungeon	StrSheet_Dungeon-00176_Translated.xml	9830304	entity	Advertencia: va a aparecer una superficie capaz de transformarte en mu&amp;#241;eco de nieve.
StrSheet_Dungeon	StrSheet_Dungeon-00176_Translated.xml	9830305	entity	Advertencia: un guardi&amp;#225;n te est&amp;#225; atacando.
StrSheet_Dungeon	StrSheet_Dungeon-00176_Translated.xml	9830306	entity	Advertencia: va a aparecer un pincho arg&amp;#243;n capaz de atraerte.
StrSheet_Dungeon	StrSheet_Dungeon-00176_Translated.xml	9830308	entity	Va a aparecer un herrero que re&amp;#250;ne a los enemigos en un solo lugar.
StrSheet_Dungeon	StrSheet_Dungeon-00176_Translated.xml	9830309	entity	Atacar a un maniqu&amp;#237; de entrenamiento te permite aumentar tu poder de ataque y tu velocidad de ataque.
StrSheet_Dungeon	StrSheet_Dungeon-00176_Translated.xml	9830312	entity	Advertencia: ten cuidado con los osos y sus ataques que te derribar&amp;#225;n con seguridad.
StrSheet_Dungeon	StrSheet_Dungeon-00176_Translated.xml	9830314	entity	Un Tuwangi gigante est&amp;#225; a punto de aparecer.
StrSheet_Dungeon	StrSheet_Dungeon-00176_Translated.xml	9830315	entity	Advertencia: ten cuidado con los ataques ca&amp;#243;ticos de los duendes.
StrSheet_Dungeon	StrSheet_Dungeon-00176_Translated.xml	9830316	entity	Advertencia: ten cuidado con los piratas Caim&amp;#225;n que invocan barriles de roble explosivos.
StrSheet_Dungeon	StrSheet_Dungeon-00176_Translated.xml	9830317	entity	Advertencia: tras la explosi&amp;#243;n del barril de roble, ahora se puede atacar al Blood Mage.
StrSheet_Dungeon	StrSheet_Dungeon-00176_Translated.xml	9830318	entity	Un t&amp;#243;tem te permite ver a las hienas de las sombras ocultas.
StrSheet_Dungeon	StrSheet_Dungeon-00176_Translated.xml	9830319	entity	Una zona ubicada en el centro permite reducir la defensa del doberman de &amp;#233;lite.
StrSheet_Dungeon	StrSheet_Dungeon-00176_Translated.xml	9830320	entity	Ataca solo las sand&amp;#237;as deliciosas. Pierdes puntos si atacas calabazas o sand&amp;#237;as podridas.
StrSheet_Dungeon	StrSheet_Dungeon-00176_Translated.xml	9830321	entity	Un Tuwangi est&amp;#225; a punto de aparecer.
StrSheet_Dungeon	StrSheet_Dungeon-00176_Translated.xml	9830800	entity	El desaf&amp;#237;o del &quot;Trono celestial&quot; ha fracasado.
StrSheet_Dungeon	StrSheet_Dungeon-00176_Translated.xml	9830998	entity	Sientes que tu poder aumenta al ritmo de los &amp;#225;nimos de la multitud.
StrSheet_Dungeon	StrSheet_Dungeon-00176_Translated.xml	9830999	entity	El desaf&amp;#237;o ha terminado.
StrSheet_Dungeon	StrSheet_Dungeon-00176_Translated.xml	9830100	entity	La bendici&amp;#243;n para calabozos se activar&amp;#225; en 60 segundos.
StrSheet_Dungeon	StrSheet_Dungeon-00176_Translated.xml	9830101	entity	La bendici&amp;#243;n para calabozos ya est&amp;#225; activa (1/3).
StrSheet_Dungeon	StrSheet_Dungeon-00176_Translated.xml	9830102	entity	La bendici&amp;#243;n para calabozos ya est&amp;#225; activa (2/3).
StrSheet_Dungeon	StrSheet_Dungeon-00176_Translated.xml	9830103	entity	La bendici&amp;#243;n para calabozos ya est&amp;#225; activa (3/3).
StrSheet_Dungeon	StrSheet_Dungeon-00177_Translated.xml	9833001	entity	&amp;#161;Ah... ah&amp;#237;! &amp;#161;Es ese tipo!
StrSheet_Dungeon	StrSheet_Dungeon-00177_Translated.xml	9833002	entity	&amp;#161;Ah&amp;#237; est&amp;#225;! &amp;#161;Se acerca de nuevo!
StrSheet_Dungeon	StrSheet_Dungeon-00177_Translated.xml	9833003	entity	&amp;#191;Era el &amp;#250;ltimo?
StrSheet_Dungeon	StrSheet_Dungeon-00177_Translated.xml	9833006	entity	&amp;#161;Este tipo env&amp;#237;a el drag&amp;#243;n a &amp;#201;l&amp;#233;nea!
StrSheet_Dungeon	StrSheet_Dungeon-00177_Translated.xml	9833007	entity	Oh, me habr&amp;#237;a encantado tener m&amp;#225;s tiempo para dedicarles, pero tengo un invitado... Debo irme.
StrSheet_Dungeon	StrSheet_Dungeon-00177_Translated.xml	9833008	entity	Busco a alguien que acepte encargarse de esta tediosa tarea por m&amp;#237;.
StrSheet_Dungeon	StrSheet_Dungeon-00177_Translated.xml	9833009	entity	Esta est&amp;#250;pida bestia...
StrSheet_Dungeon	StrSheet_Dungeon-00177_Translated.xml	9833010	entity	&amp;#161;Por aqu&amp;#237;! &amp;#161;Hay un superviviente aqu&amp;#237;!
StrSheet_Dungeon	StrSheet_Dungeon-00177_Translated.xml	9833011	entity	&amp;#161;Jajajaja! Ja, su diosa Velik ni siquiera les har&amp;#225; el honor de una peque&amp;#241;a visita cuando todos ustedes terminen convertidos en comida para dragones.
StrSheet_Dungeon	StrSheet_Dungeon-00177_Translated.xml	9833012	entity	&amp;#201;l sabe cu&amp;#225;n preciosa es cada vida.
StrSheet_Dungeon	StrSheet_Dungeon-00177_Translated.xml	9833013	entity	&amp;#191;C&amp;#243;mo pudo un sirviente de Velik llegar hasta aqu&amp;#237;?
StrSheet_Dungeon	StrSheet_Dungeon-00177_Translated.xml	9833014	entity	&amp;#161;De nada sirve eliminar a todos los dragones!
StrSheet_Dungeon	StrSheet_Dungeon-00177_Translated.xml	9833015	entity	Los comandantes de los dragones esperan la orden de atacar en el Monta&amp;#241;a Fyr.
StrSheet_Dungeon	StrSheet_Dungeon-00177_Translated.xml	9833016	entity	Todo marcha seg&amp;#250;n lo previsto.
StrSheet_Dungeon	StrSheet_Dungeon-00177_Translated.xml	9833018	entity	&amp;#191;As&amp;#237; que todos van tras la diosa Velik?
StrSheet_Dungeon	StrSheet_Dungeon-00177_Translated.xml	9833019	entity	&amp;#191;Qu&amp;#233; est&amp;#225;n esperando, malditos dragones? &amp;#191;Cruzar el portal?
StrSheet_Dungeon	StrSheet_Dungeon-00177_Translated.xml	9833020	entity	&amp;#161;Argh! &amp;#161;Auxilio!
StrSheet_Dungeon	StrSheet_Dungeon-00177_Translated.xml	9833021	entity	As&amp;#237; que realmente era solo un rumor...
StrSheet_Dungeon	StrSheet_Dungeon-00177_Translated.xml	9833023	entity	Voy a observar la situaci&amp;#243;n desde este lugar.
StrSheet_Dungeon	StrSheet_Dungeon-00177_Translated.xml	9833024	entity	Algo parece haber ocurrido ah&amp;#237;. Averigua qu&amp;#233; pas&amp;#243;.
StrSheet_Dungeon	StrSheet_Dungeon-00177_Translated.xml	9833025	entity	Voy a observar a los dragones adentro. Nos veremos m&amp;#225;s tarde.
StrSheet_Dungeon	StrSheet_Dungeon-00177_Translated.xml	9833026	entity	&amp;#161;Aunque algunos dragones hayan perecido, el asalto a Velika no fallar&amp;#225;!
StrSheet_Dungeon	StrSheet_Dungeon-00177_Translated.xml	9833027	entity	La instrucci&amp;#243;n de los dragones requiere concentraci&amp;#243;n.
StrSheet_Dungeon	StrSheet_Dungeon-00177_Translated.xml	9833028	entity	&amp;#191;Qu&amp;#233; es esta planta? Nunca antes hab&amp;#237;a visto una igual.
StrSheet_Dungeon	StrSheet_Dungeon-00177_Translated.xml	9833029	entity	&amp;#161;Auxilio!
StrSheet_Dungeon	StrSheet_Dungeon-00177_Translated.xml	9833031	entity	&amp;#161;Te debo la vida!
StrSheet_Dungeon	StrSheet_Dungeon-00177_Translated.xml	9833032	entity	&amp;#161;Argh!
StrSheet_Dungeon	StrSheet_Dungeon-00177_Translated.xml	9833034	entity	&amp;#161;Est&amp;#225; m&amp;#225;s abajo en la ladera!
StrSheet_Dungeon	StrSheet_Dungeon-00177_Translated.xml	9833035	entity	&amp;#161; Prom&amp;#233;tenos que no volver&amp;#225;s a matar a ning&amp;#250;n aldeano o soldado!
StrSheet_Dungeon	StrSheet_Dungeon-00177_Translated.xml	9833036	entity	Claro que s&amp;#237;. A cambio, me llevo el mapa de Velika.
StrSheet_Dungeon	StrSheet_Dungeon-00177_Translated.xml	9833037	entity	&amp;#191;Mataste a los aldeanos y a los soldados con el &amp;#250;nico prop&amp;#243;sito de obtener este mapa?
StrSheet_Dungeon	StrSheet_Dungeon-00177_Translated.xml	9833038	entity	&amp;#191;A d&amp;#243;nde se llevan a los aldeanos?
StrSheet_Dungeon	StrSheet_Dungeon-00177_Translated.xml	9833039	entity	Habr&amp;#225; a&amp;#250;n m&amp;#225;s heridos.
StrSheet_Dungeon	StrSheet_Dungeon-00177_Translated.xml	9833040	entity	&amp;#191;Qu&amp;#233; pasar&amp;#225; si los dragones pierden la batalla?
StrSheet_Dungeon	StrSheet_Dungeon-00177_Translated.xml	9833041	entity	Me temo que algo terrible est&amp;#225; a punto de suceder.
StrSheet_Dungeon	StrSheet_Dungeon-00177_Translated.xml	9833043	entity	Debemos deshacernos de las plantas lo m&amp;#225;s r&amp;#225;pido posible.
StrSheet_Dungeon	StrSheet_Dungeon-00177_Translated.xml	9833044	entity	Oye, todav&amp;#237;a quedaba uno. Pero, &amp;#191;a d&amp;#243;nde habr&amp;#225; ido?
StrSheet_Dungeon	StrSheet_Dungeon-00177_Translated.xml	9833045	entity	Los soldados de defensa enfrentan a los dragones con la energ&amp;#237;a de la desesperaci&amp;#243;n.
StrSheet_Dungeon	StrSheet_Dungeon-00177_Translated.xml	9833046	entity	&amp;#191;Qu&amp;#233; est&amp;#225; pasando aqu&amp;#237;? &amp;#191;Por qu&amp;#233; los dragones est&amp;#225;n atacando la aldea?
StrSheet_Dungeon	StrSheet_Dungeon-00177_Translated.xml	9833050	entity	&amp;#161;Miren, all&amp;#225; arriba! &amp;#161;Es el drag&amp;#243;n negro en el cielo!
StrSheet_Dungeon	StrSheet_Dungeon-00177_Translated.xml	9833051	entity	&amp;#191;Qui&amp;#233;nes son las personas que hablaron con el drag&amp;#243;n?
StrSheet_Dungeon	StrSheet_Dungeon-00177_Translated.xml	9833052	entity	Vergos... hac&amp;#237;a mucho tiempo que no escuchaba ese nombre.
StrSheet_Dungeon	StrSheet_Dungeon-00177_Translated.xml	9833053	entity	&amp;#191;Qu&amp;#233; es esto? Nunca antes hab&amp;#237;a visto una planta as&amp;#237;.
StrSheet_Dungeon	StrSheet_Dungeon-00177_Translated.xml	9833054	entity	Nunca antes hab&amp;#237;a o&amp;#237;do hablar de un hechizo que permita controlar a los dragones.
StrSheet_Dungeon	StrSheet_Dungeon-00177_Translated.xml	9833056	entity	No se contentar&amp;#225;n con un asalto a la aldea.
StrSheet_Dungeon	StrSheet_Dungeon-00177_Translated.xml	9833060	entity	&amp;#161;Carguen solo hacia adelante!
StrSheet_Dungeon	StrSheet_Dungeon-00177_Translated.xml	9833061	entity	S&amp;#233; de lo que eres capaz.
StrSheet_Dungeon	StrSheet_Dungeon-00177_Translated.xml	9833062	entity	&amp;#161;Pero no podr&amp;#225;n derrotar a los dragones ustedes solos!
StrSheet_Dungeon	StrSheet_Dungeon-00177_Translated.xml	9833063	entity	&amp;#161;Sigan corriendo! &amp;#161;Ya casi llegan!
StrSheet_Dungeon	StrSheet_Dungeon-00177_Translated.xml	9833064	entity	&amp;#161;Esa es la persona que conocimos en la entrada del desfiladero!
StrSheet_Dungeon	StrSheet_Dungeon-00177_Translated.xml	9833065	entity	&amp;#161;Oh, no, qu&amp;#233; horror! &amp;#161;Dense prisa!
StrSheet_Dungeon	StrSheet_Dungeon-00177_Translated.xml	9833066	entity	&amp;#161;Vi a los disc&amp;#237;pulos correr hacia la ladera! &amp;#161;Dense prisa!
StrSheet_Dungeon	StrSheet_Dungeon-00177_Translated.xml	9833067	entity	&amp;#161;Los... disc&amp;#237;pulos de Vergos!
StrSheet_Dungeon	StrSheet_Dungeon-00177_Translated.xml	9833068	entity	&amp;#161;Exterminen las plantas y los dragones!
StrSheet_Dungeon	StrSheet_Dungeon-00177_Translated.xml	9833069	entity	&amp;#161;Todav&amp;#237;a queda alguien aqu&amp;#237;!
StrSheet_Dungeon	StrSheet_Dungeon-00178_Translated.xml	9860001	entity	&amp;#161;Los soldados kamikazes se dirigen hacia los montones de bombas!
StrSheet_Dungeon	StrSheet_Dungeon-00178_Translated.xml	9860002	entity	&amp;#161;Los soldados kamikazes se dirigen hacia las cajas de p&amp;#243;lvora!
StrSheet_Dungeon	StrSheet_Dungeon-00178_Translated.xml	9860003	entity	&amp;#161;Los soldados kamikazes se dirigen hacia los barriles de vino!
StrSheet_Dungeon	StrSheet_Dungeon-00178_Translated.xml	9860004	entity	&amp;#161;Los soldados kamikazes se dirigen hacia los barriles de aceite!
StrSheet_Dungeon	StrSheet_Dungeon-00178_Translated.xml	9860005	entity	&amp;#161;Polyphemus lanza una bomba de tiempo!
StrSheet_Dungeon	StrSheet_Dungeon-00178_Translated.xml	9860007	entity	&amp;#161;Kalivan prepara un ataque el&amp;#233;ctrico! &amp;#161;Ref&amp;#250;giate junto a un pararrayos!
StrSheet_Dungeon	StrSheet_Dungeon-00178_Translated.xml	9860008	entity	&amp;#161;Pepero refuerza sus tropas!
StrSheet_Dungeon	StrSheet_Dungeon-00178_Translated.xml	9860009	entity	&amp;#161;Pepero hace tambalear el barco!
StrSheet_Dungeon	StrSheet_Dungeon-00178_Translated.xml	9860010	entity	&amp;#161;Polyphemus se apronta para saltar! Atr&amp;#225;elo hacia un Soldat du pont.
StrSheet_Dungeon	StrSheet_Dungeon-00178_Translated.xml	9860011	entity	&amp;#161;El mont&amp;#243;n de bombas ha explotado!
StrSheet_Dungeon	StrSheet_Dungeon-00178_Translated.xml	9860012	entity	&amp;#161;Las cajas de p&amp;#243;lvora han explotado!
StrSheet_Dungeon	StrSheet_Dungeon-00178_Translated.xml	9860013	entity	&amp;#161;Los barriles de vino han explotado!
StrSheet_Dungeon	StrSheet_Dungeon-00178_Translated.xml	9860014	entity	&amp;#161;Los barriles de aceite han explotado!
StrSheet_Dungeon	StrSheet_Dungeon-00178_Translated.xml	9860015	entity	&amp;#161;Se destruyeron todas las reservas. &amp;#161;El barco se hunde!
StrSheet_Dungeon	StrSheet_Dungeon-00178_Translated.xml	9860016	entity	&amp;#161;Prep&amp;#225;rate para un asalto masivo!
StrSheet_Dungeon	StrSheet_Dungeon-00178_Translated.xml	9860017	entity	&amp;#161;Cuidado!
StrSheet_Dungeon	StrSheet_Dungeon-00178_Translated.xml	9860018	entity	La entrada se cerrar&amp;#225; en 10 segundos.
StrSheet_Dungeon	StrSheet_Dungeon-00178_Translated.xml	9860019	entity	&amp;#161;Sobrecarga!
StrSheet_Dungeon	StrSheet_Dungeon-00178_Translated.xml	9860020	entity	&amp;#161;Creo que est&amp;#225;s listo{@g:/e}! &amp;#161;Buena suerte!
StrSheet_Dungeon	StrSheet_Dungeon-00178_Translated.xml	9860022	entity	&amp;#161;Una explosi&amp;#243;n da&amp;#241;&amp;#243; el barco!
StrSheet_Dungeon	StrSheet_Dungeon-00179_Translated.xml	9871001	entity	&amp;#161;Muchas gracias!
StrSheet_Dungeon	StrSheet_Dungeon-00179_Translated.xml	9871002	entity	&amp;#161;Dalmanak invoca a un esbirro!
StrSheet_Dungeon	StrSheet_Dungeon-00179_Translated.xml	9871003	entity	&amp;#161;Dalmanak invoca a un esbirro!
StrSheet_Dungeon	StrSheet_Dungeon-00179_Translated.xml	9871004	entity	&amp;#161;El Kaidun mutante invoca esbirros!
StrSheet_Dungeon	StrSheet_Dungeon-00179_Translated.xml	9871006	entity	Dalmanak ha muerto. La energ&amp;#237;a nigrom&amp;#225;ntica se debilita.
StrSheet_Dungeon	StrSheet_Dungeon-00179_Translated.xml	9871007	entity	(El Kaidun ha mutado debido a la energ&amp;#237;a necrom&amp;#225;ntica.)
StrSheet_Dungeon	StrSheet_Dungeon-00179_Translated.xml	9871009	entity	Esp&amp;#237;ritus malignos emergen de la oscuridad.
StrSheet_Dungeon	StrSheet_Dungeon-00180_Translated.xml	9872001	entity	&amp;#161;Elimina a los intrusos!
StrSheet_Dungeon	StrSheet_Dungeon-00180_Translated.xml	9872006	entity	&amp;#161;La puerta bloqueada se abre!
StrSheet_Dungeon	StrSheet_Dungeon-00180_Translated.xml	9872007	entity	&amp;#161;La puerta se abre!
StrSheet_Dungeon	StrSheet_Dungeon-00180_Translated.xml	9872008	entity	La puerta se abre hacia la C&amp;#225;mara de justicia.
StrSheet_Dungeon	StrSheet_Dungeon-00182_Translated.xml	9887001	entity	Es... demasiado poderoso... &amp;#161;aaarg!
StrSheet_Dungeon	StrSheet_Dungeon-00182_Translated.xml	9887002	entity	&amp;#161;Vamos! &amp;#161;Sigan as&amp;#237;! &amp;#161;Pueden lograrlo!
StrSheet_Dungeon	StrSheet_Dungeon-00182_Translated.xml	9887003	entity	&amp;#191;Qu&amp;#233; est&amp;#225;n haciendo? &amp;#191;Quieren morir aqu&amp;#237;?
StrSheet_Dungeon	StrSheet_Dungeon-00182_Translated.xml	9887004	entity	&amp;#161;No se rindan as&amp;#237;! &amp;#161;No me priven de mi venganza!
StrSheet_Dungeon	StrSheet_Dungeon-00182_Translated.xml	9887005	entity	&amp;#161;Pobres ilusos presumidos, me encargar&amp;#233; de esto yo mismo!
StrSheet_Dungeon	StrSheet_Dungeon-00182_Translated.xml	9887006	entity	&amp;#161;Una intrusi&amp;#243;n! &amp;#161;Prueba la ira de Lok el todopoderoso!
StrSheet_Dungeon	StrSheet_Dungeon-00182_Translated.xml	9887007	entity	&amp;#161;Soulcrusher se acerca!
StrSheet_Dungeon	StrSheet_Dungeon-00183_Translated.xml	9888001	entity	Una puerta secreta se abre en el s&amp;#243;tano.
StrSheet_Dungeon	StrSheet_Dungeon-00183_Translated.xml	9888002	entity	&amp;#161;Est&amp;#233;n atentos!
StrSheet_Dungeon	StrSheet_Dungeon-00183_Translated.xml	9888003	entity	&amp;#161;Reacciona! &amp;#161;Est&amp;#225;s aqu&amp;#237; para pelear, no para admirar el paisaje!
StrSheet_Dungeon	StrSheet_Dungeon-00183_Translated.xml	9888004	entity	&amp;#161;Si tienen que morir, mueran solos!
StrSheet_Dungeon	StrSheet_Dungeon-00183_Translated.xml	9888005	entity	&amp;#191;Es... el fin?
StrSheet_Dungeon	StrSheet_Dungeon-00183_Translated.xml	9888006	entity	&amp;#161;Qu&amp;#233; insolencia! Nadie desaf&amp;#237;a a un agente de Atel Akaad... y sale con vida...
StrSheet_Dungeon	StrSheet_Dungeon-00183_Translated.xml	9888007	entity	&amp;#161;Ven, Malgarios! &amp;#161;Arr&amp;#225;ncales las extremidades una por una!
StrSheet_Dungeon	StrSheet_Dungeon-00183_Translated.xml	9888008	entity	&amp;#191;C&amp;#243;mo es posible? &amp;#191;C&amp;#243;mo unos pat&amp;#233;ticos aficionados han podido vencerte? &amp;#161;Van a lamentar amargamente este d&amp;#237;a, miserab
StrSheet_Dungeon	StrSheet_Dungeon-00184_Translated.xml	9889002	entity	&amp;#161;Ten cuidado{@g:/e}! Los guardianes te han {@gender:rep&amp;#233;r&amp;#233;/rep&amp;#233;r&amp;#233;e}.
StrSheet_Dungeon	StrSheet_Dungeon-00184_Translated.xml	9889003	entity	Los guardianes se acercan. &amp;#161;Mant&amp;#233;nlos a raya durante al menos cinco minutos, de acuerdo?
StrSheet_Dungeon	StrSheet_Dungeon-00184_Translated.xml	9889004	entity	&amp;#161;Una segunda ola de guardianes!
StrSheet_Dungeon	StrSheet_Dungeon-00184_Translated.xml	9889005	entity	&amp;#161;Ah&amp;#237; va la tercera ola!
StrSheet_Dungeon	StrSheet_Dungeon-00184_Translated.xml	9889006	entity	&amp;#191;Una cuarta oleda? &amp;#191;En verdad?
StrSheet_Dungeon	StrSheet_Dungeon-00184_Translated.xml	9889007	entity	&amp;#161;La &amp;#250;ltima ola de guardianes! Pase lo que pase...
StrSheet_Dungeon	StrSheet_Dungeon-00184_Translated.xml	9889009	entity	Las barricadas en la entrada del Sal&amp;#243;n de los sacerdotes han sido destruidas.
StrSheet_Dungeon	StrSheet_Dungeon-00184_Translated.xml	9889010	entity	&amp;#161;Lady Terkasia, s&amp;#225;lvame!
StrSheet_Dungeon	StrSheet_Dungeon-00184_Translated.xml	9889011	entity	Terkasia, la guardiana traidora, ha aparecido en los dominios de la C&amp;#225;mara de la Inmortalidad.
StrSheet_Dungeon	StrSheet_Dungeon-00184_Translated.xml	9889012	entity	Una criatura ha sido invocada. &amp;#161;Una criatura... inmensa!
StrSheet_Dungeon	StrSheet_Dungeon-00184_Translated.xml	9889024	entity	Protecci&amp;#243;n terminada.
StrSheet_Dungeon	StrSheet_Dungeon-00184_Translated.xml	9889104	entity	&amp;#191;Quieres aprender leyendo? &amp;#161;Pues ahora vas a aprender con sangre! &amp;#191;C&amp;#243;mo te atreves a interrumpirme de esa manera?
StrSheet_Dungeon	StrSheet_Dungeon-00184_Translated.xml	9889105	entity	&amp;#161;Mi venganza ser&amp;#225; tu muerte!
StrSheet_Dungeon	StrSheet_Dungeon-00184_Translated.xml	9889106	entity	Despu&amp;#233;s de que la piedra ha sido destruida, escuchas una puerta abrirse a lo lejos.
StrSheet_Dungeon	StrSheet_Dungeon-00184_Translated.xml	9889109	entity	Un extra&amp;#241;o se acerca.
StrSheet_Dungeon	StrSheet_Dungeon-00184_Translated.xml	9889110	entity	&amp;#161;Terkasia! Te estaba esperando.
StrSheet_Dungeon	StrSheet_Dungeon-00184_Translated.xml	9889111	entity	&amp;#161;Es un &amp;#233;xito total! &amp;#161;Por fin hemos eliminado la amenaza de los cultistas!
StrSheet_Dungeon	StrSheet_Dungeon-00184_Translated.xml	9889112	entity	La destrucci&amp;#243;n del Altar de Samael es el &amp;#250;ltimo paso. &amp;#161;S&amp;#237;gueme!
StrSheet_Dungeon	StrSheet_Dungeon-00185_Translated.xml	9911002	entity	&amp;#161;Has activado una trampa!
StrSheet_Dungeon	StrSheet_Dungeon-00185_Translated.xml	9911005	entity	La puerta de la habitaci&amp;#243;n se abre.
StrSheet_Dungeon	StrSheet_Dungeon-00185_Translated.xml	9911011	entity	&amp;#161;Kelsaik ha muerto!
StrSheet_Dungeon	StrSheet_Dungeon-00185_Translated.xml	9911012	entity	Entrada al Sal&amp;#243;n de Kelsaik.
StrSheet_Dungeon	StrSheet_Dungeon-00185_Translated.xml	9911013	entity	La puerta de la habitaci&amp;#243;n se cierra.
StrSheet_Dungeon	StrSheet_Dungeon-00185_Translated.xml	9911100	entity	No temas, ning&amp;#250;n cristal ser&amp;#225; destruido.
StrSheet_Dungeon	StrSheet_Dungeon-00185_Translated.xml	9911101	entity	Resucita a tus aliados e int&amp;#233;ntalo de nuevo.
StrSheet_Dungeon	StrSheet_Dungeon-00185_Translated.xml	9911102	entity	La uni&amp;#243;n hace la fuerza.
StrSheet_Dungeon	StrSheet_Dungeon-00185_Translated.xml	9911105	entity	Piensa en protegerte detr&amp;#225;s de tu tanque. Mantenerte con vida es tu prioridad.
StrSheet_Dungeon	StrSheet_Dungeon-00185_Translated.xml	9911106	entity	Si el enemigo salta, im&amp;#237;talo.
StrSheet_Dungeon	StrSheet_Dungeon-00186_Translated.xml	9716021	entity	&amp;#161;Un Pyl&amp;#244;ne d'Aeonalis se ha hecho a&amp;#241;icos! (1/6)
StrSheet_Dungeon	StrSheet_Dungeon-00186_Translated.xml	9716022	entity	&amp;#161;Un Pyl&amp;#244;ne d'Aeonalis se ha hecho a&amp;#241;icos! (2/6)
StrSheet_Dungeon	StrSheet_Dungeon-00186_Translated.xml	9716023	entity	&amp;#161;Un Pyl&amp;#244;ne d'Aeonalis se ha hecho a&amp;#241;icos! (3/6)
StrSheet_Dungeon	StrSheet_Dungeon-00186_Translated.xml	9716024	entity	&amp;#161;Un Pyl&amp;#244;ne d'Aeonalis se ha hecho a&amp;#241;icos! (4/6)
StrSheet_Dungeon	StrSheet_Dungeon-00186_Translated.xml	9716025	entity	&amp;#161;Un Pyl&amp;#244;ne d'Aeonalis se ha hecho a&amp;#241;icos! (5/6)
StrSheet_Dungeon	StrSheet_Dungeon-00186_Translated.xml	9916001	entity	&amp;#161;Invoca al Soberano!
StrSheet_Dungeon	StrSheet_Dungeon-00186_Translated.xml	9916003	entity	&amp;#161;Venid, alima&amp;#241;as! &amp;#161;Venid a m&amp;#237;!
StrSheet_Dungeon	StrSheet_Dungeon-00186_Translated.xml	9916005	entity	&amp;#161;Int&amp;#233;ntalo, si te atreves!
StrSheet_Dungeon	StrSheet_Dungeon-00186_Translated.xml	9916006	entity	&amp;#161;Dile adi&amp;#243;s a este mundo!
StrSheet_Dungeon	StrSheet_Dungeon-00186_Translated.xml	9916007	entity	&amp;#191;Tienes problemas para mantenerte en pie?
StrSheet_Dungeon	StrSheet_Dungeon-00186_Translated.xml	9916008	entity	&amp;#191;Quieres que intervenga?
StrSheet_Dungeon	StrSheet_Dungeon-00186_Translated.xml	9916009	entity	&amp;#161;Perimos se dirige hacia la sala de la m&amp;#225;quina para destruir los Pyl&amp;#244;nes d'Aeonalis!
StrSheet_Dungeon	StrSheet_Dungeon-00186_Translated.xml	9916010	entity	&amp;#161;El Soberano est&amp;#225; aqu&amp;#237;!
StrSheet_Dungeon	StrSheet_Dungeon-00186_Translated.xml	9916012	entity	El Soberano te quitar&amp;#225; la vida sin que te des cuenta.
StrSheet_Dungeon	StrSheet_Dungeon-00186_Translated.xml	9916013	entity	Los Guerreros de la ira de sangre otorgan una bonificaci&amp;#243;n de defensa al Soberano.
StrSheet_Dungeon	StrSheet_Dungeon-00186_Translated.xml	9916014	entity	Los Hechiceros de la ira de sangre otorgan una bonificaci&amp;#243;n de poder al Soberano.
StrSheet_Dungeon	StrSheet_Dungeon-00186_Translated.xml	9916015	entity	Los M&amp;#237;sticos de la ira de sangre sanan continuamente al Soberano.
StrSheet_Dungeon	StrSheet_Dungeon-00186_Translated.xml	9916016	entity	&amp;#161;La nave se hundir&amp;#225; con ustedes!
StrSheet_Dungeon	StrSheet_Dungeon-00186_Translated.xml	9916017	entity	&amp;#161;Eliminen a los Archidevans antes de que llegue su soberano!
StrSheet_Dungeon	StrSheet_Dungeon-00186_Translated.xml	9916018	entity	&amp;#161;Todos los pylon de Aeonalis fueron destruidos! &amp;#161;El crucero celeste est&amp;#225; cayendo!
StrSheet_Dungeon	StrSheet_Dungeon-00186_Translated.xml	9916021	entity	&amp;#161;Un pylon de Aeonalis est&amp;#225; roto! (1/8)
StrSheet_Dungeon	StrSheet_Dungeon-00186_Translated.xml	9916022	entity	&amp;#161;Un pylon de Aeonalis est&amp;#225; roto! (2/8)
StrSheet_Dungeon	StrSheet_Dungeon-00186_Translated.xml	9916023	entity	&amp;#161;Un pylon de Aeonalis est&amp;#225; roto! (3/8)
StrSheet_Dungeon	StrSheet_Dungeon-00186_Translated.xml	9916024	entity	&amp;#161;Un pylon de Aeonalis est&amp;#225; roto! (4/8)
StrSheet_Dungeon	StrSheet_Dungeon-00186_Translated.xml	9916025	entity	&amp;#161;Un pylon de Aeonalis est&amp;#225; roto! (5/8)
StrSheet_Dungeon	StrSheet_Dungeon-00186_Translated.xml	9916026	entity	&amp;#161;Abraza la oscuridad!
StrSheet_Dungeon	StrSheet_Dungeon-00186_Translated.xml	9916027	entity	&amp;#161;A ver si puedes esquivar mi ataque!
StrSheet_Dungeon	StrSheet_Dungeon-00186_Translated.xml	9916030	entity	&amp;#161;Los pylons de Aeonalis est&amp;#225;n protegidos!
StrSheet_Dungeon	StrSheet_Dungeon-00186_Translated.xml	9916031	entity	&amp;#161;Imposible escapar!
StrSheet_Dungeon	StrSheet_Dungeon-00186_Translated.xml	9916032	entity	&amp;#161;Un pylon de Aeonalis est&amp;#225; roto! (6/8)
StrSheet_Dungeon	StrSheet_Dungeon-00186_Translated.xml	9916033	entity	&amp;#161;Un pylon de Aeonalis est&amp;#225; roto! (7/8)
StrSheet_Dungeon	StrSheet_Dungeon-00186_Translated.xml	9916034	entity	&amp;#161;El fuego los devorar&amp;#225;!
StrSheet_Dungeon	StrSheet_Dungeon-00186_Translated.xml	9916035	entity	&amp;#161;Qu&amp;#233;... mis flamas!
StrSheet_Dungeon	StrSheet_Dungeon-00186_Translated.xml	9916039	entity	&amp;#161;Yo!
StrSheet_Dungeon	StrSheet_Dungeon-00186_Translated.xml	9916040	entity	&amp;#161;Voy
StrSheet_Dungeon	StrSheet_Dungeon-00186_Translated.xml	9916042	entity	&amp;#161;Les mostrar&amp;#233; lo que es el verdadero poder!
StrSheet_Dungeon	StrSheet_Dungeon-00186_Translated.xml	9916044	entity	&amp;#161;La abominaci&amp;#243;n absorbe MP!
StrSheet_Dungeon	StrSheet_Dungeon-00186_Translated.xml	9916045	entity	&amp;#161;La abominaci&amp;#243;n absorbe HP!
StrSheet_Dungeon	StrSheet_Dungeon-00186_Translated.xml	9916046	entity	Est&amp;#225;s perdiendo HP.
StrSheet_Dungeon	StrSheet_Dungeon-00186_Translated.xml	9916047	entity	Est&amp;#225;s perdiendo a&amp;#250;n m&amp;#225;s HP.
StrSheet_Dungeon	StrSheet_Dungeon-00186_Translated.xml	9916048	entity	Los dejo en buenas manos con Putrion... Tengo una sala de m&amp;#225;quinas que destruir...
StrSheet_Dungeon	StrSheet_Dungeon-00186_Translated.xml	9916049	entity	&amp;#161;No dar&amp;#225;n un paso m&amp;#225;s!
StrSheet_Dungeon	StrSheet_Dungeon-00186_Translated.xml	9916050	entity	&amp;#161;Exterminen a estos par&amp;#225;sitos!
StrSheet_Dungeon	StrSheet_Dungeon-00186_Translated.xml	9916051	entity	Putrion aparecer&amp;#225; en 10 segundos.
StrSheet_Dungeon	StrSheet_Dungeon-00186_Translated.xml	9916053	entity	Una bendici&amp;#243;n de principiante se activar&amp;#225; en 30 segundos.
StrSheet_Dungeon	StrSheet_Dungeon-00186_Translated.xml	9916054	entity	Un beneficio est&amp;#225; activo ahora. (1/3)
StrSheet_Dungeon	StrSheet_Dungeon-00186_Translated.xml	9916056	entity	Al parecer, se me adelantaron. Qu&amp;#233; alegr&amp;#237;a ver a Darkan derrotado.
StrSheet_Dungeon	StrSheet_Dungeon-00186_Translated.xml	9916057	entity	Ahora que el peligro de Darkan pas&amp;#243;, el Croiseur c&amp;#233;leste est&amp;#225; en bastante mal estado.
StrSheet_Dungeon	StrSheet_Dungeon-00186_Translated.xml	9916058	entity	Los ingenieros dicen que no puede volar as&amp;#237;. Tendremos que dar media vuelta para hacer reparaciones.
StrSheet_Dungeon	StrSheet_Dungeon-00186_Translated.xml	9916059	entity	&amp;#161;Ustedes! &amp;#161;Mi amo ordena que sufran!
StrSheet_Dungeon	StrSheet_Dungeon-00186_Translated.xml	9916060	entity	&amp;#161;Les dar&amp;#233; una lecci&amp;#243;n que solo Lakan conoce!
StrSheet_Dungeon	StrSheet_Dungeon-00186_Translated.xml	9916061	entity	Seres absolutamente pat&amp;#233;ticos...
StrSheet_Dungeon	StrSheet_Dungeon-00186_Translated.xml	9916062	entity	Esto no... ha terminado todav&amp;#237;a...
StrSheet_Dungeon	StrSheet_Dungeon-00186_Translated.xml	9916063	entity	Un beneficio est&amp;#225; activo ahora. (2/3)
StrSheet_Dungeon	StrSheet_Dungeon-00186_Translated.xml	9916064	entity	Un beneficio est&amp;#225; activo ahora. (3/3)
StrSheet_Dungeon	StrSheet_Dungeon-00187_Translated.xml	9201000	entity	S&amp;#237;
StrSheet_Dungeon	StrSheet_Dungeon-00187_Translated.xml	9201001	entity	El bloqueo (nivel 1) de Kallois (dif&amp;#237;cil) ha sido levantado.
StrSheet_Dungeon	StrSheet_Dungeon-00187_Translated.xml	9201002	entity	El bloqueo (nivel 2) de Kallois (dif&amp;#237;cil) ha sido levantado.
StrSheet_Dungeon	StrSheet_Dungeon-00187_Translated.xml	9203002	entity	&amp;#161;Har&amp;#233; explotar la magia que vive en ustedes!
StrSheet_Dungeon	StrSheet_Dungeon-00187_Translated.xml	9203005	entity	Si estabiliza esta magia, tendr&amp;#225; una gran fuerza.
StrSheet_Dungeon	StrSheet_Dungeon-00187_Translated.xml	9203006	entity	&amp;#161;Ni un paso m&amp;#225;s!
StrSheet_Dungeon	StrSheet_Dungeon-00187_Translated.xml	9204000	entity	La entrada se cerrar&amp;#225; pronto.
StrSheet_Dungeon	StrSheet_Dungeon-00187_Translated.xml	9205000	entity	Aqu&amp;#237; es donde comienza la zona de alta seguridad. Las medidas de seguridad se han reforzado.
StrSheet_Dungeon	StrSheet_Dungeon-00188_Translated.xml	9935001	entity	&amp;#161;El telepuerto cerrar&amp;#225; pronto!
StrSheet_Dungeon	StrSheet_Dungeon-00188_Translated.xml	9935200	entity	El proceso de eliminaci&amp;#243;n de productos defectuosos est&amp;#225; activado...
StrSheet_Dungeon	StrSheet_Dungeon-00188_Translated.xml	9935301	entity	Protocolo de an&amp;#225;lisis t&amp;#233;rmico: transmitiendo...
StrSheet_Dungeon	StrSheet_Dungeon-00188_Translated.xml	9935307	entity	El hangar se est&amp;#225; reiniciando...
StrSheet_Dungeon	StrSheet_Dungeon-00188_Translated.xml	9935309	entity	Advertencia del sistema: el dispositivo de protecci&amp;#243;n de la piedra m&amp;#225;gica ha sido eliminado.
StrSheet_Dungeon	StrSheet_Dungeon-00188_Translated.xml	9935310	entity	Error al activar la matriz de transmisi&amp;#243;n de energ&amp;#237;a...
StrSheet_Dungeon	StrSheet_Dungeon-00188_Translated.xml	9935311	entity	Modificaci&amp;#243;n de los par&amp;#225;metros del sistema: 1
StrSheet_Dungeon	StrSheet_Dungeon-00188_Translated.xml	9935312	entity	Modificaci&amp;#243;n de la configuraci&amp;#243;n del sistema: 0
StrSheet_Dungeon	StrSheet_Dungeon-00188_Translated.xml	9935313	entity	El supresor de campo magn&amp;#233;tico est&amp;#225; activado.
StrSheet_Dungeon	StrSheet_Dungeon-00188_Translated.xml	9935314	entity	Todos los supresores de campo magn&amp;#233;tico est&amp;#225;n activados.
StrSheet_Dungeon	StrSheet_Dungeon-00188_Translated.xml	9935401	entity	&amp;#161;No me molestes!
StrSheet_Dungeon	StrSheet_Dungeon-00188_Translated.xml	9935402	entity	&amp;#161;Ac&amp;#233;rcate, Ventaron!
StrSheet_Dungeon	StrSheet_Dungeon-00188_Translated.xml	9935403	entity	Maldici&amp;#243;n, &amp;#161;Ventaron no es suficiente por s&amp;#237; solo!
StrSheet_Dungeon	StrSheet_Dungeon-00188_Translated.xml	9935404	entity	&amp;#161;Los voy a exterminar aqu&amp;#237; mismo!
StrSheet_Dungeon	StrSheet_Dungeon-00188_Translated.xml	9935405	entity	Deben esquivar los rayos l&amp;#225;ser y activar el supresor de campo magn&amp;#233;tico.
StrSheet_Dungeon	StrSheet_Dungeon-00188_Translated.xml	9935406	entity	&amp;#161;Maldici&amp;#243;n! &amp;#161;Son tan molestos como las cucarachas!
StrSheet_Dungeon	StrSheet_Dungeon-00188_Translated.xml	9935407	entity	&amp;#161;Ac&amp;#233;rcate, Hexapleion!
StrSheet_Dungeon	StrSheet_Dungeon-00189_Translated.xml	9939201	entity	La catapulta ubicada en el norte est&amp;#225; activada.
StrSheet_Dungeon	StrSheet_Dungeon-00189_Translated.xml	9939202	entity	La catapulta ubicada en el este est&amp;#225; activada.
StrSheet_Dungeon	StrSheet_Dungeon-00189_Translated.xml	9939203	entity	La catapulta ubicada en el sur est&amp;#225; activada.
StrSheet_Dungeon	StrSheet_Dungeon-00189_Translated.xml	9939204	entity	La catapulta ubicada en el oeste est&amp;#225; activada.
StrSheet_Dungeon	StrSheet_Dungeon-00190_Translated.xml	9950005	entity	&amp;#161;Pobres criaturas d&amp;#233;biles, de verdad creen que se van a cruzar en nuestro camino!
StrSheet_Dungeon	StrSheet_Dungeon-00190_Translated.xml	9950008	entity	Sabnach del tr&amp;#233;pas ha sido invocado.
StrSheet_Dungeon	StrSheet_Dungeon-00190_Translated.xml	9950010	entity	&amp;#161;&amp;#191;C&amp;#243;mo se atreven a tocar a mis descendientes?!
StrSheet_Dungeon	StrSheet_Dungeon-00190_Translated.xml	9950011	entity	Vergos se encuentra en un estado de frenes&amp;#237;. Ya no hay ninguna esperanza...
StrSheet_Dungeon	StrSheet_Dungeon-00190_Translated.xml	9950012	entity	&amp;#161;Los esbirros de Vergos se benefician de su poder!
StrSheet_Dungeon	StrSheet_Dungeon-00190_Translated.xml	9950014	entity	Vergos ha absorbido todo el poder del reino de los dioses. &amp;#161;Ya no puedes detenerlo!
StrSheet_Dungeon	StrSheet_Dungeon-00190_Translated.xml	9950015	entity	&amp;#161;Has impedido que Vergos absorba el poder del reino de los dioses!
StrSheet_Dungeon	StrSheet_Dungeon-00190_Translated.xml	9950016	entity	&amp;#161;Destrucci&amp;#243;n de zona exitosa en la pata trasera derecha!
StrSheet_Dungeon	StrSheet_Dungeon-00190_Translated.xml	9950017	entity	&amp;#161;Destrucci&amp;#243;n de zona exitosa en la pata trasera izquierda!
StrSheet_Dungeon	StrSheet_Dungeon-00190_Translated.xml	9950018	entity	&amp;#161;La intimidaci&amp;#243;n que inspira Vergos es tal que tu cuerpo se encoge!
StrSheet_Dungeon	StrSheet_Dungeon-00190_Translated.xml	9950020	entity	&amp;#161;Los esbirros de Vergos intentan destruir el Pasaje del reino de los dioses!
StrSheet_Dungeon	StrSheet_Dungeon-00190_Translated.xml	9950021	entity	&amp;#161;Tasa de neutralizaci&amp;#243;n del sello del Pasaje del reino de los dioses!
StrSheet_Dungeon	StrSheet_Dungeon-00190_Translated.xml	9950022	entity	&amp;#161;Destrucci&amp;#243;n de zona exitosa en la pata delantera izquierda!
StrSheet_Dungeon	StrSheet_Dungeon-00190_Translated.xml	9950023	entity	&amp;#161;Destrucci&amp;#243;n de zona exitosa en la pata delantera derecha!
StrSheet_Dungeon	StrSheet_Dungeon-00190_Translated.xml	9950025	entity	Aliento de destrucci&amp;#243;n
StrSheet_Dungeon	StrSheet_Dungeon-00190_Translated.xml	9950026	entity	Vergos ha cargado por completo su Aliento de destrucci&amp;#243;n.
StrSheet_Dungeon	StrSheet_Dungeon-00190_Translated.xml	9950033	entity	Vergos extiende una maldici&amp;#243;n sobre los jugadores.
StrSheet_Dungeon	StrSheet_Dungeon-00190_Translated.xml	9950034	entity	&amp;#161;Destrucci&amp;#243;n exitosa del escudo de la pata izquierda de Vergos!
StrSheet_Dungeon	StrSheet_Dungeon-00190_Translated.xml	9950035	entity	&amp;#161;Destrucci&amp;#243;n exitosa del escudo de la pata derecha de Vergos!
StrSheet_Dungeon	StrSheet_Dungeon-00190_Translated.xml	9950036	entity	&amp;#161;Vergos est&amp;#225; desequilibrado. &amp;#161;Vergos comienza a dudar!
StrSheet_Dungeon	StrSheet_Dungeon-00190_Translated.xml	9950037	entity	&amp;#161;Vergos re&amp;#250;ne sus fuerzas en ambas patas para saltar en el aire. &amp;#161;Debes detenerlo!
StrSheet_Dungeon	StrSheet_Dungeon-00190_Translated.xml	9950038	entity	Vergos toma una inspiraci&amp;#243;n.
StrSheet_Dungeon	StrSheet_Dungeon-00190_Translated.xml	9950041	entity	&amp;#161;C&amp;#243;mo te atreves a interponerte en los planes de nuestros aliados!
StrSheet_Dungeon	StrSheet_Dungeon-00190_Translated.xml	9950042	entity	Los dragones entran en Rage ante la muerte de uno de los suyos y se vuelven m&amp;#225;s poderosos.
StrSheet_Dungeon	StrSheet_Dungeon-00190_Translated.xml	9950044	entity	Vergos escuch&amp;#243; el llamado y vuela en tu direcci&amp;#243;n para invocar el Aliento de destrucci&amp;#243;n.
StrSheet_Dungeon	StrSheet_Dungeon-00190_Translated.xml	9950045	entity	Los dragons inician una ceremonia de invocaci&amp;#243;n de Vergos.
StrSheet_Dungeon	StrSheet_Dungeon-00190_Translated.xml	9950051	entity	&amp;#161;Cabeza de Vergos destruida con &amp;#233;xito!
StrSheet_Dungeon	StrSheet_Dungeon-00190_Translated.xml	9950053	entity	&amp;#161;Los dragons pronto entrar&amp;#225;n en furia! &amp;#161;Debes eliminarlos a todos lo antes posible!
StrSheet_Dungeon	StrSheet_Dungeon-00190_Translated.xml	9950054	entity	Los dragons est&amp;#225;n todos furiosos.
StrSheet_Dungeon	StrSheet_Dungeon-00190_Translated.xml	9950055	entity	&amp;#161;El impacto de Vergos en el suelo propuls&amp;#243; rocas!
StrSheet_Dungeon	StrSheet_Dungeon-00190_Translated.xml	9950056	entity	Vergos comprende que est&amp;#225; en peligro y concentra todo su poder en su defensa.
StrSheet_Dungeon	StrSheet_Dungeon-00190_Translated.xml	9950057	entity	&amp;#161;La Federaci&amp;#243;n Valkyon se acerca!
StrSheet_Dungeon	StrSheet_Dungeon-00190_Translated.xml	9950058	entity	El poder de fuego de los blindados desplegados por la Federaci&amp;#243;n Valkyon preocupa a Vergos.
StrSheet_Dungeon	StrSheet_Dungeon-00190_Translated.xml	9950059	entity	&amp;#161;Vergos recupera el conocimiento y prepara un ataque. Debes atacar su punto d&amp;#233;bil y darle el golpe de gracia!
StrSheet_Dungeon	StrSheet_Dungeon-00190_Translated.xml	9950060	entity	Vergos desencadena una onda r&amp;#225;pida.
StrSheet_Dungeon	StrSheet_Dungeon-00190_Translated.xml	9950062	entity	Una energ&amp;#237;a funesta se acumula en el fondo.
StrSheet_Dungeon	StrSheet_Dungeon-00190_Translated.xml	9950063	entity	Frenes&amp;#237;
StrSheet_Dungeon	StrSheet_Dungeon-00190_Translated.xml	9950064	entity	Vergos se encuentra en un estado de frenes&amp;#237;. Ya no puedes detenerlo.
StrSheet_Dungeon	StrSheet_Dungeon-00190_Translated.xml	9950065	entity	&amp;#161;Destrucci&amp;#243;n exitosa del escudo de la cabeza!
StrSheet_Dungeon	StrSheet_Dungeon-00190_Translated.xml	9950066	entity	&amp;#161;Destrucci&amp;#243;n exitosa del escudo de la pata delantera derecha!
StrSheet_Dungeon	StrSheet_Dungeon-00190_Translated.xml	9950067	entity	&amp;#161;Destrucci&amp;#243;n exitosa del escudo de la pata delantera izquierda!
StrSheet_Dungeon	StrSheet_Dungeon-00190_Translated.xml	9950068	entity	&amp;#161;Destrucci&amp;#243;n exitosa del escudo de la pata trasera derecha!
StrSheet_Dungeon	StrSheet_Dungeon-00190_Translated.xml	9950069	entity	&amp;#161;Destrucci&amp;#243;n exitosa del escudo de la pata trasera izquierda!
StrSheet_Dungeon	StrSheet_Dungeon-00190_Translated.xml	9950070	entity	Has impedido que Vergos siembre la destrucci&amp;#243;n.
StrSheet_Dungeon	StrSheet_Dungeon-00190_Translated.xml	9950071	entity	&amp;#161;El cuerno derecho de Vergos est&amp;#225; destruido!
StrSheet_Dungeon	StrSheet_Dungeon-00190_Translated.xml	9950072	entity	&amp;#161;El cuerno izquierdo de Vergos est&amp;#225; destruido!
StrSheet_Dungeon	StrSheet_Dungeon-00190_Translated.xml	9950073	entity	&amp;#161;El hombro derecho de Vergos est&amp;#225; siendo destruido!
StrSheet_Dungeon	StrSheet_Dungeon-00190_Translated.xml	9950074	entity	&amp;#161;El hombro izquierdo de Vergos est&amp;#225; destruido!
StrSheet_Dungeon	StrSheet_Dungeon-00190_Translated.xml	9950075	entity	&amp;#161;El hombro izquierdo de Vergos est&amp;#225; siendo destruido!
StrSheet_Dungeon	StrSheet_Dungeon-00190_Translated.xml	9950076	entity	&amp;#161;El hombro izquierdo de Vergos est&amp;#225; destruido!
StrSheet_Dungeon	StrSheet_Dungeon-00190_Translated.xml	9950077	entity	&amp;#161;El ala derecha de Vergos est&amp;#225; a punto de ser destruida!
StrSheet_Dungeon	StrSheet_Dungeon-00190_Translated.xml	9950078	entity	&amp;#161;El ala izquierda de Vergos est&amp;#225; destruida!
StrSheet_Dungeon	StrSheet_Dungeon-00190_Translated.xml	9950079	entity	&amp;#161;La cola de Vergos est&amp;#225; a punto de ser destruida!
StrSheet_Dungeon	StrSheet_Dungeon-00190_Translated.xml	9950080	entity	&amp;#161;La cola de Vergos est&amp;#225; destruida!
StrSheet_Dungeon	StrSheet_Dungeon-00190_Translated.xml	9950081	entity	Los ahogar&amp;#233; en mi sangre.
StrSheet_Dungeon	StrSheet_Dungeon-00190_Translated.xml	9950082	entity	&amp;#161;Vergos entra en una rage desatada!
StrSheet_Dungeon	StrSheet_Dungeon-00190_Translated.xml	9950084	entity	&amp;#161;El hombro izquierdo de Vergos est&amp;#225; siendo destruido!
StrSheet_Dungeon	StrSheet_Dungeon-00190_Translated.xml	9950085	entity	&amp;#161;El hombro derecho de Vergos est&amp;#225; siendo destruido!
StrSheet_Dungeon	StrSheet_Dungeon-00190_Translated.xml	9950086	entity	&amp;#161;El cuerno derecho de Vergos est&amp;#225; destruido!
StrSheet_Dungeon	StrSheet_Dungeon-00190_Translated.xml	9950087	entity	&amp;#161;El cuerno izquierdo de Vergos est&amp;#225; destruido!
StrSheet_Dungeon	StrSheet_Dungeon-00190_Translated.xml	9950088	entity	&amp;#161;La cola de Vergos est&amp;#225; a punto de ser cortada!
StrSheet_Dungeon	StrSheet_Dungeon-00190_Translated.xml	9950089	entity	&amp;#161;La cola de Vergos ha sido completamente cortada!
StrSheet_Dungeon	StrSheet_Dungeon-00190_Translated.xml	9950090	entity	&amp;#161;El hombro derecho de Vergos est&amp;#225; completamente destruido!
StrSheet_Dungeon	StrSheet_Dungeon-00190_Translated.xml	9950091	entity	&amp;#161;El hombro izquierdo de Vergos est&amp;#225; completamente destruido!
StrSheet_Dungeon	StrSheet_Dungeon-00190_Translated.xml	9950092	entity	Todo el cuerpo de Vergos est&amp;#225; destruido. Ya no puede usar su poder.
StrSheet_Dungeon	StrSheet_Dungeon-00190_Translated.xml	9950093	entity	El da&amp;#241;o de la pata trasera izquierda de Vergos se propaga a su cola.
StrSheet_Dungeon	StrSheet_Dungeon-00190_Translated.xml	9950094	entity	El da&amp;#241;o de la pata trasera derecha de Vergos se propaga a su cola.
StrSheet_Dungeon	StrSheet_Dungeon-00190_Translated.xml	9950095	entity	&amp;#161;Vergos ya no puede controlar su Rage hirviente!
StrSheet_Dungeon	StrSheet_Dungeon-00190_Translated.xml	9950097	entity	Si no logras detener a Vergos antes de que entre en estado de frenes&amp;#237;, se volver&amp;#225; a&amp;#250;n m&amp;#225;s poderoso.
StrSheet_Dungeon	StrSheet_Dungeon-00190_Translated.xml	9950096	entity	&amp;#161;Grrr...! Miserables sabandijas... &amp;#161;Los voy a destruir!
StrSheet_Dungeon	StrSheet_Dungeon-00190_Translated.xml	9950098	entity	&amp;#161;Lo destruir&amp;#233; todo!
StrSheet_Dungeon	StrSheet_Dungeon-00190_Translated.xml	9950099	entity	&amp;#161;Soy inmortal!
StrSheet_Dungeon	StrSheet_Dungeon-00190_Translated.xml	9950200	entity	&amp;#191;De verdad crees que los dioses te salvar&amp;#225;n?
StrSheet_Dungeon	StrSheet_Dungeon-00190_Translated.xml	9950201	entity	&amp;#161;Mi Rage es inmensurable!
StrSheet_Dungeon	StrSheet_Dungeon-00190_Translated.xml	9950202	entity	&amp;#161;Voy a destruir todo lo que los dioses han construido!
StrSheet_Dungeon	StrSheet_Dungeon-00190_Translated.xml	9950203	entity	Los dioses no vendr&amp;#225;n en su auxilio.
StrSheet_Dungeon	StrSheet_Dungeon-00190_Translated.xml	9950100	entity	Vergos re&amp;#250;ne energ&amp;#237;a en su pata delantera derecha y comienza la destrucci&amp;#243;n.
StrSheet_Dungeon	StrSheet_Dungeon-00190_Translated.xml	9950101	entity	Vergos re&amp;#250;ne energ&amp;#237;a en su pata delantera izquierda y comienza la destrucci&amp;#243;n.
StrSheet_Dungeon	StrSheet_Dungeon-00190_Translated.xml	9950102	entity	Vergos re&amp;#250;ne energ&amp;#237;a en su pata trasera derecha y comienza la destrucci&amp;#243;n.
StrSheet_Dungeon	StrSheet_Dungeon-00190_Translated.xml	9950103	entity	Vergos re&amp;#250;ne energ&amp;#237;a en su pata trasera izquierda y comienza la destrucci&amp;#243;n.
StrSheet_Dungeon	StrSheet_Dungeon-00190_Translated.xml	9950104	entity	Vergos re&amp;#250;ne energ&amp;#237;a en su cabeza y comienza la destrucci&amp;#243;n.
StrSheet_Dungeon	StrSheet_Dungeon-00190_Translated.xml	9950105	entity	&amp;#161;Destrucci&amp;#243;n exitosa del escudo de la pata delantera derecha!
StrSheet_Dungeon	StrSheet_Dungeon-00190_Translated.xml	9950106	entity	&amp;#161;Destrucci&amp;#243;n exitosa del escudo de la pata delantera izquierda!
StrSheet_Dungeon	StrSheet_Dungeon-00190_Translated.xml	9950107	entity	&amp;#161;Destrucci&amp;#243;n exitosa del escudo de la pata trasera derecha!
StrSheet_Dungeon	StrSheet_Dungeon-00190_Translated.xml	9950108	entity	&amp;#161;Destrucci&amp;#243;n exitosa del escudo de la pata trasera izquierda!
StrSheet_Dungeon	StrSheet_Dungeon-00190_Translated.xml	9950109	entity	&amp;#161;Destrucci&amp;#243;n exitosa del escudo de la cabeza!
StrSheet_Dungeon	StrSheet_Dungeon-00190_Translated.xml	9950110	entity	Debes reparar las catapultas destruidas de los alrededores y usarlas para precipitar la ca&amp;#237;da de Vergos.
StrSheet_Dungeon	StrSheet_Dungeon-00190_Translated.xml	9950111	entity	&amp;#161;La energ&amp;#237;a de Vergos fortalece al Golem de piedra!
StrSheet_Dungeon	StrSheet_Dungeon-00190_Translated.xml	9950113	entity	Has interrumpido la ceremonia de invocaci&amp;#243;n de Agares.
StrSheet_Dungeon	StrSheet_Dungeon-00190_Translated.xml	9950114	entity	Has interrumpido la ceremonia de invocaci&amp;#243;n de Guladorn.
StrSheet_Dungeon	StrSheet_Dungeon-00190_Translated.xml	9950115	entity	Has interrumpido la ceremonia de invocaci&amp;#243;n de Sabnach.
StrSheet_Dungeon	StrSheet_Dungeon-00190_Translated.xml	9950116	entity	Has interrumpido la ceremonia de invocaci&amp;#243;n de Saleos.
StrSheet_Dungeon	StrSheet_Dungeon-00190_Translated.xml	9950117	entity	Has impedido que Vergos siembre la destrucci&amp;#243;n.
StrSheet_Dungeon	StrSheet_Dungeon-00190_Translated.xml	9950121	entity	Saleos despliega la Bendici&amp;#243;n de la tierra.
StrSheet_Dungeon	StrSheet_Dungeon-00190_Translated.xml	9950123	entity	Sabnach hace brotar un volc&amp;#225;n.
StrSheet_Dungeon	StrSheet_Dungeon-00190_Translated.xml	9950124	entity	&amp;#161;Los dragones entran en Rage ante la muerte de uno de los suyos!
StrSheet_Dungeon	StrSheet_Dungeon-00190_Translated.xml	9950125	entity	&amp;#161;Todos los dragones est&amp;#225;n furiosos!
StrSheet_Dungeon	StrSheet_Dungeon-00190_Translated.xml	9950126	entity	&amp;#161;Todos los dragones enloquecer&amp;#225;n en 30 segundos!
StrSheet_Dungeon	StrSheet_Dungeon-00190_Translated.xml	9950127	entity	Criaturas de los dioses... &amp;#161;Van a entender lo que es el miedo!
StrSheet_Dungeon	StrSheet_Dungeon-00191_Translated.xml	9970001	entity	Las cr&amp;#237;as de ara&amp;#241;a se apropiaron de nuevas reservas de comida.
StrSheet_Dungeon	StrSheet_Dungeon-00191_Translated.xml	9970002	entity	Las cr&amp;#237;as de ara&amp;#241;a est&amp;#225;n satisfechas y se quedan dormidas.
StrSheet_Dungeon	StrSheet_Dungeon-00191_Translated.xml	9970003	entity	El hambre de las cr&amp;#237;as de ara&amp;#241;a
StrSheet_Dungeon	StrSheet_Dungeon-00191_Translated.xml	9970004	entity	&amp;#161;Cuanta m&amp;#225;s hambre tienen, m&amp;#225;s violentas se vuelven las cr&amp;#237;as de ara&amp;#241;a!
StrSheet_Dungeon	StrSheet_Dungeon-00191_Translated.xml	9970005	entity	&amp;#161;Malgarios resucitado atrae a todos!
StrSheet_Dungeon	StrSheet_Dungeon-00191_Translated.xml	9970006	entity	El destino de alguien est&amp;#225; a punto de cumplirse.
StrSheet_Dungeon	StrSheet_Dungeon-00191_Translated.xml	9970007	entity	&amp;#161;Es todo lo que te mereces!
StrSheet_Dungeon	StrSheet_Dungeon-00191_Translated.xml	9970008	entity	&amp;#161;El poder de Lakan te ha resucitado!
StrSheet_Dungeon	StrSheet_Dungeon-00191_Translated.xml	9970010	entity	&amp;#161;El Muro de almas se desmorona!
StrSheet_Dungeon	StrSheet_Dungeon-00191_Translated.xml	9970011	entity	&amp;#161;Muere!
StrSheet_Dungeon	StrSheet_Dungeon-00191_Translated.xml	9970012	entity	&amp;#161;El Muro de almas est&amp;#225; completamente destruido!
StrSheet_Dungeon	StrSheet_Dungeon-00191_Translated.xml	9970014	entity	&amp;#161;Aunque escapes de tu destino... La llegada de Lakan sigue siendo ineluctable...
StrSheet_Dungeon	StrSheet_Dungeon-00192_Translated.xml	9975002	entity	&amp;#161;Has activado una trampa!
StrSheet_Dungeon	StrSheet_Dungeon-00192_Translated.xml	9975005	entity	La puerta de la habitaci&amp;#243;n se abre.
StrSheet_Dungeon	StrSheet_Dungeon-00192_Translated.xml	9975011	entity	&amp;#161;Kelsaik ha muerto!
StrSheet_Dungeon	StrSheet_Dungeon-00192_Translated.xml	9975012	entity	Entrada al Sal&amp;#243;n de Kelsaik.
StrSheet_Dungeon	StrSheet_Dungeon-00192_Translated.xml	9975013	entity	La puerta de la habitaci&amp;#243;n se cierra.
StrSheet_Dungeon	StrSheet_Dungeon-00192_Translated.xml	9975100	entity	No temas, ning&amp;#250;n cristal ser&amp;#225; destruido.
StrSheet_Dungeon	StrSheet_Dungeon-00192_Translated.xml	9975101	entity	Resucita a tus aliados e int&amp;#233;ntalo de nuevo.
StrSheet_Dungeon	StrSheet_Dungeon-00192_Translated.xml	9975102	entity	La uni&amp;#243;n hace la fuerza.
StrSheet_Dungeon	StrSheet_Dungeon-00192_Translated.xml	9975105	entity	&amp;#161;Acu&amp;#233;rdate de protegerte detr&amp;#225;s de tu tanque! Tu prioridad es seguir con vida.
StrSheet_Dungeon	StrSheet_Dungeon-00192_Translated.xml	9975106	entity	Si el enemigo salta, im&amp;#237;talo.
StrSheet_Dungeon	StrSheet_Dungeon-00193_Translated.xml	9979001	entity	&amp;#161;Abukaizel huye! S&amp;#237;guelo.
StrSheet_Dungeon	StrSheet_Dungeon-00193_Translated.xml	9979002	entity	Los refuerzos vienen en camino. &amp;#161;No dejes que te abrumen!
StrSheet_Dungeon	StrSheet_Dungeon-00193_Translated.xml	9979003	entity	&amp;#161;Los arqueros est&amp;#225;n detr&amp;#225;s de la muralla!
StrSheet_Dungeon	StrSheet_Dungeon-00193_Translated.xml	9979005	entity	&amp;#161;Elimina a sus l&amp;#237;deres!
StrSheet_Dungeon	StrSheet_Dungeon-00193_Translated.xml	9979008	entity	La piedra protectora te protege de todo da&amp;#241;o durante 20 segundos.
StrSheet_Dungeon	StrSheet_Dungeon-00193_Translated.xml	9979012	entity	La hembra de basilisco se debilita tras la muerte de su compa&amp;#241;ero.
StrSheet_Dungeon	StrSheet_Dungeon-00193_Translated.xml	9979013	entity	Cuando el compa&amp;#241;ero se para junto a la hembra de basilisco, activa una bonificaci&amp;#243;n de refuerzo.
StrSheet_Dungeon	StrSheet_Dungeon-00193_Translated.xml	9979014	entity	La Rage feroz de Saravash estallar&amp;#225; en 15 minutos.
StrSheet_Dungeon	StrSheet_Dungeon-00193_Translated.xml	9979016	entity	Un duende caprino pronto invocar&amp;#225; un esp&amp;#237;ritu.
StrSheet_Dungeon	StrSheet_Dungeon-00193_Translated.xml	9979017	entity	No aparecer&amp;#225;n m&amp;#225;s cristales. Date prisa en eliminar a Saravash.
StrSheet_Dungeon	StrSheet_Dungeon-00193_Translated.xml	9979018	entity	&amp;#161;No! &amp;#161;Mis defensas se desploman!
StrSheet_Dungeon	StrSheet_Dungeon-00193_Translated.xml	9979019	entity	Aunque mis defensas est&amp;#225;n al m&amp;#237;nimo, &amp;#161;todav&amp;#237;a no me has vencido!
StrSheet_Dungeon	StrSheet_Dungeon-00193_Translated.xml	9979020	entity	&amp;#161;Ja! &amp;#161;Mis defensas se han restablecido!
StrSheet_Dungeon	StrSheet_Dungeon-00193_Translated.xml	9979100	entity	Recibir&amp;#225;s un beneficio en 1 minuto.
StrSheet_Dungeon	StrSheet_Dungeon-00193_Translated.xml	9979101	entity	Un beneficio est&amp;#225; activo ahora. (1/3)
StrSheet_Dungeon	StrSheet_Dungeon-00193_Translated.xml	9979102	entity	Un beneficio est&amp;#225; activo ahora. (2/3)
StrSheet_Dungeon	StrSheet_Dungeon-00193_Translated.xml	9979103	entity	Un beneficio est&amp;#225; activo ahora. (3/3)
StrSheet_Dungeon	StrSheet_Dungeon-00194_Translated.xml	9980001	entity	La puerta se cerrar&amp;#225; pronto.
StrSheet_Dungeon	StrSheet_Dungeon-00195_Translated.xml	9981001	entity	Obsesionado con el n&amp;#250;mero 50
StrSheet_Dungeon	StrSheet_Dungeon-00195_Translated.xml	9981003	entity	Apropiaci&amp;#243;n de alma
StrSheet_Dungeon	StrSheet_Dungeon-00195_Translated.xml	9981005	entity	&amp;#161;Yo!
StrSheet_Dungeon	StrSheet_Dungeon-00195_Translated.xml	9981006	entity	&amp;#161;Voy
StrSheet_Dungeon	StrSheet_Dungeon-00195_Translated.xml	9981008	entity	&amp;#161;Grrr! &amp;#161;No voy a perder otra vez!
StrSheet_Dungeon	StrSheet_Dungeon-00195_Translated.xml	9981009	entity	La piedra m&amp;#225;gica ha sido reemplazada. &amp;#161;El HP es superior al de la piedra m&amp;#225;gica actual!
StrSheet_Dungeon	StrSheet_Dungeon-00195_Translated.xml	9981010	entity	&amp;#161;Todo el mundo puede entrar, pero salir es lo complicado!
StrSheet_Dungeon	StrSheet_Dungeon-00195_Translated.xml	9981011	entity	&amp;#161;Cuando una piedra m&amp;#225;gica te ataca, un sirviente es invocado en el acto!
StrSheet_Dungeon	StrSheet_Dungeon-00195_Translated.xml	9981022	entity	&amp;#161;Los voy a exterminar con la ayuda de las placas de magia oscura!
StrSheet_Dungeon	StrSheet_Dungeon-00195_Translated.xml	9981023	entity	&amp;#161;A trabajar! &amp;#161;Fres&amp;#237; de la magia oscura!
StrSheet_Dungeon	StrSheet_Dungeon-00195_Translated.xml	9981024	entity	&amp;#161;Exploten!
StrSheet_Dungeon	StrSheet_Dungeon-00195_Translated.xml	9981031	entity	Toda defensa es in&amp;#250;til
StrSheet_Dungeon	StrSheet_Dungeon-00195_Translated.xml	9981032	entity	&amp;#161;El poder de Velik se debilita!
StrSheet_Dungeon	StrSheet_Dungeon-00195_Translated.xml	9981033	entity	&amp;#161;La energ&amp;#237;a m&amp;#225;gica de Lakan se infiltra en el palacio!
StrSheet_Dungeon	StrSheet_Dungeon-00195_Translated.xml	9981034	entity	Velik est&amp;#225; aturdida
StrSheet_Dungeon	StrSheet_Dungeon-00195_Translated.xml	9981035	entity	&amp;#161;La energ&amp;#237;a m&amp;#225;gica de Lakan se ha infiltrado por completo en el palacio!
StrSheet_Dungeon	StrSheet_Dungeon-00195_Translated.xml	9981036	entity	Muere en plena bendici&amp;#243;n
StrSheet_Dungeon	StrSheet_Dungeon-00195_Translated.xml	9981037	entity	&amp;#161;La maldici&amp;#243;n de Lakan se activar&amp;#225; en 1 minuto! &amp;#161;Recibes da&amp;#241;o en lugar de curarte!
StrSheet_Dungeon	StrSheet_Dungeon-00195_Translated.xml	9981038	entity	&amp;#161;Desaparezcan!
StrSheet_Dungeon	StrSheet_Dungeon-00195_Translated.xml	9981039	entity	&amp;#161;Se van a enfrentar a la maldici&amp;#243;n divina!
StrSheet_Dungeon	StrSheet_Dungeon-00195_Translated.xml	9981040	entity	Te ves impotente... el plan sali&amp;#243; como estaba previsto.
StrSheet_Dungeon	StrSheet_Dungeon-00195_Translated.xml	9981042	entity	La misi&amp;#243;n fall&amp;#243;.
StrSheet_Dungeon	StrSheet_Dungeon-00195_Translated.xml	9981046	entity	&lt;font size='50'&gt;Quien acapara demasiado... la atenci&amp;#243;n... debe perecer...&lt;/font&gt;
StrSheet_Dungeon	StrSheet_Dungeon-00195_Translated.xml	9981047	entity	&lt;font size='50'&gt;Para alejarse... m&amp;#225;s... rel&amp;#225;mpago escarlata...&lt;/font&gt;
StrSheet_Dungeon	StrSheet_Dungeon-00195_Translated.xml	9981048	entity	&lt;font size='50'&gt;La maldici&amp;#243;n... es la confianza... en tus aliados...&lt;/font&gt;
StrSheet_Dungeon	StrSheet_Dungeon-00195_Translated.xml	9981500	entity	Aunque est&amp;#233; muerto, su poder a&amp;#250;n se siente. Quedarse aqu&amp;#237; es demasiado peligroso.
StrSheet_Dungeon	StrSheet_Dungeon-00195_Translated.xml	9981501	entity	&amp;#161;Ah... Velik!
StrSheet_Dungeon	StrSheet_Dungeon-00195_Translated.xml	9981502	entity	Me asegurar&amp;#233; de que las tablillas de los titanes lleguen sin contratiempos a Highwatch. Nos volveremos a ver en el Cuartel general.
StrSheet_Dungeon	StrSheet_Dungeon-00196_Translated.xml	9982002	entity	La estatua de sangre se est&amp;#225; activando.
StrSheet_Dungeon	StrSheet_Dungeon-00196_Translated.xml	9982003	entity	La estatua brillante se est&amp;#225; activando.
StrSheet_Dungeon	StrSheet_Dungeon-00196_Translated.xml	9982004	entity	La estatua maldita se est&amp;#225; activando.
StrSheet_Dungeon	StrSheet_Dungeon-00196_Translated.xml	9982005	entity	La estatua de sangre y la estatua brillante se est&amp;#225;n activando.
StrSheet_Dungeon	StrSheet_Dungeon-00196_Translated.xml	9982006	entity	La estatua de sangre y la estatua maldita se est&amp;#225;n activando.
StrSheet_Dungeon	StrSheet_Dungeon-00196_Translated.xml	9982007	entity	La estatua brillante y la estatua maldita se est&amp;#225;n activando.
StrSheet_Dungeon	StrSheet_Dungeon-00196_Translated.xml	9982012	entity	Alguien est&amp;#225; encadenado.
StrSheet_Dungeon	StrSheet_Dungeon-00196_Translated.xml	9982013	entity	&amp;#161;La sala se est&amp;#225; derrumbando!
StrSheet_Dungeon	StrSheet_Dungeon-00196_Translated.xml	9982100	entity	La zona de combate se est&amp;#225; cerrando.
StrSheet_Dungeon	StrSheet_Dungeon-00196_Translated.xml	9982500	entity	&amp;#161;Intrusos! &amp;#161;Atraparlos!
StrSheet_Dungeon	StrSheet_Dungeon-00197_Translated.xml	9983000	entity	La zona de combate se cerrar&amp;#225; pronto.
StrSheet_Dungeon	StrSheet_Dungeon-00197_Translated.xml	9983101	entity	Cargando energ&amp;#237;a
StrSheet_Dungeon	StrSheet_Dungeon-00197_Translated.xml	9983102	entity	Sobrecarga de energ&amp;#237;a
StrSheet_Dungeon	StrSheet_Dungeon-00197_Translated.xml	9983103	entity	Carga de energ&amp;#237;a completa...
StrSheet_Dungeon	StrSheet_Dungeon-00197_Translated.xml	9983104	entity	Energ&amp;#237;a agotada...
StrSheet_Dungeon	StrSheet_Dungeon-00197_Translated.xml	9983105	entity	Activar el pil&amp;#243;n de energ&amp;#237;a 1
StrSheet_Dungeon	StrSheet_Dungeon-00197_Translated.xml	9983106	entity	Activar el pil&amp;#243;n de energ&amp;#237;a 2
StrSheet_Dungeon	StrSheet_Dungeon-00197_Translated.xml	9983107	entity	Activar el pil&amp;#243;n de energ&amp;#237;a 3
StrSheet_Dungeon	StrSheet_Dungeon-00197_Translated.xml	9983108	entity	Activar el pil&amp;#243;n de energ&amp;#237;a 4
StrSheet_Dungeon	StrSheet_Dungeon-00197_Translated.xml	9983109	entity	Teropes comienza a cargar energ&amp;#237;a.
StrSheet_Dungeon	StrSheet_Dungeon-00197_Translated.xml	9983200	entity	&amp;#161;All&amp;#225; voy!
StrSheet_Dungeon	StrSheet_Dungeon-00197_Translated.xml	9983201	entity	El libro de habilidades se est&amp;#225; fabricando.
StrSheet_Dungeon	StrSheet_Dungeon-00197_Translated.xml	9983202	entity	&amp;#161;Necesito m&amp;#225;s fuerza!
StrSheet_Dungeon	StrSheet_Dungeon-00197_Translated.xml	9983203	entity	&amp;#161;Necesito a&amp;#250;n m&amp;#225;s fuerza!
StrSheet_Dungeon	StrSheet_Dungeon-00197_Translated.xml	9983204	entity	&amp;#161;Necesito much&amp;#237;sima m&amp;#225;s fuerza!
StrSheet_Dungeon	StrSheet_Dungeon-00197_Translated.xml	9983206	entity	&amp;#161;Apetus obtuvo el atributo de fuego!
StrSheet_Dungeon	StrSheet_Dungeon-00197_Translated.xml	9983207	entity	&amp;#161;Apetus obtuvo el atributo de agua!
StrSheet_Dungeon	StrSheet_Dungeon-00197_Translated.xml	9983208	entity	&amp;#161;Apetus obtuvo el atributo de naturaleza!
StrSheet_Dungeon	StrSheet_Dungeon-00197_Translated.xml	9983301	entity	&amp;#161;Jajaja! &amp;#161;He ganado!
StrSheet_Dungeon	StrSheet_Dungeon-00198_Translated.xml	9994000	entity	La zona de combate se est&amp;#225; cerrando.
StrSheet_Dungeon	StrSheet_Dungeon-00198_Translated.xml	9994001	entity	Un &amp;#225;rbol ha crecido en alguna parte.
StrSheet_Dungeon	StrSheet_Dungeon-00198_Translated.xml	9994002	entity	&amp;#191;Debo apuntar a otro?
StrSheet_Dungeon	StrSheet_Dungeon-00198_Translated.xml	9994003	entity	&amp;#161;Advertencia! &amp;#161;Advertencia! &amp;#161;Intrusos detectados! &amp;#161;Intrusos detectados!
StrSheet_Dungeon	StrSheet_Dungeon-00198_Translated.xml	9994004	entity	La contaminaci&amp;#243;n de la piedra m&amp;#225;gica contin&amp;#250;a.
StrSheet_Dungeon	StrSheet_Dungeon-00198_Translated.xml	9994005	entity	La piedra m&amp;#225;gica archidevana ha contaminado a alguien.
StrSheet_Dungeon	StrSheet_Dungeon-00198_Translated.xml	9994006	entity	La habitaci&amp;#243;n es inestable. La fabricaci&amp;#243;n de probetas se acelera a&amp;#250;n m&amp;#225;s.
StrSheet_Dungeon	StrSheet_Dungeon-00199_Translated.xml	5000	entity	&lt;font size='120'&gt;&amp;#161;50 v&amp;#237;ctimas!&lt;/font&gt;
StrSheet_Dungeon	StrSheet_Dungeon-00199_Translated.xml	5006	entity	&lt;font size='120'&gt;&amp;#161;100 bajas!&lt;/font&gt;
StrSheet_Dungeon	StrSheet_Dungeon-00199_Translated.xml	5007	entity	&lt;font size='120'&gt;&amp;#161;150 bajas!&lt;/font&gt;
StrSheet_Dungeon	StrSheet_Dungeon-00199_Translated.xml	5008	entity	&lt;font size='120'&gt;&amp;#161;200 bajas!&lt;/font&gt;
StrSheet_Dungeon	StrSheet_Dungeon-00199_Translated.xml	5009	entity	&lt;font size='120'&gt;&amp;#161;250 bajas!&lt;/font&gt;
StrSheet_Dungeon	StrSheet_Dungeon-00199_Translated.xml	5013	entity	&lt;font size='120'&gt;&amp;#161;300 bajas!&lt;/font&gt;
StrSheet_Dungeon	StrSheet_Dungeon-00199_Translated.xml	5014	entity	&lt;font size='120'&gt;&amp;#161;350 bajas!&lt;/font&gt;
StrSheet_Dungeon	StrSheet_Dungeon-00199_Translated.xml	5015	entity	&lt;font size='120'&gt;&amp;#161;400 bajas!&lt;/font&gt;
