id	en
1	Accept
2	Decline
3	None
4	Solo
5	Party
6	Quest failed. Will automatically restart in a few moments.
7	Quest failed. Teleport out to try again.
8	Not Yet Unlocked
9	Required level:
10	Maximum level
11	Required quest:
12	You must first complete all preceding quests.
13	You must first complete at least one preceding quest.
14	This quest has no summary.
15	Location Unknown
16	Diminished quest reward for {QuestName}.
20	[Full]
21	[Your quest item space is full. Make room for more quest items by turning some in.]
22	Quest Line:
23	Recommended for: 
24	Main location:
25	Lv.
30	Hunt
31	Battlefield
32	Crafting
33	
101	Find:
102	
103	Destination:
104	Target:
105	
106	Target(s):
107	Source:
108	Source:
109	
110	
111	To:
112	To:
113	
114	Escort:
115	Protect:
116	
117	Target(s):
118	Source:
119	
120	Target:
207	To:
208	To:
210	To:
213	To:
300	Guild Quest Reward Coordinator
301	Interact
302	Earning Points
303	Successful Fishing
304	Adventure Coin
305	Production Point
306	Order Complete
400	Vanarch Guild
401	Guild level
402	Class
403	Race
404	Quest start:
405	Use {Itemname}
406	Received immediately
407	Received from {NpcName}
408	Already completed.
409	Not completed.
410	Urgent Orders from {TerritoryName}
501	Guardian Legion Mission
9901	idle1
9902	idle2
9903	idle3
9904	talk1
9905	talk2
9906	talk3
9907	victory
9908	applaud
9909	request
9910	worry
9911	shy
9912	angry
9913	sob
9914	greet
9915	taunt
9916	propose
9917	attack
9918	pointing
9919	dance
9920	smile
201001	Strife in the Fey Forest
201002	&quot;On my way.&quot;
201003	Speak with Commander Samael.
201004	&quot;I like that plan.&quot;
201005	Meet Legate Troius at the Velika Travel Control Office.
201006	&quot;Thank you.&quot;
201007	Speak to Adela at the pegasus platform.
201008	&quot;Got it.&quot;
201009	Speak to Daven in Lumbertown.
201010	&quot;I'll bring you some.&quot;
201011	Speak to Klaon in the refugee camp.
201012	&quot;I'll wait.&quot;
201013	Gather artful gracebloom across the northern bridge from Lumbertown.
201014	Bring the gracebloom to Klaon.
201015	&quot;You can count on me.&quot;
201016	Get the potions from Klaon.
201017	&quot;Drink this.&quot;
201018	Take the potion to a sick refugee.
201019	&quot;This might help.&quot;
201020	Offer the potion to a sick refugee.
201021	&quot;I brought this medicine.&quot;
201022	Offer the potion to a sick refugee.
201023	&quot;How does this make you feel?&quot;
201024	Offer the potion to a sick refugee.
201025	&quot;I'll do what I can.&quot;
201026	Report back to Klaon.
201027	Klaon the Arcanist
201028	Herbal Potion
201029	Deliver potion to Verus at the Woodcutter Palisade.
201030	&quot;Thanks, I'll look there.&quot;
202001	Faeries in a Fix
202002	Centurion Verus
202003	Artful Graceblooms
202004	Deliver the graceblooms to Maon at his cabin.
202005	&quot;Who's Lillix?&quot;
202006	Keta
202007	Gracebloom Essence
202008	Take the gracebloom essence to Lillix at Faevine Vale Camp.
202009	&quot;What made Seravy so violent?&quot;
202010	Defeat Seravy, then meet him at the Faerie Pond.
202011	&quot;Thank you, Seravy.&quot;
202012	Speak with Seravy.
202013	Seravy
202014	Unicorn Tear
202015	Take the unicorn tear to Volos.
202016	&quot;We must all work together.&quot;
203001	Dark Hunger
203002	&quot;I'll take them out.&quot;
203003	Speak to Klaon at Aron's Camp.
203004	Destroy the vortex shards.
203005	Kill Garkior.
203006	&quot;For the federation!&quot;
203007	Deliver the sealed scroll to Arcanist Klaon at Aron's Camp.
203008	Deliver the sealed scroll to Arcanist Klaon at Aron's Camp.
212001	Another Test for the Worthy Gunner [Bonus]
212002	Defeat Nightmare RK-9 in RK-9 Kennel (Hard) and Nightmare Lachelith in Ruinous Manor (Hard) once each.
212003	&quot;Thanks.&quot;
212004	Talk to Omeros in Highwatch.
213001	[Event] Victorious in Corsairs' Stronghold
213002	Win 3 battles in Corsairs' Stronghold
213003	
213004	&quot;Thanks.&quot;
213005	Talk to Omeros in Highwatch.
214001	[Event] Victorious in Fraywind Canyon
214002	Win 3 battles in Fraywind Canyon
214003	
214004	&quot;Thanks.&quot;
214005	Talk to Omeros in Highwatch.
221001	Fool in the Forest
221002	And tell him, &quot;No excuses this time.&quot;
221003	I sure hope you can help.
221004	Lennert
221005	Bridge Repair Tools
221006	Deliver bridge repair tools to Weldon at Woodcutter Palisade.
221007	&quot;I'm here to help!&quot;
222001	Keeping the Quota
222002	Take the timber to Weldon
222003	That's a lot of timber. Thanks.
222004	&quot;For the federation!&quot;
222005	Gather the cut timber from the stacks near Woodcutter Palisade.
222006	Deliver the cut timber to Weldon at the Woodcutter Palisade.
223001	Ribs to Spare
223002	Hunt warthogs near Woodcutter Palisade.
223003	This well feed a lot of people.
223004	Warthog Meat
223005	Collect meat from nearby warthogs.
223006	Deliver the meat to Audburn at the Woodcutter Palisade.
223007	&quot;Anything else?&quot;
224001	Preserved Meat
224002	Use the salt on the meat to cure it.
224003	Now we've plenty to eat, and plenty to put up for later.
224004	&quot;Acknowledged.&quot;
224005	Go to Centurion Verus at the Woodcutter Palisade.
224006	&quot;For the federation!&quot;
224007	Use the barrel and salt to cure the meat.
224008	Deliver the salted meat to Einna.
225001	The Path to Peace
225002	Reindal should have some ideas that will help.
225003	I'm glad you're here. We need the help.
225004	&quot;I can help.&quot;
225005	Go to Reindal at Maon's Cabin.
226001	Maon's Domain
226002	Don't make any promises you can't keep, though.
226003	&quot;I promise.&quot;
226004	&quot;I'll do my best.&quot;
226005	Chat with Phonon and then talk to Maon.
227001	Ham on the Lam
227002	&quot;Sure thing.&quot;
227003	Talk to Maon to see how you can help.
227004	Pull out the dart.
227005	Oink, oink, snuffle!
227006	Use pheremone darts to tame piglings and lead them to Maon.
227007	&quot;I'm happy to help.&quot;
227008	Speak with Maon.
228001	Phonon's Flight of Fancy
228002	It's a game of tag...with faeries.
228003	Faerie dust! Thanks!
228004	Faerie Dust
228005	Hunt the faeries near Maon's Cabin to recover Phonon's faerie dust.
228006	Bring the faerie dust back to Phonon.
228007	&quot;Fun game, kid.&quot;
229001	The Tooth, the Whole Tooth
229002	Hunt slinking sabertooths near Maon's cabin.
229003	I feel safer already.
229004	Sabertooth Teeth
229005	Hunt the slinking sabertooths and collect their teeth.
229006	Report to Reindal.
229007	&quot;Thanks.&quot;
230001	The Southern Forest
230002	Meet Balter at the deserted homestead.
230003	Thanks for coming to help me.
230004	&quot;What can I do?&quot;
230005	Meet Balter at the deserted homestead.
231001	The Mane Event
231002	Hunt nearby centaurs and centaur insurgents.
231003	Now I can fell some trees.
231004	Centaur Mane
231005	Hunt the centaurs and centaur insurgents for their manes.
231006	Bring the manes to Balter.
231007	&quot;Glad I could help.&quot;
232001	Pluck Their Wings
232002	Kill the faeries that are interfering with lumbering.
232003	Now I can get back to work.
232004	Faerie Analysis
232005	Collect wings from faeries.
232006	Report to Keta.
232007	&quot;Happy to help out.&quot;
233001	A Measure of Vengeance
233002	Likhan is a killer!
233003	Thank you for avenging my father.
233004	Come closer...and I'll kill you!
233005	What have I done? Nooooooo!
233006	Kill Likhan the centaur in the southwestern part of the Fey Forest.
233007	&quot;For the federation!&quot;
233008	Report to Serra at the deserted homestead.
234001	That Confounded Bridge
234002	Deliver the tools to Siravon at the bridge near Faevine Vale.
234003	Thanks to the tools you brought, I can do some work now.
234004	Balter
234005	Bridge Tools
234006	Deliver the tools to Siravon at the bridge near Faevine Vale.
234007	&quot;For the federation!&quot;
235001	Much Ado About Mushrooms
235002	&quot;Happy to help!&quot;
235003	Collect cloud mushrooms at Faevine Vale.
235004	Deliver the mushrooms to Hemming at the Faevine Vale Camp.
236001	Parts Unknown
236002	Get my bridge parts back from those redcaps!
236003	Thanks!
236004	Bridge Parts
236005	Retrieve the bridge parts from the redcaps.
236006	Deliver the bridge parts to Niklas at the Faevine Vale Camp.
236007	&quot;For the federation!&quot;
237001	Preemptive Strike
237002	Something must be done about the rampaging faeries!
237003	It's better this way, but still sad.
237004	Faerie Sword
237005	Eliminate the faeries around the Faevine Vale Camp and collect their swords.
237006	Bring the swords to Lillix.
237007	&quot;I honor their memory.&quot;
238001	Hunting the Big Cats
238002	Go take out some hulking sabertooths.
238003	You did an excellent job.
238004	Hunt hulking sabertooths around Faevine Vale Camp.
238005	&quot;Just doing my part.&quot;
238006	Report to Teroz at Faevine Vale Camp.
239001	The Storm Has Passed
239002	They'll welcome the news.
239003	Thank you for coming here to tell us.
239004	&quot;Thank the federation for me!&quot;
239005	&quot;We'll do what we can.&quot;
239006	Meet the faeries at the Faerie Pond.
240001	A Brutal Sort of Mercy
240002	Be merciful.
240003	It hurts to see their spirits corrupted.
240004	Unicorn Horn
240005	End the suffering of the sullen and feral unicorns and collect their horns.
240006	Deliver the unicorn horns to Aeir.
240007	&quot;I did what needed to be done.&quot;
241001	An Errand to Aron
241002	Talk with Nemir at Aron's Camp.
241003	Thank you for helping us.
241004	&quot;I can help!&quot;
241005	Go to Nemir at Aron's Camp to the west.
242001	The Last Argument
242002	Please bring my sister back!
242003	Oh, no... Jerelyn...!
242004	&quot;Rest in peace.&quot;
242005	Find Jerelyn in the forest to the southwest.
242006	Jerelyn's Necklace
242007	Hunt sporewalkers and terron lunatics until you recover Jerelyn's Necklace.
242008	Take the necklace to Jessalin.
242009	&quot;My condolences.&quot;
243001	Hazardous Hunting
243002	Hunt sporewalkers and terrons for the seals they carry.
243003	Well done! And fast!
243004	Polluted Seals
243005	Gather seals from the remains of sporewalkers and terrons.
243006	Deliver the seals to Kadhim at Aron's Camp.
243007	&quot;For the federation!&quot;
244001	The Faerie Emissary
244002	You could save Himir's life!
244003	Nice work!
244004	Escort
244005	Thank you!
244006	Teleport to the Woodland Path and escort Himir to safety across the bridge.
244007	&quot;I did my duty.&quot;
244008	Talk to Nenuel.
244009	&quot;Thank you.&quot;
244010	Report to Lymei.
250001	The tree behind me is the World Tree!
250002	The World Tree and the Tower of Shara are the two pillars of this world.
250021	You know,
250022	I want this world's Zolyn to smile more often.
250023	I'm happy just to watch her from a distance like this.
270001	Suppression Orders: Sabertooths (Guild)
270002	Proof of Kill: Sabertooths
270003	&quot;Reporting in!&quot;
270004	Hunt slinking sabertooths in the Fey Forest.
270005	Report to Zandra in Lumbertown.
271001	Suppression Orders: Centaurs (Guild)
271002	Proof of Kill: Centaurs
271003	&quot;For the federation!&quot;
271004	Defeat centaurs in the Fey Forest.
271005	Report to Zandra in Lumbertown when mission is complete.
272001	Rise of the Dead
272002	We need you to gather some rather...specialized materials.
272003	OK
272004	Gather the materials necessary to craft an Ancient Scroll!
272005	Return to Okon in Popolion
273001	Secrets of Zuras
273003	OK
273004	Gather the indicated materials and recieve a random reward chest!
273005	Return to Okon in Popolion
301001	Devan Uprising
301002	&quot;Got it.&quot;
301003	&quot;I won't let you down.&quot;
301004	Talk to Neacal again.
301005	&quot;Right. Okay.&quot;
301006	Talk to Neacal about your new weapon.
301007	&quot;I understand.&quot;
301008	Talk to Neacal again.
301009	Stonebeaks
301010	Hunt Stonebeak.
301011	&quot;I hope you like it.&quot;
301012	Find Chama east of Bulwark Camp in Oblivion Woods.
302001	Pulling Back the Veil
302002	&quot;I will do this!&quot;
302003	&quot;I'm on my way!&quot;
302004	Talk to Kamia again.
302005	&quot;We're not leaving you behind!&quot;
302006	Kill devan brigands and rescue Kantusa.
302007	&quot;Are you sure? Tell me what happened.&quot;
302008	Talk to Kantusa at the rendezvous.
302009	&quot;Don't try to talk. We'll patch you up.&quot;
302010	Talk to Kantusa again.
302011	&quot;You can count on me.&quot;
302012	Talk to Kamia.
302013	Guards! Enemies in the tower!
302014	This is not over yet...
302015	Defeat {@linkcreature:3#7#Dakanius} in the Devan Encampment.
302016	Scion Token
302017	Show Dakanius's token to Kamia.
302018	&quot;I hope you like it.&quot;
303001	Isolated Town
303002	There's a lot to do from here on.
303003	&quot;As ordered.&quot;
303004	Go ask Dougal.
303005	Go ask Getty.
303006	Go ask Uriela.
303007	Speak with Commander Samael.
303008	&quot;You can count on me.&quot;
303009	&quot;I won't let you down.&quot;
303010	Speak with {@linkcreature:63#1160#Dougal}.
303011	&quot;I'm on my way.&quot;
303012	Speak with the Flight Manager.
303013	&quot;I got this.&quot;
303014	Say hello to Ferus in Crescentia for Dougal.
303015	&quot;Count on it.&quot;
303016	Use the teleportal to go to Bulwark Camp in Oblivion Woods.
303017	&quot;I'll take care of it.&quot;
303018	Report to Neacal at Bulwark Camp in Oblivion Woods.
303019	&quot;Don't worry. I'll take care of it.&quot;
303020	Gather Sorrow Flowers.&#xA;[Press &lt;img src='img://__Icon_KeyboardShape.Keyboard_I' width='18' height='18' vspace='-6'/&gt; key to open inventory and right-click the Crude Sickle to improve your gathering speed.]
303021	Deliver Sorrow Flowers to Neacal.
303022	&quot;I'm here to help.&quot;
303023	Speak with Getty.
303024	Press &lt;img src='img://__Icon_KeyboardShape.Keyboard_I' width='18' height='18' vspace='-6'/&gt; to open inventory and find Getty's Teleportal Scroll to use.
303025	Used a Teleport Scroll!
303026	&quot;I won't let you down.&quot;
303027	Speak with the Magistrate and gather information.
303028	&quot;Got it.&quot;
303029	Speak with Latton.
303030	Defeat Slinking Sabertooths.
303031	&quot;I can take care of it.&quot;
303032	Gather Sorrow Flowers.&#xA;[Press &lt;img src='img://__Icon_KeyboardShape.Keyboard_I' width='18' height='18' vspace='-6'/&gt; key to open inventory and right-click the Crude Sickle to improve your gathering speed.]
303033	Deliver the Sorrow Flowers and medicine to Neacal.
303034	&quot;Come on, soldier. The centurion's watching...&quot;
303035	Give the wounded soldier some medicine.
303036	&quot;Come on, soldier. The centurion's watching...&quot;
303037	Give the medicine to the other wounded soldier.
303038	&quot;Thanks.&quot;
303039	Report to Uriela at Valkyon Federation Headquarters.
303040	Bulwark Camp in Oblivion Woods
303041	Arrived at Bulwark Camp in Oblivion Woods
303042	Press &lt;img src='img://__Icon_KeyboardShape.Keyboard_I' width='18' height='18' vspace='-6'/&gt; to open inventory and find Teleportal Scroll: Bulwark Camp in Oblivion Woods to use.
303043	&quot;I got it.&quot;
303044	Report to Neacal at Bulwark Camp in Oblivion Woods.
303045	Defeat Slinking Sabertooths.
303046	&quot;Don't worry. I'll take care of it.&quot;
303047	Gather Sorrow Flowers.&#xA;[Press &lt;img src='img://__Icon_KeyboardShape.Keyboard_I' width='18' height='18' vspace='-6'/&gt; key to open inventory and right-click the Crude Sickle to improve your gathering speed.]
303048	Deliver Sorrow Flowers to Neacal.
303049	Sorrow Flower
303050	Give the wounded soldier the Sorrow Flower poultice.
303051	&quot;Come on, soldier. The centurion's watching...&quot;
303052	Sorrow Flower
303053	Give the other wounded soldier the Sorrow Flower poultice.
303054	&quot;Come on, soldier. The centurion's watching...&quot;
303055	&quot;I got it.&quot;
303056	Report to Neacal.
304001	Find the Captain
304002	&quot;I understand.&quot;
304003	Talk to Chama again.
304004	Devan Scouts
304005	Defeat the {@linkcreature:3#300151#Devan Scouts}.
304006	&quot;I understand.&quot;
304007	Talk to Chama.
304008	Stolen Money Bag
304009	Kill Devan Ruffians and retrieve Stolen Money Bags.
304010	Return the bags to Chama.
304011	&quot;I understand.&quot;
304012	Assualt Leaders
304013	These woods are mine!
304014	Aagh! H-how...?
304015	Prepare to die!
304016	Master Dakanius...!
304017	Defeat the {@linkcreature:3#13#Assault Leaders}.
304018	&quot;I understand.&quot;
304019	Retrieve the Merchant's Chest.
304020	Find Chama east of Bulwark Camp in Oblivion Woods.
304021	Kill Agitated Sporewalkers on your way to Crescentia.
304022	Merchant's Chest
304023	Report to Jodoc.
304024	&quot;I hope you like it.&quot;
305001	To the Devan Encampment
305002	&quot;You can count on me.&quot;
305003	&quot;As ordered.&quot;
305004	Speak to Justarius at the entrance to Crescentia.
305005	&quot;Let's go.&quot;
305006	It's that white tent! Right over there!
305007	Select a Keener Conscript and follow him.&lt;br&gt;[Protect Keener Conscript and don't let him die.]
305008	&quot;Happy to help, sir.&quot;
305009	Talk to Primus Hendry.
306001	Sinister Ritual
306002	&quot;You can count on me.&quot;
306003	Devan Encampment Entrance
306004	Somebody came!
306005	Go to the place where Secret Agents managed to infiltrate.
306006	&quot;I'll handle it.&quot;
306007	Talk to Kamia.
306008	Destroy vortex shards in the Devan Encampment.
306009	&quot;Yes. Let's do this!&quot;
306010	Talk to Kamia, hidden in the bush.
306011	Devan Raiders
306012	Clear the escape route by defeating devas.
306013	&quot;We'll have to look for her.&quot;
306014	Talk to Kamia.
322001	A Fol and His Money
322002	What do devas want with federation money anyway?
322003	I won't forget this.
322004	Money Bag
322005	Recover the stolen money bags from the devas in Blood Run.
322006	Return to Chama.
322007	&quot;Certainly.&quot;
322008	Return the bags to Foledus.
322009	Money Bag
322010	Return the money bags to Foledus at Bulwark Camp.
322011	&quot;An honor to serve.&quot;
323001	Hope Chests Spring Eternal
323002	I'm going broke without my merchandise!
323003	Thanks. You've saved me a lot of money.
323004	&quot;Time to find a new shop.&quot;
323005	Go to the Brigand's Den in Blood Run and search the chests for stolen valuables.
323006	Return the chests to Foledus.
324001	Hanging on by a Thread
324002	I need that fiber!
324003	That was fast!
324004	&quot;Many thanks.&quot;
324005	Gather verdra fibers.
324006	Deliver the threads to Neacal at Bulwark Camp.
325001	Escort Services
325002	I'm sure the town and the peddlers would both be grateful.
325003	Supplies bolster morale more than you know.
325004	Begin your escort.
325005	Thank you! I would have never made it without you.
325006	Find the peddler along the eastern road and escort him to Crescentia.
325007	&quot;Straight away.&quot;
325008	Speak to Justarius at the entrance to Crescentia.
325009	&quot;Honored to serve.&quot;
325010	Report to Corann in Crescentia.
327001	Every Dog Has His Day
327002	Ask Esedran, near the cemetary, about Ohdi.
327003	Ohdi, my baby!
327004	Search for Ohdi.
327005	Speak to Esedran near Berzerad Cemetery.
327006	Corann
327007	Treat Pouch
327008	Find Ohdi in Berzerad Cemetery.
327009	Collect Ohdi.
327010	Ohdi
327011	Ohdi in the Bag
327012	Return Ohdi to Corann.
327013	&quot;Here's your dog, sir.&quot;
328001	The Honored Dead
328002	Ohdi loves a good bone.
328003	That should keep him busy for a while.
328004	Sacred Bone
328005	Collect sacred bones from the undead in Berzerad Cemetery.
328006	Return the bones to Corann.
328007	&quot;I'm glad to be of service.&quot;
329001	The Devan Menace
329002	I've heard good things about you. Some might even be true.
329003	&quot;I'm here to help.&quot;
329004	Report to Hendry at the Vanguard Outpost.
330001	The Spore of the Problem
330002	I never cared much for sporewalkers anyway.
330003	These will help a lot.
330004	Agitated Spore
330005	Collect spores from the agitated sporewalkers wandering around Berzerad Cemetery.
330006	Return the spores to Esedran.
330007	&quot;Thank you.&quot;
331001	Spiritual Scholarship
331002	Find Timuron, hiding in Berzerad Cemetery.
331003	Stand back...for science!
331004	&quot;I'll take it now.&quot;
331005	Find Timuron, hiding in Berzerad Cemetery.
331006	Timuron
331007	Undead Compound
331008	Deliver the undead compound to Neria at the Vanguard Outpost.
331009	&quot;Happy to help.&quot;
333001	Bringing Light to the Darkness
333002	Their deaths will cripple the devas' efforts.
333003	Well deserved!
333004	Black Heart
333005	How dare you interrupt our ritual?
333006	Curse you!
333007	Hunt down reavers of resurrection and ebonheart sorcerers in Deva Silva and bring back their hearts.
333008	Report to Hendry at the Vanguard Outpost.
333009	&quot;A pleasure to serve.&quot;
334001	Losing Focus
334002	Remember, kill devas, not castanics.
334003	These contain dark power! They'll be very useful.
334004	Devan Amulet
334005	Kill Kulsilva, the sporewalkers, and the arcanists in Deva Silva and collect their amulets.
334006	Bring the amulets back to Pholus.
334007	&quot;Here you are.&quot;
335001	Scouting Ahead
335002	Droyan needs all the help he can get.
335003	Thanks for helping.
335004	&quot;I'll gladly help.&quot;
335005	Head deep into Deva Silva and find Droyan.
336001	Delving into Academia
336002	Watch out for Basilisks!
336003	I need help!
336004	&quot;I'll do what I can.&quot;
336005	Head northeast and find Parlan in Bestial Vale.
337001	An Elegant Weapon from a More Civilized Empire
337002	Watch your step with those devas.
337003	I'll put these to good use.
337004	Devan Weapon
337005	Collect weapons from devan blademasters, brigands, and scrappers deep inside Deva Silva.
337006	Bring the weapons to Droyan.
337007	&quot;Droyan and I found these weapons.&quot;
338001	One-Stop Shopping
338002	Go steal our stuff back.
338003	Let's see how they like being burgled for once.
338004	&quot;Here's the supplies.&quot;
338005	Liberate devan brigand Supplies from Deva Silva.
338006	Return the supplies to Droyan.
339001	Out on the Edge
339002	Here, take this canteen.
339003	May they rest in peace.
339004	Droyan
339005	Droyan's Canteen
339006	Find Rasima, currently hiding in Deva Silva, and bring her some water.
339007	&quot;Of course I'll help.&quot;
339008	&quot;This is for his family.&quot;
339009	Find Keleth's corpse in Deva Silva.
339010	Dead vigilante's corpse.
339011	Keleth's Ring
339012	Return the ring to Rasima.
339013	&quot;Thank you.&quot;
340001	Good News for a Change
340002	Sure you can carry all that?
340003	From Droyan? Thanks!
340004	Droyan
340005	Field Package
340006	Deliver the field package to Hendry at the Vanguard Outpost.
340007	&quot;Here you go.&quot;
341001	Breaking a Few Eggs
341002	More eggs for us, fewer for them.
341003	Maybe we can find a use for these besides big omelets.
341004	&quot;Your creepy eggs.&quot;
341005	Collect basilisk eggs from the Bestial Vale.
341006	Deliver the eggs to Parlan.
341007	Parlan
341008	Elixir Prototype
341009	Find a basilisk victim's corpse in the Bestial Vale.
341010	&quot;I hope this works.&quot;
341011	Collect the remains.
341012	Collect the remains.
341013	Unfortunate Victim
341014	Broken Bones
341015	Return the bones to Parlan.
341016	&quot;This is what's left.&quot;
342001	Blazing Eyes
342002	Only the really best eyes, mind.
342003	Creepy, but possibly useful.
342004	Pristine Eyeball
342005	Collect pristine eyeballs from basilisks in the Bestial Vale.
342006	Deliver the eyeballs to Parlan.
342007	&quot;Watch out for these.&quot;
343001	Barking up the Wrong Tree
343002	Bring me some Ghilliedhu Root before Parlan kicks my ass.
343003	Rushal shouldn't worry so much.
343004	Ghilliedhu Root
343005	Collect roots from ghilliedhus in the Bestial Vale.
343006	Deliver the roots to Rushal.
343007	&quot;I'd be happy to.&quot;
343008	Rushal
343009	Ghilliedhu Root
343010	Deliver the roots to Parlan.
343011	&quot;Thanks very much.&quot;
344001	Battle for Blood Run
344002	Neacal needs someone like you.
344003	Show those devas a thing or two.
344004	&quot;How can I help?&quot;
344005	Follow the road northeast from Lumbertown and report to Neacal at the Bulwark Camp.
370001	Suppression Orders: Devas (Guild)
370002	Proof of Kill:
370003	&quot;Reporting in!&quot;
370004	Eliminate the devas in Blood Run and retrieve the stolen cargo.
370005	Report to Jalize in Crescentia when mission is complete.
371001	Suppression Orders: Undead (Guild)
371002	Proof of Kill: Undead's Death
371003	&quot;Reporting in!&quot;
371004	Eliminate the undead in Berzerad Cemetery.
371005	Report to Jalize in Crescentia when mission is complete.
372001	Suppression Orders: Devan Conspirators (Guild)
372002	Proof of Kill: Deva Deaths
372003	&quot;Reporting in!&quot;
372004	Hunt the devas in Deva Silva.
372005	Report to Jalize in Crescentia when mission is complete.
373001	(Guild) Suppression Orders: Ghilliedhus
373002	Proof of Kill: Ghilliedhu's Death
373003	&quot;Reporting in!&quot;
373004	Cull the ghilliedhus in Bestial Vale.
373005	Report to Jalize in Crescentia when mission is complete.
374001	(Guild) Suppression Orders: Lanok
374002	Proof of Kill: Lanok's Death
374003	&quot;For the federation!&quot;
374004	Hunt down Lanok.
374005	Report to Jalize in Crescentia when mission is complete.
381001	Suppression Orders: Lanok (Vanarch)
381002	Proof of Kill: Lanok's Death
381003	&quot;For the federation!&quot;
381004	Hunt down Lanok.
381005	Report to Jalize in Crescentia when mission is complete.
401001	Rescue the Core
401002	&quot;Will do.&quot;
401003	Talk to Elleon.
401004	&quot;Understood.&quot;
401005	Speak to Aarinia near the entrance to Fyrmount.
401006	&quot;Got it.&quot;
401007	Use the Firebase Valor Teleport Scroll and go to Elleon at Firebase Valor in northern Fyrmount.
401008	&quot;For the federation.&quot;
401009	Find Jelena at Bahaar's Maw.
401010	Akasha's Orders
401011	For Akasha!
401012	Arrrgh...Akasha...my goddess...
401013	Kill Jirakar at Bahaar's Maw and retrieve Akasha's orders.
401014	Return to Jelena.
401015	&quot;Got it.&quot;
401016	Show Akasha's orders to Elleon.
401017	Akasha's Orders
401018	Deliver Akasha's orders to Elleon.
401019	&quot;Understood.&quot;
401020	Fyrmount Abyss
401021	Tell Elleon that you are ready.
401022	Use the {@LinkCreature:204#1124#Teleportal} to go to Fyrmount Abyss and join with {@LinkCreature:403#1103#Elleon}.&#xA;[You can proceed by selecting &quot;I am ready.&quot; after speaking with {@LinkCreature:403#1103#Elleon} in Fyrmount Abyss.]
401023	Use the {@LinkCreature:204#1124#Teleportal} to go to Fyrmount Abyss and join with {@LinkCreature:403#1103#Elleon}.&#xA;[You can proceed by selecting &quot;I am ready.&quot; after speaking with {@LinkCreature:403#1103#Elleon} in Fyrmount Abyss.]
401024	My fight...is finally over....
401025	Protect {@LinkCreature:403#1108#The Core} from Akasha's attack.&#xA;[You can proceed by selecting &quot;We'll be fine.&quot; after speaking with {@LinkCreature:403#1108#The Core} in Fyrmount Abyss.]
401026	&quot;Alright.&quot;
401027	Speak with Elleon.
401028	&quot;Thank you.&quot;
401029	Return to Castanica and speak with Fraya.
403001	Smoldering Bloodshard
403002	&quot;Understood.&quot;
403003	&quot;Okay.&quot;
403004	&quot;Got it.&quot;
403005	&quot;Alright.&quot;
403006	Collect durignite from the residents of Castanica.
403007	&quot;Right.&quot;
403008	Bring the durignite to Isolda.
403009	Bring the durignite to Isolda.
403010	&quot;Okay.&quot;
403011	Speak with Dada at Cauldron Outpost about the shortage of durignite.
403012	End the investigation.
403013	End the investigation.
403014	End the investigation.
403015	End the investigation.
403016	Investigate the Delthin Mine in the western Brimstone Highlands.
403017	Tansin Mine
403018	Investigate the dead miners around the Tansin Mine.
403019	Investigate the Tansin Mine north of the Delthin Mine.
403020	Take the belongings.
403021	Take the belongings.
403022	Take the belongings.
403023	Take the belongings.
403024	Retrieve the miners' belongings around the Tansin Mine.
403025	&quot;Okay.&quot;
403026	Return the belongings to Dada at Cauldron Outpost.
403027	Return the belongings to Dada at Cauldron Outpost.
403028	Durignite Sack
403029	Kill the devan war golems and fallen devan protectors and retrieve the durignite.
403030	Return the durignite to Dada at Cauldron Outpost. 
403031	&quot;Okay.&quot;
403032	Mine Foreman Dada 
403033	Durignite Sack
403034	Bring the durignite to Isolda.
403035	&quot;Okay.&quot;
403036	&quot;Thank you.&quot;
403037	&quot;Thank you.&quot;
403038	&quot;Thank you.&quot;
403039	&quot;Thank you.&quot;
403040	Inform the residents of Castanica that the miner problems have been resolved.
403041	&quot;I'll do my best.&quot;
403042	Report back to Isolda.
421001	Into the Fire
421002	Watch out for fangspawns...
421003	We're Castanica's last line of defense!
421004	&quot;I'll do what I can.&quot;
421005	Find Aarinia at Cauldron Outpost in southeastern Fyrmount.
421006	&quot;Glad to help.&quot;
421007	Talk to Keinie at Cauldron Outpost.
422001	Vanquished Foes
422002	I wouldn't take on a fangspawn alone, but that's just me.
422003	You're sure living up to your reputation!
422004	Smoldering Heart
422005	Slay the fangspawns in the Brimstone Highlands and collect their hearts.
422006	Deliver the hearts to Aarinia at Cauldron Outpost.
422007	&quot;No doubt.&quot;
423001	Ending the Nightmare
423002	The sulphur is quite cleansing. Stinky, but cleansing.
423003	I know that wasn't easy. You have my thanks.
423004	Sulphurous Essence
423005	Kill the sulphurous groknars and collect the essence.
423006	Deliver the essences to Larusia at Cauldron Outpost.
423007	&quot;For the federation!&quot;
424001	Clear the Way
424002	We have enough things trying to kill us.
424003	Things could be worse. There could be gulas.
424004	Kill the sooty sporewalkers and smoldering ghilliedhus in the Brimstone Highlands.
424005	&quot;For Valkyon!&quot;
424006	Return to Larusia.
425001	Howling Mad
425002	Do something about those wolves. The howling is making me crazy!
425003	Hear that silence? Wonderful, isn't it?
425004	Cull the ashstalker wolves in the Brimstone Highlands.
425005	&quot;It wasn't so hard.&quot;
425006	Return to Kridan at Cauldron Outpost.
426001	Contested Territory
426002	Rotten devan leftovers.
426003	And we can melt these down and use them.
426004	Shadmetal Armor
426005	Kill the devan war golems and fallen devan protectors near the Delthin Mine for their shadmetal armor.
426006	Report back to Aarinia.
426007	&quot;Glad to have helped!&quot;
427001	Dark Knights Waning
427002	Send those cursed undead back to the Dream where they belong!
427003	You've fought well. Many thanks!
427004	Rotted Devan Token
427005	Kill the devan dark knights and risen devan infantry and collect their tokens.
427006	Report back to Aarinia at Cauldron Outpost.
427007	&quot;Glad to be of service.&quot;
428001	The Honored Dead
428002	We all have our rituals, don't we? Even soldiers.
428003	Though they fell in battle, their courage lives on.
428004	Larusia
428005	Holy Water
428006	Sprinkle holy water on the bodies of the dead soldiers in the western Brimstone Highlands.
428007	Collect their effects.
428008	Larusia
428009	Holy Water
428010	Sprinkle holy water on the bodies of the dead soldiers in the western Brimstone Highlands.
428011	Collect their effects.
428012	Larusia
428013	Holy Water
428014	Sprinkle holy water on the bodies of the dead soldiers in the western Brimstone Highlands.
428015	Collect their effects.
428016	Sacrificed Soldiers
428017	Collected their effects.
428018	Return to Larusia at Cauldron Outpost.
428019	&quot;It wasn't easy.&quot;
429001	Orders for the Intrepid
429002	Watch yourself out there. Things get worse, not better.
429003	You look fit to fight!
429004	&quot;For the federation!&quot;
429005	Make your way to Firebase Intrepid and report in.
429006	&quot;I'll do what I can.&quot;
429007	Speak with Helone.
430001	Taming the Fangs
430002	Fangspawns are dumb, but vicious!
430003	That is one big heart. Is it steaming?
430004	Infernal Heart
430005	Hunt down the fangspawns in the Blazing Vale and collect their hearts.
430006	Report back to Kimuk.
430007	&quot;Ready for more!&quot;
431001	Waiting for the Hammer to Fall
431002	Teach those shurians the folly of crossing us!
431003	Deftly handled, my friend.
431004	Defeat the shurian foe-hammers in the Blazing Vale.
431005	&quot;Glad to have helped.&quot;
431006	Report back to Ravilyn at Firebase Intrepid.
432001	Medicinal Properties
432002	This is a mission of mercy!
432003	We owe you a great debt. Thanks.
432004	Eldritch Bones
432005	Hunt down eldritch cardinals and collect their bones.
432006	Deliver the bones to Kirlane.
432007	&quot;For the federation!&quot;
433001	Turning the Tables
433002	Morale is half the battle.
433003	With those reavers gone, we can hold our own.
433004	Hunt down and destroy the eldritch reavers in the Blazing Vale.
433005	&quot;For the federation!&quot;
433006	Report back to Ravilyn.
434001	Reinforcing the Ramparts
434002	Flamewood's darned useful stuff. Tough, too.
434003	This will do nicely! Looks hot.
434004	Flamewood
434005	Collect flamewood from the raging arbosks.
434006	Deliver the flamewood to Grennis.
434007	&quot;Just doing my duty.&quot;
435001	A Burning Mystery
435002	Marakadi's death will send a message.
435003	I'll need to update my report to Castanica.
435004	Fiery Key
435005	Find Marakadi in the western edge of Blazing Vale and kill her. Take any clues or tools she carries.
435006	Use the fiery key on the Cruental Pylon.
435007	Take the tablet.
435008	Engraved Tablet
435009	Engraved Tablet
435010	Deliver the tablet to Kimuk.
435011	&quot;Glad to be of service.&quot;
436001	Peddle to the Metal
436002	We are short of {@RawItem:206807} right now.
436003	This is a good start. I'll get to work.
436004	&quot;For the federation.&quot;
436005	Collect {@RawItem:206807}.
436006	Deliver the {@RawItem:206807} to Calram.
437001	To Valor and Glory
437002	Shina'll have plenty of work for you.
437003	Ready to take on some shurians?
437004	&quot;I'll do what I can.&quot;
437005	Report to Shina at Firebase Valor.
437006	&quot;Yes, ma'am!&quot;
437007	Speak with Tifane.
438001	A Shurian Recipe for Disaster
438002	I'll be damned if we're giving ground to the shurians!
438003	Outstanding! That'll teach 'em!
438004	Shurian Signet
438005	Eliminate the shurian menace around Molten Reach.
438006	Report back to Shina at Firebase Valor.
438007	&quot;For Valkyon!&quot;
439001	Take No Prisoners
439002	Soulstalkers are the bane of my existence!
439003	I can't tell you how glad I am that they're dead.
439004	Soulcrest
439005	Slay the soulstalkers in Molten Reach and collect their crests.
439006	Deliver the crests to Eurice.
439007	&quot;Glad to be of service.&quot;
440001	Sic Semper Tyraks
440002	Tyraks are the creepiest things I've ever faced.
440003	Is there anything you can't do?
440004	Hunt down the tyraks in Molten Reach.
440005	&quot;I did what I could.&quot;
440006	Report back to Gririn.
441001	Don't Cross the Streams
441002	We need to hit the shurians where it counts.
441003	That will put a crimp in their plans.
441004	Focus Mirror
441005	Confiscate focus mirrors from shurian mindbenders and their imps.
441006	Deliver the mirrors to Eurice.
441007	&quot;For the federation!&quot;
443001	Essence of Bahaar
443002	Fyrmount's full of unique ores—all of them useful.
443003	Oh, these are great nodules!
443004	&quot;For the federation!&quot;
443005	Find flamelicked ore on the ground near the entrance to Molten Reach.
443006	Deliver flamelicked ore to Eurice at Firebase Valor.
444001	Shards of Blood and Fire
444002	We must destroy the bloodshard if it exists.
444003	It's safe now. Well done.
444004	Destroy the smoldering bloodshard near the Forge of Fury.
444005	&quot;For Valkyon!&quot;
444006	Report to Calram at Firebase Intrepid.
469018	Decided to go to the underground with Syona.
469020	Go to the castle grounds with Randun.
470001	(Guild) Suppression Orders: Interlopers
470002	Proof of Kill: Interloper Deaths
470003	&quot;Reporting in!&quot;
470004	Hunt down the interlopers in the Brimstone Highlands.
470005	Report to Keinie at Cauldron Outpost.
471001	(Guild) Suppression Orders: Fangspawns and Groknars
471002	Proof of Kill: Smoldering Deaths
471003	&quot;For the federation!&quot;
471004	Hunt down fangspawns and sulphurous groknars.
471005	Report to Keinie at Cauldron Outpost.
472001	(Guild) Suppression Orders: Shurian Alliance
472002	Proof of Kill: Alliance Deaths
472003	&quot;For the federation!&quot;
472004	Eliminate the shurians, eldritch reavers and berserkers, and raging arbosks.
472005	Report to Keinie at Cauldron Outpost.
473001	(Guild) Suppression Orders: Fangspawns
473002	Proof of Kill: Fangspawn Deaths
473003	&quot;For the federation!&quot;
473004	Hunt fangspawns in Blazing Vale.
473005	Report to Helone at Firebase Intrepid.
474001	(Guild) Suppression Orders; Dark Predators
474002	Proof of Kill: Predator Deaths
474003	&quot;For the federation!&quot;
474004	Eliminate the maraseps and soulstalkers.
474005	Report to Tifane at Firebase Valor.
475001	(Guild) Suppression Orders: Tempest Kanash
475002	Proof of Kill: Tempest's Death
475003	&quot;For the federation!&quot;
475004	Kill Tempest Kanash in Fyrmount.
475005	Report to Tifane at Firebase Valor.
480001	(Vanarch) Suppression Orders: Dark Alliance
480002	Proof of Kill: Alliance Deaths
480003	&quot;For the federation!&quot;
480004	Kill tyraks, shurian mindbenders, and their thralls.
480005	Report to Tifane at Firebase Valor.
481001	(Vanarch) Suppression Orders: Tempest Kanash
481002	Proof of Kill: Tempest's Death
481003	&quot;For the federation!&quot;
481004	Defeat Tempest Kanash in Fyrmount.
481005	Report to Tifane at Firebase Valor.
521001	Runaway's Request
521002	&quot;For the federation!&quot;
521003	Visit tuwangi runaway Tomba in Lumbertown.
521004	&quot;It's an honor to serve.&quot;
521005	Teleport to Tuwangi Mire via Tomba and meet Rathe.
522001	Help the Tuwangis
522002	You could be a big help to the tuwangis.
522003	It's only a crisis to those crazy tuwangis.
522004	&quot;It was no trouble.&quot;
522005	Teleport to Tuwangi Mire Marshlands via Batooni and meet with Tribune Rathe.
523001	Survey Says
523002	If I never see another sporewalker...
523003	Couldn't have done it without you.
523004	Defeat the muddy sporewalkers.
523005	&quot;It was nothing.&quot;
523006	Speak to Torvath.
524001	Survey Still Says
524002	Clear 'em out. I'll be grateful.
524003	You make it look easy!
524004	Kill the hungry cullars and the tentacullars in the eastern part of Marshlands.
524005	&quot;For the federation!&quot;
524006	Speak to Torvath.
525001	Tu-what-gi?
525002	Please find me some quagmire herbs to make nostrum.
525003	Smells terrible.
525004	Take the sap.
525005	Find quagmire herbs in the eastern part of Marshlands.
525006	Muddy Sporewalker Sap
525007	Collect muddy sporewalker sap.
525008	Speak to Loholi.
525009	Wait.
526001	Understanding for a Price
526002	Good luck!
526003	You did very well!
526004	Drink the potion.
526005	You drank the potion.
526006	&quot;I will.&quot;
526007	Report to Jaedon.
526008	Report to Jaedon.
526009	Interrogate the tuwangi captive.
526010	&quot;For the federation.&quot;
526011	Report to Jaedon.
527001	Missing Merchant
527002	Boermas will be grateful for any help.
527003	They've taken everything!
527004	Can I help you?
527005	Find Boermas in Babok Hollow, past the Mire entrance cave.
528001	Ingredients for the Antidote
528002	I need those eyeballs!
528003	You saved my life.
528004	Garangka Eyeball
528005	Kill the garangkas the tuwangi overseers ride.
528006	Bring the eyeballs back to Boermas.
528007	&quot;It was no trouble.&quot;
529001	Lost Backpack
529002	Just get my stuff back.
529003	Thank you, thank you, thank you!
529004	&quot;It was no trouble.&quot;
529005	Recover Boermas's wares from his luggage near Tuwangi Thorp.
529006	Return the goods to Boermas.
530001	The Emperor's New Hat
530002	My hats! My beautiful hats!
530003	You're a lifesaver.
530004	Fancy Headdress
530005	Kill the Tuwangi Workers in their village and collect the headdresses.
530006	Deliver the headdresses to Boermas.
530007	&quot;Glad to be of service.&quot;
531001	Cash on Delivery
531002	My lovely Trinket...
531003	I won't forget this.
531004	Lovely Trinket
531005	Retrieve the lovely trinket from Warchief Bauba.
531006	Deliver the trinket to Boermas.
531007	&quot;It was no trouble.&quot;
533001	Saving Jirra
533002	Please find Jirra!
533003	You helped my brother. Thank you!
533004	Merchant Boermas
533005	Tuwangi Teleport Scroll
533006	Find Jirra.
533007	Report to Pangari.
533008	&quot;I was glad to help.&quot;
533009	Find Pangari.
534001	The Real Threat
534002	Those sabertooths are dangerous!
534003	We feel lots safer now.
534004	Hunt the inky sabertooths near the center of Tuwangi Mire.
534005	&quot;I was happy to help.&quot;
534006	Speak to Pangari.
535001	{@RawItem:206818}
535002	{@RawItem:206818} are so useful!
535003	Oh, thank you!
535004	&quot;It was no trouble.&quot;
535005	Collect {@RawItem:206818} for Langa.
535006	Deliver the essences to Langa.
536001	Collecting Data
536002	Moong is no match for you!
536003	Stop Moong. Hurry!
536004	Order-Inscribed Tablet
536005	Kill the Tuwangi Warfroggers in Mighty Frog Pond to the southwest and collect order-inscribed tablets.
536006	Deliver the order-inscribed tablets to Pangari in Shaman's Shelter.
536007	&quot;I was happy to help.&quot;
537001	Best Served Cold
537002	Yes, I want revenge!
537003	The Stonehammers aren't very nice. Trust me.
537004	Tuwangi Hammer
537005	Kill Stonehammer tuwangis and collect their hammers in Mighty Frog Pond to the southwest.
537006	Deliver the hammers to Pangari.
537007	&quot;For the federation.&quot;
538001	Acquiring Assistance
538002	Federation humans need to see that tablet!
538003	Now everyone will know their evil plans.
538004	Exiled Shaman Pangari
538005	Order-Inscribed Tablet
538006	Deliver the tablet to Mitany.
538007	&quot;Think nothing of it.&quot;
539001	Moong, the Great and Terrible
539002	Moong just needs to die.
539003	That should solve that problem.
539004	Chief's Hammer
539005	Defeat Great Chief Moong and bring back his hammer.
539006	Deliver the hammer to Mitany.
539007	&quot;It was no trouble.&quot;
540001	Cloak and Dagger
540002	Take out that drum!
540003	That should shut them up.
540004	Destroy the frog drum at Mighty Frog Pond.
540005	&quot;I was glad to do it.&quot;
540006	Report to Wimond.
541001	Tearing Down Tuwangi
541002	Death to the Frogriders!
541003	You really have been a tremendous help.
541004	Captain's Axe
541005	Kill tuwangi frogriders and collect their axes.
541006	Report to Mitany.
541007	&quot;For the federation!&quot;
542001	Tuwangi Terror
542002	Just clear out as many as you can.
542003	Seems like the tuwangis forgot about their protection.
542004	Tuwangi Token
542005	Take the tokens off the tuwangi blockheads and choppers.
542006	Report to Wimond.
542007	&quot;I was happy I could help.&quot;
543001	More Tuwangis to Kill
543002	Raguga needs to die.
543003	Well, that's a relief.
543004	Raguga's Heart
543005	Kill Battlehopper Raguga in Tuwangi Thorp and bring back his heart.
543006	Report to Mitany.
543007	&quot;I was glad to help.&quot;
570001	(Guild) Suppression Orders: Mirelings
570002	Proof of Kill: Mireling Deaths
570003	&quot;For the federation!&quot;
570004	Eliminate the muddy sporewalkers, hungry cullars, and tentacullars around Tuwangi Mire.
570005	Report to Zandra in Lumbertown.
571001	(Guild) Suppression Orders: Babok Hollow
571002	Proof of Kill: Tuwangi Deaths
571003	&quot;For the federation!&quot;
571004	Hunt down the tuwangis in Babok Hollow.
571005	Report to Zandra in Lumbertown.
572001	(Guild) Suppression Orders: Sabertooths
572002	Proof of Kill: Sabertooth's Death
572003	&quot;For the federation!&quot;
572004	Hunt down the inky sabertooths in Babok Hollow.
572005	Report to Zandra in Lumbertown.
573001	(Guild) Suppression Orders: Tuwangi Thorp
573002	Proof of Kill: Tuwangi Deaths
573003	&quot;For the federation!&quot;
573004	Kill the upstart tuwangis in Tuwangi Thorp.
573005	Report to Zandra in Lumbertown.
601001	Emergency Support
601002	&quot;Of course I'll help.&quot;
601003	Speak with Prefect Daven in Lumbertown.
601004	&quot;As ordered!&quot;
601005	Report to Petrina at Two Oaks Ranch.
601006	Defeat Smulch, who is wandering the road near Two Oaks Ranch.
601007	&quot;For the federation!&quot;
601008	Report to Petrina at Two Oaks Ranch.
601009	&quot;Happy to be of service.&quot;
601010	Speak with Lethar at Echo Ranch.
601011	&quot;Consider it done.&quot;
601012	Speak with Sozia at the outskirts of Colchester.
601013	&quot;I'm here to rescue you!&quot;
601014	Thank you for saving us. We'll never forget you!
601015	Rescue the villagers trapped inside Colchester and escort them to Sozia.
601016	&quot;Will do.&quot;
601017	Speak with Sozia on the outskirts of Colchester.
602001	The Force Behind the Devans
602002	&quot;I'm on it.&quot;
602003	&quot;I'm on my way.&quot;
602004	Talk to Kamia.
602005	Destroy weapon crates in Deva Silva.
602006	Kamia's location
602007	I can see something inside the encampment!
602008	Find Kamia inside the encampment.
602009	&quot;Let's do this.&quot;
602010	Talk to Kamia.
603001	Going on the Offensive
603002	&quot;Will do.&quot;
603003	&quot;Got it.&quot;
603004	Talk to Kamia.
603005	Intruders!
603006	I give my life for Lok...
603007	Interlopers!
603008	Sound the...alarm...!
603009	May Lok's curses be upon you!
603010	My lord...I have failed you...!
603011	Defeat Ebonheart Sorcerers, Reavers of Resurrection, and the Dark Priest.
603012	&quot;All in a day's work.&quot;
603013	Talk to Kamia.
604001	From the Mouths of Scions
604002	&quot;I'm ready.&quot;
604003	&quot;Let's get to the bottom of this.&quot;
604004	Talk to Kamia again.
604005	Bastion of Lok Armory
604006	I won't be seen anymore! I can eavesdrop now.
604007	Enter the armory by teleportal.
604008	Listen to the cultists' conversations.
604009	&quot;Got it.&quot;
604010	Talk to Kamia again.
604011	Vanguard Outpost
604012	Kamia has already reported in to Hendry.
604013	Use teleportal to go to Vanguard Outpost.
604014	&quot;I'm always happy to help wherever I'm needed.&quot;
604015	Talk to Primus Hendry.
605001	Some Gave All
605002	&quot;As ordered.&quot;
605003	Talk to Isla.
605004	&quot;Rest, soldier. You will be avenged!&quot;
605005	&quot;I'm sorry, friend. You deserved better.&quot;
605006	&quot;Rest easy, soldier. Your duty is done.&quot;
605007	Search for the missing scouts.
605008	&quot;I'll...pass that along.&quot;
605009	Find the remaining scout who may still be alive.
605010	&quot;I'm sorry I didn't find them sooner.&quot;
605011	Take the report to Isla.
605012	Take the report to Isla.
605013	&quot;I understand.&quot;
606001	For Valor Above and Beyond
606002	&quot;Okay.&quot;
606003	&quot;My pleasure, sir.&quot;
606004	Talk to Jodoc again.
606005	&quot;Alright.&quot;
606006	Go to {@LinkCreature:59#1013#Zinji} and ride a pegasus to Velika. Speak with Dougal in Velika Headquarters.
606007	&quot;Thank you.&quot;
606008	Bring the report to Garrison Commander Samael at Velika Headquarters.
606009	Bring the report to Garrison Commander Samael at Velika Headquarters.
606010	&quot;For the federation!&quot;
606011	Receive reward from Samael at Velik's Steps.
606012	&quot;Thank you.&quot;
606013	Receive reward from Samael at Velik's Steps. 
621001	Deliver It to Furlan
621002	Just get it there.
621003	Thanks for bringing this.
621004	&quot;I will&quot;
621005	Report to Brose at the east gate of Lumbertown.
621006	Brose
621007	Kenan's Letter
621008	Deliver Kenan's Letter to Furlan at Two Oaks Ranch in the Valley of Titans.
621009	&quot;For the federation!&quot;
622001	Ore, Really?
622002	When I get that {@RawItem:206808}, I'll be in business.
622003	This is a big help. Thanks.
622004	&quot;For the federation!&quot;
622005	Collect {@RawItem:206808}.
622006	Deliver the {@RawItem:206808} to Delaile at Two Oaks Ranch.
623001	Feed Them for Our Survival
623002	Every little bit helps.
623003	I thank you. The cows thank you.
623004	&quot;For the federation!&quot;
623005	Collect sweet hayblossoms that grow near the ranch to feed the Two Oaks Ranch cows.
623006	Deliver sweet hayblossoms to the rancher's wife, Fanella, at Two Oaks Ranch.
624001	Yield to the Sheep
624002	Blasted noruks...
624003	Maybe we could send some noruk meat to the refugees.
624004	Hunt grazing noruks around Two Oaks Ranch.
624005	&quot;For the federation!&quot;
624006	Go back to Furlan at Two Oaks Ranch.
625001	Life-Risking Message
625002	Say hello to Zackran for me.
625003	They're driving me nuts!
625004	&quot;For the federation!&quot;
625005	Go to Zackran at Echo Ranch.
626001	Stubborn Old Man
626002	The more you kill, the better I'll like it.
626003	Who's laughing now, eh?
626004	Exterminate hyenas that prey on Echo Ranch cows.
626005	&quot;For the federation!&quot;
626006	Report to Zackran at Echo Ranch.
627001	Reinforcing the Fences
627002	Those fences are in terrible shape.
627003	Goody!
627004	Take the ropes.
627005	Find fence repair materials in the junk box.
627006	Take the pieces of iron.
627007	Find fence repair materials in the junk box.
627008	Take the wood.
627009	Find fence repair materials in the junk box.
627010	&quot;For the federation!&quot;
627011	Deliver the fence repair materials to Lakhia.
627012	Deliver the fence repair materials to Lakhia.
628001	We Need Food
628002	I can smell that meat cooking now...
628003	Noruk barbecue. Mmmm...
628004	Noruk Meat
628005	Hunt stomping noruks around Echo Ranch and collect their meat.
628006	Deliver the meat to Lethar at Echo Ranch.
628007	&quot;For the federation!&quot;
629001	A Solitary Soldier
629002	Meet Dakona at Mags Strix.
629003	Thank you for coming to help me.
629004	&quot;For the federation!&quot;
629005	Go to Dakona at Mags Strix.
630001	Eliminating the Skullcrushers
630002	Time to crush some skulls.
630003	They'll be back, of course.
630004	Eliminate Gutrend skullcrushers nearby.
630005	&quot;For the federation!&quot;
630006	Report to Lethar at Echo Ranch.
631001	Securing Provisions
631002	More food will do a lot for morale.
631003	Well done.
631004	I'll get them.
631005	Go to Sozia in Colchester.
631006	&quot;For the federation!&quot;
631007	Collect sacks of supplies in Colchester.
631008	Deliver the supplies to Sozia.
632001	Bloody Comradeship
632002	I just want them dead.
632003	Revenge is actually pretty sweet.
632004	Gutrend's Head
632005	Eliminate Gutrend kulkaris and clawtamers in the east and bring back their heads.
632006	Deliver the heads to Dakona.
632007	&quot;For the federation!&quot;
633001	Reckless Militia
633002	Just see if they need help.
633003	We're okay here.
633004	&quot;For the federation!&quot;
633005	Look for Othias in the southern valley.
635001	Securing the Safety of the Militia
635002	The fewer of them, the safer we are.
635003	Thanks. That'll help.
635004	Hunt Gutrends nearby.
635005	&quot;For the federation!&quot;
635006	Speak to Othias.
636001	Small Revenge
636002	I'll try about anything to be rid of those Gutrends.
636003	Gutrends will find nothing to eat here. They'll have to move elsewhere.
636004	Eliminate hillwalker warthogs and scavenging bears, the Gutrends' main source of food
636005	&quot;I did my duty.&quot;
636006	Speak with Mirim.
637001	Reinforcement
637002	Head south and meet Ethia.
637003	Are you here to help?
637004	&quot;For the federation!&quot;
637005	Speak to the adjutant of the garrison unit that has advanced to the center of Mags Kulkar.
638001	Time for Payback
638002	Eliminate those Gutrend seers and juggernauts.
638003	You did a fairly good job.
638004	Gutrends
638005	Defeat Gutrend seers and juggernauts in Mags Kulkar.
638006	&quot;For the federation!&quot;
638007	Report to Kectur.
639001	News of Victory
639002	Please go to Vindicator Camp.
639003	Gutrends in a panic! Very exciting news!
639004	&quot;Understood.&quot;
639005	Visit Prefect Crevan in Vindicator Camp to report that you have eliminated the majority of the Gutrends.
639006	&quot;For the federation!&quot;
639007	Deliver the news to Whimnia on the road to Valselok Shrine.
640001	Operation: Shrine Subjugation
640002	Eliminate Lokian reavers and mystics.
640003	Now we are in better situations than they are.
640004	Eliminate Lokian reavers and Lokian mystics at Valselok Shrine.
640005	&quot;Glad I could help.&quot;
640006	Return to Embarr.
641001	Justicars in the Shrine
641002	We have to get rid of those justicars first.
641003	Now that the justicars are gone, we can attack more easily.
641004	Eliminate Scion justicars at Valselok Shrine.
641005	&quot;For the federation!&quot;
641006	Return to Embarr.
642001	Alter Their Perspective
642002	Kill Lokian darkcallers and reapmasters at Valselok Shrine.
642003	We will remember your heroism.
642004	Eliminate Lokian darkcallers and reapmasters at Valselok Shrine.
642005	&quot;For the federation!&quot;
642006	Go back to Whimnia.
643001	Cleaning the Collection Point
643002	Kill 'em before they kill us.
643003	That'll slow 'em down.
643004	Hunt ravenous bears nearby.
643005	&quot;Glad to help.&quot;
643006	Return to Piruz.
644001	Pig on the Hill
644002	Just get rid of them.
644003	There'll be more. There are always more.
644004	Hunt great tusk warthogs nearby.
644005	&quot;I do good work.&quot;
644006	Return to Piruz.
645001	Outlaws in the Ruins
645002	You know the drill by now.
645003	Excellent work!
645004	Gutrend Headdress
645005	Collect headdresses from Gutrend brigands and pillagers in Colchester.
645006	Deliver the Gutrend headdresses to Sozia.
645007	&quot;Happy to help.&quot;
670001	(Guild) Suppression Orders: Gutrends
670002	Proof of Kill: Gutrend's Death
670003	&quot;For the federation!&quot;
670004	Kill Gutrend brigands and pillagers in Colchester.
670005	Report to Zandra in Lumbertown.
671001	(Guild) Suppression Orders: Bears
671002	Proof of Kill: Bear's Death
671003	&quot;For the federation!&quot;
671004	Hunt the ravenous bears east of Vindicator Camp.
671005	Report to Zandra in Lumbertown.
672001	(Guild) Suppression Orders: Arakia
672002	Proof of Kill: Arakia's Death
672003	&quot;For the federation!&quot;
672004	Slay Arakia in the Valley of Titans.
672005	Report to Jalize in Crescentia.
681001	Suppression Orders: Arakia (Vanarch)
681002	Proof of Kill: Arakia's Death
681003	&quot;For the federation!&quot;
681004	Slay Arakia in the Valley of Titans.
681005	Report to Jalize in Crescentia.
705001	Scruffy Kumas Herders
705002	&quot;Sure, I can do that.&quot;
705003	&quot;Alright.&quot;
705004	Report to Jodoc in Crescentia.
705005	&quot;Okay.&quot;
705006	Report to Heroth at Godric's Farm in Celestial Hills.
705007	Eliminate Radat.
705008	&quot;Okay.&quot;
705009	Report back to Heroth.
705010	&quot;Okay.&quot;
705011	Find Siria in central Omphalos Plains.
705012	Kumasi Amulet
705013	Kill Kadas and retrieve his amulet.
705014	Take the amulet to Siria.
705015	&quot;Okay.&quot;
705016	&quot;So what's next?&quot;
705017	Investigate the baetyliths in the Omphalos Plains and collect shards for Siria.
705018	Take the shards back to Siria.
705019	&quot;Okay.&quot;
705020	Speak with Siria.
705021	Investigate the sparking baetyliths in the Omphalos Plains and eliminate their {@LinkObject:45#protectors}.
705022	&quot;Okay.&quot;
705023	Report back to Siria.
705024	Siria
705025	Siria's Report
705026	Report to Mattin at the Sanctum Mysterium.
705027	&quot;My pleasure.&quot;
706001	Cultists' Conspiracy
706002	&quot;Okay.&quot;
706003	Find Padraig near the Cardovek Remnants.
706004	Kill Lokian sorcerers to recover cryptographs.
706005	&quot;Okay.&quot;
706006	Bring the cryptographs to Padraig.
706007	Kill a Lokian berserker in the Cardovek Remnants and recover a Decryption Device.
706008	&quot;No, I lost the Decryption Device.&quot;
706009	&quot;Yes, I have the Decryption Device.&quot;
706010	Decrypt the messages and return to Padraig.
706011	&quot;Okay.&quot;
706012	&quot;Thank you.&quot;
706013	Return to Padraig.
706014	&quot;Okay.&quot;
706015	&quot;The decryption is taken care of.&quot;
706016	Use the Decryption Device on the cryptographs and deliver the decrypted message to Padraig.
706017	Find Tezluar in the Cardovek Remnants and kill him.
706018	&quot;Okay.&quot;
706019	Report to Mysterium researcher Padraig at Cardovek Remnants.
706020	&quot;I can help.&quot;
706021	Report to Mattin at the Sanctum Mysterium.
706022	It is done. The defense shield is active.
706023	Speak with Mattin and teleport together. Speak with Mattin again and defend him from attack.
706024	&quot;I'll do my best.&quot;
706025	Speak with Mattin at the Sanctum Mysterium.
707001	Mattin's Report
707002	&quot;Okay.&quot;
707003	Go to Dougal at Velika Headquarters.
707004	Give your report to Samael.
707005	Bring Mattin's report to Garrison Commander Samael at Velika Headquarters.
707006	&quot;Thank you.&quot;
707007	Receive reward from Samael.
721001	Always Outnumbered, Never Forgotten
721002	Even one fighter can make a difference.
721003	You're all the reinforcements we need.
721004	&quot;I'm on my way.&quot;
721005	Exit through the east gate of Lumbertown and report to Prefect Drustan at Casidhe's Stand of Celestial Hills in the southeast.
721006	Orcan Fang
721007	Kill the orcans beseiging Casidhe's Stand and tear their fangs out.
721008	Return to Drustan.
721009	&quot;That'll teach 'em.&quot;
724001	Break Through the Lines
724002	You'll make a big difference to them.
724003	Some good stuff in here.
724004	Prefect Drustan
724005	Supply Package
724006	Head south from Casidhe's Stand and deliver the supply package to Heroth at Godric's Farm.
724007	&quot;You're welcome.&quot;
730001	No Small Matter
730002	Kill naga mercenaries southeast of Godric's Farm.
730003	I am grateful.
730004	Kill naga mercenaries southeast of Godric's Farm.
730005	&quot;You're welcome.&quot;
730006	Report back to Onumak.
731001	Getting a Head in the World
731002	Juggernaut Head
731003	Kill and collect the heads from naga juggernauts in Omphalos Plains.
731004	Report back to Onumak.
731005	&quot;Thanks!&quot;
732001	Gnash This
732002	Just end him.
732003	You're amazing.
732004	Scale Armor Fragment
732005	Kill Naga Warlord Nakarash and collect a fragment from his armor.
732006	Deliver the naga scale to Onumak.
732007	&quot;You've got it.&quot;
732008	Onumak
732009	Scale Armor Fragment
732010	Deliver the fragment to Mattin at Sanctum Mysterium.
732011	&quot;Glad to be of service!&quot;
733001	The Hunters Become the Hunted
733002	Take a bite out of them.
733003	Fewer than there used to be. That's a victory.
733004	Thin out the hyenas east of Sanctum Mysterium.
733005	&quot;You're welcome.&quot;
733006	Report to Donal at Sanctum Mysterium.
734001	I'm a Scholar Not a Soldier, Jim
734002	Take them out. Buy us some research time.
734003	Now we can go to work.
734004	Kill bloodguards from the Scions of Lok in Cardovek Remnants east of Sanctum Mysterium.
734005	&quot;For the federation!&quot;
734006	Report to Elthim at Sanctum Mysterium.
735001	A Tiny Bit of Sabotage
735002	At least we can hope to slow them down.
735003	They'll be a while catching up after this.
735004	&quot;Happy to help.&quot;
735005	Steal toolboxes from the Cardovek Remnants to hinder the Scions of Lok.
735006	Deliver the toolboxes to Meridien.
736001	Hit Them Where it Hurts
736002	The more you kill now, the better for us later.
736003	They'll be scrambling now.
736004	Kill Lokian lancers and berserkers in Cardovek Remnants.
736005	&quot;My strength is yours.&quot;
736006	Report to Donal at Sanctum Mysterium.
737001	Take 'Em Down Hard
737002	Dead nagas are the best nagas.
737003	Let's see how the cultists like that.
737004	Kill juggernaut mercenaries in Cardovek Remnants.
737005	&quot;Thank you.&quot;
737006	Report to Prefect Nale at Sanctum Mysterium.
738001	Blessing of Kaia
738002	&quot;For the federation!&quot;
738003	Get selective reward item, Kaia's binding from repeatable quest.
738004	Bring Kaia's binding to Dougal in Velika HQ.
770001	(Guild) Suppression Orders: Red Fang Orcans
770002	Proof of Kill: Red Fang Deaths
770003	&quot;For the federation!&quot;
770004	Eliminate the Red Fang orcans and fighters near Casidhe's Stand.
770005	Report to Zandra in Lumbertown.
771001	(Guild) Suppression Orders: Ragers
771002	Proof of Kill: Rager Deaths
771003	&quot;For the federation!&quot;
771004	Eliminate Red Fang ragers near Godric's Farm.
771005	Report to Zandra in Lumbertown.
772001	(Guild) Suppression Orders: Kumases
772002	Proof of Kill: Kumas Deaths
772003	&quot;For the federation!&quot;
772004	Hunt indolent or torpid kumases around the Omphalos Plains.
772005	Report to Zandra in Lumbertown.
773001	(Guild) Suppression Orders: Scion Guards
773002	Proof of Kill: Scion Deaths
773003	&quot;For the federation!&quot;
773004	Hunt the Lokian lancers and berserkers in the Cardovek Remnants.
773005	Report to Zandra in Lumbertown.
774001	(Guild) Suppression Orders: Juggernaut Mercenaries
774002	Proof of Kill: Juggernaut Deaths
774003	&quot;For the federation!&quot;
774004	Eliminate the juggernaut mercenaries in the eastern Cardovek Remnants.
774005	Report to Zandra in Lumbertown.
775001	(Guild) Suppression Orders: Barraq
775002	Proof of Kill: Barraq's Death
775003	&quot;For the federation!&quot;
775004	Slay Barraq in the Celestial Hills.
775005	Report to Zandra in Lumbertown.
781001	Suppression Orders: Barraq (Vanarch)
781002	Proof of Kill: Barraq's Death
781003	&quot;For the federation!&quot;
781004	Slay Barraq in the Celestial Hills.
781005	Report to Zandra in Lumbertown.
801001	Whereabouts of the Core
801002	&quot;Alright.&quot;
801003	Report to Fraya at Allemantheia Headquarters.&#xA;[Speak with {@linkcreature:72#1103#Arshadh} to enter the Allemantheia Headquarters.]
801004	&quot;Okay.&quot;
801005	Go to Velika and find Priestess Ciebel at Velik's Steps.
801006	&quot;Okay.&quot;
801007	Meet with Elleon in Castanica in Ostgarath Province.
801008	&quot;Okay.&quot;
801009	Speak with Commander Fraya in Castanica.
801010	&quot;Okay.&quot;
801011	Go to the Hungry Caverns and find Smernav at the Avenger Outpost.&#xA;[Use the {@linkcreature:61#1009#Teleportal} to go to Avenger Outpost.]
801012	Kill Dulinka and his mekkitars at the southern end of the Cavern of Shackles.&#xA;[Use the elevator or speak with {@linkcreature:208#2000#Tadan} to go to Hungry Caverns Vaults.]
801013	&quot;Okay.&quot;
801014	Interrogate the gula leader Gluorn.
801015	&quot;Let's go.&quot;
801016	Elleon is nearby. Report to {@linkcreature:208#1041#Elleon} that you obtained Gluorn's Ledger.
801017	&quot;I understand.&quot;
801018	Bring Gluorn's Ledger to Commander Fraya in Castanica.
801019	Gluorn's Ledger
801020	Bring Gluorn's Ledger to Commander Fraya in Castanica.
801021	&quot;Thank you.&quot;
804001	Fraya's Faith
804002	&quot;I understand.&quot;
804003	Ask Elleon if there is any replacement energy that can handle the Core.
804004	&quot;I understand.&quot;
804005	Relate Elleon's message to Fraya in Castanica.
804006	&quot;I understand.&quot;
804007	Bring Fraya's request to Sophilia.
804008	&quot;I understand.&quot;
804009	Deliver Sophilia's orders to Officer Karina at Avenger Outpost.&#xA;[Use the {@linkcreature:61#1009#Teleportal} to go to Avenger Outpost.]
804010	&quot;I understand.&quot;
804011	Go to Elleon near Avenger Outpost in the northwestern corner of the Hungry Caverns.&#xA;[Speak with {@linkcreature:208#2000#Tadan} to go to Hungry Caverns Catacombs.]
804012	&quot;I understand.&quot;
804013	Enter the Golden Labyrinth through the area near the closed door and speak with {@LinkCreature:3005#1001#Runshia}.&#xA;[You must select Golden Labyrinth (Solo) from the {@LinkCreature:208#1501#Teleportal} to advance this quest.]
804014	&quot;I understand.&quot;
804015	Speak with Jelena who's been scouting the area.
804016	Use the western {@linkcreature:3005#1012#obelisk} to open the gate, then eliminate Berylheart.
804017	&quot;I understand.&quot;
804018	Return to Jelena.
804019	Eliminate all the monsters past the Chamber of Trial and make your way through.
804020	&quot;Are you alright?&quot;
804021	You have located Elleon. Go to Elleon and speak with him.
804022	I'd be dead if it weren't for you.
804023	Speak with Elleon and start protecting him.
804024	&quot;I understand.&quot;
804025	Speak with Elleon again.
804026	Protect the teleportal in the Chamber of the Wild and eliminate Valgmore and Varcerbus.
804027	&quot;I understand.&quot;
804028	Report to Elleon at the Chamber of the Wild.
804029	&quot;I understand.&quot;
804030	Speak with Elleon in Chamber of the Wild again.
804031	&quot;I understand.&quot;
804032	Speak with Elleon at Golden Labyrinth Entrance.
804033	&quot;I understand.&quot;
804034	Speak with Elleon in Castanica.
804035	&quot;Thank you.&quot;
804036	Speak with Fraya in Castanica.
805001	Like a Brother to Me
805002	Accept
805003	&quot;I'll let him know.&quot;
805004	Speak with Minaria in Castanica.
805005	&quot;Sure.&quot;
805006	Meet Detrian on Pleasure Street in Castanica and deliver his recall orders.
805007	Take the wooden pig doll to Detrian's little sister, Hennika.
805008	Wooden Pig Doll
805009	Take the wooden pig doll to Detrian's little sister Hennika.
805010	&quot;Okay.&quot;
805011	Take Hennika's Charm to Detrian at Avenger Outpost on the ground floor of the Hungry Caverns.
805012	Hennika's Charm
805013	Take Hennika's Charm to Detrian at Avenger Outpost on the ground floor of the Hungry Caverns.
805014	&quot;Fortune smile upon you.&quot;
805015	&quot;I'm on it.&quot;
805016	Go to Karina at Avenger Outpost on the ground floor.
805017	Fight gula slavers and caiman mercenaries in the Hungry Caverns Vaults.
805018	&quot;I'm ready for the next job.&quot;
805019	Report your success to Karina at Avenger Outpost.
806001	The Long Goodbye
806002	Read the rescue orders.
806003	Hennika!
806004	Detrian
806005	Tell Karina that Detrian is missing.
806006	Bring the news about Hennika to Detrian at Avenger Outpost.
806007	&quot;I'm on my way.&quot;
806008	Tell Karina that Detrian is missing.
806009	&quot;I'll try my best.&quot;
806010	Check with Loxetrius at Vanguard Post Alpha.
806011	Eliminate the gula skinners and slavering auric imps in the Hungry Caverns Catacombs.
806012	&quot;Return to the dream, my friend.&quot;
806013	Search the half-eaten corpse.
806014	&quot;I'm on my way.&quot;
806015	Report back to Loxetrius at Vanguard Post Alpha.
806016	&quot;I'll check it out.&quot;
806017	Report to Rendia at Vanguard Post Beta.
806018	Detrian
806019	There's someone in the cell on the right. It's Detrian!
806020	Find the first cell.
806021	&quot;I'll save her, Detrian. I promise.&quot;
806022	Speak to Detrian.
806023	Detrian
806024	Fight the aberrant gulons and rescue the abducted villagers from the second cell.
806025	Move on to the second cell.
806026	Eliminate the aberrant gulons in the Cavern of Tears.
806027	&quot;No time to talk. Run!&quot;
806028	&quot;No time to talk. Run!&quot;
806029	&quot;No time to talk. Run!&quot;
806030	&quot;No time to talk. Run!&quot;
806031	&quot;No time to talk. Run!&quot;
806032	Free the abductees from their cell.
806033	&quot;I'll find it.&quot;
806034	Speak with Hennika.
806035	Eliminate vulgar inquisitors in the Hungry Caverns Depths, and retrieve Detrian's sword.
806036	&quot;I'm sure he'd be proud.&quot;
806037	Deliver Detrian's sword to Hennika at Avenger Outpost.
806038	Deliver Detrian's sword to Hennika at Avenger Outpost.
806039	&quot;I'm sorry I couldn't do more.&quot;
806040	Report to Karina.
821001	Road to Hungry Caverns
821002	We need to keep our supply lines open.
821003	Not many'd come down into the caverns.
821004	Eliminate the cromos prowlers and the hulking sentries near the Hungry Caverns to the southwest.
821005	&quot;For the federation!&quot;
821006	Report to Karina at Avenger Outpost.
822001	Gold in Them Thar Swamps
822002	I have my doubts about Krudo...
822003	Oh, those are fine specimens!
822004	Nimphy Horn
822005	Obtain nimphy horns from caprin imps in Vexatus Swamp to the southwest of Castanica.
822006	Deliver the nimphy horns to Alchemist Krudo at Avenger Outpost.
822007	&quot;For the federation!&quot;
823001	Gula Pet
823002	Taking out the gulas' minions just makes our job easier.
823003	That's a lot of tusks!
823004	Dirty Tusk
823005	Eliminate the auric imps and armored hyenas in the Hungry Caverns Vaults.
823006	Report to Herein at Avenger Outpost.
823007	&quot;For the federation!&quot;
824001	The Caiman Problem
824002	Those pesky caimans've got to go!
824003	Nice work!
824004	Caiman Fang
824005	Eliminate the caiman mercenaries and caiman guards in the Hungry Caverns Vaults and pull their fangs.
824006	Deliver the caiman fangs to Smernav at Avenger Outpost.
824007	&quot;For the federation!&quot;
825001	End of the Slavers
825002	Gulas deserve no mercy!
825003	There's no dross in you!
825004	Gula Tongues
825005	Cut the tongues out of gula slavers and taskmasters in the Hungry Caverns Vaults.
825006	Report to Karina at Avenger Outpost.
825007	&quot;For the federation!&quot;
826001	Cut the Purse-Strings
826002	Get rid of those blasted devas!
826003	Damned opportunistic devas...
826004	Eliminate the devan acolytes in the Hungry Caverns Vaults.
826005	&quot;For Valkyon!&quot;
826006	Report to Smernav at Avenger Outpost.
827001	The Downstairs Scout
827002	Do what you can for Loxetrius.
827003	Did you get voluntold as well?
827004	&quot;For the federation!&quot;
827005	Report to Loxetrius in the Hungry Caverns Catacombs.
828001	Gula Head Soup
828002	Don't get complacent or you'll end up a gula's supper.
828003	U. G. L. Y. They ain't got no alibi...
828004	Gula Head
828005	Take the heads of gula mutilators and ravagers in the Hungry Caverns Catacombs.
828006	Deliver the heads to Perbis at Vanguard Outpost Alpha.
828007	&quot;Happy to lend a head—er, hand.&quot;
829001	Kitchen Battle
829002	It was terrible. I don't want to think about them. Kill them all.
829003	Good job. You have saved many of us from the nightmare.
829004	Chef's Knife
829005	Collect chef's knives from the gula skinners and slavering auric imps in the Hungry Caverns Catacombs.
829006	Deliver the knives to Perbis at Vanguard Post Alpha.
829007	&quot;Honored to be of service.&quot;
830001	Kobolds Will Listen to Anyone
830002	We should bury down the kobolds here.
830003	Killing kobolds isn't exactly valorous, but good work.
830004	Eliminate the kobold hirelings that appear in Hungry Caverns Vaults.
830005	&quot;Glad I could help.&quot;
830006	Report to Baidan at Vanguard Outpost Alpha.
831001	Balancing the Ledgers
831002	If we only knew who was behind it all...
831003	I'll get this to my commanding officer.
831004	Slave Trade Ledger
831005	Kill gula overseers and kobold thugs until you find the slave trade ledger.
831006	Deliver the ledger to Loxetrius.
831007	&quot;For the federation!&quot;
832001	The Biggest Butcher
832002	They're in for a shock!
832003	That is disgusting. That's his stomach?
832004	Glauka's Stomach
832005	Eliminate Glauka in the Hungry Caverns Catacombs and retrieve his stomach.
832006	Deliver the...stomach...to Loxetrius.
832007	&quot;For Valkyon!&quot;
833001	Where's Rendia?
833002	I know you'll be a great asset down there.
833003	Loxetrius speaks highly of you.
833004	&quot;Thanks!&quot;
833005	Find Rendia in the Hungry Caverns Depths.
834001	Cruel as They Come
834002	This is a straight up hack and slash.
834003	Fine work with those gulons.
834004	Eliminate the aberrant gulons on the Hungry Caverns Depths.
834005	&quot;Happy to help.&quot;
834006	Report to Rendia in the Hungry Caverns Depths.
835001	Bitter Kindness
835002	Gulas don't let something like death get in the way of a good slave.
835003	May they rest in the Dream.
835004	Slave's Pick
835005	Eliminate the reanimated poporis in the Hungry Caverns Depths.
835006	Deliver the picks to Tercosa in the Hungry Caverns Depths.
835007	&quot;For the federation!&quot;
836001	Punish the Porters
836002	Time to smash some bones!
836003	You got a little bone dust on your armor.
836004	Kill skeletal caimans and caiman bonethralls in the Hungry Caverns Depths.
836005	&quot;For the federation!&quot;
836006	Report to Nurea in the Hungry Caverns Depths.
837001	Painkillers
837002	Let's give them a taste of pain!
837003	I'd call this justice, wouldn't you?
837004	Torture Implement
837005	Collect torture implements from vulgar inquisitors, cruel inquisitors, and vicious auric imps in the Hungry Caverns Depths.
837006	Deliver the implements to Rendia in the Hungry Caverns Depths.
837007	&quot;They needed killing!&quot;
838001	Succor for the Victims
838002	You must end their nightmare.
838003	What you did was merciful.
838004	Kill the undying miners in the Hungry Caverns Depths.
838005	&quot;For the federation!&quot;
838006	Report to Nurea in the Hungry Caverns Depths.
839001	Show Your Work
839002	Deliver this to Karina at once!
839003	You've got more than just my attention.
839004	Karina
839005	Scouting Report
839006	Report to Karina at Avenger Outpost.
839007	&quot;Good luck!&quot;
840001	Tears for the Fallen
840002	We owe them this.
840003	If only we'd arrived sooner...
840004	&quot;I wish I could've done more.&quot;
840005	Collect the villagers remains from the Hungry Caverns Vaults.
840006	Deliver the remains to Karina.
841001	Unmentionable Stenchables
841002	Gulas cook with that? How awful!
841003	Ugh! I just want to set my nose on fire.
841004	&quot;You asked for it!&quot;
841005	Search for the gula's spice in the Hungry Caverns Depths.
841006	Deliver the spice to Nurea at Vanguard Outpost Beta.
870001	(Guild) Suppression Orders: Vexatus Swamp
870002	Proof of Kill: Swamp Dwellers
870003	&quot;For Valkyon!&quot;
870004	Eliminate the hulking sentries, cromos prowlers, and caprin imps in Vexatus Swamp.
870005	Report to Rameria in Castanica.
871001	(Guild) Suppression Orders: Kazuur Syndicate
871002	Proof of Kill: Syndicate Deaths
871003	&quot;For the federation!&quot;
871004	Eliminate the Kazuur Syndicate's forces in the Hungry Caverns.
871005	Report to Zesine.
872001	(Guild) Clearing the Catacombs
872002	Proof of Kill: Flesh Eaters
872003	&quot;For the federation!&quot;
872004	Kill the gulas and their allies in the Caverns of Hunger and Slaughter.
872005	Report to Rameria in Castanica.
880001	(Vanarch) Depth Charge
880002	Proof of Kill: Cursed Creatures
880003	&quot;For the federation!&quot;
880004	Eliminate the cursed creatures in the Hungry Caverns Depths and gather proof of their deaths.
880005	Report to Rameria.
901001	Federation Traitor
901002	Samael couldn't do anything if he sees Ciebel's recommendation.
901003	Samael was making a deal with the gulas? I smell something fishy...
901004	&quot;I can do that.&quot;
901005	&quot;I understand.&quot;
901006	Find Elleon around Collegium Arcane.
901007	&quot;Thank you, Ciebel.&quot;
901008	Report to Ciebel in the central passage in Velika.
901009	Velik's Letter of Recommendation
901010	Bring the letter of recommendation to {@LinkCreature:63#1311#Samael}.
901011	&quot;I understand.&quot;
901012	&quot;I understand.&quot;
901013	Find Elleon around Collegium Arcane.
901014	&quot;What's with the justicars?&quot;
901015	&quot;Any details of the Gula Slavers?&quot;
901016	&quot;Do you know anything about those suspicious sailors?&quot;
901017	Take a pegasus to Cutthroat Harbor and speak with {@LinkCreature:62#1001#Siam}.
901018	&quot;Right. Okay.&quot;
901019	&quot;I understand.&quot;
901020	Visit Arkaius in Cutthroat Harbor.
901021	&quot;I understand.&quot;
901022	Find Perina (Jelena in disguise) in Cutthroat Harbor.
901023	&quot;I understand.&quot;
901024	Get information from Fyrsil.
901025	&quot;I understand.&quot;
901026	Talk to Bruke and find out what their mission is.&#xA;[Use the {@LinkCreature:62#1027#Teleportal} to go to Vindicator Basecamp.]
901027	Bruke Escort Route
901028	You don't trust him but you follow him.
901029	Follow Bruke to the rendezvous in the Mysterious Jungle.
901030	Bruke Escort Route
901031	&quot;What deal could they be doing?&quot;
901032	Follow Bruke to the rendezvous in the Mysterious Jungle.
901033	Where Bruke is making the deal
901034	&quot;This is the place?&quot;
901035	Find Bruke on Mistmoor Island.
901036	&quot;You'll see.&quot;
901037	Speak with Bruke.
901038	&quot;Words to live by.&quot;
901039	Tell &quot;Perina&quot; what you learned from Bruke.
901040	Paxomnia
901041	(This teleportal takes you to Paxomnia.)
901042	Search Mistmoor Island and find the {@LinkCreature:212#1030#teleportal}.
901043	Go to the Mysterious Jungle, but watch your back.&#xA;[Use the {@LinkCreature:212#1030#Teleportal} to go to Paxomnia.]  
901044	Scion Assassins
901045	Eliminate the ambushing Lokians. 
901046	Kill Bruke and bring proof of his betrayal.
901047	&quot;Thank you.&quot;
901048	Use the {@LinkCreature:438#1003#Exit Teleportal} and bring Samael's orders to &quot;Perina&quot; at the Vindicator Base Camp.
901049	Bring Samael's orders to &quot;Perina&quot; at the Vindicator Base Camp.
901050	Samael approaches.
902001	Sic Semper Proditores
902002	&quot;We need deal with Samael's spies.&quot;
902003	&quot;Let's dig in deep when Elleon arrives.&quot;
902004	&quot;Nice work.&quot;
902005	Get information from {@linkcreature:62#1007#Kasib}.&#xA;[Press &lt;img src='img://__Icon_KeyboardShape.Keyboard_I' width='18' height='18' vspace='-6'/&gt; key to open inventory and use Cutthroat Harbor Teleport Scroll to return to Cutthroat Harbor.]
902006	Accept the report from {@linkcreature:62#1010#Kasib} and read it.&#xA;[Press &lt;img src='img://__Icon_KeyboardShape.Keyboard_I' width='18' height='18' vspace='-6'/&gt; key to open inventory and read the Cutthroat Harbor Spy Report.]
902007	The spies are disguised as sailors. Jelena must know this. 
902008	&quot;I understand.&quot;
902009	Report to Perina in Cutthroat Harbor.
902010	Fake Lok Directive Box
902011	Deliver the fake Scion Order Box to Ragett. 
902012	&quot;Right. Okay.&quot;
902013	&quot;I understand.&quot;
902014	Report to Perina in Cutthroat Harbor.
903001	Relic of a Bygone Age
903002	&quot;How did you know?&quot;
903003	Speak with Barlyas hiding behind the shop at the Cutthroat Harbor.
903004	&quot;I understand.&quot;
903005	Speak with Barlyas again.
903006	Kill Slawgesh and search for clues.
903007	&quot;I understand.&quot;
903008	Bring Slawgesh's ledger to Perina.
903009	Bring Slawgesh's ledger to Perina.
903010	Kill gula brawlers on Mistmoor Island. Bring back their primer.
903011	&quot;I understand.&quot;
903012	Meet Perina and collect Slawgesh's ledger.
903013	&quot;I understand.&quot;
903014	Use the Gula Cipher and decode the Encrypted Ledger.&#xA;[Press &lt;img src='img://__Icon_KeyboardShape.Keyboard_I' width='18' height='18' vspace='-6'/&gt; key to open inventory and use Gula Cipher.]
903015	Bring the decrypted ledger to Perina.
903016	&quot;I agree.&quot;
903017	Report to Barlyas in Cutthroat Harbor.&#xA;[Press &lt;img src='img://__Icon_KeyboardShape.Keyboard_I' width='18' height='18' vspace='-6'/&gt; key to open inventory and use Cutthroat Harbor Teleport Scroll to return to Cutthroat Harbor.]
903018	&quot;I understand.&quot;
903019	Speak with Barlyas at the Relic Hunter Outpost.&#xA;[Use the {@LinkCreature:62#1027#Teleportal} to go to Relic Hunter Outpost.]
903020	Use the teleportal.
903021	Find the teleportal in the west room on the second floor of Azarel's Labyrinth.&#xA;[Speak with {@linkcreature:209#2000#Tulutulu} to go to Azarel's Labyrinth Depths.]
903022	Fool!
903023	This isn't real....
903024	Use the teleportal to reach the hideout. Kill Kutmaschuk and collect the accursed lance.
903025	Urgh...
903026	Defeat Priest of Darkness Akia.
903027	&quot;Thank you.&quot;
903028	Bring Gidd's Lance to Barlyas at the Relic Hunter Outpost.
904001	The Fall of the Betrayer
904002	Samael will pay for what he has done.
904003	Help us destroy the Scions of Lok.
904004	&quot;I understand.&quot;
904005	Speak with Dougal.
904006	Fool! You'll never get past us!
904007	I have failed you!
904008	Defeat the Lokian champions in the southeast corner of the Gallery of Chaos.
904009	&quot;Time to pay the price, Samael.&quot;
904010	Check the teleportal.
904011	&quot;Right. Okay.&quot;
904012	Teleport to Samael's residence and tell Dougal you are ready.
904013	I shall be a god!
904014	Defeat Samael.&#xA;[Talk to Dougal and select &quot;I'm ready.&quot; to start the event.&quot;]
904015	&quot;For the federation!&quot;
904016	Speak with Ciebel.
904017	&quot;Thank you.&quot;
904018	Speak with Seir.
921001	Crocuta Blankets for the Night
921002	For the federation!
921003	Victory will be ours!
921004	Crocuta Hide
921005	Bring back crocuta hide from the forest southeast of the camp.
921006	Deliver the hide to Raviv at the Relic Hunter Outpost.
921007	&quot;Glad to help.&quot;
922001	Eliminate the Raging Beasts
922002	They're not gonna destroy themselves! Though, that would be nice.
922003	You may have just saved some lives. Then again, maybe you didn't.
922004	Kill the tawny sabertooths in the forest northeast of camp.
922005	&quot;For the federation!&quot;
922006	Report to Haitribus at the Relic Hunter Outpost.
923001	Missing Supplies from Velika
923002	We need those {@RawItem:206819}, fast.
923003	Victory for Valkyon!
923004	&quot;Happy to be of service.&quot;
923005	Collect {@RawItem:206819}.
923006	Report to Tryphena at the Relic Hunter Outpost.
924001	The Dangerous Nest
924002	I'm gonna be madder than an mugato nest if you don't get to it! Totally joking.
924003	For the federation!
924004	Kill mugatos in the forest east of camp.
924005	&quot;Glad to help.&quot;
924006	Report to Tryphena at the Relic Hunter Outpost.
925001	Desperate Struggle for Survival
925002	Don't just stand there!
925003	Ugh! Disgusting!
925004	&quot;Glad to help.&quot;
925005	Collect mugato musk from mugato piles in the forest east of the camp.
925006	Deliver the musk to Haitribus at the Relic Hunter Outpost.
926001	Beholder of Darkness
926002	They'll kill us all!
926003	For the federation!
926004	&quot;I can help.&quot;
926005	Speak with Glorine.
927001	Eyes in the Darkness
927002	Trust me.
927003	I'll take care of the rest.
927004	Creepy Eyeball
927005	Kill gula pillagers and imps in and around the first floor of the labyrinth.
927006	Speak to Glorine at the Relic Hunter Outpost.
927007	&quot;Glad to help.&quot;
928001	Cook the Chefs
928002	Gula brains are an essential ingredient. Hurry up, we need them!
928003	This should be sufficient.
928004	Gula Brain
928005	Collect gula butcher brains in the main hall on the first floor of the labyrinth.
928006	Return to Glorine at the Relic Hunter Outpost.
928007	&quot;Glad to help.&quot;
929001	Cure for Crazy
929002	It will work. It has to.
929003	Many thanks.
929004	Glorine
929005	Mysterious Potion
929006	Feed the potion to the adventurer at the Relic Hunter Outpost.
929007	&quot;I'll take care of it.&quot;
929008	&quot;For the federation!&quot;
929009	Speak with Glorine at the Relic Hunter Outpost.
930001	Don't Play with Knives
930002	For the federation!
930003	Nice work!
930004	Butcher Knife
930005	Collect butcher knives from the gula gutslashers in the basement.
930006	Deliver the butcher knives to Jascus near the entrance to the Labyrinth.
930007	&quot;Happy to be of service.&quot;
931001	Gula Leftovers
931002	For the federation!
931003	We'll see that they receive proper burials.
931004	&quot;For the federation!&quot;
931005	Collect the remains of victims throughout the depths of the labyrinth.
931006	Deliver the remains to Jascus near the labyrinth entrance.
932001	Pride of the Protectors
932002	For Valkyon!
932003	Good work.
932004	Stalker Horns
932005	Kill labyrinthine stalkers in the depths of the labyrinth. Collect their horns.
932006	Report to Tryphena at Relic Hunter Outpost.
932007	&quot;Glad to help.&quot;
933001	The Price of Hubris
933002	Destroy those plans any way you can. Talk to Tulutulu to descend into Azarel's Labyrinth.
933003	&quot;I will.&quot;
933004	Talk to {@linkcreature:209#2000$$Tulutulu} to gain entrance to Azarel's Labyrinth Depths.
933005	&quot;I can't believe I ate the whole plan.&quot;
933006	Find the centurion at the Advance Camp in Azarel's Labyrinth Depths and destroy the battle plans he carries.
934001	Mysterious Disappearance
934002	For the federation!
934003	Halidom Fragment
934004	Kill gulas and their caiman allies in the Gallery of Fate on the second floor of the labyrinth. Retrieve the halidom fragments.
934005	Speak with Tryphena at the Relic Hunter Outpost.
934006	&quot;Glad to help.&quot;
935001	Remaining Proof
935002	Victory for Valkyon!
935003	Cultist Weapon
935004	Kill the Lokians in the Gallery of Chaos and the cultist den on the second floor of the labyrinth. Seize their weapons.
935005	Deliver the weapons to Tryphena at the Relic Hunter Outpost.
935006	&quot;Glad to help.&quot;
936001	The Best Offense Is...Dentistry
936002	Victory for Valkyon!
936003	Demon Teeth
936004	Collect demon teeth from Azarel's juggernaut and labyrinthine stalkers in the depths of the labyrinth.
936005	Report to Tryphena at Relic Hunter Outpost.
936006	&quot;For the federation!&quot;
937001	Beheading a Nightmare
937002	Victory for Valkyon!
937003	Lamakus's Head
937004	Find the hidden chamber at the southeastern end of the second floor of the labyrinth. Kill Lamakus.
937005	Deliver Lamakus's head to Tryphena at Relic Hunter Outpost.
937006	&quot;Glad to help.&quot;
938001	The Circle Is Complete
938002	Goodbye, Nilos...
938003	Nilos's Body
938004	Nilos's Ring
938005	Deliver Nilos's ring to Glorine at the Relic Hunter Outpost.
938006	&quot;I'm so sorry.&quot;
970001	(Guild) Paws in Mid-Battle
970002	Front Paws of the Beast
970003	&quot;For the federation!&quot;
970004	Kill the creatures that are running wild around the Relic Hunter Outpost.
970005	See the nearest guild quest reward coordinator for your reward.
971001	(Guild) Lust and Deceit
971002	Proof of Kill: Gallery Ghouls
971003	&quot;For the federation!&quot;
971004	Hunt enemies in the Galleries of Deceit and Lust in the underground levels of the labyrinth.
971005	Report back to Lisel in Cutthroat Harbor.
972001	(Guild) Chaos and Destruction
972002	Proof of Kill: Galleries of Fate and Chaos
972003	&quot;For the federation!&quot;
972004	Kill the enemies in the Galleries of Fate and Chaos.
972005	Report to Lisel in Cutthroat Harbor.
973001	(Guild) Suppression Orders: Tabruk
973002	Proof of Kill: Tabruk
973003	&quot;For the federation!&quot;
973004	Defeat Tabruk in Azarel's Labyrinth.
973005	Report to the reward coordinator.
981001	(Vanarch) Suppression Orders: Tabruk
981002	Proof of Kill: Tabruk
981003	&quot;For the federation!&quot;
981004	Defeat Tabruk in Azarel's Labyrinth.
981005	Report to the reward coordinator.
1021001	Island Vacation
1021002	We need someone with your proven record.
1021003	You aren't afraid, are you?
1021004	Head to Viper Camp.
1021005	Meet Zesine at Kaia Street.
1021006	&quot;As ordered!&quot;
1021007	Find Latas at Viper Camp.
1021008	&quot;I'll do what I can.&quot;
1021009	Speak with Briale at Viper Camp.
1022001	Breaking the Shells
1022002	My advice is to not die.
1022003	Glad to see you made it back.
1022004	Hunt down the naga clawriders in the Boan Strand.
1022005	&quot;For Valkyon!&quot;
1022006	Report to Latas at Viper Camp.
1023001	A Little Long in the Tooth
1023002	Don't underestimate the sabertooths.
1023003	The roads are a bit safer now.
1023004	Go north and eliminate the frillfang sabertooths in the Boan Strand.
1023005	&quot;For the federation!&quot;
1023006	Report to Briale at Viper Camp.
1024001	The Shell Game
1024002	Kamara shells are quite useful.
1024003	Oh, these are great specimens!
1024004	Kamara's Shell
1024005	Hunt lumbering kamaras in northern Boan Strand and collect their shells.
1024006	Deliver the shells to Potis at Viper Camp.
1024007	&quot;Thanks!&quot;
1025001	Mycanar Trouble
1025002	Those blasted mycanars aren't fun guys...
1025003	That caps the mycanar problem.
1025004	Hunt vicious mycanars in the Boan Strand.
1025005	&quot;Anytime.&quot;
1025006	Report to Linilicia at Viper Camp.
1026001	A Makeup Test
1026002	This is a personal favor—you understand?
1026003	Let's just keep this between us.
1026004	Longtusk Hoof
1026005	Hunt down longtusk slashers in the Boan Strand and collect their hooves.
1026006	Deliver the hooves to Bethalle at Viper Camp.
1026007	&quot;Glad I could help.&quot;
1027001	It's Flotsam...or Is It Jetsam
1027002	We need those weapons before they rust!
1027003	Whew! They're in great shape. Thank you!
1027004	&quot;For the federation!&quot;
1027005	Retrieve the weapon crates from the Boan Strand.
1027006	Deliver the weapon crates to Edine.
1028001	Reach the Beach
1028002	Keep your head above water!
1028003	Sure, the jungle'll kill you in a hearbeat, but the view is amazing.
1028004	&quot;As ordered!&quot;
1028005	Report to Ecryl at the Beachhead.
1028006	&quot;Let's get to it!&quot;
1028007	Speak with Edine.
1029001	Scales of Justice
1029002	I wouldn't take on a naga battlemaster alone.
1029003	Is that a scale from a battlemaster?
1029004	Naga Scale
1029005	Go to the South Kerozen Isle and collect scales from naga battlemasters.
1029006	Deliver the scales to Ecryl at the Beachhead.
1029007	&quot;For Valkyon!&quot;
1030001	Claws and Effect
1030002	Those claws make fine tools!
1030003	If you get tired of soldiering, you've got a bright future as a hunter.
1030004	Arachnen Claws
1030005	Collect claws from arachnen warriors on Serpentis Isle.
1030006	Deliver the claws to Kishastana at the Beachhead.
1030007	&quot;Thank you.&quot;
1031001	Population Control
1031002	Kamaras are...frisky.
1031003	Not bad, not bad at all.
1031004	Eliminate the kamaras on Serpentis Isle.
1031005	&quot;For the federation!&quot;
1031006	Report to Allashane at the Beachhead.
1032001	Fur the Ladies
1032002	For the federation.
1032003	Good work, soldier.
1032004	Soft Boar's Mane
1032005	Hunt baykun warthogs around the Beachhead and collect their manes.
1032006	Deliver the manes to Tenro at the Beachhead.
1032007	&quot;For the federation.&quot;
1033001	Malagash Must Die
1033002	Take your closest friends. Nah, take your heaviest-armed friends!
1033003	They'll think twice about fighting without their warlord.
1033004	Find and slay the naga warlord Malagash.
1033005	&quot;For the federation!&quot;
1033006	Report to Ecryl at the Beachhead.
1034001	Bounding to the Overwatch
1034002	It's been great working with you.
1034003	Welcome to the jungle. We've got fun and games.
1034004	&quot;At your orders!&quot;
1034005	Report to Shadio at the Coastal Overwatch.
1035001	Feeling the Pinch
1035002	Naga clawmasters are formidable. Watch out for them!
1035003	You executed your orders perfectly!
1035004	Great Claw
1035005	Slay naga clawmasters in the Adderkin Jungle.
1035006	Report to Shadio at the Coastal Overwatch.
1035007	&quot;For the federation!&quot;
1036001	Their Only Weakness
1036002	Put those slayers down!
1036003	Fine work out there!
1036004	Armored Scales
1036005	Collect armored scales from naga slayers and subordinates in the Adderkin Jungle.
1036006	Deliver the scales to Libine at the Coastal Overwatch.
1036007	&quot;For the federation!&quot;
1037001	I'm a Lumberjack, and I'm Okay
1037002	Alchemists prize ghilliedhu roots.
1037003	Excellent! I'll ship these to Castanica!
1037004	Ghilliedhu Root
1037005	Collect ghilliedhu roots from thickbark ghilliedhus in the Adderkin Jungle.
1037006	Deliver the roots to Thurdan at the Coastal Overwatch.
1037007	&quot;For the federation!&quot;
1038001	Agile Prey
1038002	Ebon sabertooths make for excellent sport!
1038003	I guess this makes you the sabertooth's meow...
1038004	Hunt ebon sabertooths in the Adderkin Jungle.
1038005	&quot;Glad I could help!&quot;
1038006	Report to Westin at the Coastal Overwatch.
1039001	An Aefra by any Other Name
1039002	I'll use the aefras to bait a trap for the nagas.
1039003	Perfect!
1039004	&quot;Good hunting!&quot;
1039005	Gather aefras from red flowers in the Adderkin Jungle.
1039006	Deliver the aefras to Thurdan at the Coastal Overwatch.
1040001	Cold Hearted Snakes
1040002	Be cautious. Those leviathans will end you!
1040003	Well fought!
1040004	Essence of Blood
1040005	Collect essences of blood from the naga leviathans around Dagon's Tomb.
1040006	Deliver the essences of blood to Shadio at the Coastal Overwatch.
1040007	&quot;For Valkyon!&quot;
1041001	Seeing Things Through
1041002	Just think of the things I could use those crystals for!
1041003	Fine work! I'll put these to good use!
1041004	Vitae Crystals
1041005	Slay naga seeresses around Dagon's Tomb.
1041006	Report to Jedith at the Coastal Overwatch.
1041007	&quot;For the federation!&quot;
1042001	Snakes in a Tomb
1042002	I have had it with these Dagon-loving nagas in this Dagon-housing tomb!
1042003	Your victory'll send morale soaring!
1042004	Naga Scales
1042005	Kill naga bloodscales and wyrmlings in Dagon's Tomb.
1042006	Report to Libine at the Coastal Overwatch.
1042007	&quot;For the federation!&quot;
1043001	No Foe Too Big...
1043002	If we cut off the head, the nagas might flounder.
1043003	Midirix is dead? Excellent!
1043004	Hunt down and destroy Midirix.
1043005	&quot;For Valkyon!&quot;
1043006	Report to Shadio at the Coastal Overwatch.
1044001	Sundering the Fulcrum
1044002	Taking out Siraxatol will hurt the nagas—a lot!
1044003	Excellent. You're whittling them down!
1044004	Track down and slay Siraxatol.
1044005	&quot;For the federation!&quot;
1044006	Report to Libine at the Coastal Overwatch.
1045001	Nuggets of Joy
1045002	Oh, my head aches like the aftermath of a week in Castanica!
1045003	Oh, thank you so much!
1045004	&quot;It was a joy.&quot;
1045005	Gather iridescent nuggets from Dagon's Tomb.
1045006	Deliver the iridescent nuggets to Hapna at the Coastal Overwatch.
1046001	No One Gets Off the Island
1046002	I hate those mycanars.
1046003	Great job. Thank you.
1046004	Eliminate the agitated mycanars around the Adderkin Jungle.
1046005	&quot;For Valkyon!&quot;
1046006	Report to Colintz at the Coastal Overwatch.
1047001	In Memoriam
1047002	I want to do something to honor that soldier.
1047003	Rest in peace....
1047004	Scatter Ecryl's flower seeds around the grave of an unsung hero southwest of the Beachhead.
1047005	&quot;For the federation!&quot;
1047006	Report back to Ecryl at the Beachhead.
1070001	(Guild) Beasts at the Viper Strand
1070002	Heart of Beast
1070003	&quot;For the federation!&quot;
1070004	Eliminate the beasts at the Viper Strand and collect their hearts.
1070005	Get reward from the village reward coordinator.
1071001	(Guild) Butchery Starts with Skinning
1071002	Riders' Hearts
1071003	&quot;For the federation!&quot;
1071004	Eliminate the naga clawriders at the Viper Strand and collect their hearts.
1071005	Get reward from the village reward coordinator.
1072001	(Guild) Suppression Orders: Serpentis Isle Beasts
1072002	Proof of Kill: Serpentis Isle Beasts
1072003	&quot;For the federation!&quot;
1072004	Eliminate dangerous beasts on Serpentis Isle.
1072005	Report to the reward coordinator.
1073001	(Guild) Master the Battlemasters
1073002	Naga Battlemaster Scale
1073003	&quot;For the federation!&quot;
1073004	Eliminate the naga battlemasters on Serpentis Isle and collect their scales.
1073005	Report to the reward coordinator.
1074001	(Guild) Master the Clawmasters
1074002	Naga's Claws
1074003	&quot;For the federation!&quot;
1074004	Eliminate the naga clawmasters and pull their claws.
1074005	Report to the reward coordinator.
1075001	(Guild) Nagas In Decline
1075002	Blood Scales
1075003	&quot;For the federation!&quot;
1075004	Eliminate the nagas in Dagon's Tomb and collect their scales.
1075005	Report to the reward coordinator.
1076001	(Guild) Fall of the Naga
1076002	Proof of Kill: Dagon's Tomb Nagas
1076003	&quot;For the federation!&quot;
1076004	Eliminate the nagas guarding Dagon's Tomb.
1076005	Report to the reward coordinator.
1077001	(Guild) Challenging the Divine
1077002	Proof of Kill: Reaver
1077003	&quot;For the federation!&quot;
1077004	Defeat the divine reaver on Serpentis Isle.
1077005	Report to the reward coordinator.
1080001	(Vanarch) Toast of the Coast
1080002	Jungle Essence
1080003	&quot;For the federation!&quot;
1080004	Eliminate the beasts, spirits, and nagas in the Adderkin Jungle and collect jungle essence.
1080005	Get reward from the village reward coordinator.
1081001	(Vanarch) Challenging the Divine
1081002	Proof of Kill: Reaver
1081003	&quot;For the federation!&quot;
1081004	Defeat the divine reaver on Serpentis Isle.
1081005	Report to the reward coordinator.
1121001	Promises Made
1121002	Thank you.
1121003	Good luck.
1121004	Go to Jungle Patrol Camp.
1121005	Go to Flight Manager Kelling at the southern gate and ask if he has seen Govan.
1121006	&quot;They will pay!&quot;
1121007	Find Govan at the Jungle Patrol Camp southwest of the village.
1121008	&quot;I won't let you down.&quot;
1121009	Speak with Prefect Ilaria at the Jungle Patrol Camp.
1122001	The Pirates on the Shore
1122002	For the federation!
1122003	Victory for Valkyon!
1122004	Eliminate Red Lash freebooters near the Jungle Patrol Camp.
1122005	&quot;For the federation!&quot;
1122006	Report to Heksun at the Jungle Patrol Camp.
1123001	Useful Material
1123002	Watch your back, soldier!
1123003	Good work.
1123004	Kamara Skin
1123005	Collect skins from spiketail kamaras at the Jagged Coast near the Jungle Patrol Camp.
1123006	Bring the skins to Heksun at the Jungle Patrol Camp.
1123007	&quot;For the federation!&quot;
1124001	The Pirates' Orders
1124002	We need that intel.
1124003	I can't believe those guys can read, much less use a secret code.
1124004	Secret Order
1124005	Collect secret orders from the Red Lash crushers and Red Lash rovers on the Jagged Coast, southwest of the Jungle Patrol Camp.
1124006	Deliver the secret orders to Ilaria at the Jungle Patrol Camp.
1124007	&quot;For the federation!&quot;
1125001	Kellonis's Panacea
1125002	Your time is much appreciated, kind soldier.
1125003	Thanks to you, I can get to work.
1125004	&quot;Glad to be of service.&quot;
1125005	Gather pigweed petals from golden pigweed on the West Jagged Coast.
1125006	Deliver pigweed petals to Kellonis in the Jungle Patrol Camp.
1126001	To the Vanguard Bastion
1126002	Hope you like the water...heh.
1126003	Are you ready?
1126004	&quot;For the federation!&quot;
1126005	Enter the water at the Jagged Coast. Swim to the Vanguard Bastion situated between the southwest cliffs and meet Centurion Otus.
1127001	Hidden Treasure of the Pirates
1127002	Good decision. See you soon.
1127003	I said clear out!
1127004	Collect the silt.
1127005	Find the pirate's treasure chest hidden at the West Pier Boundary.
1127006	Collect the silt.
1127007	Find the pirate's treasure chest hidden at the South Pier Boundary.
1127008	&quot;For the federation!&quot;
1127009	Deliver the silt to Ellex at the Vanguard Bastion.
1128001	Retrieve the Explosives
1128002	Please hurry!
1128003	Weird.
1128004	High-Performance Explosive
1128005	Collect the high-performance explosives from the Red Lash pirates and diggers at the Pier Boundary.
1128006	Deliver the high-performance explosives to Centurion Otus at the Vanguard Bastion.
1128007	&quot;For the federation!&quot;
1129001	Glaring Eyes
1129002	For the federation!
1129003	Good job!
1129004	Sentinel Dagger
1129005	Collect daggers from the Red Lash sentinels at the Pier Boundary west of the Vanguard Bastion.
1129006	Deliver the scout daggers to Ketonlix at the Vanguard Bastion.
1129007	&quot;For the federation!&quot;
1130001	Underground Repository
1130002	For the federation!
1130003	Good talk.
1130004	&quot;For the federation!&quot;
1130005	Find Armantes in the northern Subterranean Tunnel.
1131001	I'm Logging This
1131002	Victory will be ours!
1131003	For the federation!
1131004	Logbook
1131005	Collect logbooks from the Red Lash veterans in the Underground Repository.
1131006	Deliver the logbooks to Armantes.
1131007	&quot;For the federation!&quot;
1132001	Eliminate the Berserkers
1132002	Watch your back.
1132003	Good job, soldier.
1132004	Eliminate the Red Lash berserkers in the Briny Outpost.
1132005	&quot;For the federation!&quot;
1132006	Report to Karlix.
1133001	The Right Tool for the Job
1133002	For the federation!
1133003	Victory for Valkyon!
1133004	Carpenter's Tool
1133005	Collect carpenter's tools from Red Lash injenirs working in the Hold.
1133006	Deliver the tools to Leina.
1133007	&quot;For the federation!&quot;
1134001	The Brutal Bosun
1134002	For Valkyon!
1134003	Good work, soldier.
1134004	Eliminate Belkarius in the Repositorium.
1134005	&quot;For the federation!&quot;
1134006	Report to Karlix.
1135001	Finders, Keepers
1135002	Be careful with the antiques. They're irreplaceable.
1135003	Such rare finds...
1135004	&quot;For the federation!&quot;
1135005	Find the plunder in the hold on the first level and collect the antiques inside.
1135006	Deliver the antiques to Leina.
1136001	Returning to the Ground
1136002	Hurry up!
1136003	Yes, let's hope.
1136004	&quot;Let's hope.&quot;
1136005	Deliver Armantes's message to Centurion Otus at the Vanguard Bastion.
1137001	Hard (to Find) Rock
1137002	Look sharp.
1137003	Good luck.
1137004	Use the southern stairs to the second floor and eliminate the Red Lash slayers at the entrance.
1137005	&quot;For the federation!&quot;
1137006	Report to Piarto near the planks.
1138001	The Priceless Diaries
1138002	For the federation!
1138003	Victory for Valkyon!
1138004	Bosun's Diary
1138005	Collect bosun's diaries from the Red Lash mates and drillers in the North Bosuns' Roost.
1138006	Deliver the diaries to Piarto on the planks.
1138007	&quot;For the federation!&quot;
1139001	The Scouts on Watch
1139002	For the federation!
1139003	Good work.
1139004	Eliminate the Red Lash sentinels in the goat locker.
1139005	&quot;For the federation!&quot;
1139006	Report to Piarto on the Planks.
1140001	To the Commander
1140002	Carry on.
1140003	Sorry I don't have more information.
1140004	&quot;For the federation!&quot;
1140005	Report to Ebosius at the Press Camp across the planks.
1141001	Repel All Boarders
1141002	Make them squeal!
1141003	Serves 'em right.
1141004	Eliminate the Red Lash boarders in the Freebooters' Roost.
1141005	&quot;For the federation!&quot;
1141006	Report to Mite at the Press Camp.
1142001	Shards of Madness
1142002	For the federation!
1142003	Great work, soldier.
1142004	Dementalith Fragment
1142005	Collect dementalith fragments from the Red Lash bosuns, deckhands, raiders, and grunts in the Freebooters' Roost.
1142006	Deliver the fragments to Ebosius at the Press Camp.
1142007	&quot;For the federation!&quot;
1143001	Class Rings
1143002	Victory for Valkyon!
1143003	Thank you.
1143004	Senior Crew Ring
1143005	Collect senior crew rings from Red Lash reapers near the Press Camp.
1143006	Deliver the senior crew rings to Ghadir at the Press Camp.
1143007	&quot;For the federation!&quot;
1144001	The Dread Pirate Orless
1144002	Take him down!
1144003	Good job!
1144004	Coded Map
1144005	Use the northern stairs at the Press Camp to move downstairs, then kill Orless in the Pirate Captain's Cabin.
1144006	Deliver the coded map to Ebosius at the Press Camp.
1144007	&quot;I will.&quot;
1144008	Ebosius
1144009	Coded Map
1144010	Deliver the coded map to Ilaria at the Jungle Patrol Camp.
1144011	&quot;For the federation!&quot;
1145001	Eliminate the Escorts
1145002	Take care of it!
1145003	Nice work!
1145004	Seadog Tag
1145005	Use the northern stairs to move downstairs. Collect seadog tags from the Red Lash overseers, petty officers, and buccaneers near the Pirate Captain's Cabin.
1145006	Deliver the seadog tags to Ebosius at the Press Camp.
1145007	&quot;For the federation!&quot;
1170001	(Guild) Suppression Orders: Jagged Coast
1170002	Proof of Kills: Jagged Coast
1170003	&quot;For the federation!&quot;
1170004	Eliminate the Red Lash pirates and kamaras on the Jagged Coast.
1170005	See the nearest guild quest reward coordinator for your reward.
1171001	(Guild) Suppression Orders: Red Lash Pirate Combatants
1171002	Proof of Kill: Combatants
1171003	&quot;For the federation!&quot;
1171004	Eliminate the Red Lash pirates in the Pier Boundary and Underground Repository.
1171005	See the nearest guild quest reward coordinator for your reward.
1221001	Secret Directive
1221002	For the federation!
1221003	Now, we're in business.
1221004	Ignore the directive and go to Dirken.
1221005	See Dirken's left-hand man, Zaira, at the dock southeast of Cutthroat Harbor.
1221006	&quot;I'm looking for work.&quot;
1221007	Speak with Dirken at the dock southeast of Cutthroat Harbor.
1222001	Dirken's Test: Recover the Lost Articles
1222002	Get moving!
1222003	Ah, whatever.
1222004	&quot;For the federation!&quot;
1222005	Go to Cutthroat Beach, east of Cutthroat Harbor, and pick up the lost crates.
1222006	Go to Sidara.
1224001	Dirken's Directive: Annoying Pirates
1224002	See if they ever challenge me again! Get it? Nevermind, get outta here!
1224003	That's the kind of message I like to send.
1224004	Pirate's Eye
1224005	Defeat the Red Lash enforcers along Cutthroat Beach and collect their eyes.
1224006	Deliver the eyes to Sidara.
1224007	&quot;Glad I could help.&quot;
1225001	Shell Games
1225002	We'll see what you're made of.
1225003	Not bad. Not bad at all.
1225004	Hunt bay kamaras and arachnens on Cutthroat Beach.
1225005	&quot;Glad to be of service.&quot;
1225006	Go to Sidara.
1226001	Mother's Tears
1226002	Please...find my boys.
1226003	Crazy kids.
1226004	&quot;Thanks.&quot;
1226005	Ask Kasib about the brothers.
1226006	&quot;Will do.&quot;
1226007	Meet Munam at Vindicator Basecamp, southeast of Cutthroat Harbor.
1228001	Joining the Varsity Team
1228002	Tell me, am I still ridiculously handsome? Nevermind, silly question. As you were.
1228003	For the federation!
1228004	&quot;For the federation!&quot;
1228005	Report to Prefect Munam at the Vindicator Basecamp.
1229001	The Untrustworthy
1229002	Don't just stand there—get to work!
1229003	Nice work.
1229004	Pirate's Weapon
1229005	Collect weapons from Red Lash killers near the northern Desolate Coast.
1229006	Return to Kelius at the Vindicator Basecamp.
1229007	&quot;For the federation!&quot;
1230001	Expensive Can Also Mean Costly
1230002	Show the gulas how merciless Dirken can be!
1230003	Good work!
1230004	Kill gula brawlers along the Desolate Coast.
1230005	&quot;For the federation!&quot;
1230006	Report to Kelius at the Vindicator Basecamp.
1231001	Contraband Traffic
1231002	Mum's the word.
1231003	Good job.
1231004	&quot;Got a present for you.&quot;
1231005	Take the expedition's supplies.
1231006	Find Two-Tooth near the Shrouded Route west of the camp.
1231007	&quot;For the federation!&quot;
1231008	Speak with Kelius at the Vindicator Basecamp.
1233001	Scouring the Desolate Coast
1233002	Enough is enough!
1233003	Thank you.
1233004	Eliminate the Red Lash butchers and island kamaras on the southern Desolate Coast.
1233005	&quot;For the federation!&quot;
1233006	Return to Tursi at the Vindicator Basecamp.
1235001	Mission to Mistmoor
1235002	Be careful.
1235003	Oh yeah, good times.
1235004	&quot;For the federation!&quot;
1235005	Go to Centurion Taniel at the Vindicator Outpost.
1236001	Wounded Zebulon
1236002	Please hurry!
1236003	The boy will thank you.
1236004	&quot;It was my pleasure.&quot;
1236005	Collect hazevine flowers that grow around Vindicator Outpost and past the barricade to the west.
1236006	Return to Mukai at the Vindicator Outpost.
1237001	Executing Orders
1237002	It's time to serve justice!
1237003	Victory for Valkyon!
1237004	Proof of Kill: Gula Slavemasters
1237005	Defeat gula slavemasters near the Grim Coast and collect their tokens.
1237006	Deliver the tokens to Taniel at the Vindicator Outpost.
1237007	&quot;For the federation!&quot;
1238001	Scouting the Rain Cages
1238002	Make them pay!
1238003	Well done!
1238004	Eliminate the Red Lash cleavers on the road to the Rain Cages.
1238005	&quot;For the federation!&quot;
1238006	Report to Masrin at the Vindicator Outpost.
1239001	Stolen Weapons
1239002	Victory for Valkyon!
1239003	For the federation!
1239004	&quot;Happy to help.&quot;
1239005	Retrieve stolen weapon chests from Sandbar Beach.
1239006	Return to Azkarius at the Vindicator Outpost.
1240001	Wrecks on the Beach
1240002	Knock 'em dead!
1240003	You'd make a great wrecking crew!
1240004	Eliminate the gula traffickers in the woods between Vindicator Outpost and Sandbar Beach.
1240005	&quot;For the federation!&quot;
1240006	Return to Azkarius at the Vindicator Outpost.
1241001	Dances with Crabs
1241002	Time to weaken their resolve.
1241003	Many thanks, soldier!
1241004	Eliminate the Red Lash clawriders at Sandbar Beach.
1241005	&quot;For the federation!&quot;
1241006	Meet Taniel at the Vindicator Outpost.
1242001	Please Save My Brother
1242002	Please, please save my brother!
1242003	A job well done, soldier.
1242004	&quot;I'll find the key.&quot;
1242005	Rescue Zebedah from the Rain Cages located beyond the barricaded hill southwest of Vindicator Basecamp.
1242006	Shackle Key
1242007	Retrieve the keys from the slave watchers around the Rain Cages.
1242008	Bring the key to Zebedah.
1242009	&quot;You're free now.&quot;
1242010	&quot;They're safe now.&quot;
1242011	Go to the port in Cutthroat Harbor and tell Wynne about the brothers.
1242012	&quot;For the federation!&quot;
1242013	Report to Arkaius, Kaia's Sword Commander.
1243001	It Can't Rain Everyday
1243002	The Red Lash marauders run the Rain Cages...but not for long!
1243003	Victory for Valkyon!
1243004	Eliminate the Red Lash marauders in the Rain Cages.
1243005	&quot;For the federation!&quot;
1243006	Report to Masrin at the Vindicator Outpost.
1270001	(Guild) Suppression Orders: Sunken Yards
1270002	Proof of Kills: Cutthroat Beach
1270003	&quot;For the federation!&quot;
1270004	Eliminate the Pirates and the monsters on Cutthroat Beach northeast of Cutthroat Harbor.
1270005	Report to the reward coordinator.
1271001	(Guild) Suppression Orders: Mistmoor Island North
1271002	Proof of Kills: Mistmoor Island North
1271003	&quot;For the federation!&quot;
1271004	Eliminate the slavers and pirates in the northern region of Mistmoor Island.
1271005	Report to the village coordinator.
1272001	(Guild) Suppression Orders: Grim Coast
1272002	Proof of Kills: Grim Coast
1272003	&quot;For the federation!&quot;
1272004	Hunt Red Lash clawriders on the Grim Coast. Kill gula traffickers if they interfere.
1272005	Report to the village coordinator.
1273001	(Guild) Suppression Orders: Abraxis
1273002	Proof of Kill: Abraxis
1273003	&quot;For the federation!&quot;
1273004	Defeat Abraxis on Mistmoor Island.
1273005	Report to the reward coordinator.
1282001	Suppression Orders: Abraxis
1282002	Proof of Kill: Abraxis
1282003	&quot;For the federation!&quot;
1282004	Defeat Abraxis on Mistmoor Island.
1282005	Report to the reward coordinator.
1301001	Dawn's Twilight
1301002	So many lives lost to claim so little ground.
1301003	This place has made me so cynical.
1301004	&quot;Just tell me what to do.&quot;
1301005	Report to Legate Lam.
1302001	Another Fine Mess
1302002	You'll find Barsabba down the path behind me.
1302003	No idle hands in this aman's army. Keep moving!
1302004	&quot;For the federation!&quot;
1302005	Check in with Centurion Barsabba.
1303001	The Secret Life of Trees
1303002	Vekas is a powerful creature—and cunning. Be careful!
1303003	Jorhon, could you show the newcomer around the base?
1303004	Time to chop Vekas down to size...
1303005	&quot;Understood.&quot;
1303006	Tim-BERRR! Time to make Nivek's day...
1303007	&quot;Understood&quot;
1303008	Follow the road leading up to the Northern Overwatch and meet Neziir
1303009	&quot;For the federation!&quot;
1303010	Deliver the commanders' reports to Adria.
1304001	Making the Rounds
1304002	Check in with the commanders of each encampment, and then report to Tribune Adria.
1304003	Exploring the island by yourself? Impressive!
1304004	&quot;I can do that.&quot;
1304005	Check in with Kishale at the Northern Checkpoint.
1304006	Ghilliedhu Claws
1304007	Kill ghilliedhus and obtain ghilliedhu claws.
1304008	Check in with Dulari at Dulari's Camp.
1304009	&quot;Understood.&quot;
1305001	A Clue in the Dark
1305002	Good work.
1305003	&quot;Understood.&quot;
1305004	Listen to what Leander has to say.
1305005	&quot;Understood.&quot;
1305006	Talk to {@linkcreature:64#1028$$Taras}.
1305007	Kill horned ghilliedhus west of the Tower Base.
1305008	&quot;Thanks for your help.&quot;
1305009	Speak to Tanli.
1305010	Kill the sporewalkers and head back to Leander.
1305011	Report to Leander.
1305012	Leander
1305013	Report to Leander at the Tower Base.
1305014	&quot;On my way.&quot;
1305015	&quot;I'll do my best.&quot;
1305016	Speak to Councilor Teil.
1306001	Traces of Darkness
1306002	The stubbornness of some is beyond imagining!
1306003	What does this all mean?
1306004	
1306005	Magical Power Gauge
1306006	Take gauges to Eria.
1306007	&quot;See you there!&quot;
1306008	&quot;I like that plan.&quot;
1306009	Speak to Leander.
1306010	Shrine of Yurian
1306011	Found Shrine of Yurian.
1306012	Look for Leander at the Shrine of Yurian on the small hill south of the outpost.
1306013	&quot;As soon as I can.&quot;
1306014	See what Leander has to say.
1306015	
1306016	A Blade to Remember
1306017	Return to Eria with the sword.
1306018	&quot;For the federation!&quot;
1307001	Live by the Sword
1307002	Kirash watches from the western edge of the encampment.
1307003	What are we not seeing?
1307004	&quot;Yes, sir!&quot;
1307005	Check in with Kirash somewhere south of Leander's Outpost.
1307006	Clue to Orcan Plans
1307007	Kill a dark marauder and look for clues.
1307008	Deliver the document to Kirash.
1307009	&quot;Right away!&quot;
1307010	&quot;For the federation!&quot;
1307011	Report to Leander at the outpost.
1308001	Essence of Foreboding
1308002	What could affect both a sword and a spirit?
1308003	Spirits are only a symptom of a larger problem here.
1308004	Core Essence
1308005	Obtain core essences from the ponderous sporewalkers.
1308006	Bring the essences to Eria.
1308007	&quot;I understand.&quot;
1308008	&quot;For the federation!&quot;
1308009	Speak to Leander.
1309001	Acharak Attacks
1309002	Acharak is cunning. Don't let your guard down!
1309003	You have done a great service for us all.
1309004	You don't frighten me!
1309005	My minions will avenge me!
1309006	Clear out Acharak and his minions from the Tainted Gorge Garrison.
1309007	Acharak
1309008	Black Feather
1309009	Take the black feather to Edan by the northern bridge.
1309010	&quot;For the federation!&quot;
1310001	A Clue in the Dark
1310002	Adria will be waiting for Jehan's report.
1310003	&quot;Thanks. I appreciate it.&quot;
1310004	Get the report from Jehan.
1310005	Jehan
1310006	Expedition Report
1310007	Take the report to Adria as fast as possible.
1310008	&quot;On my way.&quot;
1310009	&quot;For the federation!&quot;
1310010	Speak to Councilor Teil.
1311001	Redeployment
1311002	The mission starts.
1311003	&quot;I'll do that.&quot;
1311004	Talk to Bipi.
1311005	Thin the orcan ranks.
1311006	&quot;Stay safe!&quot;
1311007	Collect supply crates.
1311008	Talk to Chione.
1312001	The Dark Patrol
1312002	Don't let the cromoses block the bridge!
1312003	Thank the gods you made it through!
1312004	Fight off prowling cromoses in the area.
1312005	&quot;For the federation!&quot;
1312006	Find Sersine at the Tainted Gorge Outpost.
1313001	Into the Gorge
1313002	Dangerous creatures are swarming just across the bridge!
1313003	It is good to know Edan is safe.
1313004	Fight off prowling cromoses in the area near the Tainted Gorge Bridge.
1313005	Tainted Gorge Bridge
1313006	There she is!
1313007	Be on the lookout for Phaedra in the Tainted Gorge.
1313008	&quot;I will.&quot;
1313009	Speak to Phaedra.
1313010	Swarming Demons
1313011	Kill devoted ebon imps and dark raiders infesting the Tainted Gorge.
1313012	&quot;For the federation!&quot;
1313013	Retrieve expedition amulets from fallen soldiers.
1313014	Take the amulets to Sersine at the Tainted Gorge Outpost.
1315001	Putting the Pieces Together
1315002	Kill Kugai the Mighty and search his corpse for clues.
1315003	Kugai the Mighty
1315004	Strange Scroll
1315005	Take the strange scroll back to Sersine.
1315006	&quot;You can count on me!&quot;
1316001	Dark Revelations
1316002	If we fail, the world will die with us.
1316003	You've given the families of those lost on this island a great gift—the gift of solace.
1316004	Karascha's Minions
1316005	Kill runekeepers and destroyers on your way to the shrine.
1316006	Entrance to Karascha's Lair
1316007	Found the Entrance to Karascha's Lair.
1316008	Find the {@linkcreature:213#1015$$Entrance to Karascha's Lair} in the northwest of the Tainted Gorge Outpost.
1316009	Karascha's Lair
1316010	This is it! Karascha's Lair.
1316011	Use the {@linkcreature:213#1015$$Teleportal} to enter Karascha's Lair.
1316012	Defeat Karascha.
1316013	Karascha
1316014	The Final Report
1316015	Karascha dropped a scroll. Use the {@linkcreature:436#1501#exit teleportal} to leave Karascha's Lair and bring it to Sersine.
1316016	&quot;What? Where?&quot;
1316017	Sersine
1316018	The Final Report
1316019	Speak with Leander.
1316020	&quot;I'll meet you there.&quot;
1316021	Leander
1316022	The Final Report
1316023	Use the Tower Base teleport scroll to return to the Tower Base and speak with Adria.
1316024	&quot;I understand.&quot;
1317001	Ride Off into the Sunset
1317002	You've done all you can here. It's time to move on.
1317003	Welcome to the city of Velika!
1317004	&quot;I understand.&quot;
1317005	Speak to Councilor Teil.
1317006	&quot;Leiyane. Got it.&quot;
1317007	Speak to Taleb.
1317008	&quot;Thanks.&quot;
1317009	Speak to Flight Manager Leiyane.
1317010	&quot;I did my duty. Nothing more.&quot;
1317011	Take the pegasus to Velika, then speak with Legate Troius.
1318001	Hunting the Beasts
1318002	Watch out for the noruk's charge attack. It's deadly!
1318003	Hey, not bad for a keener.
1318004	Noruk Hide
1318005	Hunt the noruks and collect their hides.
1318006	Meet Neziir at the Northern Overwatch.
1318007	&quot;You're welcome.&quot;
1319001	Dwellers of the Island
1319002	There are terrons in the trees. Follow the annoying laughter and squeals...
1319003	Thank you for your help.
1319004	Terronite
1319005	Collect terronite from the terrons.
1319006	Deliver the terronite to Clovis.
1319007	&quot;Glad I could help!&quot;
1321001	A Bridge Pretty Near
1321002	Kishale is easy to find. Walk down this path until you see an elf under a red tent.
1321003	You! Keener! Don't walk past without checking in with me!
1321004	&quot;For the federation!&quot;
1321005	Report to Centurion Kishale at the Northern Checkpoint.
1322001	Unrest in the Forest
1322002	It's dangerous to go alone...
1322003	Well done!
1322004	Trim back the ghilliedhus.
1322005	&quot;For the federation!&quot;
1322006	That should be enough for Kishale.
1323001	Getting Some Answers
1323002	Ghilliedhus turn red when enraged. Be careful!
1323003	Good samples!
1323004	Ghilliedhu Claws
1323005	Hunt ghilliedhus and collect ghilliedhu claws.
1323006	Take the claws to Dulari at his camp.
1323007	&quot;For the federation!&quot;
1324001	Essence and Sensibility
1324002	This is the last thing I'll ask of you. Take out those trees!
1324003	How interesting...
1324004	Heartwood Essence
1324005	Obtain heartwood essence from elder or hardened ghilliedhus.
1324006	Return to Dulari.
1324007	&quot;For the federation.&quot;
1325001	The Perfect Cut
1325002	Mark creatures on your map by clicking their names in the quest log.
1325003	That's exactly the kind of thing you need to be working on. Good job!
1325004	Clean Kill
1325005	Practice fighting large groups—against piglings.
1325006	Return to Leolin for his assessment.
1325007	&quot;For the federation!&quot;
1326001	Mana out of Mudmen
1326002	Mark creatures on your map by clicking their names in the quest log.
1326003	Your assistance is appreciated.
1326004	Mana Crystal
1326005	Collect mana crystals from the sporewalkers around the Tower Base.
1326006	Deliver the crystals to Jirash.
1326007	&quot;For the federation!&quot;
1327001	Garrison in Distress
1327002	Run, popo, run!
1327003	How far you've come!
1327004	&quot;I'll get moving.&quot;
1327005	Speak to Ramun.
1327006	&quot;I'll get what you need.&quot;
1327007	Speak to Centurion Neziir.
1327008	Serum Samples
1327009	Collect serum samples from sickly noruks.
1327010	Take the serum samples to Prefect Ashak at the Northern Overwatch.
1327011	&quot;For the federation!&quot;
1328001	Academic Theft
1328002	Mark creatures on your map by clicking their names in the quest log.
1328003	Good job!
1328004	Stolen Equipment
1328005	Take back stolen equipment from {@linkcreature:13#301194#stonebeaks} northeast of the Tower Base.
1328006	Take the equipment to Jairus, last seen wandering around the Tower Base.
1328007	&quot;For the federation!&quot;
1329001	Going Above and Beyond
1329002	Look around, and you'll find plenty that still needs doing.
1329003	&quot;Y-yes?&quot;
1329004	Find and speak with Kiriya.
1329005	Throw your bombs (from your inventory or your skill bar) at the dummies.
1329006	&quot;GOT IT!&quot;
1329007	Talk to Kiriya.
1330001	Horned Horrors
1330002	They say these hit a little harder, but I haven't noticed...
1330003	Well done, rookie!
1330004	Kill horned ghilliedhus west of the Tower Base.
1330005	&quot;For the federation!&quot;
1330006	Check in with Taras.
1331001	Climbing through the Ranks
1331002	The road leads in all directions, but your path is to the east.
1331003	You are doing better than I expected.
1331004	&quot;You can count on me.&quot;
1331005	Speak with Gyebrik.
1331006	Obelisk Shard
1331007	Retrieve obelisk shards from the {@linkcreature:13#301194#stonebeaks} at the northeastern part of the Tower Base.
1331008	Got all of the shards. Now, inspect the obelisk and repair it.
1331009	Finish the repairs.
1331010	Mathar Spire
1331011	Found Mathar Spire!
1331012	Climb up the vines to reach the Mathar Spire.
1331013	Gather the Skyreach Flower.
1331014	&quot;Thank you.&quot;
1331015	Use the flower's or potion's effect to jump off the cliff safely. Then report to Jorhon.
1332001	They'll Eat Anything
1332002	Shaggy noruks tend to roam to the south.
1332003	Kamarnu is not one to shirk responsibility. But the gauges are returned—no complaints.
1332004	Power Gauge
1332005	Recover power gauges from the shaggy noruks around the Southern Checkpoint.
1332006	Take the gauges to Jehan at Leander's Outpost.
1332007	&quot;For the federation!&quot;
1333001	Twice the Bark, Twice the Bite
1333002	The cromos does not display pack tactics. Why is that?
1333003	The analysis is nearly complete.
1333004	Power Gauge
1333005	Recover power gauges from cromoses near Leander's Outpost.
1333006	Take the gauges to Jehan.
1333007	&quot;Just doing my part.&quot;
1334001	Investigating the Relics &lt;Repeatable&gt;
1334002	Please collect relic fragments scattered about the ruins.
1334003	These inscribed fragments have something to do with the titans themselves!
1334004	&quot;For the federation!&quot;
1334005	Collect the inscribed fragments scattered around the ruins.
1334006	Take the fragments to Eria.
1335001	One of Our Couriers Is Missing
1335002	Kerson looked anxious about something.
1335003	Your assistance is appreciated.
1335004	&quot;I'll find her.&quot;
1335005	Speak to Kerson.
1335006	&quot;For the federation!&quot;
1335007	Look for Chione along the flight route to the Tainted Gorge.
1336001	Chione's Missing Cargo
1336002	We need those supply crates as quickly as possible!
1336003	If fate is kind, nothing's damaged.
1336004	&quot;For the federation!&quot;
1336005	Retrieve the supply crates.
1336006	Take what you've gathered to Chione.
1337001	The Last One
1337002	We should take back our supplies!
1337003	You have saved so much more than you know...
1337004	Supplies
1337005	Fight through orcans and take back our supplies.
1337006	Take the supplies back to Chione.
1337007	&quot;For the federation!&quot;
1338001	Chione's Report
1338002	Edan waits for word at the next camp.
1338003	This is welcome news indeed!
1338004	&quot;For the federation!&quot;
1338005	Return to Centurion Edan on the bridge north of the gorge.
1339001	Sersine, She Seeks Shackles
1339002	The demons are using shackles to control the terrons.
1339003	Everything here...so corrupt.
1339004	Inscribed Shackle
1339005	Kill the kariagons and end their domination of terron thralls.
1339006	Surrender the shackles to Sersine.
1339007	&quot;For the federation!&quot;
1340001	Painful Disc-overies
1340002	Disc reapers are aggressive. Be careful!
1340003	Well done!
1340004	Hunt disc reapers around the Tainted Gorge Outpost.
1340005	&quot;For the federation!&quot;
1340006	Report to Perrin.
1341001	Bequest of the Dead &lt;Repeatable&gt;
1341002	Peace be upon you, soldier.
1341003	Be careful. I hope I never have to send someone out for you.
1341004	&quot;For the federation!&quot;
1341005	Retrieve expedition amulets from fallen soldiers throughout the Tainted Gorge...before it's too late!
1341006	Take the amulets back to Fili.
1343001	Answers Lead to More Questions
1343002	Only Leander has the knowledge to unravel this mystery.
1343003	It's nearly time for you to know the truth...
1343004	Sersine
1343005	Kugai's Codex
1343006	Gregor guards a shorter path to Leander's camp.
1343007	&quot;Thank you.&quot;
1343008	Sersine
1343009	Kugai's Codex
1343010	Deliver the codex to Leander.
1343011	&quot;Karascha will pay! I guarantee it.&quot;
1343012	Leander
1343013	Leander's Translation
1343014	Take the translation to Sersine. The fastest way is to use a teleport scroll and the teleport master at the Tower Base.
1343015	&quot;Then die he will!&quot;
1344001	Destroy All Destroyers
1344002	This mission is not going to be easy.
1344003	Now you are one of us.
1344004	I won't let you down.
1344005	Speak to Gregor.
1344006	Kill as many destroyers as you can.
1344007	Report to Perrin.
1344008	Speak to Gregor.
1344009	&quot;For the federation!&quot;
1344010	Speak to Perrin.
1345001	Desperately Seeking Sorcha
1345002	Sorcha is talented, but impulsive. She's...never mind. Please find her before something happens.
1345003	You have to help Sorcha!
1345004	&quot;You can count on me.&quot;
1345005	Check in with Gurney.
1345006	&quot;For the federation!&quot;
1345007	Go to Teleport Master Hermaiorni at the Tower Base.
1346001	Sorcha's Reckless Challenge
1346002	Work together to beat this challenge!
1346003	I'm just glad she's safe—this time.
1346004	Ah... That was close!
1346005	Take the teleportal to the Tainted Gorge Bridge, activate the magical device, and protect Sorcha for 7 minutes.
1346006	&quot;You're welcome.&quot;
1346007	You've done it! Speak with Sorcha.
1346008	&quot;For the federation!&quot;
1346009	Use the teleportal to return to the Tower Base and report to Jorhon.
1347001	It Was a Rock...Crawler
1347002	Rocks with arms and mouths. You can't miss them.
1347003	I'll take care of the rest, thanks.
1347004	Relic Fragment
1347005	Destroy rockcrawlers and recover relic fragments.
1347006	Take the fragments to Lorin.
1347007	&quot;For the federation!&quot;
1348001	Ferocious Flowering Felons
1348002	Terrons attack en masse. Be careful!
1348003	One less thing to worry about.
1348004	Terron Petal
1348005	Collect petals from terrons near the Southern Checkpoint.
1348006	Take the petals to Tanli.
1348007	&quot;For the federation.&quot;
1349001	Gotta Kill 'Em All
1349002	Try not to die. Filling out reports is...unpleasant.
1349003	Impressive. Most impressive.
1349004	Kill orcan raiders and dwarf orcans.
1349005	&quot;For the federation!&quot;
1349006	Check in with Ayrdoss.
1350001	Strange Attractors
1350002	There must be some connection between them.
1350003	This is not good in any way...
1350004	Suspicious Object
1350005	Collect evidence from kariagons, disc reapers, and terron thralls in the eastern part of the gorge.
1350006	Report to Sersine with what you've found.
1350007	&quot;For the federation!&quot;
1351001	Supply and Demand
1351002	You should get to know the people at the base.
1351003	Why don't you learn gathering in the meantime?
1351004	&quot;I'll keep that in mind.&quot;
1351005	Find and speak with Rutgar.
1351006	&quot;Not yet.&quot;
1351007	Talk to Gurney.
1351008	&quot;For the federation!&quot;
1351009	Talk to Lilni.
1352001	Supply and Demand
1352002	You should get to know the people at the base.
1352003	Why don't you learn gathering in the meantime?
1352004	&quot;I'll keep that in mind.&quot;
1352005	Find and speak with Rutgar.
1352006	&quot;I don't know.&quot;
1352007	Talk to Charise.
1352008	&quot;For the federation!&quot;
1352009	Talk to Lilni.
1371001	Warrior Training
1371002	Time to learn new skills!
1371003	Impressive. Could I ask you to do something even harder?
1371004	Learn new skills.
1371005	Receive information on how to learn combat skills from Junia at Dulari's Camp.
1371006	Learn Rain of Blows from the Instructor or the Skills menu (K key).
1371007	You have learned 'Rain of Blows'!
1371008	&quot;Understood.&quot;
1371009	Report to Junia.
1371010	&quot;Understood.&quot;
1371011	Speak with Dulari again.
1371012	Noruk Hide
1371013	Hunt the noruks and collect their hides.
1371014	Go and visit Nivek.
1371015	&quot;Understood.&quot;
1372001	Lancer Training
1372002	Time to learn new skills!
1372003	Impressive. Could I ask you to do something even harder?
1372004	Learn new skills.
1372005	Receive information on how to learn combat skills from Junia at Dulari's Camp.
1372006	Learn Shield Barrage from the Instructor or the Skills menu (K key).
1372007	You have learned Shield Barrage!
1372008	&quot;Understood.&quot;
1372009	Report to Junia.
1372010	&quot;Understood.&quot;
1372011	Speak with Dulari again.
1372012	Noruk Hide
1372013	Hunt the noruks and collect their hides.
1372014	Go and visit Nivek.
1372015	&quot;Understood.&quot;
1373001	Slayer Training
1373002	Time to learn new skills!
1373003	Impressive. Could I ask you to do something even harder?
1373004	Learn new skills.
1373005	Receive information on how to learn combat skills from Junia at Dulari's Camp.
1373006	Learn Whirlwind from the Instructor or the Skills menu (K key).
1373007	You have learned Whirlwind!
1373008	&quot;Understood.&quot;
1373009	Report to Junia.
1373010	&quot;Understood.&quot;
1373011	Speak with Dulari again.
1373012	Noruk Hide
1373013	Hunt the noruks and collect their hides.
1373014	Go and visit Nivek.
1373015	&quot;Understood.&quot;
1374001	Berserker Training
1374002	Time to learn new skills!
1374003	Impressive. Could I ask you to do something even harder?
1374004	Learn new skills.
1374005	Receive information on how to learn combat skills from Junia at Dulari's Camp.
1374006	Learn Cyclone from the Instructor or the Skills menu (K key)..
1374007	You have learned 'Cyclone'!
1374008	&quot;Understood.&quot;
1374009	Report to Junia.
1374010	&quot;Understood.&quot;
1374011	Speak with Dulari again.
1374012	Noruk Hide
1374013	Hunt the noruks and collect their hides.
1374014	Go and visit Nivek.
1374015	&quot;Understood.&quot;
1375001	Archer Training
1375002	Time to learn new skills!
1375003	Impressive. Could I ask you to do something even harder?
1375004	Learn new skills.
1375005	Receive information on how to learn combat skills from Junia at Dulari's Camp.
1375006	Learn Arrow Volley from the Instructor or the Skills menu (K key)..
1375007	You have learned Arrow Volley!
1375008	&quot;Understood.&quot;
1375009	Report to Junia.
1375010	&quot;Understood.&quot;
1375011	Speak with Dulari again.
1375012	Noruk Hide
1375013	Hunt the noruks and collect their hides.
1375014	Go and visit Nivek.
1375015	&quot;Understood.&quot;
1376001	Sorcerer Training
1376002	Time to learn new skills!
1376003	Impressive. Could I ask you to do something even harder?
1376004	Learn new skills.
1376005	Receive information on how to learn magic spells from Volis at Dulari's Camp.
1376006	Learn Backstep from the Instructor or the Skills menu (K key)..
1376007	You have learned Backstep!
1376008	&quot;Understood.&quot;
1376009	Speak with Volis again.
1376010	&quot;Understood.&quot;
1376011	Speak with Dulari again.
1376012	Noruk Hide
1376013	Hunt the noruks and collect their hides.
1376014	Go and visit Nivek.
1376015	&quot;Understood.&quot;
1377001	Priest Training
1377002	Time to learn new skills!
1377003	Impressive. Could I ask you to do something even harder?
1377004	Learn new skills.
1377005	Receive information on how to learn magic spells from Volis at Dulari's Camp.
1377006	Learn Metamorphic Blast from the Instructor or the Skills menu (K key).
1377007	You have learned Metamorphic Blast!
1377008	&quot;Understood.&quot;
1377009	Speak with Volis again.
1377010	&quot;Understood.&quot;
1377011	Speak with Dulari again.
1377012	Noruk Hide
1377013	Hunt the noruks and collect their hides.
1377014	Go and visit Nivek.
1377015	&quot;Understood.&quot;
1378001	Mystic Training
1378002	Time to learn new skills!
1378003	Impressive. Could I ask you to do something even harder?
1378004	Learn new skills.
1378005	Receive information on how to learn magic spells from Volis at Dulari's Camp.
1378006	Learn Metamorphic Blast from the Instructor or the Skills menu (K key).
1378007	You have learned Metamorphic Blast!
1378008	&quot;Understood.&quot;
1378009	Speak with Volis again.
1378010	&quot;Understood.&quot;
1378011	Speak with Dulari again.
1378012	Noruk Hide
1378013	Hunt the noruks and collect their hides.
1378014	Go and visit Nivek.
1378015	&quot;Understood.&quot;
1379001	Gunner Training
1379002	Time to learn new skills!
1379003	Impressive. Could I ask you to do something even harder?
1379004	Learn new skills.
1379005	Talk to Junia at Dulari's Camp about learning new skills.
1379006	Learn Scattershot I from the instructor or the Skills menu (K key).
1379007	You learned Scattershot I!
1379008	&quot;Understood.&quot;
1379009	Report to Junia.
1379010	&quot;Understood.&quot;
1379011	Speak with Dulari again.
1379012	Noruk Hide
1379013	Hunt the noruks and collect their hides.
1379014	Go and visit Nivek.
1379015	&quot;Understood.&quot;
1382001	Gathering Your Strength
1382002	Remember, weakness is reversible. Death is not.
1382003	&quot;On my way!&quot;
1382004	Speak with Gurney, the tactics Instructor at the Tower Base.
1382005	&quot;Understood.&quot;
1382006	Speak with Lilni.
1382007	&quot;Thank you.&quot;
1382008	Press [F] to collect ore from a Mock Rock near Lilni.
1382009	Check back with Lilni for other tips on gathering.
1383001	Gathering Your Strength
1383002	Remember, weakness is reversible. Death is not.
1383003	&quot;Consider it done.&quot;
1383004	Speak with Charise, the Magic Instructor at the center of the Tower Base.
1383005	&quot;Understood.&quot;
1383006	Check back with Lilni for other tips on gathering.
1383007	&quot;Thank you.&quot;
1383008	Press [F] to collect ore from a rock near Lilni.
1383009	Check back with Lilni for other tips on gathering.
1384001	Getting to Know the Garrison
1384002	It's good to get to know the people around here.
1384003	Go to Milene.
1384004	Find and speak with Rutgar.
1384005	&quot;Understood.&quot;
1384006	Learn about campfires and Stamina from Milene.
1384007	Set up a campfire and recharge until your Stamina reaches 120%.
1384008	Your Stamina has been fully restored!
1384009	I will.
1384010	Learn about campfires and Stamina from Milene.
1384011	Use the onslaught charm at the campfire.
1384012	You have used an onslaught charm!
1384013	&quot;Thank you.&quot;
1384014	Successfully used charm. Talk to Milene for additional information.
1385001	Always After Me Lucky Charms
1385002	Use this onslaught charm while standing next to a campfire.
1385003	You can use up to three charms at once.
1385004	Use an onslaught charm. To receive benefits, wait until your Stamina is 100%.
1385005	You have successfully used the onslaught charm!
1385006	&quot;For the federation!&quot;
1385007	Successfully used charm. Talk to Milene for additional information.
1386001	Bombs Away
1386002	Learn to love the bomb.
1386003	Bombs are great against clusters of enemies!
1386004	&quot;GOT IT!&quot;
1386005	Report to Kiriya for training in explosives.
1386006	Throw your bombs (from your inventory or your skill bar) at the dummies.
1386007	&quot;I've got it.&quot;
1386008	Talk to Kiriya.
1386009	&quot;For the federation!&quot;
1386010	Report back to Jorhon.
1389001	Emptying Pandora's Box
1389002	I'll show you something
1389003	If you're lucky, you can double your items
1389004	Use the Pandora's Box
1389005	Get lessons on how to use Pandora's Box from Priscus at Elleon's Outpost
1389006	Use the Pandora's Box while Resting
1389007	You have successfully used the &lt;b&gt;Pandora's Box&lt;/b&gt;!
1389008	Receive reward
1389009	Successfully used Pandora's Box. Listen to Teon for other tips on Pandora's Box
1390001	Special Delivery
1390002	Use your scroll and teleport to the tower.
1390003	Teleport masters can send you back to any nearby place you've visited before.
1390004	Use the safe haven teleport scroll and return to the Tower Base.
1390005	You have successfully used the &lt;b&gt;safe haven teleport scroll&lt;/b&gt;!
1390006	&quot;Thank you. That's great.&quot;
1390007	Talk to Teleport Master Hermaiorni.
1390008	Teleport back to Fili at the Tainted Gorge Outpost.
1390009	Relic Stone
1390010	Teleport back to Fili at the Tainted Gorge Outpost.
1390011	&quot;For the federation!&quot;
1504001	A Manor Invasion
1504002	&quot;Okay.&quot;
1504003	&quot;Okay.&quot;
1504004	Join Jelena in Sinestral Manor.&#xA;[Quest will be completed only when you select Sinestral Manor (Solo) from the {@linkCreature:216#1501#Teleportal}]
1504005	&quot;Okay.&quot;
1504006	Talk to Jelena.
1504007	&quot;Okay.&quot;
1504008	Meet Jelena at the ladder to the ground floor.
1504009	Kill the duke and duchess to open the secret temple door.
1504010	&quot;Right behind you.&quot;
1504011	May your strength suffice. Let's go!
1504012	Fight alongside Jelena to the ladder room. 
1504013	Enter the hidden temple and destroy the {@LinkCreature:3002#21#dementalith generator} and Malgarios.
1504014	&quot;I was glad to help.&quot;
1504015	Use the teleportal to leave Sinestral Manor and check in with Jelena.
1505001	Discredit Where Credit Is Due
1505002	Read Justicar Bruke's orders.&#xA;[Press &lt;img src='img://__Icon_KeyboardShape.Keyboard_I' width='18' height='18' vspace='-6'/&gt; key to open your inventory and read the orders.]
1505003	Jelena was a spy?
1505004	&quot;Good bye.&quot;
1505005	Speak with Jelena and tell her what the orders say.
1505006	&quot;I understand.&quot;
1505007	Inform Bruke that Jelena has disappeared.
1505008	&quot;Thank you.&quot;
1505009	Brief General Samael in Velika before Bruke's report reaches him.
1506001	Circle the Wagons
1506002	&quot;I understand.&quot;
1506003	Receive orders from Samael at Velik's Steps.
1506004	&quot;Maybe later.&quot;
1506005	Speak with Bruke.
1506006	&quot;Tell me what you know.&quot;
1506007	Take a pegasus to Popolion and speak with Paka.&#xA;[Speak with {@LinkCreature:63#1009#Adela} at the pegasus platform to go to Popolion.]
1506008	&quot;So what changed?&quot;
1506009	&quot;We should get rid of them.&quot;
1506010	Speak with Paka and tell him Samael's information.
1506011	&quot;I understand.&quot;
1506012	&quot;Let's do this.&quot;
1506013	Use the teleportal to go to Camp Vigilance.
1506014	&quot;I understand.&quot;
1506015	Look for Brohua at Camp Vigilance.&#xA;[Use the {@LinkCreature:67#1022#Teleportal} to go to Camp Vigilance.]
1506016	Drive back the disturbed constructs around Camp Vigilance.
1506017	&quot;I understand.&quot;
1506018	Go see Centurion Amallen at Camp Retribution.
1507001	Plague Hunt
1507002	&quot;I understand.&quot;
1507003	&quot;I'll keep an eye out.&quot;
1507004	Go to Amallen at Camp Retribution and ask what he needs.
1507005	Ordnarath
1507006	You see farming tool crates scattered around.
1507007	Go to Ordnarath and retrieve the document. 
1507008	Seach the crates for the document.
1507009	Ordnarath Report
1507010	Find Bedoram at Camp Redemption and deliver the document.
1507011	&quot;I'll do whatever I can.&quot;
1507012	Teleport to the wagon through {@linkcreature:215#1027$$Bedoram} and protect it.
1507013	Protect the wagon.&#xA;[Approach the wagon and select &quot;Protect the Supply Carriage&quot; to advance this quest.]
1507014	&quot;I can help.&quot;
1507015	Use {@LinkCreature:439#1004#Exit Teleportal} to return to Camp Redemption and speak with Bedoram.
1507016	Take blood samples from the local blood fiends.
1507017	Rush the blood samples to Bedoram at Camp Redemption.
1507018	&quot;Glad to help.&quot;
1507019	&quot;Right. Okay.&quot;
1507020	&quot;Happy to do my part.&quot;
1507021	&quot;How did the analysis go?&quot;
1508001	Dementalith
1508002	&quot;I understand.&quot;
1508003	&quot;I'm ready.&quot;
1508004	Search for Jelena in the ruins around the Cliffs of Insanity.
1508005	Set Jelena's demolition charge near the dementalith.
1508006	Take a fragment of the dementalith and escape its vampir protectors.
1508007	&quot;Evidently.&quot;
1508008	&quot;What's this?&quot;
1508009	Show the fragment to Jelena.
1509001	Contagious Mastermind
1509002	&quot;I understand.&quot;
1509003	&quot;I'm actually not surprised.&quot;
1509004	Show the fragment to Bedoram at Camp Redemption.
1509005	&quot;I'm on my way.&quot;
1509006	Speak to Bedoram about the Cult of Lok.
1509007	&quot;I'll tell him.&quot;
1509008	Go to Popolion with Bedoram's teleportal scroll and report to Paka.&#xA;[Press &lt;img src='img://__Icon_KeyboardShape.Keyboard_I' width='18' height='18' vspace='-6'/&gt; key to open inventory and use Popolion Teleport Scroll.]
1509009	&quot;Thank you?&quot;
1509010	Brief Justicar Bruke about the dementalith.
1510001	Blood Will Always Tell
1510002	&quot;You have my word.&quot;
1510003	Report to Prefect Paka in Popolion.
1510004	&quot;I'm on my way.&quot;
1510005	Use the Teleportal to go to the Runicar Research Camp.
1510006	&quot;I'll take care of him.&quot;
1510007	Find Jelena and secure her help.&#xA;[Use {@LinkCreature:67#1022#Teleportal} to go to Runicar Research Camp.]
1510008	Surdek's Notes
1510009	Find and kill Surdek.
1510010	Return the notes to Jelena.
1510011	&quot;Right. Okay.&quot;
1511001	Watcher of the Manor
1511002	&quot;I understand.&quot;
1511003	Find and open the {@LinkObject:5#countess's coffin} in the Forsaken Fields.
1511004	I'll drink you wretches dry!
1511005	No! Oh, no!
1511006	Drain the blood from Countess Bathory.
1511007	Find and open the {@LinkObject:4#count's coffin} in the Forsaken Fields.
1511008	Honorless curs!
1511009	What? How can this be? 
1511010	Drain the blood of Count Dricus.
1511011	&quot;I'm with you.&quot;
1511012	Meet Jelena at the Sinestral Manor.&lt;BR&gt;(Only normal mode will advance quests.)
1521001	Follow Your Ears
1521002	Tell that old dog to put a cork in it—HA!
1521003	I take requests...
1521004	&quot;I'll give him the message.&quot;
1521005	Pass Adru's greetings to Moimui at Camp Redemption.
1522001	Bloody Nuisance
1522002	Your service is greatly appreciated!
1522003	Blood fiends, really?
1522004	Fiend Heart
1522005	Beat back the blood fiends near Camp Redemption.
1522006	Report to Moimui.
1522007	&quot;Glad to help.&quot;
1523001	Sanguine Synchronicity
1523002	For the federation!
1523003	Thank you.
1523004	&quot;Victory for Valkyon!&quot;
1523005	Collect bloodpetals growing near blood fiends.
1523006	Give the flower samples to Tetrask.
1524001	Seek Retribution
1524002	Be careful out there.
1524003	Keep up the good work!
1524004	Give status report.
1524005	Report to Amallen at Camp Retribution.
1525001	Mutant Mash
1525002	For the federation.
1525003	Victory for Valkyon.
1525004	Mutant Trophies
1525005	Kill mutant castanic cutters and amani thumpers.
1525006	Report to Tomti at Camp Retribution.
1525007	&quot;Glad to serve, sir.&quot;
1526001	Furious Fimbrilisks
1526002	For the federation.
1526003	Impressive work.
1526004	Drive the fimbrilisks out of the Knoll of Screams.
1526005	&quot;For Valkyon!&quot;
1526006	Talk to Fezzik at Camp Retribution.
1527001	Stop the Bleeding
1527002	We need {@RawItem:206800} to make bandages.
1527003	Help is on the way, folks!
1527004	&quot;Anything for fellow soldiers.&quot;
1527005	Collect {@RawItem:206800}.
1527006	Return to Kamran with the {@RawItem:206800}.
1528001	History Is Now
1528002	Let's make history!
1528003	For the federation.
1528004	Dwarven Blade-Ward
1528005	Collect pendants from cruel jockeys, and mutant dwarf fodder and scrappers.
1528006	Report to Cimen at Camp Retribution.
1528007	&quot;For the federation.&quot;
1529001	Spread the Luck Around
1529002	For Popolion!
1529003	Maybe I'll just borrow one of those for myself....
1529004	Adru
1529005	Dwarven Blade-Ward
1529006	Deliver dwarven blade-wards to Adru at the north gate.
1529007	&quot;Happy to help.&quot;
1530001	Fangs of a Dilemma
1530002	Go get 'em!
1530003	Thank you, soldier.
1530004	&quot;Any time, sir.&quot;
1530005	Report to Gamra at Popolion's south gate.
1530006	Sabertooth Fang
1530007	Hunt sulking inky sabertooths south of Popolion.
1530008	Turn in sabertooth fangs to Madron at Camp Vigilance.
1530009	&quot;For the federation!&quot;
1531001	More than One Flay to Skin a Cat
1531002	Whoohoo!
1531003	Thank you! Thank you!
1531004	Sabertooth Fur
1531005	Skin rabid inky sabertooths and collect their fur.
1531006	Bring Panpi his sabertooth fur.
1531007	&quot;Enjoy!&quot;
1532001	These Boots Are Made for Envy
1532002	Help me! Please! Somebody!
1532003	Oh, sweet satisfaction!
1532004	Basilisk Leather Pauldron
1532005	Kill disturbed constructs and eerie polykind near the bulwark west of Camp Vigilance.
1532006	Give the pauldrons to Tunvi at Camp Vigilance.
1532007	&quot;There's no way this will end well.&quot;
1533001	Agriphobia
1533002	It's a conspiracy!
1533003	A conspiracy, I tell you!
1533004	Machete
1533005	Wipe out the lunatic yeomen and insane farmers southeast of Camp Vigilance.
1533006	Report to Madron at Camp Vigilance.
1533007	&quot;Uh, maybe you should go lie down.&quot;
1534001	Bring Me a Shrubbery
1534002	Bring me a shrubbery!
1534003	Sweet!
1534004	&quot;I hope so too.&quot;
1534005	Gather toruan berries from shrubs near Camp Vigilance.
1534006	Return the toruan berries to Tarusol at Camp Vigilance.
1535001	What's Your Dill, Pickle?
1535002	Whatsamattau?
1535003	You're just jealous because the little voices talk to me.
1535004	&quot;Okay then.&quot;
1535005	Chat with Brohua.
1536001	Nothing to Bury
1536002	Time to set them free.
1536003	For the federation.
1536004	Service Amulet
1536005	Kill mutant recruits on the road to Pora Elinu and retrieve their service amulets.
1536006	Deliver the service amulets to Amallen at Camp Retribution.
1536007	&quot;For the federation.&quot;
1537001	Good Deeds for the Day
1537002	Hope to see you again!
1537003	Great work, soldier!
1537004	&quot;Only doing my duty, sir.&quot;
1537005	Brief Prefect Paka on the day's events.
1540001	Chapter One
1540002	Here you go.
1540003	Defeat Lilith, Gaaruksalkкса, Argog, Harnovog, and Imperator.
1540004	Return to Gamra in Popolion.
1541001	Chapter Two
1541002	Here you go.
1541003	Defeat Lachelith, RK-9, Lakan, Kylos, and Antaroth.
1541004	Return to Kopu in Popolion.
1542001	Chapter Three
1542002	Here you go.
1542003	Defeat Nightmare Lakan, Nightmare Lachelith, Nightmare RK-9, the Gossamer Regent, and Verno.
1542004	Return to Modin in Popolion.
1543001	The Final Chapter
1543002	Here you go.
1543003	Defeat Nightmare Antaroth, Nightmare Kylos, Nightmare Gossamer Regent, Bahaar, and Nightmare Verno.
1543004	Return to Kun in Popolion.
1544001	The Five Battles
1544002	Here you go.
1544003	Achieve victory in Corsairs' Stronghold, Shore Hold, Champions' Skyring (solo), Champions' Skyring (group), and Gridiron.
1544004	Return to Marabel in Popolion.
1544005	You exhibit such power. Impressing me like that calls for a reward.
1545001	Pumpkin Invasion
1545002	&quot;This is for you.&quot;
1545003	Gather the required materials and bring them to Sena in Popolion.
1545004	Return to Sena in Popolion.
1570001	Guild Orders: Blood Fiends
1570002	Fiend Heart
1570003	&quot;For Valkyon!&quot;
1570004	Clear the Blood Fiends from the crossroads north of Popolion and retrieve their hearts.
1570005	Collect your reward.
1571001	(Guild) Mutant Recruits
1571002	Service Amulet
1571003	&quot;For Valkyon!&quot;
1571004	Protect Popolion's road to Pora Elinu from mutant recruits.
1571005	Report to the guild quest reward coordinator.
1572001	(Guild) Suppression Orders: Atrocitas
1572002	Proof of Kill: Atrocitas
1572003	&quot;For the federation!&quot;
1572004	Defeat Atrocitas in the Cliffs of Insanity.
1572005	Report to the guild quest reward coordinator.
1581001	(Vanarch) Suppression Orders: Atrocitas
1581002	Proof of Kill: Atrocitas
1581003	&quot;For the federation!&quot;
1581004	Defeat Atrocitas in the Cliffs of Insanity.
1581005	Report to the guild quest reward coordinator.
1621001	Tracking Down Jadan
1621002	Where did he get off to?
1621003	Poor Jadan...
1621004	&quot;Of course.&quot;
1621005	Talk to Centurion Okon at the northern gate of Popolion.
1621006	&quot;Thank you.&quot;
1621007	Ask Kripa if he's seen Jadan.
1621008	&quot;Rest in peace, Jadan.&quot;
1621009	Find Jadan.
1621010	&quot;Straightaway.&quot;
1621011	Tell Kripa you found the messenger.
1621012	&quot;I wish I knew.&quot;
1621013	Report to Paka.
1622001	Disturbing News
1622002	Watch yourself.
1622003	Victory for Valkyon!
1622004	&quot;For the federation!&quot;
1622005	Report to Ludin.
1623001	Head Chief
1623002	It's time to face off!
1623003	Now, to watch them scatter.
1623004	Kirithia's Head
1623005	Take down Kirithia and collect her head for Pemo.
1623006	Report to Pemo.
1623007	&quot;For the federation!&quot;
1624001	A Folk Remedy
1624002	Get moving!
1624003	Pee-ew!
1624004	&quot;For the federation!&quot;
1624005	Collect galicho on the Twisted Plains.
1624006	Take the galicho to Ludin.
1625001	Hired Help
1625002	For the federation!
1625003	Victory for Valkyon!
1625004	Stalker Company Ring
1625005	Eliminate Stalker Company scouts, warriors, blademasters, and assassins around the Twisted Plains.
1625006	Report to Pemo.
1625007	&quot;For the federation!&quot;
1626001	A Dead Man's Son
1626002	Thank you, soldier.
1626003	Such a tragedy.
1626004	&quot;I'll find him.&quot;
1626005	Find Kiron and offer him your assistance.
1627001	The Least You Can Do
1627002	I hope my dad is safe.
1627003	I have to find my dad!
1627004	Take down gloomtusks on the Twisted Plains.
1627005	&quot;Sorry, kid.&quot;
1627006	Tell Dipa you succeeded.
1628001	Blood Tests
1628002	We'll get to the bottom of this!
1628003	Strange...yet, odd.
1628004	Vampir Hearts
1628005	Collect vampir hearts.
1628006	Return to Kiron.
1628007	&quot;Unusual, indeed.&quot;
1629001	Clearing a Path
1629002	Do what you can.
1629003	Thank you, comrade.
1629004	Kill armored zuulhounds in the Twisted Plains.
1629005	&quot;Good luck.&quot;
1629006	Tell Kiron it's safer now.
1630001	Start Spreading the News
1630002	You're a keeper!
1630003	The situation here is precarious as well.
1630004	&quot;No problem.&quot;
1630005	Speak to Korwyn at the Runicar Research Camp.
1631001	Sudden Changes
1631002	It's them or us.
1631003	Victory for Valkyon!
1631004	Defeat blood lords around the research camp.
1631005	&quot;For the federation!&quot;
1631006	Report to Dunstan.
1632001	Don't Test Me
1632002	For the federation!
1632003	Darkness looms...but we will prevail.
1632004	Blood Sample
1632005	Collect blood from blood maids in the Forsaken Fields.
1632006	Report to Korwyn.
1632007	&quot;Oh boy...&quot;
1633001	Rampant Rumors
1633002	What's everyone on about?
1633003	Safe travels.
1633004	&quot;For the federation!&quot;
1633005	Find Lene at Alethea's Last Hope.
1634001	These Are the Stones You're Looking For
1634002	For the federation.
1634003	Thanks for your help.
1634004	Demonic Stone
1634005	Eliminate vampir jesters and sanguine moppets in the Forsaken Fields and look for clues.
1634006	Deliver the stones to Lene.
1634007	&quot;For the federation.&quot;
1635001	Until Death Parts You
1635002	Please, help me!
1635003	It's not too late to save him!
1635004	&quot;I'll do what I can.&quot;
1635005	Find Alethea's husband, Sadnica.
1635006	Sadnica
1635007	The Last Letter
1635008	Deliver Sadnica's letter to Alethea.
1635009	&quot;I'll talk to Lene.&quot;
1635010	&quot;Glad to be of service.&quot;
1635011	Tell Alethea's story to Lene.
1636001	One More Chance
1636002	Only khamala flowers can control those hungry for blood.
1636003	No time to waste!
1636004	&quot;For the federation!&quot;
1636005	Collect khamala flowers near the Forsaken Fields.
1636006	Deliver the flowers to Lene.
1637001	Final Goodbye
1637002	I hope I'm not too late.
1637003	Goodbye, Sadnica...
1637004	Alethea... Alethea... Aleth...
1637005	Give the medicine to Sadnica. If it doesn't work, eliminate him.
1637006	&quot;Understood.&quot;
1637007	Report to Lene.
1637008	&quot;I'm so sorry.&quot;
1637009	Inform Alethea of Sadnica's death.
1638001	Blood and a Hard Place
1638002	For the federation!
1638003	A job well done, soldier.
1638004	Blood Stone
1638005	Destroy the blood mages and see whether they carry blood stones.
1638006	Deliver the blood stones to Lene.
1638007	&quot;For the federation!&quot;
1639001	Tearing Down the Forces
1639002	Go get 'em!
1639003	The federation is lucky to have you.
1639004	Kill vampir runners and soldiers.
1639005	&quot;For the federation!&quot;
1639006	Report to Segodun.
1640001	Seeing Red
1640002	Victory will be ours!
1640003	Now I can finally have eyes in the back of my head! Sorry, bad joke.
1640004	Ovolith Eyes
1640005	Destroy ovoliths and collect their eyes.
1640006	Report to Segodun.
1640007	&quot;For the federation!&quot;
1641001	Scout It Out
1641002	Keep a low profile.
1641003	Know a good locksmith?
1641004	Sinestral Manor Main Gate
1641005	(The gate is tightly shut and locked.)
1641006	Investigate the Sinestral Manor front gate.
1641007	&quot;For the federation!&quot;
1641008	Report to Segodun.
1642001	It's the Little Things
1642002	Watch your ankles!
1642003	Victory for Valkyon!
1642004	Dwarf Sword
1642005	Destroy the violent dwarves on the Twisted Plains.
1642006	Deliver the dwarf swords to Ludin.
1642007	&quot;For the federation!&quot;
1670001	(Guild) Defang the Vampirs
1670002	Vampir Fang
1670003	&quot;For the federation!&quot;
1670004	Kill the vampirs near Runicar Research Camp.
1670005	Report to Sylara in Popolion.
1721001	Countrycide
1721002	Go get 'em, friend!
1721003	Let's show 'em what you got!
1721004	&quot;I'm eager to fight, sir.&quot;
1721005	Find Prefect Cafnil at the Embattled Outpost.
1722001	Air Drop
1722002	I could sure go for a steak.
1722003	Where could those supplies be?
1722004	&quot;We'll get this cleared up.&quot;
1722005	Speak to Puni in Popolion.
1722006	Puni
1722007	Supply Ledger
1722008	Deliver the supply ledger to Kenton at the Embattled Outpost.
1722009	&quot;Glad to be of service.&quot;
1723001	Out of Ploughshares Too
1723002	Collect {@RawItem:206809}. Got it?
1723003	We will endure!
1723004	&quot;Happy to help.&quot;
1723005	Gather {@RawItem:206809}.
1723006	Deliver {@RawItem:206809} to Kenton at the Embattled Outpost.
1724001	Distasteful Duty
1724002	This is the worst part of the job.
1724003	Rest in peace, my friends...
1724004	Execute the enthralled workers near the camp. Be merciful.
1724005	&quot;They didn't suffer long.&quot;
1724006	Report to Tibod at the Embattled Outpost.
1725001	Natural Predator
1725002	Boar-ing! Get it?
1725003	For the federation!
1725004	Slaughter the warthogs ruining the farmland south of camp.
1725005	&quot;Glad to be of service.&quot;
1725006	Report back to Tibod.
1726001	Join the Battle
1726002	Victory for Valkyon!
1726003	Victory tastes so sweet.
1726004	Heavens Fall Seal
1726005	Drive back the Heavens Fall cultists surrounding the Embattled Outpost and collect their seals.
1726006	Report back to Cafnil.
1726007	&quot;For the federation!&quot;
1727001	Lifelines
1727002	Show them how it's done!
1727003	Victory for Valkyon!
1727004	&quot;Sir! Anything to help.&quot;
1727005	Report to Tairun in Fanatics Paradise.
1728001	You Look Very Familiar
1728002	Those bastards!
1728003	Supply Crate
1728004	Stolen Federation Supplies
1728005	Take the stolen supplies to Kenton.
1728006	&quot;No problem.&quot;
1729001	How the Other Half Lives
1729002	For the federation!
1729003	Victory for Valkyon!
1729004	&quot;Nice.&quot;
1729005	Steal the fruit the cultists are harvesting in the fields near the compound.
1729006	Show the withered fruit to Lurig.
1730001	Hootenanny
1730002	Let's do this!
1730003	Heavens Fall won't last long without food...
1730004	Worn Farm Tools
1730005	Kill {@LinkCreature:17#103#Heavens Fall overseers} and {@LinkCreature:17#102#laborers} in the fields near the compound and collect their tools.
1730006	Give Lurig the tools you acquired.
1730007	&quot;Glad to do it.&quot;
1731001	Quis Custodiet
1731002	For Valkyon!
1731003	Maybe we can use these inferior weapons for...I got nothin'.
1731004	Makeshift Weapon
1731005	Eliminate Heavens Fall guards and barrelhead threshers guarding the farm in the northeast and collect their weapons.
1731006	Report to Ganti and give him the weapons.
1731007	&quot;That was fun!&quot;
1732001	Try Not to Look Important
1732002	And...GO!
1732003	Nicely done, grasshopper.
1732004	Dervish Amulet
1732005	Hunt down Heavens Fall dervishes. Use their amulets to keep count.
1732006	Show Ganti your work.
1732007	&quot;Thanks for the lessons.&quot;
1733001	Burn Before Reading
1733002	For the federation!
1733003	That'll show 'em!
1733004	Supply Transport Ledger
1733005	Kill Rotcarn and search his body.
1733006	Return the supply transport ledger to Tairun.
1733007	&quot;This explains a lot.&quot;
1734001	Serious Allegations
1734002	Your work doesn't go unnoticed.
1734003	This is...not good.
1734004	Tairun
1734005	Stolen Ledger and Notes
1734006	Deliver Tairun's report and evidence to Puran.
1734007	&quot;Only glad I could help, sir.&quot;
1735001	Blood for Blood
1735002	My brother's death must be avenged!
1735003	You have my undying gratitude.
1735004	Heavens Fall Soldiers
1735005	Eliminate the Heavens Fall captains and partisans in the Fanatics Paradise.
1735006	&quot;It was my pleasure.&quot;
1735007	Return to Kamborun.
1736001	Tightening the Belt
1736002	We'll show them!
1736003	Take that, Heavens Fall!
1736004	Federation Rations
1736005	Attack the barrelhead harvesters working east of Gloomy Outpost, and reclaim federation rations.
1736006	Turn in recovered rations to Puran at Gloomy Outpost.
1736007	&quot;For the federation!&quot;
1737001	How to Keep a Secret
1737002	For Valkyon!
1737003	Victory!
1737004	Find and assassinate Vilastasia inside the cultists' compound.
1737005	&quot;It was an honor to help.&quot;
1737006	Report to Puran.
1770001	(Guild) Heavens Fail
1770002	Heavens Fall Token
1770003	&quot;For the federation!&quot;
1770004	Eliminate the Heavens Fall cultists near the Embattled Outpost in Paraanon Ravine.
1770005	Report to the nearest guild quest reward coordinator for your reward.
1771001	(Guild) Hog Hunting
1771002	Warthog Tusks
1771003	&quot;For the federation!&quot;
1771004	Slaughter the warthogs on the abandoned farmlands south of the Embattled Outpost, and collect their tusks.
1771005	See the nearest guild quest reward coordinator for your reward.
1811901	Diver
1811903	Here you go.
1811904	Kill Nightmare Fulminar to get reward.
1811905	Return to Naleram and get reward.
1821001	Desert Fire Uprising
1821002	Knock 'em down a peg!
1821003	That'll show the Gutrends!
1821004	Federation regret this! Kulkari kill you all!
1821005	You are dead meat!
1821006	Eliminate Desert Fire thrashers and Desert Fire shamans near Mags Kurata and Mags Kuchanaru.
1821007	Complete the mission.
1821008	Report to Tribune Kardelen at Camp Marrakeen.
1822001	Researching Relics
1822002	You have my thanks, soldier!
1822003	The giants—what an amazing civilization.
1822004	&quot;For the federation!&quot;
1822005	Seek fragments of the giants' writing among the relics near Mags Kurata and Mags Kuchanaru.
1822006	Report to Dinian at Camp Marakeen.
1823001	Slip of the Spell
1823002	Kunchara seek revenge!
1823003	Me thank you.
1823004	Intruder! Kill!
1823005	S-s-send reinforcement...
1823006	Eliminate Desert Fire destroyers and prophets near the defense camp.
1823007	&quot;No prob—wait...WHAT?&quot;
1823008	Report to Kunchara at Camp Marrakeen.
1824001	Kill the Fear Leader, Kill the World
1824002	You kill Kudarsh. You kill him dead!
1824003	Good work, soldier.
1824004	Kudarsh's Head
1824005	Death to all federation!
1824006	Destroy Kudarsh at Mags Kuchanaru and collect his head.
1824007	Report to Kardelen at Camp Marrakeen.
1824008	&quot;Glad to have helped.&quot;
1825001	Merchant King Dethroned
1825002	I'll be big in commerce!
1825003	What a waste...
1825004	&quot;Looks like the kulkari took it.&quot;
1825005	Find the caravan carrying Bumon's goods near Mags Kurata.
1825006	Blue Spice
1825007	Recover Bumon's shipment from the {@linkcreature:18#3#Desert Fire ragers} and {@linkcreature:18#5#Desert Fire miners} near Mags Kurata.
1825008	Take the blue spice to Bumon at Camp Marrakeen.
1825009	&quot;No problem.&quot;
1826001	Finding Nema
1826002	Mirak's supposed to be watching her.
1826003	The Temple of Tithus is breathtaking, isn't it?
1826004	&quot;Sure thing.&quot;
1826005	Search for Nema around the Colossal Ruins.
1826006	&quot;Well, have fun!&quot;
1826007	Find Nema in the Temple of Tithus, north of Sietch Bidaum.
1827001	Catching Up and Getting a Head
1827002	Kunchara help...hee hee hee.
1827003	Tukarus dead? Hmm...
1827004	Thank you.
1827005	Find Kunchara's friend in Mags Kurata.
1827006	Tukarus's Head
1827007	Who you? I kill!
1827008	Nooooo!
1827009	Destroy Tukarus in Mags Kurata.
1827010	Report to Takucha.
1827011	&quot;I will.&quot;
1827012	Takucha
1827013	Tukarus's Head
1827014	Take Tukarus's head to Kunchara at Camp Marrakeen.
1827015	&quot;Glad to help.&quot;
1828001	The Core of the Dead
1828002	For the federation!
1828003	Well done!
1828004	Dead Core
1828005	Initializing destruction sequence.
1828006	Destroy the rubblemaker golems near Seitch Bidaum and collect the dead cores.
1828007	Bring the Dead Cores to Centurion Anaka at Seitch Bidaum.
1828008	&quot;It was my pleasure.&quot;
1829001	Picking up the Slack
1829002	Victory for Valkyon!
1829003	Outstanding!
1829004	Intruder!
1829005	System fail...
1829006	Destroy the sentinel golems and warblade golems near Sietch Bidaum.
1829007	&quot;For the federation!&quot;
1829008	Report to Anaka at Sietch Bidaum.
1830001	Misperception
1830002	For the federation!
1830003	Very interesting.
1830004	Cultist Blood
1830005	I'll chop you to bits!
1830006	No!
1830007	Collect cultist blood from Lokian skullcleavers and priests near the Plaza of the Mighty in the western Colossal Ruins.
1830008	Bring the cultist blood to Mirak at Sietch Bidaum.
1830009	&quot;I have it.&quot;
1831001	Head of the Cult
1831002	For the federation!
1831003	Good work, soldier.
1831004	Anaka
1831005	Anaka's Orders
1831006	Bring Anaka's order to Chenast, who is hiding at the entrance of the Arena of the Exalted.
1831007	&quot;I can do it.&quot;
1831008	Cultist's Head
1831009	It can't be...
1831010	You'll burn!
1831011	Kill the Lokian vanguards and magisters near the Plaza of the Mighty. Bring back their heads.
1831012	Show the cultists' heads to Chenast.
1831013	&quot;It was no trouble.&quot;
1832001	How to Annoy Friends and Endanger People
1832002	Get to work!
1832003	Victory for Valkyon!
1832004	Inscribed Rock Fragment
1832005	Intruder!
1832006	No, not...die...
1832007	Collect inscribed rock fragments from ancient teraliths south and west of the Temple of Tithus.
1832008	Bring the inscribed rock fragments to Nema in the Temple of Tithus.
1832009	&quot;It was no trouble.&quot;
1833001	Time Fragments
1833002	For the federation!
1833003	Thank you!
1833004	Marked Fragments
1833005	Engage.
1833006	Collect fragments from the piledriver golems.
1833007	Bring the fragments to Nangor.
1833008	&quot;For the federation!&quot;
1834001	These Fragments I Have Shored against My Ruins
1834002	Get moving!
1834003	For Valkyon!
1834004	Fragments with Writings
1834005	Eliminate.
1834006	Mal...func...tion...
1834007	Eliminate the wheelwatch golems near the Temple of Tithus and collect fragments with writings.
1834008	Bring the fragments to Nema in the Temple of Tithus.
1834009	&quot;It was my pleasure.&quot;
1835001	The Final Piece
1835002	Well, go on!
1835003	Fascinating, just fascinating!
1835004	Ancient Prophecy
1835005	What a fool!
1835006	No...I must...deliver...guard...
1835007	Obtain the ancient prophecy from Metatron.
1835008	Bring the ancient prophecy to Nema in the Temple of Tithus.
1835009	&quot;For the federation!&quot;
1836001	Giant Problems
1836002	For the federation!
1836003	Well done!
1836004	Destroy the giant gladiators around Arena of the Exalted.
1836005	&quot;I will.&quot;
1836006	Report to Chenast hiding at the entrance of the Arena of the Exalted.
1837001	Cultists, Cultists Everywhere
1837002	For the federation!
1837003	Excellent!
1837004	Oh no!
1837005	Your blood...will be delicious.
1837006	Destroy the Lokian slayers and sanguinars near the Plaza of the Mighty.
1837007	&quot;Glad to help.&quot;
1837008	Report to Chenast hiding near the entrance of the Arena of the Exalted.
1838001	Serving Two Masters
1838002	&quot;Got it.&quot;
1838003	&quot;Understood.&quot;
1838004	Hyena's Heart
1838005	Kill hyenas in Colossal Ruins and collect their hearts.
1838006	Speak to Kardelen.
1838007	Receive the reward.
1840001	[Dungeon] Dark Reach Citadel
1840002	&quot;Understood.&quot;
1840003	Talk to Seir in Velika Federation Headquarters.
1840004	Tulufan
1840005	Where is Launa?
1840006	Meet Launa at Tulufan.
1840007	&quot;Understood.&quot;
1840008	Meet Launa at Tulufan.
1840009	&quot;Thank you!&quot;
1840010	Talk to Elsine at Tulufan.
1840011	&quot;Understood.&quot;
1840012	Tell Launa Elsine's story.
1840013	Camp Marrakeen
1840014	A federation officer is interrogating a gutrend.
1840015	Use the teleportal in Tulufan to go to Camp Marrakeen.
1840016	&quot;I'll talk to her myself.&quot;
1840017	Talk to Valkyon Soldier at Camp Marrakeen.
1840018	Go to the location that Kunchara spoke of.
1840019	Talk to Kunchara at Camp Marrakeen.
1840020	The site Kunchara spoke of
1840021	A wagon lies broken.
1840022	Go to the location that Kunchara spoke of, near Sietch Bidaum.
1840023	&quot;I'll examine the corpses.&quot;
1840024	Talk to Launa, standing near the broken wagon.
1840025	Examine bodies around the broken wagon.
1840026	
1840027	Red Raider Document
1840028	Give the Red Raider Document to Launa.
1840029	Nod.
1840030	Location on the map
1840031	There are multiple signs of people.
1840032	Go to the location given by Launa.
1840033	Dark Reach Citadel
1840034	A light. Could it mean that the raiders are nearby?
1840035	Use the {@LinkCreature:18#9783#teleportal} to go to Dark Reach Citadel.
1840036	Door to the first boss
1840037	
1840038	Search for the Red Raiders.
1840039	Defeat Theropath.
1840040	Door to the second boss.
1840041	
1840042	Search for the Red Raiders.
1840043	Defeat Apetus.
1840044	Escape the Library.
1840045	Hidden Chamber
1840046	
1840047	Go to the hidden chamber, behind the book shelves.
1840048	Investigate.
1840049	Investigate the black orb in the hidden chamber.
1840050	Where the black orb leads
1840051	
1840052	Go to where the black orb leads.
1840053	Door to the third boss
1840054	Remnants of the Red Raiders are here. What are they up to?
1840055	Move to the altar.
1840056	Defeat Harnovog.
1840057	Pick up the Forbidden Tome.
1840058	Read the Forbidden Tome.
1840059	Dark Reach Citadel Exit
1840060	Launa is nearby.
1840061	Use the {@LinkCreature:783#1501#teleportal} to exit Dark Reach Citadel.
1840062	Nod.
1840063	Talk to Launa.
1870001	(Guild) Eliminate the Desert Fire Kulkaris
1870002	Proof of Kill: Desert Fire Kulkari
1870003	&quot;For the federation!&quot;
1870004	Kill Desert Fire kulkaris near Mags Kurata and Mags Kuchanaru.
1870005	Report to Reyal in Tulufan.
1871001	(Guild) Eliminate the Ancient Teraliths
1871002	Proof of Kill: Teralith
1871003	&quot;Happy to help.&quot;
1871004	Eliminate the ancient teraliths between the Plaza of the Mighty and Arena of the Exalted.
1871005	Report to Reyal in Tulufan.
1921001	Granary of Arun
1921002	Let me know as soon as you can what the situation is.
1921003	Nice to see you here.
1921004	&quot;I'll go right away.&quot;
1921005	Meet Teomath at the northern entrance to the Freeholds.
1921006	&quot;For the federation!&quot;
1921007	Go north from the village and visit Cardis at Velik's Vigil.
1922001	Warthogs Ruin Everything
1922002	Stupid warthogs...
1922003	Good job.
1922004	Eliminate the rummaging warthogs near Digory's Farmstead.
1922005	&quot;I was glad to help.&quot;
1922006	Report to Cardis at Velik's Vigil.
1923001	War Hyena Hunt
1923002	Predators are more of a threat than ever these days.
1923003	I see fewer hyenas around.
1923004	Hyena
1923005	Hunt hyenas that appear in areas between Velik's Vigil and Filton's Dairy Farm.
1923006	&quot;You know it.&quot;
1923007	Report to Cregan, just off the road.
1924001	This Heart of Stone
1924002	Don't stand around...
1924003	What in the...?
1924004	Stone Heart
1924005	Collect stone hearts from wild and crazed harvester golems in Thrallfield.
1924006	Deliver stone hearts to Bural at Velik's Vigil.
1924007	&quot;It was no trouble.&quot;
1925001	Heart-Shaped Box
1925002	We must shut down these golems before they claim more victims.
1925003	Well done!
1925004	Crystal Heart
1925005	Obtain crystal hearts from the golems around Filton's Dairy Farm and destroy them.
1925006	Deliver the crystal hearts to Cregan, just off the road.
1925007	&quot;No problem.&quot;
1926001	Building Fences
1926002	Please gather up the useful timber. I can use them to build fences along the road.
1926003	We'll be safe once the fence is done.
1926004	&quot;It was no trouble.&quot;
1926005	Collect useful timber from around the Thrallfield.
1926006	Deliver the useful timber to Cregan, just off the road.
1927001	Suppression Report
1927002	Be quick! They're waiting for this message.
1927003	Supplies can finally go through.
1927004	&quot;I'm glad I could help.&quot;
1927005	Take Cregan's message to Cardis at Velik's Vigil.
1928001	Irreparable Mistake
1928002	Please find those weapons.
1928003	I'll see to it they hurt no one else.
1928004	&quot;Victory for Valkyon.&quot;
1928005	Retrieve the weapons from the weapon crate inside the Free Brotherhood's encampment.
1928006	Bring the weapons to Tashaberia at Velik's Vigil in Freeholds.
1929001	Suspicious Scene
1929002	Find those rocks.
1929003	Something about this isn't right.
1929004	Find the obelisk.
1929005	Find the obelisk in the middle of Thrallfield.
1929006	Small Black Rock
1929007	Impero Obelisk
1929008	Deliver the small black rock to Erina.
1929009	&quot;I was glad to help.&quot;
1930001	Lokian Brothers
1930002	Is there no way to help them?
1930003	We'll find who is responsible, and we will make them pay.
1930004	&quot;Sure thing.&quot;
1930005	Lokians
1930006	Get rid of the Lokians at the Free Brotherhood's encampment.
1930007	&quot;For the federation.&quot;
1930008	Report to  Cardis at Velik's Vigil.
1931001	Lokian Weapons
1931002	Hopefully, those weapons will shine some light on this.
1931003	Well done.
1931004	&quot;For the federation.&quot;
1931005	Meet with Elsta near the Free Brotherhood's encampment.
1931006	Hideous Weapon
1931007	Eliminate the Lokians and collect their hideous weapons.
1931008	Take the weapons to Elsta at the Free Brotherhood's encampment.
1931009	&quot;Glad to have helped.&quot;
1932001	Destroy Sidurek
1932002	This is the first step to restoring order.
1932003	I hope this stops the horror.
1932004	Secret Letter
1932005	Find and eliminate Sidurek.
1932006	Report to Elsta.
1932007	&quot;Glad to help.&quot;
1933001	Sidurek's Secret
1933002	We need to find out what this plan was about.
1933003	So much tragedy from something so small...
1933004	Follow the clues in the journal.
1933005	Find Sidurek's Journal in the ruins north of the encampment.
1933006	Take out the object.
1933007	Search the old barrel for Sidurek's hidden clue.
1933008	
1933009	Strange Orb
1933010	Take the strange orb to Cardis of Velik's Vigil in Freeholds.
1933011	Hand over the orb.
1934001	An Eye for an Eye
1934002	They're no longer Free Brotherhood members.
1934003	Thank you.
1934004	Mana-Enchanted Token
1934005	Lokians
1934006	Eliminate the Lokian cleavers and rippers in the Free Brotherhood's encampment.
1934007	Go to Yestin at Thrallfield.
1934008	&quot;Glad I could help.&quot;
1970001	(Guild) Fangs a Lot
1970002	Sharp Fang
1970003	&quot;It was no trouble.&quot;
1970004	Kill the beasts that roam the Thrallfield and collect their fangs.
1970005	Report to Kayina in Chebika.
1971001	(Guild) Destroy the Golems
1971002	Golem Core
1971003	&quot;For the federation!&quot;
1971004	Kill the wild harvester golems in Thrallfield.
1971005	Report to Kayina in Chebika
2001001	Revelation of the Goddess
2001002	&quot;The real work is yet to come.&quot;
2001003	&quot;I understand.&quot;
2001004	Report to Samael at Velika Headquarters.
2001005	&quot;Right. Okay.&quot;
2001006	Report to Ciebel in the central passage in Velika.
2001007	&quot;I understand.&quot;
2001008	Speak with Ciebel to visit the goddess Velik.
2001009	&quot;I understand.&quot;
2001010	Use the {@LinkCreature:409#1002#teleportal} to return to Ciebel.
2001011	&quot;Thank you.&quot;
2001012	Return to Samael.
2002001	These Aren’t the Weapons We’re Looking For
2002002	For the federation.
2002003	Lok's followers are a jumbled mix, eh?
2002004	&quot;I understand.&quot;
2002005	Take the pegasus from Velika to Chebika and meet Jakarian.
2002006	&quot;I understand.&quot;
2002007	Find Kusbert on the road to the Tenebrous Mines.
2002008	&quot;I understand.&quot;
2002009	Speak with Lupus on the Foreman's Outlook.
2002010	Eliminate the zombie slaves in the Halls of Gloom and collect any mementos.
2002011	&quot;Let's go.&quot;
2002012	Deliver the dig journal to Ruanal, who is hiding in the Halls of Gloom.
2002013	Deliver the dig journal to Ruanal, who is hiding in the Halls of Gloom.
2002014	&quot;I understand.&quot;
2002015	Go to Justicar Talfryn at the Reliquary Station in the Halls of Shadow.&#xA;[Press &lt;img src='img://__Icon_KeyboardShape.Keyboard_I' width='18' height='18' vspace='-6'/&gt; to open your inventory and use Ruanal's teleportal scroll.]
2002016	&quot;You've obtained an old hammer.&quot;
2002017	&quot;You've obtained old scissors.&quot;
2002018	Use Talfryn's Teleport Scroll to go to Nemuro and investigate the cultists' weapon crates in the Halls of Shadow.
2002019	Destroy the cultists' arms crate in the Halls of Shadow.
2002020	Use Talfryn's Teleport Scroll and go to Jesper in the Halls of Utterdark.
2002021	&quot;Okay...&quot;
2002022	Take the tools to Jesper at the Utterdark Outpost.
2002023	Take the tools to Jesper at the Utterdark Outpost.
2003001	The Mystery Deepens
2003002	I have faith in your abilities
2003003	Samael...you'll pay for this.
2003004	&quot;What kind of mission are we talking about?&quot;
2003005	You look at Jesper in the eyes.
2003006	Speak to Jesper again.
2003007	&quot;Count on me.&quot;
2003008	Report to Jesper.
2003009	Teleportal
2003010	You found the teleportal!
2003011	Find the {@linkcreature:220#1501$$teleportal} in the Halls of Utterdark in the Tenebrous Mines.
2003012	Find the Black Hood.
2003013	The Black Hood! He's the head of the organization. He must be killed!
2003014	Use the {@linkcreature:220#1501$$teleportal} to reach the hidden tunnel. Then find the Black Hood.
2003015	&quot;I understand.&quot;
2003016	Attack the Black Hood, then speak to Elleon.
2003017	&quot;I understand.&quot;
2003018	Report to Bruke in Chebika.&#xA;[Press &lt;img src='img://__Icon_KeyboardShape.Keyboard_I' width='18' height='18' vspace='-6'/&gt; to open your inventory and use the Chebika Teleport Scroll.]
2003019	&quot;Thank you.&quot;
2003020	Report to Samael in Velika.
2003021	Outside Headquarters
2003022	Report your conversation with Samael to Elleon.
2003023	Go outside Headquarters.
2003024	&quot;Right. Okay.&quot;
2003025	Find Elleon around Collegium Arcane.
2003026	Find and kill Scions of Lok.
2021001	News from My Brother
2021002	Please, find him.
2021003	For the federation!
2021004	&quot;Let's follow the footprints.&quot;
2021005	Find Pattek or any news of him.
2021006	&quot;For the federation!&quot;
2021007	Ask Damelsa about Pattek. She's at the supply base in the Halls of Utterdark.
2022001	Shrooms in the Gloom
2022002	Be careful with the, um...just be careful!
2022003	Thank you!
2022004	&quot;It was no trouble.&quot;
2022005	Collect cave mushrooms that grow in the Halls of Gloom.
2022006	Take the cave mushrooms to Ruanal, who is hiding in the Halls of Gloom.
2023001	The Tools of Slavery
2023002	For the federation!
2023003	Well done.
2023004	Tool
2023005	Kill the slave foremen and zombie slaves and collect their tools.
2023006	Deliver the tools to Ruanal, who is hiding in the Halls of Gloom.
2023007	&quot;It was no trouble.&quot;
2024001	Thermiosity
2024002	For the federation.
2024003	Victory will be ours, in good time. Thanks again.
2024004	&quot;I will.&quot;
2024005	Find Ruanal in the Halls of Gloom.
2024006	Thermionic Deposit Nugget
2024007	Collect the thermionic deposit nuggets from cruel taskmasters, slave overseers, and zomporis in the Halls of Gloom.
2024008	Deliver the nuggets to Pelsus at the Reliquary Station in the Halls of Shadow.
2024009	&quot;For the federation.&quot;
2025001	Morale Boost
2025002	Be careful.
2025003	Victory for Valkyon!
2025004	Kill the morale boosters in the northeast area of the Halls of Gloom.
2025005	&quot;It was no trouble.&quot;
2025006	Report to Pelsus at the Reliquary Station in the Halls of Shadow.
2026001	Something to Remember Them By
2026002	For the federation!
2026003	Better than nothing—much better.
2026004	&quot;Glad I could help.&quot;
2026005	Collect the belongings of the missing miners from the western part of the Halls of Shadow.
2026006	Deliver the miners' belongings to Nemuro at the Utterdark Outpost.
2027001	Searching for Survivors
2027002	I know it's probably a lost cause...
2027003	Poor Pattek...he was a good man.
2027004	(Take the pendant.)
2027005	Look for surviving miners in the Halls of Shadow.
2027006	Deliver the pendant to Centurion Arthgal at the Utterdark Outpost.
2027007	Ownerless Pendant
2027008	Deliver the pendant to Centurion Arthgal at the Utterdark Outpost in the Halls of Utterdark.
2027009	&quot;For the federation!&quot;
2028001	Old Weapon
2028002	Be careful!
2028003	Well done!
2028004	Old Weapon
2028005	Kill the ossugon centurions and skeleton spearmen in the Halls of Shadow and retrieve their weapons.
2028006	Deliver the seized weapons to Humam at the Utterdark Outpost in the Halls of Utterdark.
2028007	&quot;Glad I could help.&quot;
2029001	Skull Collection
2029002	For the federation!
2029003	Good work, soldier. Very good work.
2029004	Ossugon Prefect's Skull
2029005	Kill ossugon prefects and collect their skulls.
2029006	Bring the skulls to Friele at the Utterdark Outpost in the Halls of Utterdark.
2029007	&quot;Let us hope.&quot;
2030001	Mine Rescue
2030002	They must be so scared.
2030003	There must be no more victims!
2030004	&quot;It's okay. It's safe now.&quot;
2030005	&quot;It's okay. It's safe now.&quot;
2030006	&quot;It's okay. It's safe now.&quot;
2030007	&quot;It's okay. It's safe now.&quot;
2030008	&quot;It's okay. It's safe now.&quot;
2030009	Rescue the villagers imprisoned in the northwestern part of the Halls of Shadow.
2030010	&quot;Just doing my duty.&quot;
2030011	Report to Centurion Arthgal at the Utterdark Outpost in the Halls of Utterdark.
2031001	Cave-In
2031002	For the federation!
2031003	Ha! Take that, arachnens!
2031004	Kill relentless bloodclaw arachnens in the Halls of Shadow in the Tenebrous Mines.
2031005	&quot;For the federation!&quot;
2031006	Report to Maedoc at the Reliquary Station in the Halls of Shadow.
2032001	Clearing the Supply Route
2032002	For the federation!
2032003	Great work!
2032004	Kill hammerhand slaves and stonecrusher slaves blocking the supply route.
2032005	&quot;Glad I could help.&quot;
2032006	Report to Humam at the Utterdark Outpost in the Halls of Utterdark.
2033001	A Token Effort
2033002	Victory for Valkyon!
2033003	Well done.
2033004	Fighter's Scrip
2033005	Kill the Lokian reapers, devan outriders, and assassins in the Halls of Utterdark and collect their tokens.
2033006	Take the scrip to Kurbain in the northern part of the Halls of Utterdark.
2033007	&quot;It's an honor to serve.&quot;
2034001	A Venom-enal Effort
2034002	Watch your back!
2034003	Nice work.
2034004	Bloodclaw Venom Sac
2034005	Kill relentless bloodclaw arachnens in the Halls of Utterdark and collect their venom sacs.
2034006	Deliver venom sacs to Kurbain.
2034007	&quot;It's an honor to serve.&quot;
2035001	Clandestine Meeting
2035002	I hope she's okay.
2035003	Let's get moving.
2035004	&quot;Glad I could help.&quot;
2035005	Find Lamya in the southeastern Halls of Utterdark.
2036001	Glow Little Glowstone
2036002	Good luck.
2036003	For the federation!
2036004	&quot;For the federation!&quot;
2036005	Collect cultist's glowstones from deposits of glowing ore in the Halls of Utterdark.
2036006	Deliver the magic stones to Lamya.
2037001	Stop the Research
2037002	Watch yourself.
2037003	The mystery is unfolding.
2037004	Daily Research Journal
2037005	Kill the Lokian ebonweavers in the Halls of Utterdark and collect any research materials you find.
2037006	Deliver the research journal to Lamya.
2037007	&quot;It's an honor to serve.&quot;
2070001	(Guild) Suppression Orders: Slavers
2070002	Proof of Kill: Slaver Deaths
2070003	&quot;It was no trouble.&quot;
2070004	Kill the slave overseers, morale boosters, slave foremen, and cruel taskmasters in the Tenebrous Mines.
2070005	Report to Kayina in Chebika.
2071001	(Guild) Suppression Orders: Skeletons
2071002	Proof of Kill: Skeleton Deaths
2071003	&quot;For the federation!&quot;
2071004	Kill the skeleton troops on the second and third floors of the Tenebrous Mines.
2071005	Report to Kayina in Chebika.
2072001	(Guild) Suppression Orders: Bloodclaw Arachnens
2072002	Proof of Kill: Bloodclaw Arachnen Deaths
2072003	&quot;Glad I could help.&quot;
2072004	Kill the relentless bloodclaws in the Halls of Utterdark.
2072005	Report to Kayina in Chebika.
2122001	Checking the Movement of the Kulkaris
2122002	Be careful! I've got soldiers dropping like flies.
2122003	Perhaps it's been too quiet...
2122004	&quot;Interesting.&quot;
2122005	Find Hebbin.
2123001	Help the Relic Expedition
2123002	For the federation!
2123003	Our many thanks.
2123004	&quot;For the federation!&quot;
2123005	Visit Liska at the desert research station.
2124001	The Tooth Will Set You Free
2124002	For the federation!
2124003	We are much safer now.
2124004	Beldresk's Tooth
2124005	Go to Mags Tohopka and kill Beldresk. Bring back his tooth.
2124006	Deliver the tooth to Gattius at the Desert Research Station.
2124007	&quot;Thank you.&quot;
2125001	Desert Scavengers
2125002	Victory for Valkyon!
2125003	Phew, what a relief!
2125004	Kill the yurklag hyenas and the desert arachnen workers near the Desert Research Station.
2125005	&quot;For the federation!&quot;
2125006	Report to Kellan at the Desert Research Station.
2126001	Water in the Desert
2126002	We mentioned you would be paid handsomely for {@RawItem:206821}, yes?
2126003	Our many thanks.
2126004	&quot;Happy to help.&quot;
2126005	Obtain {@RawItem:206821}.
2126006	Deliver the {@RawItem:206821} to Tergur.
2127001	Holy Statue
2127002	The relics must be retrieved!
2127003	Now we can proceed with our research! Wonderful!
2127004	Holy Statue
2127005	Kill the Crag Stalkers to the west of the Desert Research Station. Retrieve the holy statues.
2127006	Deliver the statues to Liska at the Desert Research Station.
2127007	&quot;For the federation!&quot;
2128001	Lost Researcher
2128002	If he's alive, I'll kill him!
2128003	Let's get to work, shall we?
2128004	&quot;Glad I could help.&quot;
2128005	Find Aresk. He went east of the Vast Sands to study the stone pillar relics.
2129001	Blazing a Trail
2129002	Those blasted Crag Stalkers, so troublesome.
2129003	For the federation!
2129004	Kill Crag Stalker ragers and crushers.
2129005	&quot;For the federation!&quot;
2129006	Report to Nanarin.
2130001	Prophet's Staff
2130002	Victory for Valkyon!
2130003	Well done, soldier. Well done.
2130004	Prophet's Staff
2130005	Collect the staves of the Crag Stalker prophets and shamans.
2130006	Take the staves to Nanarin.
2130007	&quot;It was no trouble.&quot;
2131001	Archaeology 101
2131002	Good luck, and have fun with it!
2131003	Fascinating, to be sure...
2131004	&quot;For the federation!&quot;
2131005	Excavate relic fragments at the Vast Sands north of the entrance to the Stone Pillar Relics.
2131006	Deliver the scraps to Aresk.
2132001	Archaeology 102
2132002	Isn't the allure of discovery irresistible?
2132003	Marvelous, just marvelous!
2132004	&quot;Glad I could help.&quot;
2132005	Find fossils in the stone pillar relics in the eastern part of the Vast Sands.
2132006	Deliver them to Aresk.
2133001	A Ruined Journey
2133002	Be careful!
2133003	I really can't thank you enough.
2133004	Begin the escort.
2133005	Thank you!
2133006	Escort Borud to the Stone Pillar Relics.
2133007	&quot;Okay.&quot;
2133008	Speak with Borud.
2133009	&quot;It was no trouble.&quot;
2133010	Return to Aresk.
2134001	Unfound Treasure
2134002	For the federation!
2134003	Always more work to be done.
2134004	&quot;For the federation!&quot;
2134005	Visit Daien at the Barrens outpost.
2136001	Eau My Gods
2136002	We'll get to the bottom of this. We always do.
2136003	If not for the federation, then who? Right?
2136004	Orisk Pheremones
2136005	Kill brutal orisks and collect their pheremones.
2136006	Deliver the pheremones to Daien.
2136007	&quot;For the federation!&quot;
2137001	Medicinal Ingredients
2137002	For the federation!
2137003	Well done!
2137004	Cullar Sap
2137005	Kill the crag cullars and crag hopper tentacullars that live throughout Howling Vale.
2137006	Deliver the sap to Ledasi.
2137007	&quot;For the federation!&quot;
2139001	Attar Stones
2139002	Watch your back, soldier!
2139003	Impressive work!
2139004	Attar Stone
2139005	Collect attar stones from the vicious orisks.
2139006	Deliver attar stones to Daien at the Barrens Outpost.
2139007	&quot;It was no trouble.&quot;
2140001	Seeking Permission
2140002	Many thanks, soldier.
2140003	I'm sorry I couldn't be more help.
2140004	Daien
2140005	Daien's Request
2140006	Deliver the entry permit to Rhysart in the Desert Overwatch.
2140007	&quot;Understood.&quot;
2141001	Basilisk's Threat
2141002	Victory for Valkyon!
2141003	Well done!
2141004	Basilisk's Eyes
2141005	Kill the dusky basilisks in the Vale of Graves.
2141006	Report to Rhysart in the Desert Overwatch.
2141007	&quot;Glad I could help.&quot;
2142001	Aye, for an Eye
2142002	Please, be careful.
2142003	For the federation!
2142004	Basilisk Eye
2142005	Hunt down Bloodjaw in the southwestern part of the Vale of Graves.
2142006	Report to Vaton at Desert Overwatch.
2142007	&quot;Glad I could help.&quot;
2143001	Strongest Material in the World
2143002	Thanks in advance.
2143003	Great work!
2143004	Vicious Dusky Basilisk Scale
2143005	Kill the vicious dusky basilisks in the Vale of Graves and collect their scales.
2143006	Report to Rhysart at the Desert Overwatch.
2143007	&quot;For the federation!&quot;
2144001	Silent Scream
2144002	For the federation!
2144003	Another life lost.
2144004	Vale of Graves
2144005	That missing man must be around here...
2144006	Head southwest out of the Desert Overwatch.
2144007	Collect his belongings.
2144008	Search the area for the missing man.
2144009	Jerod
2144010	Jerod's belongings
2144011	Return Jerod's bag to Rhysart at the Desert Overwatch.
2144012	&quot;For the federation!&quot;
2145001	Eggs-cellent
2145002	Totally insane.
2145003	Hmm...I wonder what they taste like fried up with some bacon?
2145004	&quot;Just doing my duty.&quot;
2145005	Collect basilisk eggs from the Vale of Graves.
2145006	Report to Vaton at Desert Overwatch.
2170001	(Guild) Suppression Orders: Crag Stalkers
2170002	Proof of Kill: Crag Stalker Deaths
2170003	&quot;For the federation!&quot;
2170004	Kill the crag stalkers throughout Basilisk Crag.
2170005	Report to Kayina in Chebika.
2171001	(Guild) Suppression Orders: Vicious Basilisks
2171002	Proof of Kill: Vicious Basilisk Deaths
2171003	&quot;For the federation!&quot;
2171004	Subjugate the basilisks in the Vale of Graves.
2171005	Report to Kayina in Chebika.
2172001	(Guild) Suppression Orders: Deathglare
2172002	Proof of Kill: Deathglare's Death
2172003	&quot;For the federation!&quot;
2172004	Defeat Deathglare in Basilisk Crag.
2172005	Report to Kayina in Chebika.
2181001	Suppression Orders: Deathglare
2181002	Proof of Kill: Deathglare's Death
2181003	&quot;For the federation!&quot;
2181004	Defeat Deathglare in Basilisk Crag.
2181005	Report to Kayina in Chebika.
2221001	Eldritch Academy Reinforcement
2221002	That castle just gets stranger and stranger.
2221003	My thanks to the federation.
2221004	&quot;Okay.&quot;
2221005	Speak to Dullulu.
2221006	Eliminate Vadoma centaurs, redcap artisans, and wandmakers outside the Eldritch Academy.
2221007	For the federation.
2221008	Find Wheelow at the Eldritch Bastion on the second floor of Eldritch Academy.
2222001	Passing Notes
2222002	We must teach lessons! We must make examples!
2222003	Hmph! Mad or not, she's not helping!
2222004	Student's Letter
2222005	Collect letters from apprentice witches, as well as angry and frisky Mr. Purrfects.
2222006	Find Duani on the main floor.
2222007	&quot;Thanks.&quot;
2223001	Age and Treachery
2223002	I'll cane those vituperous brats!
2223003	Let's just keep this between us, shall we?
2223004	Stop the senior apprentices from wrecking efforts to save the academy.
2223005	&quot;I'm your servant.&quot;
2223006	Return to Drusla at the Eldritch Bastion.
2224001	Dark Tutelage
2224002	Those instructors need to be brought back into line.
2224003	Why would they act out this way?
2224004	Hunt down the shadow instructors throughout the Eldritch Academy.
2224005	&quot;Glad I could help.&quot;
2224006	Return to Drusla at the Eldritch Bastion.
2225001	Holiday Plans
2225002	The prefects and their ailuri toys must be stopped.
2225003	This used to be such a nice school...
2225004	Destroy the witch prefects and ailuri giantkillers around the second floor.
2225005	&quot;Thank you.&quot;
2225006	Report back to Keslyn at the Eldritch Bastion.
2226001	Methods to the Madness
2226002	No mere student could master magic of this magnitude!
2226003	I'm only a student, but I'll do my best.
2226004	&quot;I'm your servant.&quot;
2226005	Search the instructors' chests in the Athenaeum for the instructors' daily logs.
2226006	Return to Keslyn at Eldritch Bastion.
2227001	Going Down
2227002	Chalyn needs you more than I do.
2227003	This is madness! Utter chaos!
2227004	&quot;Happy to help.&quot;
2227005	Find Chalyn in the lower levels of the academy.
2228001	Things Are Looking Up
2228002	Find Ania in the Halls of Power.
2228003	I'll take all the help I can get.
2228004	&quot;Thanks.&quot;
2228005	Find Ania on the third floor of the academy.
2229001	Take Out the Head
2229002	Serena must be stopped.
2229003	It grieves me to see our headmistress laid low.
2229004	Serena's Necklace
2229005	Defeat Serena and recover her necklace.
2229006	Return to Wheelow.
2229007	&quot;Way to stay positive.&quot;
2230001	Harming Marm
2230002	Those curses are supposed to hurt intruders, not students!
2230003	Who's caused this?
2230004	Eliminate the blood marm on the second floor.
2230005	&quot;Thank you.&quot;
2230006	Return to Drusla at the Eldritch Bastion.
2231001	Teachers' Pets
2231002	We may have to sacrifice some to save the rest.
2231003	Those girls had such bright futures.
2231004	Stop the vadoma acolytes on the third floor.
2231005	&quot;For the federation!&quot;
2231006	Return to Thara.
2232001	Going for the Juggler
2232002	Vampir jesters are cagey—be cautious.
2232003	I guess the joke's on them.
2232004	Hunt down and destroy the mad vampiric jesters.
2232005	&quot;Glad I could help.&quot;
2232006	Return to Thara.
2233001	Snubbing the Aristocrats
2233002	This is our home, not theirs. Deal with them!
2233003	It's like this castle's a conduit for madness!
2233004	Destroy the vampir aristocrats who are trespassing at the academy.
2233005	&quot;Thanks.&quot;
2233006	Report back to Chalyn.
2234001	Playing with Shadows
2234002	Whatever they're brewing, we have to stop them!
2234003	If the potions caused the trouble, I wonder if we can cure it...
2234004	Stop the vadoma witches and shadow guides.
2234005	&quot;Happy to help.&quot;
2234006	Report back to Joysa.
2235001	Chaos Is Ugly
2235002	Be cautious! Iskaragards are powerful constructs.
2235003	This madness swept through student and teacher alike. Can we stop it?
2235004	Destroy the chaos guides and their iskaragards in the catacombs.
2235005	&quot;Thank you.&quot;
2235006	Report back to Chalyn.
2236001	Lok Up, Lok Down
2236002	We need to reclaim the catacombs.
2236003	Lokians? Here?
2236004	Defeat the dark cardinals and diminutive ovoliths in the catacombs of the academy.
2236005	&quot;Honored to serve.&quot;
2236006	Report back to Joysa.
2237001	Enemies in Low Places
2237002	Destroy anyone who gets in your way.
2237003	Someone wants the academy and they're willing to pay in blood!
2237004	Destroy the mekonari sorcerers and their ebon imp thralls in the Malefic Laboratories.
2237005	&quot;Thank you.&quot;
2237006	Find Mahagi in the Malefic Laboratories.
2238001	Suffering Fools
2238002	More jesters! Eliminate them!
2238003	Ugh! I can't get their stench out of my nose.
2238004	Slay the toxic vampiric jesters throughout the Malefic Laboratories.
2238005	&quot;Thank you.&quot;
2238006	Report back to Kyenryn.
2240001	Going to the Chapel
2240002	Those dark prelates will pay for their attack!
2240003	We'll deal with the altar once we reclaim our castle!
2240004	Slay the dark prelates and ensorceled disc reapers guarding the Altar of Vadoma.
2240005	&quot;Thanks.&quot;
2240006	Report to Cordella.
2250001	Cannons and Candy
2250002	Talk to {@LinkCreature:222#8001} to teleport to the Academy's party hall and defend the candy.
2250003	&quot;Happy Halloween!&quot;
2250004	Report to {@LinkCreature:222#8001}.
2251001	The Party Bouncer
2251002	Gourdo Traces
2251003	&quot;I love a good party!&quot;
2251004	Kick Gourdo out of the party hall, and bring traces of his departure to Titiana.
2251005	
2270001	(Guild) Suppression Orders: Senior Apprentices
2270002	Proof of Kill: Apprentice Deaths
2270003	&quot;For the federation!&quot;
2270004	Defeat senior apprentices in the first, second, and third floors of Eldritch Academy.
2270005	Report to Nidella in Pora Elinu.
2271001	(Guild) Putting Them in Their Place
2271002	Vadoma Medallions
2271003	&quot;Thank you.&quot;
2271004	Kill the vadoma acolytes on the third floor and collect their medallions.
2271005	Report to the reward coordinator.
2272001	(Guild) Suppression Orders: Traitors
2272002	Proof of Kill: Traitor Deaths
2272003	&quot;For the federation!&quot;
2272004	Eliminate vadoma witches and shadow guides in the western section of the Malefic Laboratories and the Witch-Queen Catacombs.
2272005	Report to Nidella in Pora Elinu.
2305001	A Tale of Two Tails
2305002	&quot;What kind of mission are we talking about?&quot;
2305003	&quot;As ordered!&quot;
2305004	Report to Seir in Velika.
2305005	&quot;I'll do my best.&quot;
2305006	Take a pegasus to Pora Elinu and report to Lienyn.
2305007	&quot;I'll do what I can.&quot;
2305008	Speak with Princess Arin.
2305009	&quot;If that's the only way to end this.&quot;
2305010	Listen to Arin's tale.
2305011	&quot;Yes, highness.&quot;
2305012	Collect dewdrop buds for Arin's potion.
2305013	Deliver the buds to Arin.
2305014	&quot;Thank you.&quot;
2305015	Climb the vines near the entrance to Pora Elinu and find Sujai.
2305016	&quot;I'll do my best.&quot;
2305017	Deliver Rida's hair to Arin.
2305018	Deliver Rida's hair to Arin.
2306001	Sibling Rivalry
2306002	&quot;Thank you.&quot;
2306003	Go to Rupeush at the Emergency Camp east of Pora Elinu.
2306004	&quot;I'm ready.&quot;
2306005	Speak with Porthea.
2306006	Speak with Rida and give her the hypnotic draught.
2306007	Her expression softens as the draught takes effect. Suddenly, her eyes flash and she glares at you!
2306008	&quot;Count on me.&quot;
2306009	Speak with Princess Rida and convince her to make peace with Arin.
2306010	Rhokasi's Heart
2306011	Kill Rhokasi the Mad at the Bloodtalon Camp east of the Lake of Tears.
2306012	Bring Rhokasi's heart to Princess Rida in the Bloodtalon Camp.
2306013	&quot;Very fair, Princess.&quot;
2306014	&quot;Okay.&quot;
2306015	Bring Princess Rida's letter to Princess Arin of Pora Elinu.
2306016	&quot;I'll consider it.&quot;
2306017	Return to Pora Elinu and speak with Rida.
2306018	&quot;Farewell, Princess.&quot;
2306019	Speak with Princess Arin.
2306020	&quot;I'll do my best.&quot;
2306021	Speak with Lienyn.
2307001	The Domain of Witches
2307002	Never a moment's rest!
2307003	&quot;That's reasonable.&quot;
2307004	Talk to Dullulu.
2307005	&quot;I'll do my best.&quot;
2307006	Find Hamni on the Eldritch Academy Grounds.
2307007	&quot;I'll do my best.&quot;
2307008	Speak with Wheelow at the Eldritch Bastion.
2308001	The Precocious Apprentice
2308002	Confront Taera in Serena's Park and take her diary.
2308003	&quot;Okay.&quot;
2308004	Take Taera's diary to Wheelow.
2308005	Take Taera's diary to Wheelow.
2308006	&quot;I'll get going.&quot;
2308007	Find Tarin at the Professors Redoubt.
2308008	&quot;Sure, I can do that.&quot;
2308009	Find Cordella in the Malefic Laboratories.
2308010	&quot;I'll do what I can.&quot;
2308011	Use the teleportal in the Hall of Vadoma to follow Hallie, and protect her at all costs.
2308012	Reactivate the ephemeral guardian.
2308013	Protect Hallie while she restores the ephemeral guardian.
2308014	Okay.
2308015	Speak with Hallie.
2308016	Activate the ephemeral guardian.
2308017	&quot;I'll do my best.&quot;
2308018	Return to Beryn at Pora Elinu.
2321001	Shoring Up
2321002	Serelia will be glad to see you!
2321003	Done squawking!
2321004	&quot;Thanks.&quot;
2321005	Speak with Centurion Serelia at the Emergency Camp.
2322001	Living off the Land
2322002	Hardened bark is almost as tough as metal!
2322003	I bet we can put this to good use!
2322004	Hardened Bark
2322005	Collect hardened bark from ironwood ghilliedhus.
2322006	Return to Zandre.
2322007	&quot;Glad I could help.&quot;
2323001	Un-bearable Lightness of Being
2323002	Those bears are so mean!
2323003	Why does the princess want herbs?
2323004	Kill some bristleback bears to take pressure off of the federation contingent.
2323005	&quot;Happy to help.&quot;
2323006	Return to Nioong.
2324001	Famous Lost Wines
2324002	Those wines are part of our heritage!
2324003	When it's time, you and I'll split a bottle!
2324004	Wine Bottle
2324005	Collect wine bottles from the popori exiles.
2324006	Deliver the bottles back to Rolma.
2324007	&quot;You're welcome.&quot;
2325001	The Sabercat's Meow
2325002	It's dangerous to go alone. You go!
2325003	I have a healthy respect for a sabercat's combat ability.
2325004	Thin out the moonlight stalker population around the Lake of Tears.
2325005	&quot;Thanks.&quot;
2325006	Report back to Rolma.
2326001	I Thought You'd Be Taller
2326002	You're earning quite a reputation.
2326003	Let's do this!
2326004	&quot;My pleasure.&quot;
2326005	Report to Lohona.
2327001	A Walk in the Moonlight
2327002	Eat or be eaten, am I right?
2327003	Fine work, my friend!
2327004	Hunt down the moonlight sabertooths.
2327005	&quot;Glad I could help.&quot;
2327006	Report back to Deiton.
2328001	Only You Can Prevent Forest Fires
2328002	Fangspawns aren't exactly indigenous to the area.
2328003	Perhaps the Mysterium can tell us something about these cores.
2328004	Fiery Core
2328005	Collect fiery cores from the molten fangspawns.
2328006	Report back to Reska.
2328007	&quot;Thanks.&quot;
2329001	Those Little Witches
2329002	We must deal with those rogues!
2329003	We'll rest easier with those witches dead.
2329004	Stop the rogue elin witches and their pet piglings.
2329005	&quot;Thank you.&quot;
2329006	Report back to Debli.
2330001	Speaking in Jest
2330002	The jesters and kobolds are making trouble for us.
2330003	This used to be such a quiet kingdom.
2330004	Slay the malicious jesters and kobold mercenaries.
2330005	&quot;Honored to serve.&quot;
2330006	Report back to Debli.
2331001	Transfer Orders
2331002	Up to the task?
2331003	Perfect timing!
2331004	&quot;Many thanks.&quot;
2331005	Report to Naikara.
2332001	What Comes after Charred?
2332002	Deal with those fangspawns before they incinerate the forest!
2332003	Only you could have prevented the forest fires.
2332004	Hunt the searing fangspawn east of the Emergency Camp.
2332005	&quot;Thank you very much.&quot;
2332006	Report to Nurun.
2333001	Who Kills the Watchers
2333002	There's no place for traitors in this army!
2333003	Who cares what kind of ears the royal flag has?
2333004	Defeat the guerrilla officers and popori rebels east of the Emergency Camp.
2333005	&quot;As ordered!&quot;
2333006	Report back to Yawo.
2333007	&quot;Many thanks.&quot;
2333008	Report on the situation to General Menani.
2334001	Gardens of Stone
2334002	The teraliths no longer follow their true purpose.
2334003	I wonder what caused the change in their behavior...
2334004	Seal Stone
2334005	Destroy the lurking teraliths and collect their seal stones.
2334006	Report back to Serelia.
2334007	&quot;Many thanks.&quot;
2335001	Cultists and Dogs Keep off Grass
2335002	There's no place in the kingdom for Lokians!
2335003	The princesses had best settle this dispute—and soon!
2335004	Defeat the Lokians gathering far to the east of the Lake of Tears.
2335005	&quot;My pleasure.&quot;
2335006	Speak with General Menani.
2336001	Uninvited...with Extreme Prejudice
2336002	Deal with those interlopers!
2336003	We're grateful to the federation—and you!
2336004	Kill the trickster jesters and kobold bloodletters east of the Lake of Tears.
2336005	&quot;Happy to help.&quot;
2336006	Go back to Kemyu at the Emergency Camp.
2337001	Purging the Aristocracy
2337002	The vampirs never caused trouble before.
2337003	I hope the rebels learned their lesson.
2337004	Eliminate the vampir and popori insurgents aiding the rebels.
2337005	&quot;Thank you very much.&quot;
2337006	Report back to Yawo.
2370001	(Guild) Horned Harvest
2370002	Noruk Hide
2370003	&quot;Thank you.&quot;
2370004	Collect noruk hides from Mooncrest Noruks.
2370005	Report to the reward coordinator.
2371001	(Guild) Suppression Orders: Molten Fangspawns
2371002	Proof of Kill: Fangspawn Deaths
2371003	&quot;For Valkyon!&quot;
2371004	Eliminate the molten fangspawn in the Lake of Tears.
2371005	Report to Nidella in Pora Elinu.
2372001	(Guild) Suppression Orders: Trunus
2372002	Proof of Kill: Trunus's Death
2372003	&quot;For the federation!&quot;
2372004	Defeat Trunus near the Lake of Tears.
2372005	Report to Nidella in Pora Elinu.
2381001	Suppression Orders: Trunus
2381002	Proof of Kill: Trunus's Death
2381003	&quot;For the federation!&quot;
2381004	Defeat Trunus near the Lake of Tears.
2381005	Report to Nidella in Pora Elinu.
2421001	Desert Rats
2421002	Don't know what's worse...kobolds or the federation.
2421003	You took action. I appreciate that.
2421004	Wipe out the Sand Wind kobold looters, lobbers, and headhunters on the Desert of Plunder near Tulufan.
2421005	&quot;Happy to be of service.&quot;
2421006	Return to Magistrate Turrek in Tulufan.
2422001	Wretched Thirst
2422002	We need that water urgently.
2422003	This will last for at least a few days.
2422004	&quot;For the federation!&quot;
2422005	Go to the Abandoned Tent Village in the Desert of Plunder west of Tulufan, and retrieve the stolen water barrels.
2422006	Return to Magistrate Turrek in Tulufan.
2423001	Pulling Strings
2423002	Kill all you want. There'll always be more.
2423003	Stamped Supply Crate
2423004	Removed Stamp
2423005	Bring the removed stamp to Baruch.
2423006	&quot;I've got it.&quot;
2423007	Animal Hide
2423008	Hunt Sand Wind reapers and sandpaw hyenas and collect their leather.
2423009	Report back to Baruch.
2423010	&quot;Glad to be of service!&quot;
2424001	Stop Living Large
2424002	Wonder what's on fire?
2424003	Hope you're tougher than my crew.
2424004	&quot;Understood!&quot;
2424005	Find Fayza and listen to her report.
2424006	&quot;Most generous. Thanks.&quot;
2424007	Report to Tribune Veltana at the West Watchpost on Aurum Road.
2425001	You've Been Voluntold
2425002	Kill a lizard, save a soldier.
2425003	Maybe I should have asked for tails...
2425004	Storm Lizard Claws
2425005	Seek and destroy swift storm lizards and recover their claws.
2425006	Bring the claws back to Veltana at the West Watchpost.
2425007	&quot;For the federation!&quot;
2426001	Scourge the Sands
2426002	Thin 'em out a little.
2426003	Well done!
2426004	Hunt Sand Wind scavengers near the West Watchpost.
2426005	&quot;They shouldn't bother you anymore.&quot;
2426006	Return to Loqa at the West Watchpost.
2427001	Ancient Relic
2427002	We're in this together, right?
2427003	These will turn a profit.
2427004	The pleasure was all mine.
2427005	Scour the central region of Aurum Road and collect ancient relics.
2427006	Return to Elston at the West Watchpost.
2428001	One Crisis, One Soldier
2428002	I'm sorry to lose you.
2428003	At least you're alive.
2428004	&quot;For the federation!&quot;
2428005	Report to Stadrian at Sandwalker Refuge.
2429001	Party Beads
2429002	We'll make a killing!
2429003	Nice day's work!
2429004	Orcan Necklace
2429005	Recover necklaces from horned orcan berserkers on Aurum Road.
2429006	Report back to Carithia at Sandwalker Refuge.
2429007	&quot;No trouble at all!&quot;
2430001	A Dark Crystal
2430002	There's enough in this for both of us.
2430003	Easy money.
2430004	Kumas Crystal
2430005	Kill kumases along Aurum Road and find a necklace with a kumas crystal.
2430006	Return to Kalminius at Sandwalker Refuge.
2430007	&quot;Happy to help!&quot;
2431001	The Vanguard
2431002	I hope Qasimir's still alive.
2431003	Ready to fight?
2431004	Eliminate Sand Wind scavengers along the southwest Aurum Road.
2431005	&quot;For the federation!&quot;
2431006	Go to Qasimir hiding near the Sand Wind Village entrance on South Aurum Road.
2432001	Lost Contact
2432002	I don't hold out much hope.
2432003	So much out here can kill you.
2432004	&quot;Rest in peace, my friend.&quot;
2432005	&quot;Rest in peace, my friend.&quot;
2432006	&quot;Rest in peace, my friend.&quot;
2432007	&quot;Rest in peace, my friend.&quot;
2432008	Search for the missing federation patrol.
2432009	Fallen Federation Soldier
2432010	Service Medal
2432011	Deliver the service medals to Stadrian.
2432012	&quot;I'm sorry for your loss.&quot;
2432013	&quot;Yeah. Let's do this.&quot;
2432014	Find Qasimir near the entrance to Sand Wind Village.
2433001	War of Attrition
2433002	It's worth good money to have them dead.
2433003	I'm back in business, thanks to you.
2433004	Sand Wind Kulkari
2433005	Eliminate the Sand Wind kulkaris!
2433006	&quot;Glad to be of service!&quot;
2433007	Report to Wolfran near the entrance to Sand Wind Village.
2434001	Arena of Terror
2434002	You're better at this kind of thing anyway.
2434003	It's all for the best, I'm sure.
2434004	Merkaratos Scale
2434005	Kill the beast lurking in the arena at Sand Wind Village.
2434006	Report to Qasimir near Sand Wind Village.
2434007	It's done.
2435001	Winds of War
2435002	I've got your back.
2435003	It's as much a mystery as ever.
2435004	Dark Relic
2435005	Destroy the eldritch warpers and blackguards east of Sand Wind Village, and recover any possessions.
2435006	Report back to Qasimir with the Dark Relic.
2435007	Much appreciated.
2436001	Beach Blanket Demons
2436002	I'd do it myself, but you know...they'd kill me.
2436003	What a relief!
2436004	Eliminate the vulcans along the coast of Aurum Road.
2436005	No trouble at all!
2436006	Report to Elsine at Torrent Outpost on Aurum Road.
2437001	Demons Ruin Everything
2437002	We could learn a lot from those fragments.
2437003	They practically howl with arcane energy. Fascinating.
2437004	Infused Armor Fragment
2437005	Eliminate the bloodhorn maligoses surrounding the relics north of the coast.
2437006	Bring the armor fragments to Elsine at the Torrent Outpost.
2437007	At your service.
2438001	Seeking Sea Shells by the Seashore
2438002	Those clams could make my fortune.
2438003	Maybe I'll save a few for myself.
2438004	Glad to be of service!
2438005	Find derasa clam shells from the west coast of Aurum Road.
2438006	Deliver derasa clam shells to Lusinde at Torrent Outpost.
2439001	Guarding the Ruins
2439002	They're not good, but their mana is.
2439003	An orb is an orb is an orb.
2439004	Eldritch Heart
2439005	Collect eldritch hearts from eldritch masters and skullcleavers guarding the Storst Ruins.
2439006	Bring the eldritch hearts to Loseith at Torrent Outpost.
2439007	&quot;Have a heart.&quot;
2439008	&quot;At your service.&quot;
2439009	Bring the eldritch hearts to Elsine at Torrent Outpost.
2440001	My Life Is in Ruins
2440002	Hit them where it hurts.
2440003	One less worry for us.
2440004	Kill the yearning vulcans in the ruins.
2440005	&quot;For the federation!&quot;
2440006	Return to Raquib at Torrent Outpost.
2441001	Protector of the Source
2441002	Maligos Horns are a hot item right now.
2441003	I feel richer, too.
2441004	Runekeeper's Horn
2441005	Eliminate sly runekeepers at the Redoubt of Lok east of the Sand Wind Village.
2441006	Go back to Wolfran at the entrance to the Sand Wind Village.
2441007	&quot;I've got it.&quot;
2470001	(Guild) Suppression Orders: Tulufan Beasts
2470002	Proof of Kill: Beast Deaths
2470003	&quot;For the federation!&quot;
2470004	Kill the wolves and hyenas roaming over the Desert of Plunder.
2470005	Report to Delwen in Tulufan.
2471001	(Guild) Suppression Orders: Swift Storm Lizards
2471002	Proof of Kill: Storn Lizard Deaths
2471003	&quot;Glad to be of service.&quot;
2471004	Eliminate the swift storm lizards on Aurum Road.
2471005	Report to Delwen in Tulufan.
2472001	(Guild) Suppression Orders: Desert Lightning Kumas
2472002	Proof of Kill: Lightning Kumas Deaths
2472003	&quot;Glad to be of service.&quot;
2472004	Eliminate the kumases roaming Aurum Road.
2472005	Report to Delwen in Tulufan.
2473001	(Guild) Suppression Orders: Solrachnus
2473002	Proof of Kill: Solrachnus's Death
2473003	&quot;For the federation!&quot;
2473004	Defeat Solrachnus in Aurum Road.
2473005	Report to Delwen in Tulufan.
2481001	Suppression Orders: Solrachnus
2481002	Proof of Kill: Solrachnus's Death
2481003	&quot;For the federation!&quot;
2481004	Defeat Solrachnus in Aurum Road.
2481005	Report to Delwen in Tulufan.
2501001	Secrets Not Meant to Be Known
2501002	&quot;The ancient giants have fallen asleep again. How disappointing.&quot;
2501003	&quot;Okay.&quot;
2501004	You've been recalled to Velika. Report to Commander Seir at the Valkyon Federation Headquarters.&#xA;[Press &lt;img src='img://__Icon_KeyboardShape.Keyboard_I' width='18' height='18' vspace='-6'/&gt; to open your inventory and confirm the return order.]
2501005	&quot;Okay.&quot;
2501006	Speak with Elleon at the Valkyon Federation Headquarters.
2501007	&quot;Okay.&quot;
2501008	Take a pegasus to Tulufan and speak with Elsine.
2501009	&quot;Okay.&quot;
2501010	Report back to Baruch.
2501011	&quot;Okay.&quot;
2501012	Go to Kardelen at Camp Marrakeen in Colossal Ruins.&#xA;[Use the {@LinkCreature:66#1015#Teleportal} in Tulufan.]
2501013	&quot;Can't let you near the arena! You devil's servants!&quot;
2501014	&quot;Ynorr's power will never be yours!&quot;
2501015	&quot;Die, devils!&quot;
2501016	&quot;You are too slow to claim the power of Surtr!&quot;
2501017	&quot;Hold off the devil's servants!&quot;
2501018	&quot;You will never find Worlkir! Or his secrets!&quot;
2501019	Go to the Colossal Ruins and eliminate Desert Fire tribe destroyers, ragers, and prophets of Mags Kurata and Mags Kuchanaru.
2501020	&quot;I'll ask.&quot;
2501021	Speak to Kardelen.
2501022	&quot;I understand.&quot;
2501023	Speak with Dinian and ask what the Desert Fire meant.
2501024	&quot;Okay.&quot;
2501025	Speak with Arcanist Mirak.
2501026	&quot;Okay.&quot;
2501027	Speak with {@linkcreature:218#1009#Chenast} at Colossal Ruins and ask where the scion leader is.
2501028	Scion Hideout
2501029	High Priestess Akia is giving out orders.
2501030	Search for {@linkcreature:18#107#Adarak} and {@linkcreature:18#108#Jerexis}.
2501031	Scion Orders
2501032	&quot;How did you find us?&quot;
2501033	&quot;We will see Lok resurrected.&quot;
2501034	&quot;Fresh meat.&quot;
2501035	&quot;You smell like meat.&quot;
2501036	Eliminate {@linkcreature:18#107#Adarak} and {@linkcreature:18#108#Jerexis} north of the Plaza of the Mighty and obtain their orders.
2501037	Go to {@linkcreature:18#1035#Majuel} and show the scion orders.
2501038	&quot;I understand.&quot;
2501039	&quot;Let's go.&quot;
2501040	Speak with {@linkcreature:18#1035#Majuel}.
2501041	&quot;I understand.&quot;
2501042	Scion Orders
2501043	Speak with Arcanist Mirak.
2501044	&quot;Okay.&quot;
2501045	&quot;Okay.&quot;
2501046	Go to Nema east of the Temple of Tithus.
2501047	&quot;Here goes nothing.&quot;
2501048	Go to the {@linkcreature:218#1501#teleportal} in the center of the temple.
2501049	Use the {@linkcreature:218#1501#teleportal} to enter the Vault of Glory. Eliminate all Scions of Lok and destroy the anguish shard.
2501050	&quot;Okay.&quot;
2501051	&quot;Okay.&quot;
2501052	&quot;Okay.&quot;
2501053	Speak with the freed giants.
2501054	&quot;Okay.&quot;
2501055	Report to Mirak at Sietch Bidaum in the Colossal Ruins.
2501056	Use Mirak's teleportal scroll and go to Tulufan.&#xA;[Press &lt;img src='img://__Icon_KeyboardShape.Keyboard_I' width='18' height='18' vspace='-6'/&gt; to open your inventory and use the Tulufan Teleport Scroll.]
2501057	Tell Elsine what the scions are up to.
2501058	&quot;Okay.&quot;
2501059	Report to Elsine in Tulufan.
2502001	A Race through Dark Places
2502002	&quot;Okay.&quot;
2502003	It’s an emergency recall order. Report to Raciel in Tulufan.
2502004	&quot;Okay.&quot;
2502005	Go to Tulufan and speak with Brurun.
2502006	&quot;Okay.&quot;
2502007	Deliver the news about Elleon to Baruch in Tulufan.
2502008	&quot;Okay.&quot;
2502009	Meet Orlaith at the Crusader Camp.&#xA;[Use the {@LinkCreature:66#1015#Teleportal} to go to Crusader Camp.]
2502010	&quot;Okay.&quot;
2502011	Find Elsine in the Cathedral Redoubt far south in the Shattered City.
2502012	&quot;Okay.&quot;
2502013	Find Rendalf in the Dark Cathedral.
2502014	&quot;Okay.&quot;
2502015	Find Karus near the teleportal.
2502016	Eliminate Nurkrasid, Valursus, and Masakrad and take their mementos of sacrifice.
2502017	Activate the {@linkobject:31#summoning stone} in the Chapterhouse of the Dark Cathedral to summon Libtrixas. 
2502018	Kill Libtrixas!
2502019	&quot;I understand.&quot;
2502020	Deliver the news to Runha that you have defeated Libtrixas.
2503001	Dark Dreams Sundered
2503002	Please be careful.
2503003	We shouldn't have to worry about the Scions of Lok anymore.
2503004	&quot;For the federation!&quot;
2503005	Enter the Cultists' Refuge and speak with Jelena.&#xA;[[You must select Cultists' Refuge (Solo) through {@LinkCreature:225#1023#Runha} to advance this quest.] 
2503006	&quot;Thank you.&quot;
2503007	Speak with Nullu.
2503008	&quot;Okay.&quot;
2503009	Activate the {@linkcreature:3003#1008#Eastern Wardstone} in the northern room to open the gate to the eastern sector. Find {@linkcreature:3003#1023#Davina}.
2503010	Atel Akaad forever!
2503011	Urgh...Terkasia...
2503012	Defeat {@linkcreature:3003#3609#Galanos}.
2503013	Activate the wardstone.
2503014	Activate the {@linkcreature:3003#1011#Western Wardstone} and open the western sector entrance.&#xA;[Select 'Look at the crest.' on the Western Wardstone to open the entrance.]
2503015	&quot;Understood.&quot;
2503016	Activate the Western Wardstone, then return to Jelena in the central hallway.
2503017	&quot;I'm on it.&quot;
2503018	Speak with Nullu.
2503019	Western Sector of the Cultists' Refuge
2503020	That woman looks suspicious. Interrogate her.
2503021	Scout the western sector and find High Priestess Akia.
2503022	Eliminate High Priestess Akia and Terkasia.
2503023	&quot;Interesting. I'll look into that.&quot;
2503024	Speak with Elleon.
2503025	Use the explosives to destroy Samael's Soul Stone.
2503026	&quot;I was glad to help.&quot;
2503027	Report to Elleon.
2505001	The Guardian of Velika
2505002	Glory to Valkyon's new champion!
2505003	&quot;Very well.&quot;
2505004	It's an emergency recall order. Report to Baruch in Tulufan.
2505005	&quot;I'll do that.&quot;
2505006	Go back to Velika and speak with Troius at the pegasus platform.
2505007	I'll find him.
2505008	Report to Adjutant Uriela in front of the Valkyon Federation Headquarters in Velika.
2505009	&quot;Thank you, sir.&quot;
2505010	Go to Commander Seir at Valkyon Federation Headquarters in Velika.
2505011	&quot;Lead the way.&quot;
2505012	Go to Elleon waiting in front of the goddess's statue near Velik's Stairs in Velika.
2505013	&quot;Honored to be of service.&quot;
2505014	Speak with Elleon.
2521001	Eliminate Remorseless Hyenas
2521002	I wonder if hyena tastes any good?
2521003	Fewer of them and more food for us. I like that trade.
2521004	Hunt remorseless hyenas near the Deserted Road Camp.
2521005	&quot;Glad to be of service.&quot;
2521006	Report to Orlaith at the Deserted Road Camp.
2522001	Bitterly Sour Fruit
2522002	I guess we must be pretty desparate.
2522003	How does anyone eat this offal?
2522004	&quot;Glad to be of service.&quot;
2522005	Gather fruit from the fragrant roses.
2522006	Deliver the rosehips to Orlaith at the Crusader Camp.
2523001	Dominating Shackles
2523002	The secret's in the shackles. I'm sure of it.
2523003	Very clever. Also evil.
2523004	Psycho-Suppressive Shackles
2523005	Collect psycho-suppressive shackles from devan prelates and skeletal wardens in the west of the Shattered City.
2523006	Take the psycho-suppressive shackles to Heleid at Cathedral Redoubt.
2523007	&quot;Glad to be of service.&quot;
2524001	Hunt for Simple Comparison
2524002	We're close to finding the secret.
2524003	Davina needs help!
2524004	Superior Shackles
2524005	Collect superior shackles from the skeletal defenders in the Shattered City.
2524006	Take the superior shackles to Heleid at the Cathedral Redoubt.
2524007	&quot;I've got it.&quot;
2524008	Heleid
2524009	Heleid's Letter
2524010	Deliver Heleid's letter to Deigan.
2524011	Take out the letter.
2524012	Investigator Heleid
2524013	Davina's Letter
2524014	Bring the scroll to Elsine.
2524015	&quot;Glad to be of service.&quot;
2525001	Good Night, Dread Knights
2525002	Clear me a path.
2525003	Well done.
2525004	Hunt the dread knights in the Shattered City.
2525005	&quot;Glad to be of service.&quot;
2525006	Report to Essunia in the Cathedral Redoubt near the entrance of the Dark Cathedral.
2526001	It Just Won't Die
2526002	They're slightly less creepy when they're dead.
2526003	Nice work.
2526004	Frenzied Core
2526005	Collect frenzied cores from the skeletal pikemen in the Northeast Shattered City.
2526006	Take the cores to Essunia at the Scholar's Refuge.
2526007	&quot;Glad to be of service.&quot;
2527001	Offense Is the Best Defense
2527002	Just get them out of our way!
2527003	Nicely done!
2527004	Reaver's Core
2527005	Eliminate devan reavers on the west ridge of the Shattered City.
2527006	Report to Jahdami in the Cathedral Redoubt.
2527007	&quot;Glad to be of service.&quot;
2528001	To the Cathedral
2528002	Tell him hello from me.
2528003	How much worse could it get, really?
2528004	&quot;Glad to be of service.&quot;
2528005	Report to Rendalf at the Vindicator Redoubt.
2529001	Always the Latest Intelligence
2529002	Just keep killing until you find it.
2529003	There's no time to lose!
2529004	Scouting Report
2529005	Eliminate devan deathmasters and obtain their reports.
2529006	Deliver the scouting reports to Coordinator Culetta at Vindicator Redoubt.
2529007	&quot;I've got it.&quot;
2529008	Coordinator Culetta
2529009	Requisition for Reinforcements
2529010	Deliver the requisition to Prefect Rendalf at Vindicator Redoubt.
2529011	&quot;Glad to be of service.&quot;
2530001	Preemptive Strike for Victory
2530002	I want to see those skulls!
2530003	That's one way to get ahead.
2530004	Undead General's Skull
2530005	Collect skulls from the ossugon warchiefs in the Dark Cathedral.
2530006	Report to Rendalf at the Vindicator Redoubt.
2530007	&quot;Glad to be of service.&quot;
2531001	A King-Sized Pet
2531002	You don't want to fight them alone.
2531003	That's the fimbrilisk problem sorted!
2531004	Creature's Core
2531005	Eliminate cruel fimbrilisks and collect the creature's core.
2531006	Report to Culetta at the Vindicator Redoubt.
2531007	&quot;Glad to be of service.&quot;
2532001	Break through Lokian's Defense
2532002	I want them to feel the sting.
2532003	You're very good at this killing thing.
2532004	Eliminate the Lokian snipers and Lok blood reapers in the Dark Cathedral.
2532005	&quot;Glad to be of service.&quot;
2532006	Report to Rendalf at the Vindicator Redoubt.
2533001	Evil Scripture
2533002	I'm curious. Aren't you?
2533003	If they believe that, I almost feel sorry for them.
2533004	Cultist Scripture
2533005	Collect cultist scriptures from the dark bishops.
2533006	Bring the cultist scriptures to Rendalf at the Vindicator Redoubt.
2533007	&quot;Glad to be of service.&quot;
2534001	Fanatics and Thieves
2534002	Don't turn your back on them!
2534003	That was a great help. Thank you.
2534004	Eliminate devan vanguards and caiman scavengers in the Dark Cathedral.
2534005	&quot;Glad to be of service.&quot;
2534006	Report to Rendalf at the Vindicator Redoubt.
2535001	Secret Agent Man
2535002	He won't be easy to find.
2535003	Let's get to work, shall we?
2535004	&quot;Glad to be of service.&quot;
2535005	Find Secret Agent Jacobi hiding inside a waterway in the Dark Cathedral.
2536001	In Deeper
2536002	Ask Doron about Runha.
2536003	The others went through the teleportal.
2536004	&quot;Got it. Thanks.&quot;
2536005	Speak with Doron about Runha's whereabouts.
2536006	&quot;Smart move.&quot;
2536007	Find Runha in the Grand Chapel.
2537001	Dark Deeds
2537002	It's an unpleasant business, but necessary.
2537003	You will, of course, keep this between us.
2537004	&quot;I've got it.&quot;
2537005	Meet Madragath.
2537006	Continue your investigation.
2537007	Continue your investigation.
2537008	Continue your investigation.
2537009	Investigate the fanatic's corpse.
2537010	&lt;PCNAME&gt;
2537011	Belongings of the Dead
2537012	Bring the belongings of the dead to Secret Agent Jacobi.
2537013	&quot;I've got it.&quot;
2537014	Secret Agent Jacobi
2537015	Cultist Report
2537016	Bring the report to Aureum Prefect Rendalf at the Vindicator Redoubt.
2537017	&quot;I did my duty.&quot;
2539001	Hunt Shurian Champions
2539002	The crests are the real prize.
2539003	I'll make good use of the mana in these.
2539004	Shurian Champion's Crest
2539005	Collect crests from shurian champions in the Grand Chapel.
2539006	Deliver the shurian champion's crests to Karus in the Dark Cathedral.
2539007	&quot;Glad to be of service.&quot;
2540001	Hunt Down the Fanatic Priests
2540002	If it's not one crazy lot, it's another.
2540003	A little less crazy in the world is a good thing.
2540004	Fanatic's Crest
2540005	Collect fanatic's crests from primal Lokians in the Grand Chapel.
2540006	Deliver the fanatic's crests to Karus in the Dark Cathedral.
2540007	&quot;Glad I could help.&quot;
2541001	Commander Must Take the Fall
2541002	Let's hit the leadership this time.
2541003	Well done!
2541004	Eliminate Lokian darkweavers and hallowed Lokian knights in the western sector of the Grand Chapel.
2541005	&quot;Glad to be of service.&quot;
2541006	Report to Karus in the Dark Cathedral.
2548001	Burning Zeal
2548002	Eliminate the Lokian zealots and Lokian fanatics in the Dark Cathedral.
2548003	&quot;Victory for Valkyon!&quot;
2548004	Report back to Jacobi.
2570001	(Guild) Suppression Orders: Cultist Advance Party
2570002	Proof of Kill: Advance Party Deaths
2570003	&quot;Glad to be of service.&quot;
2570004	Defeat the cultist advance party at the secret entrance to the Dark Cathedral.
2570005	Report to Delwen in Tulufan.
2571001	(Guild) Suppression Orders: Undead Soldiers
2571002	Proof of Kill: Undead Soldier Deaths
2571003	&quot;Glad to be of service.&quot;
2571004	Eliminate the undead and cultists in the Shattered City.
2571005	Report to Delwen in Tulufan.
2572001	(Guild) Suppression Orders: Cathedral Cultists
2572002	Proof of Kill: Cathedral Cultist Deaths
2572003	&quot;Glad to be of service.&quot;
2572004	Eliminate the cultists in the Priests Chapel and the Public Hall.
2572005	Report to Delwen in Tulufan.
2573001	(Guild) Suppression Orders: Cultist Priests
2573002	Proof of Kill: Cultist Priest Deaths
2573003	&quot;Glad to be of service.&quot;
2573004	Eliminate the cultists on the Grand Chapel area.
2573005	Report to Delwen in Tulufan.
2670001	(Guild) Suppression Orders: Resurrected Forest Creatures
2670002	Proof of Kill: Resurrected Forest Creature Deaths
2670003	&quot;For the federation!&quot;
2670004	Eliminate the revivified cromoses and noruks, and the resurgent ghilliedhus in Blessing Basin.
2670005	Report to Chian in Tralion.
2671001	(Guild) Suppression Orders: Andras
2671002	Proof of Kill: Andras's Death
2671003	&quot;For the federation!&quot;
2671004	Defeat Andras in Blessing Basin.
2671005	Report to Chian in Tralion.
2681001	Suppression Orders: Andras
2681002	Proof of Kill: Andras's Death
2681003	&quot;For the federation!&quot;
2681004	Defeat Andras in Blessing Basin.
2681005	Report to Yria in Tralion.
2701001	The Desert Jewel
2701002	&quot;I understand.&quot;
2701003	Meet Commander Seir in Velika.
2701004	&quot;I understand.&quot;
2701005	Meet with Priestess Ciebel.
2701006	&quot;I understand.&quot;
2701007	Travel to Allemantheia and speak with Elleon.
2701008	&quot;I understand.&quot;
2701009	Speak with Arshadh to find the whereabouts of Commander Fraya.
2701010	&quot;I understand.&quot;
2701011	Speak with Commander Fraya.
2701012	&quot;Thank you.&quot;
2701013	Speak with Fraya again.
2702001	Rotten to the Core
2702002	Travel to Tria.
2702003	Maintain the utmost discretion.
2702004	&quot;I understand.&quot;
2702005	Travel to Tria and meet with Raeren.
2702006	&quot;I understand.&quot;
2702007	Consult with Rorise about the Stronghold of Blood.
2702008	&quot;I understand.&quot;
2702009	Speak with Lubdok at Castra Mysterium in Essenian Crest about the Core Crux.
2702010	Intruders! Destroy!
2702011	Systems failure!
2702012	Fight past the ancient bladegolems to reach Liberation Station.
2702013	&quot;I understand.&quot;
2702014	Order Velnen at Liberation Station to retreat.
2702015	Attack!
2702016	Mana overload!
2702017	Destroy the ancient speargolems to open up a path of retreat.
2702018	Use the homing device to locate the infiltrators.
2702019	There's a signal!
2702020	Signal Location
2702021	The homing device is vibrating. 
2702022	Go to signal location.
2702023	&quot;I understand.&quot;
2702024	Order Erbale to retreat. 
2702025	Taydis's Camp
2702026	There's the fortress. 
2702027	Go to {@linkcreature:227#1023#Taydis}'s location.
2702028	&quot;I understand.&quot;
2702029	Give {@linkcreature:227#1023#Taydis} the order to retreat.
2702030	Find and activate the {@linkObject:7#shield stones} in the northeast sector of the fortress.
2702031	Close the chest.
2702032	Investigate the {@linkcreature:227#1031#chest}.
2702033	Intruder!
2702034	Thulsa...
2702035	Take out the intruders!
2702036	Thulsa...
2702037	Eliminate the iskaragards and recover the Core Crux.
2702038	Core Crux
2702039	Legion commander {@LinkCreature:27#20#Gernik} must have the Core Crux. Kill him and take it.
2702040	Deliver the Core Crux to Taydis.
2702041	&quot;I understand.&quot;
2702042	&quot;Thank you.&quot;
2702043	Report to Raeren in Tria that you have retrieved the Core Crux.
2770001	(Guild) Suppression Orders: Brogar Legion
2770002	Proof of Kill: Brogar Legion
2770003	&quot;For the federation!&quot;
2770004	Kill Thulsan forces around the Essenian Crest.
2770005	Report to Sarvasia in Tria.
2801001	Visions of Destiny
2801002	Victory for Valkyon.
2801003	That's truly mysterious!
2801004	&quot;I understand.&quot;
2801005	Go to Raeren in Tria and receive information about the Blessing Basin expedition.
2801006	&quot;I understand.&quot;
2801007	Travel to Tralion and speak with Jelren.
2801008	&quot;I got it.&quot;
2801009	Meet Lilone at the Crossroads Camp in Blessing Basin.
2801010	&quot;How can this be?&quot;
2801011	&quot;This is incredible.&quot;
2801012	&quot;I have to speak to Ansine.&quot;
2801013	Investigate the cenotaphs in the proper sequence.
2801014	&quot;Wish me luck.&quot;
2801015	Talk to Ansine at the Seekers' Locus.
2801016	&quot;It's almost like writing.&quot;
2801017	Find Destiny's Armillary, south of Seekers' Locus.
2801018	&quot;Well, here goes.&quot;
2801019	Use Destiny's Armillary to begin the trial.
2801020	Use the Fabula Stone to initiate the test of the Seeress.
2801021	&quot;Thank you, great goddess.&quot;
2801022	Speak with Mystel.
2801023	&quot;I understand.&quot;
2801024	Return to Ansine.
2801025	&quot;Thank you.&quot;
2801026	Report back to Jelren.
2803001	Shakan, Not Stirred
2803002	&quot;I'll do my best.&quot;
2803003	Find Gwahre in Tria.
2803004	Kill thorny timberwolves in Blightwood, south of Tria.
2803005	&quot;I'm on it.&quot;
2803006	Report to {@linkcreature:70#1032#Javelle} outside Tria.
2803007	Wolf Fang
2803008	Collect fangs from the smokepaw timberwolves en route to Camp Zakai.
2803009	Deliver the fangs to Anarie at Camp Zakai.
2803010	&quot;I'm on my way.&quot;
2803011	Amelioration Agent
2803012	Deliver the amelioration agent to Lasiren at the Garbi Outpost. 
2803013	&quot;I'm on it.&quot;
2803014	Eliminate the tainted jalmaraks interfering with the purifiers.
2803015	Reactivate the purifiers around the pool south of Garbi Outpost.
2803016	&quot;I'll see what I can do.&quot;
2803017	Report to Lasiren that the purifiers are active.
2803018	Eliminate Gaist and end the wraith's reign of terror.
2803019	&quot;Okay, I'm on my way.&quot;
2803020	Take the bracelet you found to Lasiren.
2803021	Take the bracelet you found to Lasiren.
2803022	Ancient Bracelet
2803023	Take the ancient bracelet to Gwahre.
2803024	&quot;I'll talk to him.&quot;
2803025	Gwahre
2803026	Ancient Bracelet
2803027	Take the ancient bracelet to Erlon at Woodstrider Point. 
2803028	&quot;I see.&quot;
2803029	&quot;Let's do this.&quot;
2803030	Speak with Erlon in Timeless Woods.
2803031	&quot;Thanks.&quot;
2803032	Approach the ritual site.
2803033	Demons are wandering the woods.
2803034	Go to Shakan's Altar at Startree Forest in Timeless Woods.
2803035	For the glory of Thulsa!
2803036	Forgive me, Thulsa!
2803037	Save Artania!
2803038	I have failed.
2803039	Eliminate Artania and Limcadus.
2803040	Ancient Bracelet
2803041	Place the ancient bracelet upon the Altar of Shakan.
2803042	Leave the altar.
2803043	Answer the call.
2803044	Shakan's Altar calls to you.
2803045	Offer a prayer.
2803046	&quot;I'm glad I could help.&quot;
2803047	Report to Gwahre in Tria.
2870001	(Guild) Suppression Orders: Forest Creatures
2870002	Proof of Kill: Forest Creature Deaths
2870003	&quot;For the federation!&quot;
2870004	Slay the blackhoof unicorns, thorny timberwolves, tumbling sporewalkers, and corrupted mycanars in Blightwood.
2870005	Report to Sarvasia in Tria.
2871001	(Guild) Suppression Orders: Reeking Orisks
2871002	Proof of Kill: Reeking Orisk Deaths
2871003	&quot;Glad to be of service.&quot;
2871004	Slay the reeking orisks in the southern end of Shakan's Revenge.
2871005	Report to Keylia in Tria.
2872001	(Guild) Suppression Orders: Terkasia
2872002	Proof of Kill: Terkasia's Death
2872003	&quot;For the federation!&quot;
2872004	Defeat Terkasia in Blightwood.
2872005	Report to Sarvasia in Tria.
2881001	Suppression Orders: Terkasia
2881002	Proof of Kill: Terkasia's Death
2881003	&quot;For the federation!&quot;
2881004	Defeat Terkasia in Blightwood.
2881005	Report to Sarvasia in Tria.
2950001	Getty's Invention 
2950002	Getty needs help.
2950003	Speak with Getty in Velika.
2950004	Getty seems to be back in shape now.
2950005	Type /clap to make Getty come back to his senses.&lt;br&gt;(The quest completes when you finish clapping.)
2950006	&quot;A box of what, exactly?&quot;
2950007	Speak with Getty. 
2950008	Take the jewel.
2950009	Open the box next to Getty.
2950010	&quot;I'm on my way.&quot;
2950011	Talk to Getty again.
2950012	&quot;Thanks.&quot;
2950013	Speak with Elthienne.
2950014	Is this the place?
2950015	You see a merchant wearing a mask!
2950016	Go to the location Elthienne told you.
2950017	&quot;I got it.&quot;
2950018	Speak with the stranger in the mask.
2950019	&quot;Really?&quot;
2950020	Purchase the map with Getty's jewel.
2950021	Talk to the mystery merchant again.
2950022	Ruin
2950023	You arrived at the location.
2950024	Go to the location in the map.
2950025	&quot;I got it.&quot;
2950026	Speak with the mystery merchant.
2950027	&quot;Thanks.&quot;
2950028	Acquire an Elemental Awl.
2950029	Talk to the merchant again.
2950030	&quot;Thanks.&quot;
2950031	Deliver the Elemental Awl to Getty in Velika.
2950032	Deliver the Elemental Awl to Getty in Velika.
2970001	(Guild) Suppression Orders: Vulcan Dreadnaughts
2970002	Proof of Kill: Vulcan Dreadnaught
2970003	&quot;For the federation!&quot;
2970004	Slay the vulcan dreadnaughts in the Timeless Woods.
2970005	Report to Sarvasia in Tria.
2971001	(Guild) Suppression Orders: Anansha
2971002	Proof of Kill: Anansha
2971003	&quot;For the federation!&quot;
2971004	Defeat Anansha in Timeless Woods.
2971005	Report to Sarvasia in Tria.
2981001	Suppression Orders: Anansha
2981002	Proof of Kill: Anansha
2981003	&quot;For the federation!&quot;
2981004	Defeat Anansha in Timeless Woods.
2981005	Report to Sarvasia in Tria.
3006001	To the Garden of the Sun
3006002	Very interesting.
3006003	&quot;Okay.&quot;
3006004	Go to the Sanctum Mysterium in Allemantheia and talk to {@linkcreature:72#1111$$Ryshan}.
3006005	Use the Identifier behind Ryshan to confirm your identity.
3006006	I...
3006007	Talk to Princess {@linkcreature:72#1446$$Rida}.
3006008	&quot;What does this mean?&quot;
3006009	Pick up the {@linkcreature:72#1445#book} Rida dropped.
3006010	Rida's Book
3006011	Rida's Book
3006012	Return the book to {@linkcreature:71#1114$$Rida} outside {@Rgn:71001$$Bastion}.
3006013	&quot;I understand.&quot;
3006014	&quot;I'll certainly try.&quot;
3006015	Meet {@linkcreature:71#1101$$Alais}.
3006016	&quot;I will.&quot;
3006017	Find {@linkcreature:71#1114$$Rida} and direct her to {@Rgn:71001$$Bastion}. 
3006018	&quot;I'm ready to serve.&quot;
3006019	Meet {@linkcreature:71#1101$$Alais}.
3007001	Keepers of the Sun
3007002	The Consos are unusual, even for baraka.
3007003	Now to find Rida.
3007004	&quot;I'll get to it!&quot;
3007005	[{@Rgn:30010#Camp Sunlight}]&#xA;Find {@linkcreature:230#1007$$Lashinuk}.
3007006	Brass Warden Gear
3007007	[{@Rgn:30002$$High Vale}]&#xA;Defeat the {@linkcreature:30#2004#brass warden} and collect a gear.
3007008	Deliver the gear to {@LinkCreature:230#1007$$Lashinuk}. 
3007009	&quot;I'll go find her, then.&quot;
3007010	Seren's Garden
3007011	Look for Rida in the pavilion.
3007012	[{@Rgn:30005$$Seren's Garden}]&#xA;Look for Rida in {@Rgn:30005$$Seren's Garden}.
3007013	&quot;He won't escape!&quot;
3007014	Help {@linkcreature:230#1081$$Rida} find and open Seren's seal.
3007015	Break the final seal.
3007016	&quot;I'll talk to Lashinuk.&quot;
3007017	Find {@linkcreature:230#1081$$Rida}.
3007018	&quot;Best I go, then.&quot;
3007019	[{@Rgn:30010#Camp Sunlight}]&#xA;Return to {@linkcreature:230#1007$$Lashinuk}.
3007020	&quot;Don't worry.&quot;
3007021	[{@Rgn:30007$$Balder's Pavilion}]&#xA;Collect tablet fragments from the &lt;font color='#0080FF'&gt;&lt;A href=&quot;markmap:loc=7015#6887.4087,53518.7656,1344.3566&amp;type=1&amp;name=strongboxes&quot;&gt;strongboxes&lt;/A&gt;&lt;/FONT&gt; in the {@Rgn:30007$$Pavilion}.
3007022	Deliver the tablet parts to {@linkcreature:230#1015$$Elsine}.
3007023	Control Scroll
3007024	[{@Rgn:30009$$Lower Archives}]&#xA;Retrieve the control scrolls from the {@linkcreature:30#130$$sloth foragers}.
3007025	Return {@linkcreature:230#1015$$Elsine}'s control scrolls.
3007026	&quot;Yes, let's see it.&quot;
3007027	Insert the finished tablet and control scrolls into the Repository of Wisdom.
3007028	&quot;I'll do my best.&quot;
3007029	Give {@linkcreature:230#1015$$Elsine} the parchments from the repository.
3008001	Seren's Lake
3008002	Take the cliff path and look for telescopes.
3008003	Talk to Nandu.
3008004	Ask {@linkcreature:230#1024$$Alais} where Rida has gone.
3008005	{@linkcreature:230#1015$$Elsine}
3008006	Ceremony Scrolls
3008007	[{@Rgn:30009$$Upper Archive}]&#xA;Ask {@linkcreature:230#1024$$Alais} for Rida's location.
3008008	&quot;As you order, sir.&quot;
3008009	{@linkcreature:230#1024$$Alais}
3008010	The Path of Purification
3008011	[{@Rgn:30014$$Seren's Lake}]&#xA;Find {@linkcreature:230#1082$$Rida} and perform the purification ceremony.
3008012	&quot;I'll be right back.&quot;
3008013	&quot;Okay, I'm ready.&quot;
3008014	[{@Rgn:30014$$Seren's Lake}]&#xA;Collect &lt;font color='#0080FF'&gt;&lt;A href=&quot;markmap:loc=7015#-5446.7466,84946.2734,-192.0204&amp;type=1&amp;name=moonlight lotuses&quot;&gt;moonlight lotuses&lt;/A&gt;&lt;/FONT&gt;.
3008015	Give the Moonlight Lotuses to {@linkcreature:230#1082$$Rida}.
3008016	Break the final seal.
3008017	&quot;That's sound advice.&quot;
3008018	Thank {@linkcreature:230#1082$$Rida}.
3008019	&quot;I'll do my best.&quot;
3008020	[{@Rgn:30015$$Archive Stronghold}]&#xA;Find {@linkcreature:230#1053$$Alais} and tell him the seals are broken.
3009001	Into the Light
3009002	You may well need it.
3009003	Balder be with you!
3009004	Take the key.
3009005	{@linkcreature:230#1047$$Nandu}
3009006	Balder's Temple Key
3009007	[{@Rgn:30019$$Balder's Temple Entrance}]&#xA;Ask {@linkcreature:230#1074$$Botak} to point out the temple's entrance.
3009008	&quot;I understand. Thank you.&quot;
3010001	Under Balder's Eye
3010002	What does the Repository of Wisdom have to say?
3010003	I'm returning to Pora Elinu. Again. Stay safe!
3010004	[{@Rgn:9025001$$Balder's Temple}]&#xA;Kill the {@linkcreature:425#8005#guardian} of {@linkcreature:425#10009#Balder's mirror}.
3010005	&quot;As you wish, goddess.&quot;
3010006	Talk to the goddess {@linkcreature:425#10008$$Mystel}.
3010007	&quot;I...okay.&quot;
3010008	Show {@linkcreature:425#10005$$Rida} your key to the temple.
3010009	{@linkcreature:425#10005$$Rida}
3010010	Mirror Seal
3010011	Insert the mirror seal into {@linkcreature:425#10009#Balder's mirror}.
3010012	Insert the little mirror.
3010013	&quot;Farewell, goddess.&quot;
3010014	Talk to {@linkcreature:425#10008$$Mystel}.
3010015	&quot;I'll let them know at the stronghold!&quot;
3010016	Talk to {@linkcreature:425#10005$$Rida}.
3010017	&quot;He won't escape!&quot;
3010018	[{@Rgn:30015$$Archive Stronghold}]&#xA;Return and report to {@linkcreature:230#1047#Nandu}.
3010019	&quot;Good luck, Alais.&quot;
3010020	&quot;I'd like that.&quot;
3010021	Tell {@linkcreature:230#1054$$Elsine} and {@linkcreature:230#1053$$Alais} about the temple.
3010022	&quot;We'll meet again, Princess.&quot;
3010023	Talk to {@linkcreature:230#1083$$Rida}.
3021001	The Arcanet Is Down
3021002	I'll find something else to do.
3021003	When it gets stuck, you just give it a good whack!
3021004	Bring the device.
3021005	Check the device.
3021006	Researcher {@linkcreature:71#1105$$Mienne}
3021007	Analysis Device
3021008	Find {@linkcreature:71#1108$$Adean}.
3021009	&quot;Okay.&quot;
3021010	Merchant {@linkcreature:71#1108$$Adean}
3021011	Replacement Quantizer
3021012	Check the condition of the analysis device.
3021013	Go to the research center to return it.
3021014	Temporary Grantor
3021015	Analysis Device
3021016	Return the analysis device to {@linkcreature:71#1102$$Deresk}.
3021017	&quot;Ahem. I'll just be going.&quot;
3022001	Upright and Lost
3022002	They should be nearby!
3022003	If baraka were meant to fly, they would have wings. Or large balloons.
3022004	&quot;I can do that.&quot;
3022005	Collect Mysterium encyclopedias scattered through the valley.
3022006	Return the Mysterium encyclopedias to {@linkcreature:72#1447$$Thakun}.
3022007	&quot;Glad to help.&quot;
3022008	Report Thakun's survival to {@linkcreature:71#1009$$Kiril}.
3023001	Protecting Endangered Species
3023002	The enclosure is by the city gate.
3023003	Kill them on sight.
3023004	&quot;Come on. This way!&quot;
3023005	Grrrr...
3023006	Lure an {@linkcreature:30#10#ashpelt gorilla} to the &lt;font color='#0080FF'&gt;&lt;A href=&quot;markmap:loc=7015#-11682.7715,55165.8398,554.6797&amp;type=1&amp;name=Gorilla Enclosure&quot;&gt;gorilla enclosure&lt;/A&gt;&lt;/font&gt; with a piece of fruit.
3023007	&quot;For the federation!&quot;
3023008	Report to {@linkcreature:71#1104$$Jidesh}.
3024001	Three-Toed Terrors
3024002	Good hunting!
3024003	Kill a few on your way out!
3024004	Eliminate {@linkcreature:30#100#jittery sloths}.
3024005	&quot;For the federation!&quot;
3024006	Report to Centurion {@linkcreature:230#1010$$Erdis} at {@Rgn:30010$$Camp Sunlight}.
3025001	Slasher Slaughter
3025002	They'll gnaw on anything!
3025003	I'll either be relieved or reinforced.
3025004	Sloth Fang
3025005	Kill {@linkcreature:30#110#sloth slashers} and extract their fangs.
3025006	Deliver sloth fangs to Centurion {@linkcreature:230#1010$$Erdis}.
3025007	&quot;Hope it works.&quot;
3026001	Salve a Rash, Feed a Fever
3026002	You're both kind and honorable.
3026003	By the gods, I feel better already!
3026004	&quot;Certainly!&quot;
3026005	&quot;I'll be back!&quot;
3026006	Ask {@Creature:230#1007$$Lashinuk} about ghilliedhu pollen.
3026007	&quot;Thanks.&quot;
3026008	Collect &lt;font color='#0080FF'&gt;&lt;A href=&quot;markmap:loc=7015#-9257.7725,70158.5156,495.8517&amp;type=1&amp;name=moon shadow plants&quot;&gt;moon shadow plants&lt;/A&gt;&lt;/FONT&gt; in {@Rgn:30005$$Seren's Garden}.
3026009	Deliver the moon shadow plants to {@Creature:230#1007$$Lashinuk}.
3026010	
3026011	Moon Shadow Salve
3026012	Give the salve to {@linkcreature:230#1006$$Dunav}.
3026013	&quot;Say no more.&quot;
3027001	Prayer of the Flower
3027002	Find some good wet ground!
3027003	When I'm off duty, I'll visit the garden myself!
3027004	[{@Rgn:30005$$Seren's Garden}]&#xA;Plant the seeds in &lt;font color='#0080FF'&gt;&lt;A href=&quot;markmap:loc=7015#-10967.9229,66881.8047,567.7363&amp;type=1&amp;name=Seren's Garden&quot;&gt;{@Rgn:30005$$Seren's Garden}&lt;/A&gt;&lt;/FONT&gt;.
3027005	The moon flower seeds take root almost instantly.
3027006	&quot;Glad to help.&quot;
3027007	Tell {@linkcreature:230#1013$$Erlyn} about the seeds.
3028001	The Daily Sloth
3028002	You're a real boon, soldier.
3028003	I am excited to see the reports.
3028004	&quot;Both.&quot;
3028005	&quot;You're welcome.&quot;
3028006	&quot;Good luck!&quot;
3028007	&quot;I agree.&quot;
3028008	[{@Rgn:9017001$$Lighthouse of the Sun}]&#xA;Collect reports from Naisas's field teams.}
3028009	&quot;Just doing my job.&quot;
3028010	Report to {@linkcreature:230#1005$$Naisas}.
3029001	Core of the Problem
3029002	They might even tell us how to repair the sun towers.
3029003	I must pack a few things first.
3029004	Brass Conservator Core
3029005	[{@Rgn:30007$$Balder's Pavilion}]&#xA;Extract several {@linkcreature:30#180#brass conservator} cores.
3029006	Report to {@linkcreature:230#1005$$Naisas}.
3029007	&quot;Hope they help.&quot;
3029008	&quot;All part of the job.&quot;
3029009	Find {@linkcreature:230#1019$$Sestena}.
3030001	Leshoff's Luxurious Lotion
3030002	Ghilliedhu tree honey is the secret ingredient. Keep it under your bonnet.
3030003	Once we start production, I'll give you a local franchise!
3030004	Ghilliedhu Tree Honey
3030005	Kill {@linkcreature:30#160#azureroot ghilliedhus} in {@Rgn:30006$$Brightleaf Glade} and collect ghilliedhu tree honey.
3030006	Deliver ghilliedhu tree honey to {@linkcreature:230#1016$$Leshoff}.
3030007	&quot;Glad I could help.&quot;
3031001	
3031002	
3031003	
3031004	
3031005	
3031006	
3032001	Always Know Where Your Towel Is
3032002	This will catch on!
3032003	I appreciate this shroud on a deeper level than you.
3032004	Take the shroud back.
3032005	Take the dampening shroud to the {@linkcreature:230#1017$$novice itinerant miner}.
3032006	Take the dampening shroud to the {@linkcreature:230#1017#novice itinerant miner}.
3032007	&quot;Good luck with that.&quot;
3032008	Talk to {@linkcreature:230#1016$$Leshoff}.
3033001	Tongue Tied
3033002	Don't let it poison you!
3033003	Do you have any idea what you've just done?
3033004	Tentacullar Venom
3033005	Kill {@linkcreature:30#140#venomous tentacullars} in {@Rgn:30006$$Brightleaf Glade} and get their poison.
3033006	Deliver the poison to the {@linkcreature:230#1018#veteran itinerant miner}.
3033007	&quot;Understood.&quot;
3033008	
3033009	Tentacullar Venom
3033010	Show the poison to the {@linkcreature:230#1017$$novice itinerant miner}, a coworker of the {@linkcreature:230#1018$$veteran itinerant miner}.
3033011	&quot;How do I get into these things?&quot;
3033012	&quot;For the federation.&quot;
3033013	Go tell {@linkcreature:230#1065$$Libinienn} what happened to the {@linkcreature:230#1018#veteran itinerant miner}.
3034001	A Clean Slate
3034002	Go at once!
3034003	The restoration will be quite a puzzle.
3034004	&quot;I'm on it.&quot;
3034005	Check in with {@linkcreature:230#1019$$Sestena}.
3034006	&quot;For the federation.&quot;
3034007	[{@Rgn:30009$$Upper Archive}]&#xA;Collect stone boxes all over the {@Rgn:30009$$Upper Archive}.
3034008	Deliver the archive tablets to {@linkcreature:230#1026$$Meterok}.
3035001	The Blame Game
3035002	I need those Balder's Pattern reports!
3035003	Don't rush me.
3035004	&quot;I got it.&quot;
3035005	Meet {@linkcreature:230#1026$$Meterok} in the Upper Archive.
3035006	&quot;For the federation.&quot;
3035007	Meet {@linkcreature:230#1020$$Ronush} in the {@Rgn:30008$$Lower Archive}.
3036001	Proper Stewardship
3036002	It's very dangerous. Be careful.
3036003	Thank you, friend.
3036004	Kill {@linkcreature:30#190#brass stewards} in the {@Rgn:30008$$Lower Archive}.
3036005	&quot;For the federation.&quot;
3036006	Report to {@linkcreature:230#1020$$Ronush} in the {@Rgn:30008$$Lower Archive}.
3037001	They're Ruining the Ruins
3037002	Imagine...we walk where the giants once trod.
3037003	Hee hee! Thanks!
3037004	Kill {@linkcreature:30#520#dreadpaw mandrills} in the {@Rgn:30008$$Lower Archive}.
3037005	&quot;For the federation.&quot;
3037006	Report to Decurion {@linkcreature:230#1001$$Litherus} in the {@Rgn:30008$$Lower Archive}.
3038001	Resisting the Sloth
3038002	We cannot let those beasts destroy our research materials!
3038003	I want to go back to Allemantheia. How I miss the Desert Jewel.
3038004	Repair the &lt;font color='#0080FF'&gt;&lt;A href=&quot;markmap:loc=7015#9199.1221,79627.4531,-587.7500&amp;type=1&amp;name=Broken Repository of Wisdom&quot;&gt;broken repository of wisdom&lt;/A&gt;&lt;/FONT&gt;.
3038005	&quot;For the federation.&quot;
3038006	Report to {@linkcreature:230#1030$$Tulan}.
3039001	Good Fences Make Good Neighbors
3039002	I need sturdy wood for a sturdy fence.
3039003	Thank you so much.
3039004	Sturdy Wood
3039005	Hunt {@linkcreature:30#170#viny arbosks} and collect sturdy wood.
3039006	Deliver the sturdy wood to {@linkcreature:230#1066$$Nicielle}.
3039007	&quot;Glad I could help.&quot;
3040001	Bearly Fashionable
3040002	I never expected to find a hot item like this.&#xA;Is it talent? Is it fate?
3040003	I guarantee you that bear fur will dominate Allemantheian fashion.
3040004	{@linkcreature:30#200$$Plainstalker Bear} Fur
3040005	Hunt {@linkcreature:30#200#plainstalker bears} and collect their fur.
3040006	Deliver the fur to {@linkcreature:230#1027$$Legan}.
3040007	&quot;Glad to be of service.&quot;
3041001	Popo Pilgrims
3041002	Make sure no pilgrim dies!
3041003	Whew! I can relax...until they come back.
3041004	Let's go!
3041005	Oh, thank you!
3041006	[{@Rgn:30014$$Seren's Lake}]&#xA;Escort the {@linkcreature:230#1094#popori tourist} to &lt;font color='#0080FF'&gt;&lt;A href=&quot;markmap:loc=7015#-882.1941,85791.7813,-1464.2461&amp;type=1&amp;name=Seren's Lake&quot;&gt;{@Rgn:30014$$Seren's Lake}&lt;/A&gt;&lt;/font&gt;.
3041007	&quot;Glad to be of service.&quot;
3041008	Report to Centurion {@linkcreature:230#1066$$Nicielle} that the {@linkcreature:230#1094#popori tourist} reached the lake safely.
3042001	Claws for Concern
3042002	The claws of sloths will make a great potion. No, really.
3042003	With my recommendation, even you could become Oshar's student.
3042004	Sloth Claw
3042005	Kill {@linkcreature:30#120#languid sloths} on the {@Rgn:30013$$Archive Grounds} and collect their claws.
3042006	Deliver the claws to {@linkcreature:230#1028$$Lihish}.
3042007	&quot;Victory for Valkyon!&quot;
3043001	Dust Beneath My Wings
3043002	It could be worse. Oshar could want their...interior parts.
3043003	Someday you'll thank me.
3043004	Wing Dust
3043005	Kill {@linkcreature:30#150#fiery tentacullars} on the {@Rgn:30013$$Archive Grounds} and collect wing dust.
3043006	Deliver the wing dust to {@linkcreature:230#1028$$Lihish}.
3043007	&quot;For the federation.&quot;
3044001	
3044002	
3044003	
3044004	
3044005	
3044006	
3045001	The Eternal Omelet
3045002	It makes sense. Eggs often symbolize rebirth and unending cycles.
3045003	Anyone know how to prepare eggs?
3045004	&quot;Glad to help.&quot;
3045005	Collect eggs from {@linkcreature:30#1000#Arkai Perch$$Arkaina}.
3045006	Deliver the eggs to {@linkcreature:230#1036$$Filine}.
3046001	Current Events
3046002	I feel like the world has passed me by.
3046003	&quot;Thanks for your time.&quot;
3046004	&quot;I'll let him know.&quot;
3046005	&quot;I'll pass that along.&quot;
3046006	&quot;I understand.&quot;
3046007	[{@Rgn:30016$$Stronghold Camp}]&#xA;Meet other races staying at the {@Rgn:30016$$Stronghold Camp}.
3046008	&quot;For the federation.&quot;
3046009	Report to {@linkcreature:230#1047$$Nandu}.
3047001	I'm Gonna Let It Shine
3047002	I'd install more lanterns, but apparently they hurt the environment.
3047003	Thank you so much.
3047004	Ignite the &lt;font color='#0080FF'&gt;&lt;A href=&quot;markmap:loc=7015#-9951.0674,80227.3594,-1331.6602&amp;type=1&amp;name=Stone Lantern&quot;&gt;stone lanterns&lt;/A&gt;&lt;/font&gt; on the way to the {@Rgn:30016$$Stronghold Camp}.
3047005	&quot;For the federation.&quot;
3047006	Report to {@linkcreature:230#1048$$Linok} at the {@Rgn:30015$$Archive Stronghold}.
3048001	Oshar's Biggest Secret
3048002	Hee hee hee...&#xA;Make sure Deresk knows how sorry I am.
3048003	Ha ha!&#xA;Transformed by the very human magic you looked down upon, Deresk!
3048004	&quot;Perhaps.&quot;
3048005	Meet {@linkcreature:230#1100$$Deresk}.
3048006	&quot;Uh oh.&quot;
3048007	Talk to transformed {@linkcreature:230#1056$$Deresk}.
3048008	&quot;For the federation.&quot;
3048009	Report back to {@linkcreature:230#1036$$Filine}.
3049001	Mowing Down the Competition
3049002	This will definitely sell!
3049003	You should consider a career in marketing.
3049004	&quot;For the federation.&quot;
3049005	Collect &lt;font color='#0080FF'&gt;&lt;A href=&quot;markmap:loc=7015#-14741.8672,86906.8828,-441.2695&amp;type=1&amp;name=Lamenting Grass&quot;&gt;lamenting grass&lt;/A&gt;&lt;/FONT&gt; on the bridge near Lok's Spear.
3049006	Deliver the lamenting grass to {@linkcreature:230#1036$$Filine}.
3050001	Recording the Past
3050002	Go record it now.
3050003	Hmm, what is most pleasing?
3050004	Record the news as instructed.
3050005	Record the news as instructed.
3050006	Record the news as instructed.
3050007	Record the news as instructed.
3050008	Investigate the {@linkcreature:230#1058#Repositories of Langsyne}.
3050009	&quot;For the federation.&quot;
3050010	Report back to {@linkcreature:230#1047$$Nandu}.
3051001	Recording the Future
3051002	You'll see what I mean soon enough.
3051003	All credit goes to you.
3051004	Transcribe the repository's words.
3051005	Transcribe the repository's words.
3051006	Transcribe the repository's words.
3051007	Transcribe the repository's words.
3051008	Investigate the {@linkcreature:230#1095#repositories of vision}.
3051009	&quot;For the federation.&quot;
3051010	Report what you've learned.
3051011	Deliver your transcription to {@linkcreature:71#1101$$Alais}.
3052001	How We Mandrill
3052002	Not so hard, right?
3052003	How come you ended up here?
3052004	Kill {@linkcreature:30#510#direpaw mandrills} in the {@Rgn:30009$$Upper Archive}.
3052005	&quot;For the federation.&quot;
3052006	Report to Decurion {@linkcreature:230#1001$$Litherus} in the {@Rgn:30008$$Lower Archive}.
3071001	(Guild) Suppression Orders: Sloths
3071002	Proof of Kill: Sloths
3071003	&quot;For the federation.&quot;
3071004	Eliminate sloths inhabiting {@Rgn:30001$$Balder's Refuge}.
3071005	Report to the coordinator.
3072001	(Guild) Suppression Orders: Mandrills
3072002	Proof of Kill: Mandrills
3072003	&quot;For the federation.&quot;
3072004	Eliminate mandrills inhabiting {@Rgn:30001$$Balder's Refuge}.
3072005	Report to the coordinator.
3073001	(Guild) Suppression Orders: Arkais
3073002	Proof of Kill: {@linkcreature:30#220$$Arkais}
3073003	&quot;For the federation.&quot;
3073004	Eliminate {@linkcreature:30#220#arkais} inhabiting {@Rgn:30001$$Balder's Refuge}.
3073005	Report to the coordinator.
3081001	Suppression Orders: Sloth
3081002	Proof of Kills: Sloths
3081003	&quot;For the federation.&quot;
3081004	Eliminate sloths inhabiting {@Rgn:30001$$Balder's Refuge}.
3081005	Report to your coordinator.
3082001	Suppression Orders: Mandrills
3082002	Proof of Kills: Mandrills
3082003	&quot;For the federation.&quot;
3082004	Eliminate mandrills inhabiting {@Rgn:30001$$Balder's Refuge}.
3082005	Report to your coordinator.
3083001	Suppression Orders: Arkais
3083002	Proof of Kill: {@linkcreature:30#220$$Arkais}
3083003	&quot;For the federation.&quot;
3083004	Eliminate {@linkcreature:30#220#arkais} inhabiting {@Rgn:30001$$Balder's Refuge}.
3083005	Report to your coordinator.
3091001	Deadly Sloth
3091002	Proof of Kill: Sloths
3091003	&quot;For the federation.&quot;
3091004	Eliminate sloths inhabiting {@Rgn:30001$$Balder's Refuge}.
3091005	Report to Raciba.
3092001	Mandrill Menace
3092002	Proof of Kill: Mandrills
3092003	&quot;For the federation.&quot;
3092004	Eliminate mandrills inhabiting {@Rgn:30001$$Balder's Refuge}.
3092005	Report to Leiria.
3093001	Arkai Bounty
3093002	{@linkcreature:30#220$$Arkai} Feathers
3093003	&quot;For the federation.&quot;
3093004	Eliminate {@linkcreature:30#220#arkais} inhabiting {@Rgn:30001$$Balder's Refuge}.
3093005	Report to Aneilon.
3101001	The Traitor of Acarum
3101002	&quot;I understand.&quot;
3101003	Report to Fraya at Allemantheia Headquarters.&#xA;[Speak with {@linkcreature:72#1103#Arshadh} to enter.]
3101004	&quot;I understand.&quot;
3101005	Speak with Commander Fraya again.
3101006	&quot;I understand.&quot;
3101007	Travel to Acarum in Westonia and speak with Harule.
3101008	&quot;I understand.&quot;
3101009	&quot;I understand.&quot;
3101010	&quot;I understand.&quot;
3101011	&quot;I understand.&quot;
3101012	Ask a few of Acarum's citizens and Kaidun's former soldiers about Kaidun.
3101013	&quot;Right. Okay.&quot;
3101014	Go to Harule in Acarum.
3101015	&quot;What if we investigate the bodies of Kaidun's army?&quot;
3101016	What's the medium?
3101017	Speak with Harule again.
3101018	&quot;I understand.&quot;
3101019	For Kaidun! For Thulsa!
3101020	Where...how did I...
3101021	Federation dog!
3101022	Who...am I?
3101023	Eliminate the Sihran fighters and berserkers in Daunting Pass.
3101024	Remove the gem.
3101025	Remove the gem.
3101026	Remove the gem.
3101027	Remove the gem.
3101028	Investigate the corpses of Kaidun soldiers at Daunting Pass.
3101029	&quot;Right. Okay.&quot;
3101030	Bring the gems from the corpses of Kaidun's soldiers to Harule in Acarum.
3101031	&quot;I understand.&quot;
3101032	Go to Harule in Acarum and ask how to lift {@linkcreature:32#16#Ghufran}'s curse.
3101033	&quot;I understand.&quot;
3101034	Bring the gems from the corpses of Kaidun's soldiers to Nania at Holdouts' Redoubt.
3101035	Bring the gems from the corpses of Kaidun's soldiers to Nania at Holdouts' Redoubt.
3101036	&quot;I understand.&quot;
3101037	Get the jellied decursive from Nania.
3101038	I will.
3101039	Thank you.
3101040	Find Ghufran in the mercenary camp near Holdouts' Redoubt. Use the jellied decursive when his HP is at 30% to break Thulsa's control, then escort him safely to Holdouts' Redoubt.
3101041	&quot;I understand.&quot;
3101042	Go to the Holdouts' Redoubt and ask Ghufran what happened to Kaidun.
3101043	Head of the Traitor
3101044	Eliminate the false Kaidun in his hillside fortress.
3101045	Bring the head of the traitor back to Nania.
3101046	&quot;I understand.&quot;
3101047	Head of the Traitor
3101048	Bring the imposter's head to Harule in Acarum.
3101049	&quot;I understand.&quot;
3101050	&quot;I understand.&quot;
3101051	&quot;I understand.&quot;
3101052	&quot;I understand.&quot;
3101053	&quot;I understand.&quot;
3101054	Show the imposter's head to the people of Acarum.
3101055	&quot;Thank you.&quot;
3101056	Travel to Allemantheia and report to Fraya.&#xA;[Speak with {@linkcreature:72#1103#Arshadh} to enter.]
3102001	Where's Kaidun
3102002	I know he's still alive...
3102003	There's no way...no way at all.
3102004	&quot;I understand.&quot;
3102005	Speak with Commander Fraya again.
3102006	&quot;I understand.&quot;
3102007	Travel to Acarum in Westonia and speak with Harule.
3102008	&quot;I understand.&quot;
3102009	Speak to Prefect Georrif.
3102010	&quot;I understand.&quot;
3102011	Find Maianwe near the road to Allemantheia east of Acarum.
3102012	&quot;I understand.&quot;
3102013	Find Legate Alssiyah at the Gloomhaunt Sentry Post in the Citadel of Torment.
3102014	&quot;I understand.&quot;
3102015	Speak with Meygren at the Gloomhaunt Sentry Post.
3102016	Once Verminath reads the Tome of Agonies...what? Intruder!
3102017	Argh! It won't be so easy to kill the Toxic Jester!
3102018	Eliminate the cursed jesters on the fourth floor of the Citadel of Torment.
3102019	Tome of Agonies
3102020	What's this? An offering for Thulsa!
3102021	Better death than Thulsa's revenge....
3102022	Find the Verminaths on the fourth floor of the Citadel of Torment. Kill them and take their Tomes of Agonies.
3102023	Bring the tome to Meygren at the Gloomhaunt Sentry Post.
3102024	&quot;I understand.&quot;
3102025	&quot;I understand.&quot;
3102026	Find Lastair in the Citadel of Torment and ask about a secret research facility in the basement.
3103001	Freeing Kaidun
3103002	The Menhir of Vitality is calling you.
3103003	Brrr...it's cold.
3103004	Touch the stone.
3103005	Touch the Menhir of Vitality.
3103006	&quot;I understand.&quot;
3103007	Report your vision to Lastair.
3103008	Entrance to the Necromancer Tomb.
3103009	You found the entrance to Thulsa's research facility, the Necromancer Tomb. You can enter using the teleportal.
3103010	Find the entrance to the &lt;A href=&quot;markmap:loc=7012#-28851, -66828, 4295&amp;type=1&amp;name=Necromancer Tomb in the Bloody Depths&quot;&gt;Necromancer Tomb in the Bloody Depths&lt;/A&gt;.
3103011	&quot;I understand.&quot;
3103012	Join Lastair in Necromancer Tomb.&#xA;[You must select Necromancer Tomb (Solo) from the {@LinkCreature:233#1501#Teleportal} to advance this quest.]  
3103013	&quot;I understand.&quot;
3103014	Speak with Behrohz.
3103015	Akkhan
3103016	You found Akkhan. He's badly wounded.
3103017	Find Akkhan, one of Kaidun's soldiers.
3103018	&quot;I understand.&quot;
3103019	Speak with Akkhan.
3103020	No one can escape the reach of Thulsa!
3103021	How...how can the power of Thulsa fail?
3103022	Eliminate Trayzadius in the Warden's Chamber.
3103023	&quot;I understand.&quot;
3103024	&quot;I understand.&quot;
3103025	Speak with the freed soldiers.
3103026	&quot;I understand.&quot;
3103027	Speak with Peskhur.
3103028	Yaaarrrgh!
3103029	Destroy the necromantic devices with the liquid key and eliminate {@linkcreature:3004#13#Dalmanak} the Glutton.
3103030	Aargh! My body! The pain!
3103031	Am I...finally free?
3103032	Take out the {@linkcreature:3004#15#monster that was Kaidun} in the Chapel of Pain to free the general's soul.
3103033	&quot;I understand.&quot;
3103034	Speak with Kaidun's spirit.
3103035	&quot;I understand.&quot;
3103036	Go back to Acarum and report what happened to Harule.
3103037	&quot;Thank you.&quot;
3103038	Return to Allemantheia and deliver Kaidun's last words to Commander Fraya at Allemantheia Headquarters.&#xA;[Speak with {@linkcreature:72#1103#Arshadh} to enter.]
3103039	Return to Allemantheia and deliver Kaidun's last words to Commander Fraya.
3121001	One Bad Apple
3121002	That emblem should change a few minds.
3121003	Thanks for everything you've done!
3121004	Karihne
3121005	Emblem of Acarum
3121006	Convince Arvo.
3121007	&quot;You can count on me.&quot;
3121008	Karihne
3121009	Emblem of Acarum
3121010	Convince Shekkram.
3121011	&quot;Thank you.&quot;
3121012	Karihne
3121013	Emblem of Acarum
3121014	Convince Peivan.
3121015	&quot;Thank you.&quot;
3121016	&quot;I'll be there shortly!&quot;
3121017	Report to Acarum Aide Karihne.
3121018	Karihne
3121019	Letter for Gron
3121020	Go to the Glacial Bay Research Station and speak with Commissioner Gron.
3121021	&quot;I did what I could.&quot;
3122001	Better Late than Never
3122002	We need your help dealing with the undead!
3122003	The undead threaten not only Acarum, but all of Westonia!
3122004	&quot;You're welcome.&quot;
3122005	Go to the Glacial Bay Research Station and speak with Westonia Prefect Liba.
3123001	Safety First
3123002	We're civilians, not soldiers. We can't face them.
3123003	We're not going to give in to a walking pile of bones!
3123004	Undead Bone Fragments
3123005	Collect bones from the deathfrost chargers.
3123006	Bring the bone fragments to Gron at the Glacial Bay Research Station.
3123007	&quot;For Valkyon!&quot;
3124001	The House that Mansur Built
3124002	We've got to make every bit count.
3124003	This frozen wood is stronger than I thought. Great!
3124004	&quot;I hear that.&quot;
3124005	Gather timber from the deserted house near the Frost Wastes.
3124006	Deliver the timber to Mansur in the ruined village in the northeast Frost Wastes.
3125001	Concrete Solutions
3125002	Waste not, want not—even if it's evil and undead.
3125003	This should make the quartermaster happy.
3125004	Undead Bone Ash
3125005	Collect undead bone ash from the ossugon icelords and frosted skeletal thralls.
3125006	Deliver the undead bone ash to Liba at the Glacial Bay Research Station.
3125007	&quot;Glad to help.&quot;
3126001	Would You Like to See the Wine List?
3126002	I want to treat them to a feast.
3126003	We should always be grateful for what we have.
3126004	&quot;My pleasure!&quot;
3126005	Meet Halwyn, who is scouting the northeast Deathfrost Plains.
3126006	&quot;What's in here?&quot;
3126007	Find the wine barrel near the wrecked ship in the Deathfrost Plains.
3126008	Officers' Rations
3126009	Collect bottles of wine from the drowned gula officers.
3126010	Bring the wine to Halwyn on the Deathfrost Plains.
3126011	&quot;I'll enjoy this.&quot;
3127001	If I Had a Hammer, I'd Kill Some Ossugons
3127002	Those undead abominations are blocking the supply route!
3127003	Thanks! Now we might actually see a supply shipment!
3127004	Eliminate the ossugon frostwalkers and icy skeletal minions in the eastern Frost Wastes.
3127005	&quot;Glad to be of assistance.&quot;
3127006	Report back to Mansur with the news the road is clear.
3128001	Feeding the Hungry
3128002	Everyone's got a right to eat. Well, not monsters...
3128003	Thank you so much! These supplies are an answer to our prayers.
3128004	Dyfed
3128005	Box of Food from Acarum
3128006	Deliver the food to Deiniol at the Frost Wastes Settlement to the north.
3128007	&quot;I'll visit him next.&quot;
3128008	Dyfed
3128009	Box of Food from Acarum
3128010	Deliver the food to Bettenis at the Frost Wastes Settlement to the north.
3128011	&quot;Glad to help.&quot;
3128012	Dyfed
3128013	Box of Food from Acarum
3128014	Deliver the food to Luanald at the Frost Wastes Settlement to the north.
3128015	&quot;I did what I could.&quot;
3129001	Dangerous Paths
3129002	Send those skeletal hunters back to the Dream.
3129003	Nasty weather for fighting. Brr!
3129004	Eliminate the frigid ossugons and deathfrost cavaliers in Deathfrost Plains.
3129005	&quot;Just doing my job!&quot;
3129006	Report to Halwyn at the Deathfrost Plains.
3130001	Hunting the Wind
3130002	Sirens can chill your heart and freeze your soul!
3130003	That reminds me of this time in the Tenebrous Mines...funny story...
3130004	Kill the frosthowl sirens near western Deathfrost Plains.
3130005	&quot;For the federation!&quot;
3130006	Meet Tantan at the southern campsite of Frostclaw Lake.
3131001	Sailor's Gold Coin
3131002	What do dead gulas need with coin?
3131003	The gold is mine!
3131004	Sailor's Gold Coin
3131005	Collect sailors' gold coins from the drowned gula sailors and bosuns.
3131006	Deliver the sailors' gold coins to Goratong at the southern campsite on Frostclaw Lake.
3131007	&quot;Thanks.&quot;
3132001	The Gulas' Secret Treasure
3132002	No, no, X doesn't mark the spot. I used circles instead.
3132003	I love the anticipation before opening a treasure chest.
3132004	Take the chest.
3132005	Search for the frozen chest around the shipwreck, Batia's Hulk, east of Frostclaw Lake.
3132006	Bosun's Old Key
3132007	Obtain keys from the drowned gula bosuns around Frostclaw Lake.
3132008	Deliver the keys and chest to Tantan.
3132009	&quot;What's inside?&quot;
3132010	&quot;I'll take it!&quot;
3132011	The chest is open. Speak to Tantan again.
3132012	Tantan
3132013	Mysterious Map
3132014	Find Yasper at the Beacon Point Garrison.
3132015	&quot;Thank you!&quot;
3133001	The Head of the Serpent
3133002	Nagas aren't quite as cuddly as, say, argons.
3133003	Impressive! Naga deathreapers are no small challenge.
3133004	Naga Deathreaper's Helmet
3133005	Eliminate the naga deathreapers south of Beacon Point Garrison.
3133006	Deliver the helmets to Urwah.
3133007	&quot;All in a day's work.&quot;
3134001	Stolen Research
3134002	We need to get those pages back!
3134003	I just hope it all makes sense now.
3134004	Page of Stolen Research Journal
3134005	Eliminate the storm naga predators and ravagers near Beacon Point Garrison, and recover the missing research journal pages.
3134006	Bring the research journal pages to Caral.
3134007	&quot;Glad to help!&quot;
3135001	Keep the Lights Burning
3135002	He's been alone since he lost his sons.
3135003	Poor Mogel...
3135004	Take care of the frostreach sentinels that have seized the road to the lighthouse.
3135005	&quot;If you're sure...&quot;
3135006	Find Mogel, the lighthouse keeper.
3135007	&quot;You can count on me.&quot;
3135008	Speak with Caral at Glacial Bay Research Station.
3135009	Endain's Ring
3135010	Endrenlas's Sword
3135011	Enkanas's Necklace
3135012	Put Mogel's undead sons out of their misery and gather their belongings.
3135013	Deliver the sons' belongings to Caral.
3135014	&quot;I did what I could.&quot;
3136001	The Hills Are Alive
3136002	The sirens have to go!
3136003	Perhaps now I can get some sleep!
3136004	Eliminate the frostclaw sirens southwest of Beacon Point Garrison.
3136005	&quot;My pleasure!&quot;
3136006	Report to Urwah at Beacon Point Garrison.
3137001	Silent Hunters
3137002	You must stop the wraiths from preying on us!
3137003	Wraiths are undead with a thirst for spirits of the living.
3137004	Eliminate the sepulchral and souleater wraiths in Icefang Inlet.
3137005	&quot;For Valkyon!&quot;
3137006	Return to Kylar.
3138001	Burn the Witch
3138002	Those dark arcanists will never leave us alone.
3138003	Thanks to you, we've got a chance.
3138004	Eliminate the dark arcanists on the slope near the Maelstrom.
3138005	&quot;Thank you!&quot;
3138006	Return to Varree.
3139001	Bellyache
3139002	Oh, hurry! I need those blooms!
3139003	These will do wonders for my pain.
3139004	&quot;I'll help you out.&quot;
3139005	Search for wispy iceflower blooms south of the Maelstrom.
3139006	Deliver the wispy iceflower blooms to Luanald.
3140001	Cast at the Darkness
3140002	Hydrath musk can be darned useful!
3140003	We'll use this to make safety tools for the coastal residents.
3140004	Hydrath Musk
3140005	Eliminate the onyx hydraths near the Maelstrom and collect hydrath musk.
3140006	Deliver the hydrath musk to Kylar.
3140007	&quot;Glad to help!&quot;
3141001	Toppling the Colossus
3141002	Have you seen those nagas? They're huge!
3141003	As the castanics say, &quot;There's no dross in you!&quot;
3141004	Naga Colossus's Unit Insignia
3141005	Eliminate the naga colossi around the Maelstrom and collect their unit insignias.
3141006	Bring the insignias to Guzdan.
3141007	&quot;All in a day's work.&quot;
3170001	(Guild) Suppression Orders: Ossugons
3170002	Proof of Kill: Ossugons
3170003	&quot;Not a problem!&quot;
3170004	Eliminate the ossugon frostwalkers, ossugon icelords, icy skeletal minions, and frosted skeletal thralls in Tempest Reach.
3170005	Report to Celion in Acarum.
3171001	(Guild) Suppression Orders: Drowned Gulas
3171002	Proof of Kill: Drowned Gulas
3171003	&quot;For the federation!&quot;
3171004	Eliminate the drowned gulas in Tempest Reach.
3171005	Report to Celion in Acarum.
3172001	(Guild) Suppression Orders: Onyx Hydraths
3172002	Proof of Kill: Onyx Hydraths
3172003	&quot;For the federation!&quot;
3172004	Kill onyx hydraths in Tempest Reach.
3172005	Report to Celion in Acarum.
3173001	(Guild) Suppression Orders: Marutash
3173002	Proof of Kill: Marutash
3173003	&quot;For the federation!&quot;
3173004	Defeat Marutash in Tempest Reach.
3173005	Report to Celion in Acarum.
3174001	(Guild) Suppression Orders: Kestol
3174002	Proof of Kill: Kestol
3174003	&quot;For the federation!&quot;
3174004	Defeat Kestol in Tempest Reach.
3174005	Report to Celion in Acarum.
3180001	Suppression Orders: Naga Colossi and Deathreapers
3180002	Proof of Kill: Nagas
3180003	&quot;For the federation!&quot;
3180004	Eliminate the naga deathreapers and colossi in Tempest Reach.
3180005	Report to Celion in Acarum.
3181001	Suppression Orders: Marutash
3181002	Proof of Kill: Marutash
3181003	&quot;For the federation!&quot;
3181004	Defeat Marutash in Tempest Reach.
3181005	Report to Celion in Acarum.
3182001	Suppression Orders: Kestol
3182002	Proof of Kill: Kestol
3182003	&quot;For the federation!&quot;
3182004	Defeat Kestol in Tempest Reach.
3182005	Report to Celion in Acarum.
3202001	Goddess' Truth
3202002	&quot;Sure, I can do that.&quot;
3202003	&quot;I'll do what I can.&quot;
3202004	Take a pegasus to see Georrif in Acarum.
3202005	&quot;Okay.&quot;
3202006	Meet Kennance at the Glacial Bay Research Station in Tempest Reach.
3202007	&quot;I can do that.&quot;
3202008	Find Versa.
3202009	Hunt the ossugon icelord and retrieve the mana wave map.
3202010	&quot;I'll take care of it.&quot;
3202011	Bring the mana wave map back to Versa.
3202012	Remove the mana wave map.
3202013	Find the first gauge.
3202014	&quot;Off we go.&quot;
3202015	Find the second gauge.
3202016	&quot;I'll see you later.&quot;
3202017	Follow the path and find the person who wrote the note.
3202018	&quot;I'll do it right away.&quot;
3202019	Talk to Matil.
3202020	Spectral Blood
3202021	Hunt drowned bosuns and drowned officers near Beacon Point Garrison.
3202022	Bring the spectral blood to Matil.
3202023	&quot;I'll do my best.&quot;
3202024	Kill the Dark Caller, Seraeno, and capture the Onyx Breath.&lt;BR&gt;&lt;BR&gt;&lt;font color='#FF0000'&gt;[Caution] If the quest item is destroyed, you must abandon and restart the quest.&lt;/font&gt;
3202025	Bloody Tombstone
3202026	Use the Quiescent Purifier on the Onyx Breath. Use the result to destroy the tombstones in the maelstrom.&lt;BR&gt;&lt;BR&gt;&lt;font color='#FF0000'&gt;[Caution] If the quest item is destroyed, you must abandon and restart the quest.&lt;/font&gt;
3202027	&quot;Find peace.&quot;
3202028	Find the tombstone in the center of the Maelstrom.
3202029	&quot;What do you mean?&quot;
3202030	Speak with Ona.
3202031	&quot;I'm honored. Thank you.&quot;
3202032	Speak with Zenobia.
3202033	&quot;Right away.&quot;
3202034	Report back to Matil.
3202035	&quot;I'll do my best.&quot;
3202036	Report to Harule in Acarum.
3221001	They Don't Need ALL Those Swords
3221002	I want those Sihran weapons!
3221003	Now Kaidun's forces will feel our wrath!
3221004	Sihran Weapon
3221005	What did they send you for?
3221006	Georrif...you bastard.
3221007	Collect weapons from Sihran insurgents.
3221008	Deliver the recovered weapons to Nurdan at Dauntless Palisade.
3221009	Hand over the weapons.
3222001	Revenge of the Heart
3222002	I demand vengeance!
3222003	These are a fitting tribute to Batuk.
3222004	Sihran Hand
3222005	Collect the hands of Sihran berserkers at Daunting Pass.
3222006	Present the &quot;offering&quot; at Batuk's grave near Mount Tyrannas.
3222007	Leave the bag and return to Nurdan.
3222008	&quot;Victory for Valkyon, friend.&quot;
3222009	Report that you carried out Arvo's revenge to her brother, Nurdan, at Dauntless Palisade.
3223001	What's Yours Is Mine
3223002	I'm tired of waking up and feeling hunger pangs.
3223003	These supplies will go a long way. Thank you.
3223004	&quot;Thank you...I think.&quot;
3223005	Collect supplies from the eastern Daunting Pass.
3223006	Deliver the supplies to Morva.
3225001	Rage against the Ragers
3225002	I want Kaidun's troops to suffer. Get after them!
3225003	Imagine how furious Kaidun must be!
3225004	Sihran Army Insignia
3225005	Follow the southern road to the Winterwolves Encampment. Eliminate tuwangi thumpers and Sihran ragers, and collect their insignia.
3225006	Deliver the insignia to Qale.
3225007	&quot;Glad to do my duty!&quot;
3226001	The Best Defense
3226002	These cursed Sihrans just won't give up!
3226003	Nicely done!
3226004	Follow the southern road to the Winterwolves Encampment and eliminate the Sihran defenders.
3226005	&quot;On my way.&quot;
3226006	Report back to Nurdan at Dauntless Palisade.
3226007	&quot;That was easy!&quot;
3226008	Deliver the news to Hallaj at the southern end of Mount Tyrannas.
3227001	Alternative Source of Supply
3227002	Please! Help me win Nashwa's heart!
3227003	I've no use for Khasib. Why didn't he do this himself?
3227004	Stalker Company Weapons
3227005	Retrieve weapons from the Stalker Company destroyers.
3227006	Deliver the Stalker Company's weapons to Khasib.
3227007	&quot;Here are the weapons.&quot;
3227008	Khasib
3227009	Stalker Company Weapons
3227010	Talk to Nashwa.
3227011	&quot;I'll help you.&quot;
3228001	An Army Marches on Its Stomach
3228002	Frankly, I never turn down extra rations.
3228003	I wonder who hired Stalker Company?
3228004	&quot;Glad to help!&quot;
3228005	Find and gather supplies from the Stalker Company camp in the basin to the north.
3228006	Deliver the supplies to Nashwa.
3229001	Grim Reapers
3229002	I despise mercenaries. No honor—none.
3229003	Took those reapers down a notch, eh?
3229004	Eliminate the Stalker Company reapers in the northern basin.
3229005	&quot;I did what I could.&quot;
3229006	Report to Kharad.
3230001	Cursed Arrows
3230002	There's something about their archers...
3230003	These are infused with necromantic magic!
3230004	Stalker Company Cursed Arrows
3230005	Here! All the arrows your corpse can hold!
3230006	Take the arrows of the snipers located in the Bloodblade Mercenary Camp.
3230007	Deliver the arrows to Uzair.
3230008	&quot;Here you are!&quot;
3231001	Eliminate Baalark
3231002	Uzair'll like this. Trust me.
3231003	Fine work, soldier!
3231004	Nashwa
3231005	Nashwa's Proposal
3231006	Deliver Nashwa's plans to Uzair.
3231007	&quot;I will.&quot;
3231008	Baalark's Head
3231009	Who came to die this time?
3231010	Find and eliminate Baalark.
3231011	Deliver Baalark's head to Uzair.
3231012	&quot;I did what I could.&quot;
3233001	Sihran Intelligence
3233002	Don't let us down.
3233003	There's little better than an enemy's own words.
3233004	Secret Documents
3233005	Take secret documents from the Sihran arcanists and tuwangi froglars in Frigid Vigil.
3233006	Bring the documents to Nashwa.
3233007	&quot;Here you go.&quot;
3234001	Better than a Bouquet
3234002	I hope those insignias will impress Nashwa!
3234003	Keep this between us, all right?
3234004	Special Rank Insignia
3234005	Obtain rank insignias from the Sihran loyalists at Frigid Vigil.
3234006	Deliver the insignias to Khasib.
3234007	&quot;Got these for you.&quot;
3235001	Witch Hunt
3235002	Let's take out those cursed...cursers!
3235003	Aren't polykinds just the creepiest?
3235004	Sihran Witch Insignia
3235005	Eliminate the Sihran witches and polykinds, and collect their insignia as proof.
3235006	Deliver the insignia to Keshifah.
3235007	&quot;For Valkyon!&quot;
3236001	Deserting Fighters
3236002	The templars are the backbone of Kaidun's army.
3236003	I admire their dedication, but they chose the wrong side.
3236004	Kill Sihran templars on the Gloomy Tundra.
3236005	&quot;For Valkyon!&quot;
3236006	Report to Warda.
3237001	The Traitor's Right Arm
3237002	Make that witch pay!
3237003	Kaidun's running out of allies...
3237004	Your blood will be intoxicating, I'm sure....
3237005	No! Not possible!
3237006	Kill Lotishara at the Tyrant's Overwatch.
3237007	&quot;For Valkyon!&quot;
3237008	Report to Hallaj.
3238001	Chip off the Old Block
3238002	I must study that device—after it's sundered, of course.
3238003	Fascinating.
3238004	&quot;Just a piece will do.&quot;
3238005	Find the bloody mana concentrator at the Tyrant's Overwatch.
3238006	Bloody Mana Concentrator
3238007	Mana Concentrator Fragment
3238008	Deliver the fragment to Hallaj.
3238009	&quot;Just doing my duty.&quot;
3239001	Triggering the Blackout
3239002	Those blasted witches are using the ore to strengthen the army!
3239003	The Mysterium can use the ore to counterspell Kaidun's witches.
3239004	&quot;For the federation!&quot;
3239005	Remove the ouijic ore around the Tyrant's Overwatch from the ground.
3239006	Deliver the ouijic ore to Nashwa.
3270001	(Guild) Suppression Orders: Sihran Soldiers
3270002	Proof of Kill: Sihran Soldiers
3270003	&quot;For the federation!&quot;
3270004	Attack the Sihran rebels around Daunting Pass.
3270005	Report to Celion in Acarum.
3271001	(Guild) Suppression Orders: Sihran Defenders
3271002	Proof of Kill: Sihran Defenders
3271003	&quot;For the federation!&quot;
3271004	Attack the Sihran rebels in the Winterwolves Encampment.
3271005	Report to Celion in Acarum.
3272001	(Guild) Suppression Orders: Stalker Company
3272002	Proof of Kill: Stalker Company
3272003	&quot;For the federation!&quot;
3272004	Defeat the Stalker Company in their camp.
3272005	Report to Celion in Acarum.
3273001	(Guild) Suppression Orders: Magic Sihran
3273002	Proof of Kill: Magic Sihran
3273003	&quot;For the federation!&quot;
3273004	Defeat the Sihran witches and polykinds at the Tyrant's Overwatch.
3273005	Report to Celion in Acarum.
3291001	Seize the High Ground
3291002	Sihran Rebel Token
3291003	&quot;For Valkyon!&quot;
3291004	Attack the Sihran rebels at Daunting Pass.
3291005	Report to Kamese.
3292001	Quashing the Rebellion
3292002	Sihran Rebel Token
3292003	&quot;For the federation!&quot;
3292004	Attack the Sihran rebels in the Winterwolves Encampment.
3292005	Report to Kamese.
3293001	Stalking the Stalkers
3293002	Stalker Company Token
3293003	&quot;Just doing my duty.&quot;
3293004	Subdue the Stalker Company in their camp.
3293005	Report to Relinda.
3294001	The Sihran Leadership
3294002	Sihran Rebel Token
3294003	&quot;Just doing my duty.&quot;
3294004	Attack the Sihran forces at Frigid Vigil.
3294005	Report to Relinda.
3295001	Witch Tokens?
3295002	Sihran Rebel Token
3295003	&quot;For the federation!&quot;
3295004	Collect tokens from the Sihran witches at the Tyrant's Overwatch.
3295005	Report to Relinda.
3298001	Acarum Crisis I
3298002	&quot;Alright.&quot;
3298003	Speak with Karihne in Acarum.
3298004	Defeat the following enemies in Mount Tyrannas.
3298005	&quot;Thank you.&quot;
3298006	Report to Karihne.
3299001	Acarum Crisis II
3299002	&quot;Alright.&quot;
3299003	Speak with Karihne in Acarum.
3299004	Defeat the following enemies in Mount Tyrannas.
3299005	&quot;Thank you.&quot;
3299006	Report to Karihne.
3321001	Gift of the Magi-Gone-Awry
3321002	Hurry! We mustn't lose our teams in the citadel!
3321003	I hope I've enough magic to protect us.
3321004	&quot;Sounds like fun.&quot;
3321005	Exit Acarum and head south to the Citadel of Torment. Report to Meygren at the Gloomhaunt Sentry Post.
3321006	Bloodstained Hairbrush
3321007	Who's there?
3321008	More of the mud races. Typical...
3321009	This cannot be!
3321010	Deathshead Pocketwatch
3321011	Who goes there?
3321012	Collect the necessary items from the second and third floors.
3321013	Bring the items to Meygren.
3321014	&quot;For the federation!&quot;
3322001	The Trapped Soul
3322002	As you are now, I once was...
3322003	May they return to the Dream.
3322004	Eliminate the eldritch defenders guarding the corridors.
3322005	&quot;For the federation!&quot;
3322006	Report to Helehr.
3323001	A Mockery of Just Us
3323002	Kill those blasted vampirs!
3323003	Vampirs are so creepy. I don't know how the popori stand them.
3323004	Eliminate the cursed vampir gentlemen and infernal jesters on the sixth floor.
3323005	&quot;For the federation!&quot;
3323006	Report to Helehr.
3324001	Clowns and Dolls
3324002	Put down those jesters and their cursed toys.
3324003	I guess we get the last laugh. Ha!
3324004	Play with me! Play with me until you die!
3324005	This is what I call a party!
3324006	Destroy the cursed jesters and moppet butchers on the fourth floor.
3324007	&quot;For the federation!&quot;
3324008	Report to Alssiyah at Gloomhaunt Sentry Post.
3325001	The Moppet Show
3325002	Apparently, swords don't kill people—dolls kill people.
3325003	That's the end of them!
3325004	Destroy the ghost moppets and cursed moppets on the second floor.
3325005	&quot;For the federation!&quot;
3325006	Report to Everick at Gloomhaunt Sentry Post.
3326001	Guided by Voices
3326002	Bring me the fragments and I'll show you the truth.
3326003	My flesh is gone, but my heart remains true.
3326004	Shadow Fragment
3326005	Kill malevolent wraiths on the fifth floor and collect shadow fragments from them.
3326006	Deliver the shadow fragments to Ghassan.
3326007	&quot;Understood.&quot;
3326008	&quot;For the federation.&quot;
3326009	Report to Alssiyah at Gloomhaunt Sentry Post.
3326010	&quot;For the federation!&quot;
3326011	Go to Helehr on the sixth floor.
3327001	A Cautionary Tale
3327002	Kaia grant us courage!
3327003	One day we'll retake this citadel!
3327004	&quot;For the federation!&quot;
3327005	Report to Alssiyah at Gloomhaunt Sentry Post.
3328001	Disc Discipline
3328002	Rid us of those creepy disc reapers!
3328003	Whatever it takes to make it out of here, that's what I'll do!
3328004	Disc Reaper Insignia
3328005	Eliminate the disc reapers in the Catacomb of Misery and the Bloody Depths.
3328006	Deliver the insignia to Morori.
3328007	&quot;For the federation!&quot;
3329001	Meet the Blood Guard
3329002	I want to know what the enemy's up to.
3329003	Now, how best to use this information...
3329004	Suspicious Orders
3329005	Fight the Blood Guard at the Shrieking Catacombs and the Distortion Prison.
3329006	Bring the suspicious orders to Tirisk.
3329007	&quot;For the federation!&quot;
3330001	Getting Downstairs
3330002	If we can carve out an opening, we can make a breakthrough.
3330003	You're a credit to the federation.
3330004	Attack the Blood Guard berserkers and reapers in the basement.
3330005	&quot;For the federation!&quot;
3330006	Report to Ghuran.
3331001	An Insult to Soldiers Everywhere
3331002	Strip those Blood Guards of their rank!
3331003	I only wish I had a hundred soldiers like you.
3331004	Blood Guard Emblem
3331005	Kill Blood Guard lancers and champions for having the temerity to consider themselves true soldiers.
3331006	Deliver the emblems to Grasse.
3331007	&quot;For the federation!&quot;
3332001	Target: Necromancers
3332002	What are the necromancers up to?
3332003	I'll follow this up.
3332004	Secret Documents
3332005	Find and kill a necromancer.
3332006	Bring the documents to Tirisk.
3332007	&quot;For the federation!&quot;
3333001	Easing the Burden
3333002	Curse Zuras for bringing necromancy into the world!
3333003	We're one step closer to victory!
3333004	Eliminate anguished minions and ebon inquisitors in the Chambers of Endless Misery and the Bloody Depths.
3333005	&quot;For the federation!&quot;
3333006	Report to Lastair.
3334001	Til Death Do Us Part
3334002	I'm looking for one in particular.
3334003	Perfect! Now all I have to do is not die!
3334004	Rings of the Dead
3334005	Collect rings from the undead roaming the basement.
3334006	Bring the rings to Moka.
3334007	&quot;You're a creepy guy.&quot;
3335001	Breaking the Circuit
3335002	I must have those aetherducts.
3335003	Thulsa's going to weep when my plan goes off!
3335004	&quot;For the federation!&quot;
3335005	Collect aetherducts in the Chambers of Endless Misery.
3335006	Bring the aetherducts to Lastair.
3336001	Scrambled Ecesis
3336002	My plan will destroy Thulsa.
3336003	I reckon humans feel ecstatic in times like this. I'm ecstatic!
3336004	Lastair
3336005	Mysterium Scrambler
3336006	Find the first ecesis device and attach the scrambler.
3336007	Next Ecesis Device
3336008	Lastair
3336009	Mysterium Scrambler
3336010	Find the second ecesis device and attach the scrambler.
3336011	Next Ecesis Device
3336012	Lastair
3336013	Mysterium Scrambler
3336014	Find the third ecesis device and attach the scrambler.
3336015	Return to Lastair.
3336016	&quot;For the federation!&quot;
3336017	Report to Lastair.
3337001	Prisoners' Revenge
3337002	Let's inflict a little pain on them for a change.
3337003	It's small comfort to the dead, but it was the right thing to do.
3337004	Eliminate the mekonari magisters and coalheart inquisitors.
3337005	&quot;For the federation!&quot;
3337006	Report to Khayaam at the Sanguine Hideout.
3338001	Errand of Mercy
3338002	Make it quick. They deserve better.
3338003	Thulsa will pay for this, I swear!
3338004	Proof of Kill: Rotting Prisoners
3338005	Put the rotting prisoners in the Bloody Depths out of their misery.
3338006	Report to Moka at the Underground Base.
3338007	&quot;For the federation!&quot;
3339001	See You in the Fall
3339002	You'll have to find a way down.
3339003	You're a sight for sore eyes!
3339004	&quot;You're sure about this?&quot;
3339005	Check in at the room with a caved-in floor in the southwest part of the sixth floor.
3339006	&quot;For the federation!&quot;
3339007	Talk to Tysur in the Shrieking Catacombs.&#xA;[Go through the caved-in floor or to Panpantun at the Gloomhaunt Sentry Post in order to access the Shrieking Catacombs.]
3370001	(Guild) Suppression Orders: Vampir Gentles
3370002	Proof of Kill: Vampir Gentles
3370003	&quot;For the federation!&quot;
3370004	Eliminate vampirs and wraiths wandering the Palace of Torment.
3370005	Report to Celion in Acarum.
3371001	(Guild) Suppression Orders: Blood Guard
3371002	Proof of Kill: Blood Guard
3371003	&quot;For the federation!&quot;
3371004	Eliminate blood guard members in the Palace of Torment.
3371005	Report to Celion in Acarum.
3372001	(Guild) Suppression Orders: Rotting Creatures
3372002	Proof of Kill: Rotting Creatures
3372003	&quot;For the federation!&quot;
3372004	Defeat rotting creatures in the Citidel of Torment.
3372005	Report to Alyssa in Acarum.
3380001	Suppression Orders: Inquisitors
3380002	Proof of Kill: Inquisitors
3380003	&quot;For the federation!&quot;
3380004	Behead the torturers in the Bloody Depths.
3380005	Report to Alyssa in Acarum.
3421001	Junaidar Predations
3421002	Get them back for us!
3421003	Sooner or later we'll have to kill them all.
3421004	Slay Junaidar raiders near Bleakrock.
3421005	&quot;Glad I could help.&quot;
3421006	Report to Nunahd in Bleakrock.
3422001	An Elf's Best Friend
3422002	He's willing to pay well for them.
3422003	Just what I needed!
3422004	&quot;Thank you.&quot;
3422005	Collect barbed diamonds along the Ice Trail south of Bleakrock.
3422006	Deliver the barbed diamonds to Forsil in Bleakrock.
3423001	Hold on to the Knife
3423002	Remember—tough! Really tough!
3423003	Horrible, but useful.
3423004	Maligos Hide
3423005	Slay maligos icestalkers along the Ice Trail and collect their hides.
3423006	Bring the hides to Forsil in Bleakrock.
3423007	&quot;For the federation!&quot;
3424001	Grim Prospects
3424002	I hope he's found something.
3424003	I wonder if we'll be able to mine there at all?
3424004	&quot;I'll take it.&quot;
3424005	Speak with Dio on the Ice Trail north of Icebase Stalker.
3424006	Dio
3424007	Dio's Report
3424008	Take Dio's report to Magistrate Mutah.
3424009	&quot;Honored to serve.&quot;
3424010	Mutah
3424011	Dio's Report
3424012	Deliver Dio's report to Nunahd at Bleakrock.
3424013	&quot;Thanks.&quot;
3425001	Repo Work
3425002	Without those shards, this place would die.
3425003	You've saved us.
3425004	Recover the stolen shard packs.
3425005	Speak with Dena at Bleakrock.
3425006	Shard Packs
3425007	The federation is finished in Frost Reach!
3425008	Blast and damnation!
3425009	These shards belong to the Junaidar!
3425010	Those shards are mine!
3425011	Take the shards, if you can!
3425012	So...cold.
3425013	Slay the Junaidar forces along Ice Trail and recover the shard packs.
3425014	Return the shard packs to Dena in Bleakrock.
3425015	&quot;For the federation!&quot;
3426001	Outreach in Frost Reach
3426002	They need your help.
3426003	Stay warm. If you can.
3426004	&quot;As ordered.&quot;
3426005	Report to Chaarisa at Icebase Stalker.
3426006	&quot;Thanks.&quot;
3426007	Speak with Lalash.
3427001	The Bluer Part of Valor
3427002	He's not exactly a fighter.
3427003	Can we work together?
3427004	&quot;I'll speak with Uchamba.&quot;
3427005	Find Madyar near the Azurice Shrine.
3427006	&quot;I'll do what I can.&quot;
3427007	Speak with Uchamba near the Azurice Shrine.
3427008	&quot;Many thanks.&quot;
3427009	Collect the azure shards northeast of the Azurice Shrine.
3427010	Deliver azure shards to Uchamba.
3428001	Neither Sleet nor Snow nor Wendigos
3428002	Just keep them away from here.
3428003	You've gained us some time.
3428004	Slay the wendigo ragers and wendigo warlords south of Icebase Stalker.
3428005	&quot;For the federation!&quot;
3428006	Report to Rodena at Icebase Stalker.
3429001	The Burden of Leadership
3429002	Surely they'll retreat. They must.
3429003	Now we can focus on mining for a while.
3429004	Wendigo Focus
3429005	Kill the wendigo {@linkcreature:34#510#frostweavers} and {@linkcreature:34#500#frostmages} east of Icebase Stalker and collect their foci.
3429006	Deliver the foci to Randaxia at Icebase Stalker.
3429007	&quot;Glad I could help.&quot;
3430001	Wendigo? When'd Who Go?
3430002	At least it should slow them down a bit.
3430003	I should thank Nunahd for sending you to us.
3430004	Eliminate the wendigos and their arachnen allies around the Azurice Shrine.
3430005	&quot;Thank you.&quot;
3430006	Report to Chaarisa at the Icebase Stalker.
3431001	Red Shards in the Morning
3431002	Who knew we'd be working with the wendigos?
3431003	We learned a lesson here.
3431004	&quot;Thanks.&quot;
3431005	Collect crimson shards from the southeast end of the Azurice Shrine.
3431006	Bring the crimson shards to Madyar.
3432001	Bully Psychology
3432002	Without him, they're weak.
3432003	We got the better of them this time.
3432004	Slay Talcas in the southeastern area of the Azurice Shrine.
3432005	&quot;Glad I could help.&quot;
3432006	Report to Arne at Icebase Stalker.
3433001	Go for the Gold
3433002	We also have the right to live.
3433003	We have hope. Bleakrock has hope.
3433004	&quot;Thank you.&quot;
3433005	Collect xanthic shards from the mines around Azurice Shrine.
3433006	Bring the xanthic shards to Uchamba.
3434001	The Nail that Sticks Up
3434002	Without Kaijas, less fighting.
3434003	It's a new era for us. A new path.
3434004	Azurice Staff
3434005	Meddling ends now!
3434006	Impossible! Can't...die.
3434007	Find Kaijas north of the Azurice Shrine, slay him, and bring back his staff.
3434008	Speak with Krrevaas at the Azurice Shrine.
3434009	&quot;Let me speak with Madyar.&quot;
3434010	&quot;I'll do what I can.&quot;
3434011	Speak with Madyar.
3434012	&quot;Thank you.&quot;
3434013	Speak with Lalash.
3435001	Frosted Elves
3435002	They need help. They're getting you.
3435003	I really hate this place.
3435004	&quot;As ordered.&quot;
3435005	Find Centurion Lucael.
3435006	&quot;Thanks.&quot;
3435007	Speak with Kahuere.
3436001	Rite of Passage
3436002	I'd rather fight than hunt.
3436003	This frees me for more important tasks.
3436004	Mugato Claw
3436005	Slay the frostguard patriarchs and collect their claws.
3436006	Bring the claws to Hesam.
3436007	&quot;Thank you.&quot;
3437001	They Might Be Giants
3437002	We need them back. Alive.
3437003	Back to normal, yes?
3437004	Shard Packs
3437005	The shards are ours!
3437006	These shards will give us power!
3437007	Hunt down the icereaver giants around the Ice Trail.
3437008	Bring the shard packs to Kahuere.
3437009	&quot;For the federation!&quot;
3438001	Breaking Barabok
3438002	Bottom line: he has to die.
3438003	Imagine the giants coming back. I'd rather not.
3438004	Impudent fool! Your efforts will fail!
3438005	The emperor will crush you all!
3438006	Slay Barabok and end the giants' plans for glory.
3438007	&quot;Honored to serve.&quot;
3438008	Report back to Lucael.
3439001	Barsicores: Malevolent or Misunderstood?
3439002	It's them or us, you know.
3439003	Fewer barsicores—more of us.
3439004	Barsicore Paw
3439005	Hunt down the frosthunter barsicores around the Screaming Snowfield.
3439006	Deliver the paws to Kahuere.
3439007	&quot;Thanks.&quot;
3440001	Like Father, Like Son
3440002	He certainly doesn't listen to me.
3440003	He's a good boy. He'll be a great man.
3440004	&quot;All right, watch this!&quot;
3440005	Search the northern half of Screaming Snowfield for Shalim.
3440006	Mugato Fang
3440007	Hunt down the frostguard mugato and mugato cubs.
3440008	Speak with Shalim.
3440009	&quot;Thank you.&quot;
3440010	&quot;Thank you.&quot;
3440011	Speak with Dhulfiq.
3441001	A Huge Relief
3441002	Killing them would be a public service.
3441003	You're an exceptional killer.
3441004	Giant's Claw
3441005	Slay the icecleaver giants in the Screaming Snowfield and Howling Glacier.
3441006	Return to Dhulfiq.
3441007	&quot;Glad I could help.&quot;
3442001	Pruning the Predators
3442002	Kill them before there aren't any miners left.
3442003	You're amazing!
3442004	Barsicore Paw
3442005	Slay the icewalker barsicores around the Screaming Snowfield and Howling Glacier.
3442006	Deliver the paws to Lucael.
3442007	&quot;Thank you.&quot;
3443001	Insert Foot, Pull Tab
3443002	The more I trap, the safer you'll be.
3443003	These are perfect!
3443004	&quot;I'll take care of it.&quot;
3443005	Collect frostvine around the Screaming Snowfield.
3443006	Bring the frostvine to Dhulfiq.
3443007	Hesam
3443008	Frostvine Coil
3443009	Deliver the frostvine coil to Soniata at the Howling Glacier.
3443010	&quot;I'm happy to help.&quot;
3444001	Elusive Shards
3444002	There's a lot riding on those shards.
3444003	It's not something I can control.
3444004	&quot;I'll look into it.&quot;
3444005	Speak with Kilda in Bleakrock.
3444006	Speak with the magistrate.
3444007	Speak with Forsil in Bleakrock.
3444008	&quot;Thank you.&quot;
3444009	Speak with Magistrate Mutah.
3470001	(Guild) Suppression Orders: Teriak
3470002	Proof of Kill: Teriak
3470003	&quot;For the federation!&quot;
3470004	Defeat Teriak in Frost Reach.
3470005	Report to Ariane in Bleakrock.
3471001	(Guild) Suppression Orders: Frygaras
3471002	Proof of Kill: Frygaras
3471003	&quot;For the federation!&quot;
3471004	Defeat Frygaras in Frost Reach.
3471005	Report to Ariane in Bleakrock.
3472001	(Guild) Suppression Orders: Sabranak
3472002	Proof of Kill: Sabranak
3472003	&quot;For the federation!&quot;
3472004	Defeat Sabranak in Frost Reach.
3472005	Report to Ariane in Bleakrock.
3481001	Suppression Orders: Teriak
3481002	Proof of Kill: Teriak
3481003	&quot;For the federation!&quot;
3481004	Defeat Teriak in Frost Reach.
3481005	Report to Ariane in Bleakrock.
3482001	Suppression Orders: Frygaras
3482002	Proof of Kill: Frygaras
3482003	&quot;For the federation!&quot;
3482004	Defeat Frygaras in Frost Reach.
3482005	Report to Ariane in Bleakrock.
3483001	Suppression Orders: Sabranak
3483002	Proof of Kill: Sabranak
3483003	&quot;For the federation!&quot;
3483004	Defeat Sabranak the Slaughterer in Frost Reach.
3483005	Report to Ariane in Bleakrock.
3521001	The Few and the Brave
3521002	We need all the help we can get.
3521003	Glad you're on the job.
3521004	&quot;Reporting for duty.&quot;
3521005	Speak With Celesta at Croskurn Approach.
3522001	Thwarting Thulsa
3522002	He can't be allowed to get his hands on it.
3522003	This time, we hit Thulsa where it hurts.
3522004	&quot;For the federation!&quot;
3522005	Retrieve the mana ore mined by the Legion of Thulsa.
3522006	Deliver the mana ore to Celesta at Croskurn Approach.
3523001	Your Place or Mine?
3523002	It's their turn to be afraid.
3523003	Thank you. We're one step closer to getting our mines back.
3523004	Hunt down the gangs of Desert Scourge kulkaris controlling the Croskurn Mines.
3523005	&quot;Glad I could help.&quot;
3523006	Report to Geiran at Croskurn Approach.
3524001	Balancing the Scales
3524002	So we have a deal, right?
3524003	Good for me, good for you, good for the troops.
3524004	Basilisk Scale
3524005	Hunt basilisks west of Croskurn Approach and gather their scales.
3524006	Deliver basilisk scales to Decha at Croskurn Approach.
3524007	&quot;Anything to help the garrison.&quot;
3525001	This Town Ain't Big Enough
3525002	Show them how we feel about invaders.
3525003	That was truly amazing!
3525004	Hunt vulcan raiders and their minions west of Croskurn Approach.
3525005	&quot;For the federation!&quot;
3525006	Report to Tairam at Croskurn Approach.
3526001	Kill 'Em All, and Let Thulsa Sort 'Em Out
3526002	We've kept you here long enough.
3526003	Time to retaliate!
3526004	Exterminate desert runekeepers on the way to Firespine Outpost.
3526005	&quot;Freedom for Valkyon!&quot;
3526006	Visit Ramsleigh at Firespine Outpost.
3527001	Restless Rage
3527002	They've killed so many of us. Let's return the favor.
3527003	My fellow warriors—behold! The horns of the demons who killed our comrades!
3527004	Vulcan Horn
3527005	Crush the vulcan wastewalkers at Zaeltarazad Shrine and gather their horns to avenge fallen soldiers.
3527006	Deliver horns to Ramsleigh at Firespine Outpost.
3527007	&quot;For the fallen!&quot;
3528001	Retrieve Weapons
3528002	You'll find them around the camp and the Vulcan lair.
3528003	What's an army without arms?
3528004	&quot;It's an honor to serve.&quot;
3528005	Collect weapons from garrison weapon stocks around Croskurn Approach.
3528006	Deliver the garrison weapons to Geiran at Croskurn Approach.
3529001	Monsters in the Crags
3529002	You can do it.
3529003	You really can do it. I mean, you did it!
3529004	Monsters in the Crags
3529005	Hunt maligos reavers and vulcan desertstalkers near Zaeltarazad Shrine.
3529006	&quot;For the federation!&quot;
3529007	Return to Firespine Outpost and speak with Keset.
3530001	Hide and Go Seek
3530002	Keep an eye out for her, will you?
3530003	I hope I'm not interrupting you.
3530004	&quot;Right away.&quot;
3530005	Look for Wilene near the Zaeltarazad Shrine.
3530006	Mekonari summoners east of Zaeltarazad Shrine are up to no good. Send them packing.
3530007	&quot;For Wyrmgorge!&quot;
3530008	Find Ramsleigh's scout, Wilene, at Zaeltarazad Shrine.
3530009	&quot;Glad to be of service.&quot;
3530010	Report to Tesran at Jagged Crest.
3531001	Oversee This
3531002	We can't let it happen.
3531003	Incredible! Well done.
3531004	Defeat Tenebrara overseers north of Jagged Crest.
3531005	&quot;Freedom for Valkyon!&quot;
3531006	Report to Viel at Jagged Crest.
3532001	Heads Will Roll
3532002	Hit them so they'll feel it!
3532003	It's an honor to fight alongside you, soldier.
3532004	Tenebrara Head
3532005	Decapitate Thulsa's soldiers outside Jagged Crest, and collect their heads.
3532006	Deliver the enemy's heads to Tesran at Jagged Crest.
3532007	&quot;For the federation!&quot;
3533001	Condition Grounded
3533002	We can trade wings for good equipment in town.
3533003	Consider me your friend from here on out.
3533004	Dracoloth Wing
3533005	Hunt dracoloths in Deathgorge and collect their wings.
3533006	Deliver dracoloth wings to Selsine at Jagged Crest.
3533007	&quot;Happy to help.&quot;
3534001	You'll Be a Dentist
3534002	I hate those things.
3534003	Now, on to the real reason we're here.
3534004	Imp's Tooth
3534005	Kill feisty ebon imps in Deathgorge and gather their teeth.
3534006	Report to Viel at Jagged Crest.
3534007	&quot;Save me a necklace.&quot;
3535001	Send Me Dead Flowers
3535002	You have to wonder why they call them that...
3535003	I hope these do the trick.
3535004	&quot;Good luck to you, comrade.&quot;
3535005	Gather deathblossoms near Jagged Crest.
3535006	Deliver deathblossoms to Culwin at Jagged Crest.
3536001	Protect Jagged Crest
3536002	They're no better than vultures.
3536003	Thank you.
3536004	&quot;It's an honor to serve.&quot;
3536005	Collect the remains of the Jagged Crest defenders.
3536006	Deliver the remains to Deldre at Jagged Crest.
3570001	(Guild) Suppression Orders: Huzrat the Tyrant
3570002	Proof of Kill: Huzrat the Tyrant's Death
3570003	&quot;For the federation!&quot;
3570004	Defeat Huzrat the Tyrant in Wyrmgorge.
3570005	Report to Slevene in Elenea.
3571001	(Guild) Suppression Orders: Croskurn Beasts
3571002	Proof of Kill: Croskurn Beasts Deaths
3571003	&quot;For the federation!&quot;
3571004	Hunt the monsters around Croskurn Mines.
3571005	Report to Slevene in Elenea.
3572001	(Guild) Suppression Orders: Vulcan Wastewalkers
3572002	Proof of Kill: Vulcan Wastewalkers Deaths
3572003	&quot;For the federation!&quot;
3572004	Defeat vulcan wastewalkers in Zaeltarazad Shrine.
3572005	Report to Slevene in Elenea.
3573001	(Guild) Suppression Orders: Legion of Thulsa
3573002	Proof of Kill: Legion of Thulsa Deaths
3573003	&quot;For the federation!&quot;
3573004	Defeat the Legion of Thulsa in the Deathgorge.
3573005	Report to Slevene in Elenea.
3581001	Suppression Orders: Huzrat the Tyrant
3581002	Proof of Kill: Huzrat the Tyrant's Death
3581003	&quot;For the federation!&quot;
3581004	Defeat Huzrat the Tyrant in Wyrmgorge.
3581005	Report to Slevene in Elenea.
3582001	Suppression Orders: Croskurn Beasts
3582002	Proof of Kill: Croskurn Beasts Deaths
3582003	&quot;For the federation!&quot;
3582004	Hunt the monsters around Croskurn Mines.
3582005	Report to Slevene in Elenea.
3583001	Suppression Orders: Vulcan Wastewalkers
3583002	Proof of Kill: Vulcan Wastewalkers Deaths
3583003	&quot;For the federation!&quot;
3583004	Defeat the vulcan wastewalkers in Zaeltarazad Shrine.
3583005	Report to Slevene in Elenea.
3584001	Suppression Orders: Legion of Thulsa
3584002	Proof of Kill: Legion of Thulsa Deaths
3584003	&quot;For the federation!&quot;
3584004	Defeat the Legion of Thulsa in the Deathgorge.
3584005	Report to Slevene in Elenea.
3621001	To Tor Exsul
3621002	He'll know what to do. I hope.
3621003	Thank you for coming this far.
3621004	&quot;Got it.&quot;
3621005	Report to Cerenon at Elenea Magistrate residence.
3621006	Clear the rasptusk sabertooths as you search for the carriage northeast of Elenea.
3621007	&quot;Got it.&quot;
3621008	Speak to Nadinne at Runner's Watch.
3621009	&quot;Sorry to bring bad news.&quot;
3621010	Report to Tarnan at Runner's Watch.
3622001	All Demand, No Supply
3622002	Don't make me send someone looking for you, too.
3622003	We don't have all the facts here.
3622004	Supply Carriage from Allemantheia
3622005	You've found the destroyed supply carriage.
3622006	Search for the supply carriage north of Runner's Watch.
3622007	Take the weapon.
3622008	Investigate the destroyed carriage.
3622009	Ishuram
3622010	Trace of Ambush
3622011	Report to Tarnan at Runner's Watch.
3622012	&quot;For Valkyon!&quot;
3623001	Salvage Operation
3623002	I hope they've left anything to salvage.
3623003	You've been a great help.
3623004	&quot;I did what I could.&quot;
3623005	Go to Outlaws' Nest and retrieve the stolen supplies.
3623006	Report to Ishuram at Runner's Watch.
3624001	Attack the Attackers
3624002	We must punish those remnants.
3624003	I hope this will keep the remnants quiet.
3624004	Eliminate the Tenebrara enforcers and assassins west of Runner's Watch.
3624005	&quot;For the federation!&quot;
3624006	Report to Nadinne at Runner's Watch.
3625001	Remnants of Past Glory
3625002	He'll have more recent intelligence.
3625003	Killian. Very bad news indeed.
3625004	&quot;As ordered.&quot;
3625005	Find Pastin hiding in Outlaws' Nest.
3625006	Eliminate the Tenebrara priests around Outlaws' Nest.
3625007	&quot;Got it.&quot;
3625008	Report to Pastin in the Outlaws' Nest.
3625009	Take the scroll.
3625010	Search the remnants' cabinet in Outlaws' Nest.
3625011	&quot;I'll do it.&quot;
3625012	Report to Pastin in Outlaws' Nest.
3625013	&quot;For the federation!&quot;
3625014	Report to Tarnan at Runner's Watch.
3626001	Imp Possible
3626002	They're a distraction we don't need.
3626003	Wow.
3626004	Thieves' Ears
3626005	Eliminate the dark thrallmasters and vicious auric imps east of the Runner's Watch.
3626006	Report to Laisia at Runner's Watch.
3626007	&quot;For the federation!&quot;
3627001	Break Through the Blockade!
3627002	Tell her Killian's on the move.
3627003	The worst has come.
3627004	Eliminate Tenebrara kariagons blockading Manafire Outpost.
3627005	&quot;Got it.&quot;
3627006	Report to Felion at Manafire Outpost.
3627007	&quot;For the federation!&quot;
3627008	Report to Melrasa at Manafire Outpost.
3628001	Big Trouble
3628002	I'm sure you're not afraid. Are you?
3628003	I know you understand.
3628004	Eliminate vale hunter arachnen north of Manafire Outpost.
3628005	&quot;For the federation!&quot;
3628006	Report to Meycon at Manafire Outpost.
3629001	Ignorant Arcanist
3629002	He's really very nice, just not especially bright.
3629003	I wish Felion had a little faith in me.
3629004	&quot;I understand.&quot;
3629005	Go to Mallon near the Raintree Oasis.
3630001	Harts Afire
3630002	At least some good can come of it, you know?
3630003	Thanks!
3630004	Desert Hart Horns
3630005	Hunt the desert harts in the Raintree Oasis.
3630006	Report to Mallon.
3630007	&quot;For the federation!&quot;
3631001	We Want, We Hope, and We're Afraid
3631002	It's not like they'll use the hides if they're dead.
3631003	I'm very public minded.
3631004	Lizard Skin
3631005	Hunt the sandlurker lizards in the Raintree Oasis.
3631006	Return to Mallon.
3631007	&quot;For the federation!&quot;
3632001	Dyed in Blood
3632002	Maybe there's more than one of him. Horrible thought.
3632003	I know we'll have work for you.
3632004	&quot;Got it.&quot;
3632005	Go to Belei in the cave that leads to Checkpoint Ebony.
3632006	&quot;Glad to help!&quot;
3632007	Go to Loshud at Checkpoint Ebony.
3634001	Tokens of the Dead
3634002	I know it's little more than a gesture. Still...
3634003	Rest in peace...
3634004	&quot;I did what I could.&quot;
3634005	Collect Valkyon soldiers' necklaces in Blood Valley.
3634006	Bring the necklaces to Seline at Checkpoint Ebony.
3635001	Hungry Like the Wolf
3635002	You'd think the smell alone would drive them off, eh?
3635003	Good job!
3635004	&quot;I hope this does the trick.&quot;
3635005	Collect dead lambs around Manafire Outpost.
3635006	Bring the dead lambs to Taran at Manafire Outpost.
3636001	Double Axe Army
3636002	Is there anything he can't corrupt?
3636003	Good job. Well done.
3636004	Eliminate Tenebrara reapers in Blood Valley.
3636005	&quot;For the federation!&quot;
3636006	Report to Madani at Checkpoint Ebony.
3637001	Tenebrara Trials
3637002	If it's not one thing...
3637003	With our gratitude!
3637004	Eliminate Tenebrara lancers and sorcerers in Blood Valley.
3637005	&quot;For the federation!&quot;
3637006	Report to Loshud at Checkpoint Ebony.
3638001	Killian's Stone
3638002	Just kill them. Or whatever it is one does to golems.
3638003	That's done! Thanks!
3638004	Eliminate magmar teraliths in Blood Valley.
3638005	&quot;For the federation!&quot;
3638006	Report to Loshud at Checkpoint Ebony.
3639001	Jester's Minions
3639002	Oh, and watch out for arachnens!
3639003	Well done!
3639004	Eliminate the beast tamers north of Runner's Watch.
3639005	&quot;For the federation!&quot;
3639006	Report to Laisia at Runner's Watch.
3641001	Love in Bloom
3641002	I'd probably end up getting killed.
3641003	Maybe I'll become a flower farmer.
3641004	&quot;It's an honor to serve.&quot;
3641005	Collect strelitzias around the Raintree Oasis.
3641006	Deliver the strelitzias to Mallon
3670001	(Guild) Suppression Orders: Kelthuzad Vulcan
3670002	Proof of Kill: Kelthuzad Vulcan Deaths
3670003	&quot;For the federation!&quot;
3670004	Kill kelthuzad vulcans at Tor Exsul.
3670005	Report to Slevene in Elenea.
3671001	(Guild) Suppression Orders: Remnants
3671002	Proof of Kill: Remnants Deaths
3671003	&quot;For the federation!&quot;
3671004	Kill the remnants in Outlaws' Nest.
3671005	Report to Slevene in Elenea.
3672001	(Guild) Suppression Orders: Vale Hunter Arachnen
3672002	Proof of Kill: Vale Hunter Arachnen Deaths
3672003	&quot;For the federation!&quot;
3672004	Defeat the vale hunter arachnens north of Manafire Outpost.
3672005	Report to Slevene in Elenea.
3673001	(Guild) Suppression Orders: Magmar Teralith
3673002	Proof of Kill: Magmar Teralith Deaths
3673003	&quot;For the federation!&quot;
3673004	Kill the magmar teraliths in Blood Valley.
3673005	Report to Slevene in Elenea.
3681001	Suppression Orders: Kelthuzad Vulcan
3681002	Proof of Kill: Kelthuzad Vulcan Deaths
3681003	&quot;For the federation!&quot;
3681004	Kill kelthuzad vulcans at Tor Exsul.
3681005	Report to Slevene in Elenea.
3682001	Suppression Orders: Remnants
3682002	Proof of Kill: Remnant Deaths
3682003	&quot;For the federation!&quot;
3682004	Kill the remnants in the Outlaws' Nest.
3682005	Report to Slevene in Elenea.
3683001	Suppression Orders: Vale Hunter Arachnen
3683002	Proof of Kill: Vale Hunter Arachnen Deaths
3683003	&quot;For the federation!&quot;
3683004	Kill the vale hunter arachnens north of Manafire Outpost.
3683005	Report to Slevene in Elenea.
3684001	Suppression Orders: Magmar Teralith
3684002	Proof of Kill: Magmar Teralith Deaths
3684003	&quot;For the federation!&quot;
3684004	Kill the magmar teraliths in Blood Valley.
3684005	Report to Slevene in Elenea.
3702001	Fragment of Hope
3702002	We must save Muhrak!
3702003	&quot;I understand.&quot;
3702004	Striktryssir's Horn
3702005	Obtain {@LinkCreature:38#45#Striktryssir}'s Horn at Barbtail Coulee.
3702006	Bring Striktryssir's Horn to {@LinkCreature:238#1100#Torsten}, near the pyramid at Thunder Hold.
3702007	Go to the top of the pyramid.
3702008	The relic fragment grants you its power!
3702009	Go to the top of the pyramid on the right at Thunder Hold, then absorb the relic fragment's power.
3702010	Grigelt's Wrath
3702011	Obtain {@LinkCreature:35#1000#Grigelt}'s Wrath at Deathgorge.
3702012	Bring Grigelt's wrath to Torsten, near the altar in Deathgorge.
3702013	Go to the top of the altar.
3702014	Behold the relic fragment's power!
3702015	Go to Deathgorge and bring the relic fragment to the altar to release its power.
3702016	&quot;Right. Okay.&quot;
3702017	Go back to the altar and speak with Torsten again.
3702018	&quot;I'm ready! Do it!&quot;
3702019	Go to Torsten, near the teleportal in Blood Valley.
3702020	Jester's Villa
3702021	You sense the presence of Killian, God of Terror, nearby...
3702022	{@LinkCreature:236#1006#Teleport} in, eliminate Killian, and retrieve the last relic fragment.
3702023	Eliminate Killian's pet, Snaharzim.
3702024	&quot;Thanks.&quot;
3702025	Go back to Commander Fraya at Allemantheia Headquarters and tell her you have three of the four relic fragments.&#xA;[Speak with {@linkcreature:72#1103#Arshadh} to enter the Allemantheia Headquarters.]
3702026	&quot;I'll find the blacksmith.&quot;
3702027	Go back to Kaiator and tell Kaia at Kaiator Command Center that you have three relic fragments and a substitute for the fourth.&#xA;[Speak with {@linkcreature:84#1088#Yunari} to enter.]
3702028	&quot;Thank you.&quot;
3702029	Go to Tamur at Kaiator Command Center and receive information of the legendary blacksmith.
3704001	The Imprisoned God
3704002	&quot;I understand.&quot;
3704003	&quot;I shall.&quot;
3704004	Meet with Tamur at Kaiator Command Center before heading off to Southern Shara.&#xA;[Speak with {@linkcreature:84#1088#Yunari} to enter the Kaiator Command Center.]
3704005	&quot;I'll do that.&quot;
3704006	Meet with Fraya at Allemantheia Headquarters and request assistance in defeating Kelsaik.&#xA;[Speak with {@linkcreature:72#1103#Arshadh} to enter the Allemantheia Headquarters.]
3704007	&quot;I...think I understand.&quot;
3704008	Speak with {@LinkCreature:74#1100#Elvar} and get information on Saleron and the Crypt.
3704009	&quot;Thanks.&quot;
3704010	Speak with {@LinkCreature:237#1029#Legia} and get information on Saleron.
3704011	&quot;I understand.&quot;
3704012	Speak with {@LinkCreature:237#1027#Torsten} at Saleron Research Camp.
3704013	&quot;Understood.&quot;
3704014	Speak with {@LinkCreature:237#1027#Torsten} at Saleron Research Camp.
3704015	Kikik! A bug flew in!
3704016	Ki...Kiki...
3704017	Defeat {@LinkCreature:37#230#Ravenous Tyrak}.
3704018	Ebon Span
3704019	There's a giant face on the wall. 
3704020	Go to the Ebon Span.
3704021	&quot;Greetings, mighty Saleron.&quot; 
3704022	Find Saleron and speak to him.
3705001	Test of the God
3705002	&quot;I'm ready for this.&quot;
3705003	Dragon's Soul Stone
3705004	Defeat Striktryssir in Saleron's Sky Garden and overcome Saleron's trial.&#xA;[You must select Saleron's Sky Garden (Solo) from the {@LinkCreature:237#1501#Teleportal} to advance this quest.]  
3705005	Bring the dragon's soul stone to Prophet Torsten and receive the relic fragment.
3705006	&quot;Right. Okay.&quot;
3705007	The relic fragment's power is yours!
3705008	Bring the relic fragment closer.
3705009	&quot;Thank you.&quot; 
3705010	Go back to the Ebon Span and speak with Saleron.
3721001	Hellhound on the Trail
3721002	I need my beauty sleep!
3721003	Hellhounds. Why is it always hellhounds?
3721004	Hunt down the Wandering Hellhounds that are attacking the supply couriers at Desolate Rise.
3721005	Desolate Rise
3721006	There's a soldier!
3721007	Go to the crypt and search for Eudon.
3721008	&quot;For the federation!&quot;
3721009	Speak with Eudon at the entrance to the crypt.
3722001	A Ration-al Response
3722002	I hope there's something left.
3722003	I thought you'd never get here!
3722004	Missing Rations
3722005	Eliminate the goldmaw hellhounds in the Crypt of the Forsaken and retrieve the missing rations.
3722006	Report to Crasius at Phalangeal Research Camp.
3722007	&quot;I'm not really the courier...&quot;
3723001	The Scouting Report
3723002	We'll find something else from them to do.
3723003	Argons...our worst nightmare...
3723004	Eliminate the Cryptkeeper Destroyers around and north of Phalangeal Research Camp.
3723005	&quot;Understood!&quot;
3723006	Go to Brista, who is far north of Phalangeal Research Camp.
3723007	We can't retreat from here!
3723008	Zhaathi...
3723009	Eliminate Nithatlos, leader of the cryptkeepers.
3723010	&quot;Yes.&quot;
3723011	Report to Crasius at Phalangeal Research Camp.
3724001	Too Mad for War
3724002	Who will we have to fight next, I wonder?
3724003	No argons so far, that is.
3724004	Eliminate gangs of insane prions east of Phalangeal Research Camp.
3724005	&quot;For the federation!&quot;
3724006	Report to Kairina at the Saleron Research Camp in the Crypt of the Lost.
3725001	Bloody Mushrooms
3725002	There's power in them, I'll warrant.
3725003	We never had this conversation.
3725004	&quot;Understood.&quot;
3725005	Gather blooddrop mushrooms east of Saleron Research Camp.
3725006	Report to Numae at Saleron Research Camp.
3726001	Death and Tyrakses
3726002	We can fight, or we can do our jobs.
3726003	Nicely done.
3726004	Eliminate Ravenous Tyraks near Saleron Research Camp.
3726005	&quot;I did my best.&quot;
3726006	Report to Kairina at Saleron Research Camp.
3727001	Killian's Supply Lines
3727002	Their loss, our gain, and all that.
3727003	They do look a bit used...
3727004	Reaper Supplies
3727005	Eliminate the eldritch reapers in the vicinity of Ebon Span and collect supplies from them.
3727006	Report to Lufiyah at Corpus Research Camp in the Crypt of the Lost.
3727007	&quot;Victory for Valkyon!&quot;
3728001	Whipping the Minions
3728002	I hate arachnens. I really do.
3728003	You've got them on the run.
3728004	Demon Whip
3728005	Eliminate naroder arachnens and their minions that have encircled Corpus Research Camp, collect their whips as you do.
3728006	Report to Lufiyah at Corpus Research Camp.
3728007	&quot;I've got a thing for whips.&quot;
3729001	Let's You and Him Fight
3729002	Hard to communicate with our scouts down here.
3729003	Finally, I'm safe!
3729004	Entrance to the Crypt of the Damned
3729005	There's a soldier!
3729006	Go to the Crypt of the Damned and search for the missing herald.
3729007	&quot;Glad I found you.&quot;
3729008	Speak with the herald in the Crypt of the Damned.
3730001	Argons by the Pack
3730002	In the chaos of battle, I got this far, but...
3730003	The argons rule this area.
3730004	Hunt athakelas in the Crypt of the Damned.
3730005	&quot;Be brave, soldier!&quot;
3730006	Go to Rudh at Uprising Redoubt in the Crypt of the Damned.
3731001	Strike First and Strike Last
3731002	We'll show 'em we aren't sitting ducks.
3731003	They never knew what hit 'em. Good job.
3731004	Argon Intel
3731005	Eliminate kalashes and primal chukodans east of Uprising Redoubt and collect any intelligence you find.
3731006	Report to Burhan at Uprising Redoubt.
3731007	&quot;Strike first! Strike last!&quot;
3732001	The Manaasthol Leaders
3732002	It's not the best idea, but it's what we've got.
3732003	We do what we can, eh?
3732004	Eliminate the manaathols in Incursion Zone.
3732005	&quot;For the federation!&quot;
3732006	Report to Serine at Uprising Redoubt.
3733001	How Legends Are Born
3733002	We'll both look like heroes.
3733003	She won't lecture me now.
3733004	Kulkari Ears
3733005	Eliminate the cryptkeeper kulkaris at the entrance to the crypt and collect their ears to help Eudon make up an excuse.
3733006	Report to Eudon at the entrance to the crypt.
3733007	&quot;Next time don't be late.&quot;
3734001	Zhaathi Must Fall
3734002	I'm sure he's the key to the whole assault.
3734003	Are they gone yet?
3734004	A worthless surface dweller...not even useful as parts.
3734005	You can only postpone...the inevitable....
3734006	Eliminate Zhaathi in the Incursion Zone.
3734007	&quot;Yeah, any minute now.&quot;
3734008	Report to Rudh at Uprising Redoubt.
3735001	Reeking of Safety
3735002	The flowers grow near the Gutrend camp.
3735003	I really hope these flowers will protect me.
3735004	&quot;It's an honor to serve.&quot;
3735005	Collect malodorous flowers near the entrance of the Doomcrypt.
3735006	Report to Eudon at the entrance to the Doomcrypt.
3736001	Prion Relics
3736002	The Gutrends are mainly found north of this camp.
3736003	The prions are more civilized than they appear.
3736004	&quot;It's an honor to serve.&quot;
3736005	Collect prion relics around the Gutrend camp north of the Phalangeal Research Camp.
3736006	Report to Lumina at Phalangeal Research Camp.
3737001	Checking the Argons in the Crypt
3737002	Argon supply crates are found near the Jurnagg Column.
3737003	Well done!
3737004	&quot;It's an honor to serve.&quot;
3737005	Collect argon supply crates in the Crypt of the Damned.
3737006	Report to Maelcum at Uprising Redoubt.
3770001	(Guild) Suppression Orders: Prions
3770002	Proof of Kill: Prion Deaths
3770003	&quot;For the federation!&quot;
3770004	Defeat the gangs of prions in the Crypt of the Forsaken.
3770005	Report to Taira at Uprising Redoubt.
3771001	(Guild) Suppression Orders: Killian's Force
3771002	Proof of Kill: Killian's Force Deaths
3771003	&quot;For the federation!&quot;
3771004	Destroy Killian's minions in the Crypt of the Lost.
3771005	Report to Taira at Uprising Redoubt.
3772001	(Guild) Suppression Orders: Argons
3772002	Proof of Kill: Argon Deaths
3772003	&quot;For the federation!&quot;
3772004	Defeat the argons in the Crypt of the Damned.
3772005	Report to Taira at Uprising Redoubt.
3780001	Suppression Orders: Prions
3780002	Proof of Kill: Prion Deaths
3780003	&quot;For the federation!&quot;
3780004	Defeat the gangs of prions in the Crypt of the Forsaken.
3780005	Report to Taira at Uprising Redoubt.
3781001	Suppression Orders: Killian's Force
3781002	Proof of Kill: Killian's Force Deaths
3781003	&quot;For the federation!&quot;
3781004	Destroy Killian's minions in the Crypt of the Lost.
3781005	Report to Taira at Uprising Redoubt.
3782001	Suppression Orders: Argons
3782002	Proof of Kill: Argon Deaths
3782003	&quot;For the federation!&quot;
3782004	Kill the argons in the Crypt of the Damned.
3782005	Report to Taira at Uprising Redoubt.
3821001	Back to Work
3821002	I came here to excavate Ger, not to wage a war.
3821003	You've been a great help.
3821004	&quot;I'm on my way.&quot;
3821005	Report to Areish at Roostcliff Quarter.
3821006	Together we are strong!
3821007	For Saleron!
3821008	Kill Veriksha, Narak, and prion explorers in the ruins east of Roostcliff Quarter.
3821009	&quot;Happy to help.&quot;
3821010	Report to Areish at Roostcliff Quarter.
3826001	Who's Laughing Now?
3826002	They're probably listening right now.
3826003	Now I can relax...until they send more.
3826004	Hunt the hungry ruins hyenas that are spying on Craterview Outpost.
3826005	&quot;I suppose not.&quot;
3826006	Report to Hectram at the Craterview Outpost.
3827001	Old Growth Timber
3827002	I can't wait to see it close up!
3827003	It's all so confusing. Could there really be giants here?
3827004	Giant's Sword
3827005	Rrrrk! Kr-rrrk!
3827006	Krrr...
3827007	Defeat the ancient mycanar at Feldrin Ravine and retrieve the sword that's embedded in it.
3827008	Report to Eustace at Craterview Outpost.
3827009	&quot;I hope you figure it out.&quot;
3828001	Eyes of Flame
3828002	They're frightening. And creepy.
3828003	It's an archaeologist's dream out there.
3828004	Hunt gluttonous fangspawns at the Field of Fire.
3828005	&quot;Good to know I can help.&quot;
3828006	Return to Jelia at Craterview Outpost.
3829001	Invaders at the Field of Fire
3829002	We can't cower here forever.
3829003	It will be good to get back to digging.
3829004	Defeat the prion destroyers and prion bonecrushers that have halted excavation at the Field of Fire.
3829005	&quot;We do our duty.&quot;
3829006	Report to Adamael at Craterview Outpost.
3830001	Arms and the Aman
3830002	I'll be king of the excavators!
3830003	I can't wait to test these arms!
3830004	Mechanical Arms
3830005	Hunt ancient diggers and boregolems in the Field of Fire, and collect their arms.
3830006	Return to Bultu at Craterview Outpost.
3830007	&quot;Can't wait to see them at work.&quot;
3831001	Curioser and Curioser
3831002	I probably shouldn't, but I worry about him.
3831003	Parts! Beautiful parts!
3831004	&quot;If he's there, I'll find him.&quot;
3831005	Look for Poihon the engineer northeast of the Field of Fire.
3831006	Dredkreak Parts
3831007	Attack...attack...attack...
3831008	Defeat Dredkreak near the Field of Fire and collect parts.
3831009	Return to Poihon.
3831010	&quot;I'm glad you like them.&quot;
3832001	Reaping the Reapers
3832002	And I'm fast, too!
3832003	Make yourself at home.
3832004	Thin out the sand reapers and troopers east of the Field of Fire.
3832005	&quot;Happy to help.&quot;
3832006	See Carusian at Wyvern Watch.
3835001	What the Giants Left Behind
3835002	You look a lot more equipped for the job than I am.
3835003	I can do a lot from here, if I must.
3835004	&quot;Best of luck.&quot;
3835005	Find giant relics at Thunder Hold.
3835006	Report to Zalik at Wyvern Watch
3836001	Jermir's Revenge
3836002	Why would they bully my poor little pet?
3836003	It must have been iskaragards. What else could it be?
3836004	Hunt ardent iskaragards and devoted iskaragards near Wyvern Watch.
3836005	&quot;For the federation!&quot;.
3836006	Go back to Jerad at Wyvern Watch.
3837001	One Man Left Behind
3837002	I hope it's not too late.
3837003	It's a very ancient and difficult language.
3837004	Thunder Hold Prions
3837005	Hunt prions on your way to find Jabel in Thunder Hold.
3837006	Bring the book.
3837007	Find Jabel somewhere in Thunder Hold.
3837008	&quot;I'll do it.&quot;
3837009	Return to Belani at Wyvern Watch.
3837010	Jerad
3837011	Book in an Unknown Language
3837012	Take the book to Jerad.
3837013	&quot;I'll wait.&quot;
3839001	Sleeping Giant
3839002	The giants must not return to power.
3839003	To think there might be more...
3839004	You prepare your mind.
3839005	Go to the teleportal at the top of the pyramid in Thunder Hold.
3839006	You will not defeat me. I am Giras!
3839007	For Tithus!
3839008	Enter the pyramid in Thunder Hold and defeat Giras.
3839009	&quot;One battle at a time.&quot;
3839010	Return to Jerad at Wyvern Watch.
3840001	Tool Accountability
3840002	I can't bear to think they'll be ruined.
3840003	This calls for a drink.
3840004	&quot;It's an honor to serve.&quot;
3840005	Find excavation tools on the Field of Fire.
3840006	Report to Hectram at the Craterview Outpost.
3870001	(Guild) Suppression Orders: Nyxarras
3870002	Proof of Kill: Nyxarras's Death
3870003	&quot;For the federation!&quot;
3870004	Kill nyxarras in Sienna Canyon.
3870005	Report to Slevene in Elenea.
3871001	(Guild) Suppression Orders: Canyon Enemies
3871002	Proof of Kill: Canyon Enemy Deaths
3871003	&quot;For the federation!&quot;
3871004	Defeat the monsters around Roostcliff Quarter.
3871005	Report to Slevene in Elenea.
3872001	(Guild) Suppression Orders: Gluttonous Fangspawn
3872002	Proof of Kill: Gluttonous Fangspawn deaths
3872003	&quot;For the federation!&quot;
3872004	Kill gluttonous fangspawns at the Field of Fire.
3872005	Report to Slevene in Elenea.
3874001	(Guild) Suppression Orders: Feldrin Ravine
3874002	Proof of Kills: Feldrin Ravine
3874003	&quot;For the federation!&quot;
3874004	Kill the lean hyenas and prions around Feldrin Ravine.
3874005	Report to Slevene in Elenea.
3881001	Suppression Orders: Nyxarras 
3881002	Proof of Kill: Nyxarras
3881003	&quot;For the federation!&quot;
3881004	Kill Nyxarras in Sienna Canyon.
3881005	Report to Slevene in Elenea.
3882001	Suppression Orders: Canyon Enemies
3882002	Proof of Kill: Canyon Enemies
3882003	&quot;For the federation!&quot;
3882004	Kill the monsters around Roostcliff Quarter.
3882005	Report to Slevene in Elenea.
3883001	Suppression Orders: Gluttonous Fangspawn
3883002	Proof of Kill: Gluttonous Fangspawns
3883003	&quot;For the federation!&quot;
3883004	Kill the gluttonous fangspawns at the Field of Fire.
3883005	Report to Slevene in Elenea.
3885001	Suppression Orders: Feldrin Ravine
3885002	Proof of Kills: Feldrin Ravine
3885003	&quot;For the federation!&quot;
3885004	Eliminate the lean hyenas and prions around Feldrin Ravine.
3885005	Report to Slevene in Elenea.
3901001	Unveil the Mask
3901002	&quot;Let's go.&quot;
3901003	Ask {@linkcreature:240#1050#Fraya} what to do after you find the source of the material. 
3901004	&quot;I understand.&quot;
3901005	Fraya
3901006	Morbolith Fragment
3901007	Bring the morbolith fragment to Ryshan at Mysterium Headquarters in Allemantheia.
3901008	&quot;I understand.&quot;
3901009	Ryshan
3901010	Morbolith Fragment
3901011	Talk to Malachai while Ryshan is busy.
3901012	&quot;I understand.&quot;
3901013	&quot;I understand.&quot;
3901014	Confirm this change is okay with Ryshan.
3901015	&quot;I understand.&quot;
3901016	Find Fraya in Frontera, and give her your report.
3901017	&quot;I understand.&quot;
3901018	Speak with {@linkcreature:240#1034#Kaleon} in Arachne's Bane.&#xA;[Use the {@linkcreature:75#1015#Teleportal} to go to Arachne's Bane.]
3901019	&quot;Let's go.&quot;
3901020	Speak with {@linkcreature:240#1034#Kaleon}.
3901021	&quot;I understand.&quot;
3901022	&quot;I understand.&quot;
3901023	Speak with {@linkcreature:239#1100#Kaleon} at Retribution Point in Arachnaea.
3901024	Kill the enemies of Thulsa!
3901025	Thulsa...I've failed you!
3901026	Defeat {@linkcreature:39#250#Kaligos} and {@linkcreature:39#260#Telremnas} guarding the morbolith mills.
3901027	Activate the {@LinkObject:37#mill}, then pick up a morbolith fragment.
3901028	Morbolith Fragment
3901029	Bring the morbolith fragments to {@linkcreature:239#1050#Kaleon} at the Wary Vigil.
3901030	&quot;I understand.&quot;
3901031	Use the purifying flame on the sanctified mill to destroy it.
3901032	&quot;I understand.&quot;
3901033	Inform {@linkcreature:239#1100#Kaleon} at the Wary Vigil that you destroyed the Sanctified Mill.
3901034	&quot;I understand.&quot;
3901035	Ask Fraya why the research was stopped.
3901036	Fraya
3901037	This must be the place you're meeting Fraya.
3901038	Go to the {@linkcreature:239#1039#meeting location} at Wary Vigil.
3901039	&quot;I understand.&quot;
3901040	Talk to Fraya.
3901041	I've got you now!
3901042	Lord Thulsa, we've failed!
3901043	Use the {@linkcreature:239#1040#teleportal} to team up with Fraya in the Hidden Shrine and defeat Brigadier Akeldama.
3901044	&quot;I understand.&quot;
3901045	Speak with {@linkcreature:407#1004#Fraya} in the Hidden Shrine.&lt;BR&gt;[Use the {@LinkCreature:239#1040#teleportal} to enter Hidden Shrine.
3901046	&quot;I understand.&quot;
3901047	Speak with {@linkcreature:72#1134#Alnosk} at Malachai's Lab. 
3901048	Fools!
3901049	What? How can this be?
3901050	Use the {@linkcreature:72#1061#teleportal} to enter Malachai's Lab. Tell {@linkcreature:408#1007#Fraya} you're ready, then defeat Thulsa.&lt;BR&gt;[Thulsa appears after you answer Fraya.]
3901051	&quot;Thank you.&quot;
3901052	Speak with Fraya inside Malachai's Lab.
3921001	A Tangled Web
3921002	Get this to Tenush at once!
3921003	Bah! These won't last a day.
3921004	Prefect Lauma
3921005	Supply Shipment
3921006	Take the supply shipment to Tenush at Arachne's Bane.
3921007	&quot;As ordered.&quot;
3921008	Tenush
3921009	First Aid Supplies
3921010	Deliver the first aid supplies to Gatsil at Wary Vigil.
3921011	&quot;Thank you.&quot;
3922001	Shell Game
3922002	Blasted arachnens. We'll be well rid of them.
3922003	Oh, thank you!
3922004	Shell Fragment
3922005	Hunt arachnen {@linkcreature:39#130#matriarchs} and {@linkcreature:39#131#matrons} in the central lair. Collect their shells.
3922006	Deliver the shells to Paicha at Roughneck Outpost.
3922007	&quot;Happy to help.&quot;
3923001	To Roughneck Outpost
3923002	Report to Greina. On the bounce, soldier!
3923003	Welcome to Roughneck Outpost. Ready to fight?
3923004	&quot;Happy to help.&quot;
3923005	Report to Greina at the Roughneck Outpost.
3924001	Peel More Spiders
3924002	Yet more arachnen shells?
3924003	Ex-shell-ent! Ha!
3924004	Hard Shells
3924005	Hunt arachnen {@linkcreature:39#130#matriarchs} and {@linkcreature:39#131#matrons} in the central lair. Collect their shells.
3924006	Deliver the shells to Paicha at Roughneck Outpost.
3924007	&quot;As requested.&quot;
3925001	Slaying the Slavemasters
3925002	Put those slavers and their wards down.
3925003	A grim, but necessary, task.
3925004	Eliminate the slave wardens and delirious slaves northwest of Roughneck Outpost.
3925005	&quot;I did my duty.&quot;
3925006	Report to Perridian at Roughneck Outpost.
3926001	What Remains
3926002	Gather what you can for their families.
3926003	Thanks for helping us keep the faith with our fallen.
3926004	&quot;The honor is mine.&quot;
3926005	Collect the bones of the arachnens' victims from the lowest level of Arachnaea.
3926006	Bring the bones to Chaman.
3927001	Heart of Stone
3927002	It's hard to blame someone for fearing a massive ovolith.
3927003	Nice work!
3927004	Ovolith Heart
3927005	Defeat the guardian ovolith at the bottom of Arachnen Lair. Bring back its heart.
3927006	Bring the heart to Chaman.
3927007	&quot;I was happy to help.&quot;
3928001	Arachnologist AWOL
3928002	Animan's around here somewhere...
3928003	Thank the gods, I'm saved!
3928004	&quot;Thanks.&quot;
3928005	Follow the sounds to the survivors.
3929001	Without Mercy
3929002	That blasted ovolith will be the death of me yet!
3929003	Oh, thank you!
3929004	Kill the merciless ovoliths.
3929005	&quot;Thank you.&quot;
3929006	Return to Animan.
3930001	A Helping Hand
3930002	Anwold must be so worried!
3930003	That's a load off my mind. Thanks.
3930004	&quot;I'm grateful for this.&quot;
3930005	See Anwold at Sanctuary.
3931001	Catch That Maligos
3931002	Get rid of those maligoses!
3931003	I hate those infernal things.
3931004	Hunt ferocious and brutal maligoses in the eastern part of Arachnaea.
3931005	&quot;Stay strong, my friend.&quot;
3931006	Report to Anwold at Sanctuary.
3932001	Loyal Servants of the Queen
3932002	Time to cut those jalmaraks down to size.
3932003	You've done well.
3932004	Jalmarak's Head
3932005	Hunt loyal jalmaraks and bring back their heads.
3932006	Deliver the jalmarak heads to Jerise at Sanctuary.
3932007	&quot;I do what I can.&quot;
3933001	Dreadfang's Fang
3933002	I want those fangs!
3933003	Excellent work. With luck, I can use their venom.
3933004	Dreadfang's Fang
3933005	Hunt dreadfang arachnens in the north part of the lair. Collect their poisonous fangs.
3933006	Bring the dreadfang fangs to Jerise at Sanctuary.
3933007	&quot;I'm glad I could help.&quot;
3934001	Paths of the Dead
3934002	Report to Janash when you've found them.
3934003	Pity we meet under these circumstances.
3934004	&quot;Rest well, my friend.&quot;
3934005	Find the missing villagers.
3934006	&quot;Be at peace.&quot;
3934007	Find the dreadfang's victims.
3934008	&quot;I'm sorry I couldn't do more.&quot;
3934009	Report to Janash.
3935001	Dread Retribution
3935002	Crush those arachnens!
3935003	Bards will sing songs of these deeds! Fine work!
3935004	Devastator's Heart
3935005	Kill the arachnen devastators and bring back their hearts.
3935006	Deliver the hearts to Janash.
3935007	&quot;For the federation!&quot;
3936001	What Lurks at the Center of the Web?
3936002	Speak with Ordinio, soldier.
3936003	I'm so sick of these caverns.
3936004	&quot;I know what you mean.&quot;
3936005	Report to Ordinio at Retribution Point.
3937001	The Vrentsuul Hunt
3937002	Arachne's Lokian allies must pay for their crimes.
3937003	It won't bring back the dead, but it will comfort the living.
3937004	Vrentsuul Tokens
3937005	Hunt Vrentsuul Lokians near Roughneck Outpost and collect their tokens.
3937006	Deliver the tokens to Ordinio at Roughneck Outpost.
3937007	&quot;Glad I could help.&quot;
3938001	Bad Science
3938002	There must be some connection...
3938003	This is food for thought.
3938004	&quot;Let's hope so.&quot;
3938005	Find anything that links the arachnens with the plague.
3938006	Bring your evidence to Janeva at Roughneck Outpost.
3939001	Heart of the Conspiracy
3939002	Do what you can to help Kaleon.
3939003	Well, look who it is!
3939004	&quot;Let's get started.&quot;
3939005	Find Kaleon on the upper levels of Arachnaea.
3940001	Defeat the Clawrider Overseers
3940002	Take down those clawriders at once!
3940003	Fine piece of fighting!
3940004	Hunt clawrider overseers near Roughneck Outpost.
3940005	&quot;Thank you.&quot;
3940006	Report to Kaleon.
3941001	No One Left Behind
3941002	Please help recover our honored dead in the Hatchery.
3941003	We're in your debt. Thank you.
3941004	&quot;Only too glad to help.&quot;
3941005	Recover mummified remains in the Hatchery.
3941006	Deliver the remains to Janash.
3942001	Children of Arachne
3942002	Collect those cocoons!
3942003	Let's see what I can do with these!
3942004	&quot;For the federation!&quot;
3942005	Collect arachnen cocoons from the Hatchery.
3942006	Deliver the cocoons to Baqir.
3970001	(Guild) Suppression Orders: Ovoliths
3970002	Proof of Kill: Ovoliths
3970003	&quot;I'm glad I could help.&quot;
3970004	Defeat the guardian ovoliths and the merciless ovoliths at the bottom of Arachnen Lair.
3970005	Report to Esrill in Frontera.
3971001	(Guild) Suppression Orders: Devastators
3971002	Proof of Kill: Devastators
3971003	&quot;I did it for Valkyon.&quot;
3971004	Hunt devastators in the Hatchery.
3971005	Report to Esrill in Frontera.
3972001	(Guild) Suppression Orders: Dulagoras
3972002	Proof of Kill: Dulagoras
3972003	&quot;For the federation!&quot;
3972004	Defeat Dulagoras in Arachnaea.
3972005	Report to Esrill in Frontera.
3980001	(Guild) Suppression Orders: Clawrider Overseers
3980002	Proof of Kill: Clawrider Overseers
3980003	&quot;Happy to help out.&quot;
3980004	Hunt clawrider overseers near Wary Vigil.
3980005	Report to Esrill in Frontera.
3981001	Suppression Orders: Dulagoras
3981002	Proof of Kill: Dulagoras
3981003	&quot;For the federation!&quot;
3981004	Defeat Dulagoras in Arachnaea.
3981005	Report to Esrill in Frontera.
4001001	Fraya's Fury
4001002	&quot;I understand.&quot;
4001003	Report to Fraya at Allemantheia Headquarters.&#xA;[Speak with {@linkcreature:72#1103#Arshadh} to enter.]
4001004	&quot;Let's go.&quot;
4001005	Tell {@linkcreature:518#1001#Fraya} you'll go to Frontera.
4001006	&quot;I understand.&quot;
4001007	&quot;I understand.&quot;
4001008	Speak with Fraya at Frontera.
4001009	Operation Route
4001010	You see graves that were rushed. This plague took away too many lives. 
4001011	Go to the Quarantined Village entrance according to the operation route. 
4001012	Operation Route
4001013	Take the side road to the left.
4001014	Go to the Quarantined Village entrance according to the operation route. 
4001015	Operation Route
4001016	It's dreary here...
4001017	Go to the Quarantined Village entrance according to the operation route. 
4001018	Operation Route
4001019	You seem to be almost there. 
4001020	Go to the Quarantined Village entrance according to the operation route. 
4001021	&quot;I understand.&quot;
4001022	Speak with {@linkcreature:240#1007#Tirlotta} at the entrance to the Quarantined Village.
4001023	Slaying the Selvaras
4001024	Urrrrr! Nnnnngggg! Aaaahhh...!
4001025	Rrrrrrr....kill you.
4001026	Die! Die! Die! Die! Die!
4001027	K-k-kh—khik-k-k-k....
4001028	Plow a field...dig a grave...kill...kill...
4001029	Ugh...
4001030	Better crazy than dead, my friends!
4001031	What? How can this be?
4001032	Hunt the mutated villagers to find evidence of the origin of their madness.
4001033	Tirlotta
4001034	Skull Crest
4001035	Deliver the skull crest to Narpa, who's undercover at the southwest gate of the Quarantined Village.
4001036	&quot;I understand.&quot;
4001037	The stone...the stone!
4001038	No matter how many you kill, there are always more of us.
4001039	Use the special bomb to destroy the eldritch shard at the Blighted Village and defeat the zombie miners.
4001040	&quot;I understand.&quot;
4001041	Tell Grayol that you have destroyed the eldritch shard.
4001042	&quot;I understand.&quot;
4001043	Climb to the top of the cliff and speak to Lashirah at the Quarantine Zone Research Center.
4001044	Sealed Scroll
4001045	Defeat {@linkcreature:40#42#Legate Mureksark} deep inside the Lost Mines, and find any evidence pertaining to Thulsa.
4001046	Report to {@linkcreature:240#1050#Fraya} in Frontera.
4001047	&quot;Thank you.&quot;
4021001	Polluted Ground
4021002	Do what you can to help Wooron.
4021003	If I can't finish my research, I'll go mad!
4021004	&quot;Thank you.&quot;
4021005	Find Wooron near the northern entrance to the village.
4022001	Violent Mycanars
4022002	There must be a reason behind the mycanars' aggression.
4022003	Let's see these mycanodules...
4022004	Mycanodules
4022005	Hunt violent mycanars and retrieve their mycanodules.
4022006	Deliver the mycanodules to Arnia.
4022007	&quot;Thanks!&quot;
4023001	The Greater Need
4023002	Please help Jiyan!
4023003	Good to see a friendly face!
4023004	&quot;Happy to help.&quot;
4023005	Go northeast and find Jiyan.
4024001	Brutal Beasts
4024002	Not a happy duty, but a necessary one.
4024003	This is gold well spent.
4024004	Reduce the number of brutal sabertooths in this region.
4024005	&quot;It was my pleasure to help.&quot;
4024006	Report to Grada.
4025001	Plagued by Wolves
4025002	Those wolves have got to go.
4025003	At least now they won't be howling all the time.
4025004	Hunt the nearby mutagenic wolves.
4025005	&quot;Thank you.&quot;
4025006	Report to Jiyan.
4026001	Annihilate Abductors
4026002	Let's send them a message.
4026003	You did what you could.
4026004	Thief's Token
4026005	Collect thieves' tokens from the selvaras scouts and assassins in the Defiled Vale.
4026006	Deliver the thieves' tokens to Jiyan.
4026007	&quot;Happy to help.&quot;
4027001	Thick as Thieves
4027002	What do they gain by all of this?
4027003	They're working with the arachnens?
4027004	&quot;I was only doing my duty.&quot;
4027005	Find anything suspicious at the selvaras base.
4027006	Deliver the documents to Siera.
4028001	Evidence of Wrongdoing
4028002	Grunath must be informed at once!
4028003	They're selling our people to the arachnens?
4028004	Siera
4028005	Selvaras Ledger
4028006	Bring the selvaras ledger to Grunath at Feral Valley Station.
4028007	&quot;Glad I could help.&quot;
4029001	Unwelcome Guests
4029002	Find Tirlotta. Perhaps she's learned something.
4029003	I don't know who they are, but I don't like them.
4029004	&quot;Thank you.&quot;
4029005	See Tirlotta at the entrace to the Quarantined Village.
4030001	Dangerously Daft
4030002	It's sad, but we must put the mutants down.
4030003	No one deserves to live like that.
4030004	Mutated People
4030005	Defeat the selvaras infiltrators, and kill mutant workers and tribladers in the Quarantined Village.
4030006	&quot;Thank you.&quot;
4030007	Report to Podun in the Blighted Village.
4031001	A Peculiar Prefect
4031002	If Ectoros is infected, he's a danger to everyone.
4031003	Rest in the arms of the titans, Ectoros.
4031004	Defeat Ectoros, the mutated prefect.
4031005	&quot;I really appreciate this.&quot;
4031006	Report to Narpa in the Blighted Village.
4032001	Who Guards the Guards
4032002	Destroy those polykinds!
4032003	You've done well.
4032004	Guard's Necklace
4032005	Kill aberrations and polykinds near the Quarantined Village. Gather their belongings.
4032006	Bring the guard's necklaces to Munisk outside the Quarantined Village.
4032007	&quot;Thank you.&quot;
4033001	A Blessing in Disguise
4033002	You should talk to Narpa.
4033003	Make it short, will you?
4033004	&quot;I'm glad I could help.&quot;
4033005	Find Narpa and his team of undercover agents at the southwest gate of the Quarantined Village.
4034001	Prion Eviscerators
4034002	The prions will pay for their part in this!
4034003	These will make for interesting reading.
4034004	Believers' Orders
4034005	Hunt prion eviscerators in the farmlands near the Blighted Village, and gather evidence of pollution.
4034006	Bring the Believers' Orders to Lashirah.
4034007	&quot;I did my duty.&quot;
4035001	Hide in Plain Sight
4035002	Time to upgrade my wardrobe.
4035003	Well, nature endures the ugly.
4035004	Worn Clothing
4035005	Hunt berserk puppets and lunatic workers in the farmlands near Blighted Village and collect their worn clothing.
4035006	Take the clothing to Podun, who is undercover in Blighted Village.
4035007	&quot;Glad I could help.&quot;
4036001	A Piercing Problem
4036002	I want you to put those mutants down.
4036003	I hope I never end up like them.
4036004	Hunt mutated tribladers near Blighted Village.
4036005	&quot;Happy to help.&quot;
4036006	Report to Lashirah at the Research Center.
4037001	Hurry Up and Wait
4037002	Let the sentries know help is on the way.
4037003	Those reinforcements can't get here soon enough!
4037004	&quot;Okay.&quot;
4037005	Find Grayol north of Blighted Village.
4037006	&quot;Thanks!&quot;
4037007	Climb the vines and find Anelle at the top of the cliff.
4038001	Miner Details
4038002	Teach those prions a lesson!
4038003	Why are they so interested in the mine?
4038004	Engage the prion devastators inside the Lost Mines.
4038005	&quot;For Valkyon!&quot;
4038006	Find Anelle at the Quarantine Zone Research Center.
4039001	Mutant Miners
4039002	I'd like to help the mutants if it's possible.
4039003	Hopefully, we can find a cure!
4039004	Mutated Tissue
4039005	Hunt mutant miners guarding the Lost Mines and obtain mutated tissue samples.
4039006	Deliver the samples to Korona at the Quarantine Zone Research Center.
4039007	&quot;Thank you.&quot;
4040001	Not That Kind of Weed
4040002	I could really use that dismalweed.
4040003	It may not look like much, but it's good stuff to have around.
4040004	&quot;Glad I could help.&quot;
4040005	Gather the dismalweed that grows near the entrance of the Lost Mines.
4040006	Bring the dismalweed to Gebral at the Quarantine Zone Research Center.
4042001	A Hire Calling
4042002	Teach the crestaraths the folly of attacking us!
4042003	You fight well, my friend.
4042004	Skull Crest
4042005	Engage crestarath archers, reapers, and slayers in the northwestern part of the Lost Mines.
4042006	Deliver the skull crests to Anelle at the Quarantine Zone Research Center.
4042007	&quot;As requested.&quot;
4043001	Restless Miners
4043002	Let's not make the zomporis' efforts to go waste.
4043003	I hope this ore proves useful.
4043004	Ore Fragment
4043005	Collect ore fragments from zompori miners at the Lost Mines.
4043006	Deliver the ore to Lashirah at the Quarantine Zone Research Center.
4043007	&quot;Thank you.&quot;
4044001	Sooie-eet Deal
4044002	Ah, the glamorous life of a pig slayer...
4044003	Mind if I steal your hearts?
4044004	Pigling Hearts
4044005	Collect hearts from armored piglings and enraged armored piglings.
4044006	Deliver the pigling hearts to {@linkcreature:240#1026$$Grada}.
4044007	&quot;I'm glad I could help.&quot;
4045001	Well, Well
4045002	I need to study their well water!
4045003	I hope these contain the answers we need.
4045004	&quot;Good luck!&quot;
4045005	Collect the quarantined buckets.
4045006	Deliver the buckets to {@linkcreature:240#1035$$Narpa}.
4046001	Studies in Herbology
4046002	Dropwort is quite useful as a disinfectant. Perhaps it can work here.
4046003	I'll put these to good use!
4046004	&quot;I hope that does the trick!&quot;
4046005	Collect dropwort growing around the Blighted Village.
4046006	Deliver the dropwort to Nevis.
4070001	(Guild) Suppression Orders: Aberrations
4070002	Proof of Kill: Abberations
4070003	&quot;For the federation!&quot;
4070004	Defeat polykinds and guardian aberrations near the Quarantined Village.
4070005	Report to Glasrinne in Frontera.
4080001	Suppression Orders: Crestaraths
4080002	Proof of Kill: Crestaraths
4080003	&quot;I did my duty.&quot;
4080004	Defeat crestarath fighters in the Lost Mines.
4080005	Report to Glasrinne in Frontera.
4102001	A New Breed
4102002	&quot;I'll talk to him.&quot;
4102003	&quot;Okay.&quot;
4102004	See Lauma in Frontera.
4102005	&quot;Kechalku? Got it.&quot;
4102006	Meet with Grunath at the Feral Valley Station.
4102007	&quot;I understand.&quot;
4102008	Meet Kechaku at the Experior Outpost in Feral Valley.
4102009	Climb the cliff near the Arena of Blood and fight the gula executors.
4102010	&quot;Lair, flute. Okay.&quot;
4102011	Report to Paduk of the Emissary Point in the Feral Valley that the gula executors have been killed.
4102012	Find the secret cave entrance near the Arena of Blood. Go to the meeting point, then use the summoning flute.
4102013	This Graatush must be the contact.
4102014	&quot;That doesn't sound quite right....&quot;
4102015	Get information from Graatush.
4102016	Badoask's Head
4102017	Kill Badoask in the Arena of Blood. Take his head.
4102018	Take Badoask's head to Karba at Emissary Point.
4102019	&quot;He won't escape!&quot;
4102020	Vadrask's Head
4102021	Kill Vadrask and bring back his head.
4102022	Take Vadrask's head to Karba at Emissary Point.
4102023	&quot;I'll do it.&quot;
4102024	Karba the Revered
4102025	Karba's Letter
4102026	Deliver Karba's letter to Lauma in Frontera.
4102027	&quot;If you say so...&quot;
4121001	Missing Merchant
4121002	Please find Safna!
4121003	I risked my life and is this what I get in return?
4121004	&quot;I will.&quot;
4121005	Talk to Junith at the north Frontera gate.
4121006	&quot;I'll find her.&quot;
4121007	Find Safna before he escapes the Quarantine Zone.
4121008	Bring Merchant Safna's complaint letter to Centurion Jeulile at the Feral Valley Station.
4121009	Safna's Letter of Complaint
4121010	Deliver Safna's letter to Jeulile at Feral Valley Station.
4121011	&quot;Glad I could help.&quot;
4122001	The Hunt Is On
4122002	Those beasts are going to alert our enemies.
4122003	Appreciate the assistance.
4122004	Valley of Beasts
4122005	Hunt sable sabertooths and noralk kamaras near Feral Valley Station.
4122006	&quot;Thank you.&quot;
4122007	Report to Jaebel at Experior Outpost.
4123001	Some Blood Between Friends
4123002	We need cullar blood. Don't ask.
4123003	Take a sip, but only if you wish to.
4123004	Cullar Blood
4123005	Hunt cullars and collect their blood.
4123006	Hunt cullars and bring their blood to {@linkcreature:241#1020$$Hoorik}.
4123007	&quot;My pleasure!&quot;
4124001	Raise Your Arms if You're Evil
4124002	Take the fight to the Black Claw tribe.
4124003	I trust the other guy looks worse?
4124004	Orcan Arm
4124005	Collect arms from Black Claw fighters and raiders for {@linkcreature:241#1003$$Jaebel}.
4124006	Collect arms from Black Claw fighters and raiders for {@linkcreature:241#1003$$Jaebel}.
4124007	&quot;I did my duty.&quot;
4125001	Dead Basilisk Equals Good Basilisk
4125002	I hate basilisks!
4125003	What possessed the titans to dream up basilisks?
4125004	Basilisk Tusks
4125005	Collect tusks from ravenous basilisks for {@linkcreature:241#1018#Kurak}.
4125006	Collect tusks from ravenous basilisks for {@linkcreature:241#1018#Kurak}.
4125007	&quot;Glad I could help.&quot;
4126001	A Symbol of Peace
4126002	It's possible that there'll be peace, but it depends on them!
4126003	The only way forward is peace.
4126004	Karba the Revered
4126005	Peace Statue
4126006	Bring the statue to Talkad at Experior Outpost.
4126007	&quot;I was happy to help.&quot;
4127001	Soothing Safna
4127002	Astrocorn fungus is curious stuff.
4127003	I hope this makes Safna happy.
4127004	&quot;I'll take care of it.&quot;
4127005	Gather astrocorn fungus near the watchpost.
4127006	Take the astrocorn fungus to Jeulile at Feral Valley Station.
4128001	Good Medicine
4128002	I can do wonders with those flowers...if I had flowers.
4128003	These will do. I'll get to work.
4128004	&quot;I'll do it.&quot;
4128005	Gather azurebound flowers in the caves in northern Feral Valley.
4128006	Gather azurebound flowers for {@linkcreature:241#1019$$Hoorik}.
4128007	Deliver Hoorik's antidote to {@linkcreature:241#1003#Jaebel}.
4128008	Azurebound Flower Antidote
4128009	Deliver Hoorik's antidote to {@linkcreature:241#1003#Jaebel}.
4128010	&quot;Thank you.&quot;
4129001	There's Something in Your Eye
4129002	This should put an end to the Black Claws' mischief.
4129003	That ought to do it.
4129004	Evil Eye
4129005	Hunt Black Claw orcans.
4129006	Bring the orcan eyes to {@linkcreature:241#1023$$Majduk} at Emissary Point.
4129007	&quot;I was happy to help.&quot;
4130001	Blood for Peace
4130002	That tentacullar blood will make a fine tribute.
4130003	Oooh, fresh blood!
4130004	Tentacullar Blood
4130005	Hunt tentacullars in the caves near the Arena of Blood. Collect their blood for {@linkcreature:241#1013$$Kuban}.
4130006	Hunt tentacullars in the caves near the Arena of Blood. Collect their blood for {@linkcreature:241#1013$$Kuban}.
4130007	&quot;Thank you.&quot;
4131001	Control Solution
4131002	Those besharans are using mind magic!
4131003	We owe you so much! Thank you!
4131004	Besharan Liquor
4131005	Fight besharan smugglers and enforcers, and their caimans in the Arena of Blood. Capture their liquor supplies.
4131006	Take the besharan liquor to {@linkcreature:241#1022$$Paduk} at Emissary Point.
4131007	&quot;Thank you.&quot;
4132001	Destroy All Monsters
4132002	Orisk hide is supple, yet tough. It'd make fine armor.
4132003	These are good pieces of hide. Thank you.
4132004	Orisk Hide
4132005	Kill orisks near the Arena of Blood and collect their hides.
4132006	Deliver the orisk hides to Kurio at Experior Outpost.
4132007	&quot;I'm happy I could help.&quot;
4133001	Spirit of Cooperation
4133002	Others need to know about this potion.
4133003	How's Kurio?
4133004	Kurio
4133005	Mind Control Potion
4133006	Show the mind control potion to Keltaria at Emissary Point.
4133007	&quot;Thank you.&quot;
4134001	Black Claw Warriors
4134002	These potions don't just influence you—they empower you!
4134003	They'll pay for their dishonor.
4134004	Keltaria
4134005	Mind Control Potion
4134006	Take the potion to Karba at Emissary Point.
4134007	&quot;I'll do it.&quot;
4134008	Warrior's Token
4134009	Kill Black Claw tribe fighters and take their warrior tokens.
4134010	Take the warrior tokens to Karba at Emissary Point.
4134011	&quot;I'm glad I could help.&quot;
4135001	To Crown a Leader
4135002	Bring me the biggest skull you can find!
4135003	We've got our crown, now we just need someone to wear it.
4135004	Giant Warmaster Skull
4135005	Take a skull from a giant warmaster in the south of Feral Valley.
4135006	Take the skull to Karba.
4135007	&quot;I'm honored to help you.&quot;
4136001	Enemy Monsters
4136002	Get rid of those blasted orisks!
4136003	That should even the odds a bit.
4136004	Orisk Tusks
4136005	Hunt orisks and take their tusks.
4136006	Bring the orisk tusks to Keltaria.
4136007	&quot;Happy to help.&quot;
4137001	Are You a Fan of Delicious Flavor?
4137002	Sooo hungry! Want orcan jerky!
4137003	Sooo good! Yum!
4137004	&quot;No, no—it's all for you.&quot;
4137005	Find a sack of orcan jerky around the Arena of Blood and on nearby hills.
4137006	Find a sack of orcan jerky around the Arena of Blood and on nearby hills.
4138001	The Red Flower of Courage
4138002	Red dogbane grows all over this valley.
4138003	Hope these help all orcans to be better.
4138004	&quot;I hope so, too.&quot;
4138005	Collect red dogbane from the southern end of Feral Valley.
4138006	Deliver the red dogbane to Majduk.
4150001	[Dungeon - 457] Red Refuge
4150002	Take Karakhir’s letter.
4150003	Talk to Seir in Valkyon Federation Headquarters.
4150004	Read Karakhir’s letter.
4150005	Promise to help Muhrak.
4150006	Talk to Seir.
4150007	Use the Frontera Teleport Scroll.
4150008	To the Temple of Dagon
4150009	Head to the Temple of Dagon.
4150010	Head to the Temple of Dagon from Frontera.
4150011	Karakhir’s Trail
4150012	You found the tracks of a humanoid. Could it be Karakhir?
4150013	Search for Karakhir’s tracks along your way to the Temple of Dagon.
4150014	Finish your search and look for more tracks.
4150015	Examine the Destroyed Wagon.
4150016	Karakhir’s Tracks
4150017	You see Broken Crates.
4150018	Continue your search for Karakhir’s tracks.
4150019	Finish your search and look for more tracks.
4150020	Examine the Broken Crates.
4150021	Karakhir’s Tracks
4150022	Go little further to find more tracks.
4150023	Continue your search for Karakhir’s trace.
4150024	Karakhir’s Tracks
4150025	You found a gold pouch.
4150026	Continue your search for Karakhir’s tracks.
4150027	The gold pouch might belong to Karakhir.
4150028	Examine the Tattered Gold Pouch.
4150029	Karakhir’s Tracks
4150030	You found a secret entrance that leads to a place behind the cliff.
4150031	Karakhir must have been here. Look for more tracks.
4150032	Karakhir’s Tracks
4150033	You found a hidden village behind the cliff.
4150034	Karakhir’s tracks end here. Use the {@LinkCreature:39#403#teleportal} to find what is behind the cliff.
4150035	Calm him and tell him to wait outside the village.
4150036	Talk to Aktam.
4150037	Passage to the Rooftop
4150038	
4150039	Passage to the Village Entrance
4150040	
4150041	Choose one passage to continue your search for Karakhir.
4150042	Village Entrance
4150043	Make your way further inside.
4150044	Continue your search for Karakhir’s tracks.
4150045	Kill all orcan guards to make your way.
4150046	Periphery of the Forge
4150047	Make your way further inside.
4150048	Continue your search for Karakhir’s tracks.
4150049	Defeat Kalavese.
4150050	Periphery of the Forge
4150051	You spot a suspicious castanic woman.
4150052	You found the kidnapper. Approach her to rescue Karakhir.
4150053	Rooftop
4150054	
4150055	Village Staircase
4150056	
4150057	Continue your search for Karakhir’s tracks.
4150058	Byway to the Rooftop
4150059	Make your way further inside.
4150060	Continue your search for Karakhir’s tracks.
4150061	Kill orcan guards at the staircase.
4150062	Rooftop
4150063	Make your way further inside.
4150064	Continue your search for Karakhir’s tracks.
4150065	Front Yard of a House
4150066	Someone might be imprisoned in the house.
4150067	You hear sounds of a fight. Find out what's happening.
4150068	Inside the House
4150069	You found Karakhir.
4150070	You found imprisoned Karakhir. Approach him.
4150071	Destroy the door.
4150072	Calm Karakhir and set him free.
4150073	Untie Karakhir.
4150074	Tell Karakhir to escape the village and meet his apprentice.
4150075	Talk to Karakhir.
4150076	You found a rigid, sharp object on the floor. Examine it.
4150077	Closely examine the Piece of Amani Horn.
4150078	Destroy the door and kill the Armory guards to chase Hennika.
4150079	Armory
4150080	Make your way further inside.
4150081	Enter the armory to go after Hennika.
4150082	Defeat Thormentum.
4150083	Trace of a Beast
4150084	
4150085	You found traces of a beast by a little passageway. Follow them.
4150086	Defeat Argog.
4150087	Cliff
4150088	You are back to the facade of the cliff. There is no sign of Hennika. 
4150089	Escape the village and continue chasing Hennika.
4150090	Claim your reward.
4150091	Explain to Aktam what happened in the Red Refuge.
4151001	[Dungeon - 463] Into the Abyss
4151002	&quot;I see.&quot;
4151003	Talk to Dougal.
4151004	&quot;What are you talking about?&quot;
4151005	Go to Gislan at the Velika Consul Office.
4151006	&quot;Why are you doing this?&quot;
4151007	Confront Aktam.
4151008	&quot;I swear I'm innocent.&quot;
4151009	Talk to Gislan.
4151010	Talk to Gislan.
4151011	&quot;I'll prove it.&quot;
4151012	Receive Gislan's judgement.
4151013	Velika North Gate
4151014	
4151015	Go outside the Velika North Gate.
4151016	Antaroth's Abyss Entrance
4151017	
4151018	Go to Antaroth's Abyss Entrance.
4151019	Antaroth's Abyss (Hard)
4151020	Arrived at the Abyss.&#xA;This is my chance to prove my innocence.
4151021	Use the {@LinkCreature:63#1404#teleportal} to enter Antaroth's Abyss (Hard).
4151022	The Confines
4151023	
4151024	Go into the Abyss.
4151025	Defeat Nightmare Chief Guard Ghergof.
4151026	Defeat Nightmare Kalioth the Executioner.
4151027	Defeat Nameless Spectre.
4151028	Entrance to Chamber of Trials
4151029	
4151030	Cross the bridge and enter the Chamber of Trials.
4151031	Defeat Nightmare Antaroth the Cursed Knight.
4151032	Velika Outskirts
4151033	I survived the Abyss.&#xA;Dougal is waiting for me.
4151034	Use the {@LinkCreature:720#1503#teleportal} to exit Antaroth's Abyss.
4151035	(Follow Dougal.)
4151036	Talk to Dougal.
4151037	Velika Consul Office
4151038	You see familiar faces.
4151039	Go to the Velika Consul Office.
4151040	&quot;Understood.&quot;
4151041	Talk to Seir.
4170001	(Guild) Suppression Orders: Black Claw Fighters and Raiders
4170002	Proof of Kill: Black Claws
4170003	&quot;I did my duty.&quot;
4170004	Hunt Black Claw orcans in Feral Valley.
4170005	Report to Glasrinne in Frontera.
4171001	(Guild) Suppression Orders: Ravenous Basilisks
4171002	Proof of Kill: Basilisks
4171003	&quot;For Valkyon!&quot;
4171004	Hunt ravenous basilisks in north Feral Valley.
4171005	Report to Glasrinne in Frontera.
4172001	(Guild) Suppression Orders: Black Claws
4172002	Proof of Kill: Black Claws
4172003	&quot;For Valkyon!&quot;
4172004	Fight Black Claw slaughterers, berserkers, and blood fighters in the Arena of Blood.
4172005	Report to Glasrinne in Frontera.
4180001	Suppression Orders: Orisks
4180002	Proof of Kill: Orisks
4180003	&quot;I was happy to help.&quot;
4180004	Hunt scurrying and fleshripper orisks in Feral Valley.
4180005	Report to Glasrinne in Frontera.
4202001	Dagon's Treasure
4202002	&quot;Sure, I can do that.&quot;
4202003	&quot;You can count on me.&quot;
4202004	See Ibar in Frontera.
4202005	&quot;I'll get them.&quot;
4202006	Talk to Nedisia on the first level of the Temple of Dagon.
4202007	&quot;Okay.&quot;
4202008	Open treasure chests in the Chambers of Avarice and Malice.
4202009	Bring the pirate's treasure chests to Nedisia.
4202010	&quot;That makes sense.&quot;
4202011	See Wekrine in the Chambers of Corruption.
4202012	I smell a thief!
4202013	Get away from that!
4202014	Defeat the Dagonite templars in the Chambers of Mighty Souls and collect their skins.
4202015	&quot;Thanks.&quot;
4202016	Bring the rough naga skin to Wekrine.
4202017	Take the rough naga skin to Wekrine.
4202018	&quot;Consider it done.&quot;
4202019	See Valren in the Depths of Corruption.
4202020	&quot;I'll get it from him, then.&quot;
4202021	Open the priest's treasure chests in the Depths of Corruption. Take the nagas' holy treasures.
4202022	Bring the nagas' holy treasure chests to Valren.
4202023	Book of Rituals
4202024	Defeat Resaltuuk on the east side of the Depths of Corruption. Take the Book of Rituals.
4202025	Report back to Valren on the third level.
4202026	&quot;Okay.&quot;
4202027	Use the &lt;A href=&quot;markmap:loc=7013#-70592,53748,57&amp;type=1&amp;name=teleportal&quot;&gt;teleportal to travel to Dagon's Chantry. Defeat Skuldarik.
4202028	&quot;Thanks.&quot;
4202029	Activate the Relic of Dagon, and take the Cerulean Gem.
4202030	Bring the Cerulean Gem to Valren.
4221001	Supplying the Temple
4221002	They need those supplies at Camp Venom. Make haste!
4221003	Those supplies are a relief! Thank you.
4221004	Get supplies for the soldiers in the Temple of Dagon.
4221005	Talk to Dyanne.
4221006	Dyanne
4221007	Garrison Supplies
4221008	Deliver the supplies to Langbau at Camp Venom.
4221009	&quot;I was glad to help.&quot;
4222001	An Alliance of Malevolence
4222002	Please help Liyaqat!
4222003	Nagas and gulas. This could hardly get worse.
4222004	Find the gulas.
4222005	See Centurion Liyaqat at the Ecdysi Atrium in the Temple of Dagon.
4222006	Proof of Alliance
4222007	Hunt besharan smugglers and slaves near the Coiling Transepts, and find the proof of the alliance.
4222008	Take the proof of alliance to Liyaqat at the Ecdysi Atrium.
4222009	&quot;Thank you.&quot;
4223001	Clear the Path
4223002	I just want to gather herbs. Is that such a crime?
4223003	Now I can get back to work.
4223004	Hunt vigilant chikas near the entrance to the Temple of Dagon.
4223005	&quot;I'm glad I could help.&quot;
4223006	Report to Odrun at the Ecdysi Atrium.
4224001	Besharan Blockage
4224002	Put those awful sellswords down.
4224003	Well done!
4224004	Besharan Signet
4224005	Defeat besharan sellswords in the Coiling Transepts and collect their signets.
4224006	Deliver the signets to Liyaqat at the Ecdysi Atrium.
4224007	&quot;I was happy to help.&quot;
4225001	Poison for Poison
4225002	We need that fungus to cure the venom.
4225003	I'll start working on an antidote at once.
4225004	&quot;Thank you.&quot;
4225005	Gather adderfungus from the corridors around the Ecdysi Atrium.
4225006	Return to Odrun at the Ecdysi Atrium.
4226001	Stone of the Resurrected
4226002	What's bringing the skeletons back to life?
4226003	I'll wager a year's pay Thulsa's behind this.
4226004	Revivification Stone
4226005	Collect stones from the skeletal defenders in the Coiling Transepts.
4226006	Bring the proof to Liyaqat at the Ecdysi Atrium.
4226007	&quot;Glad to help.&quot;
4227001	Heal Them All
4227002	Take this antidote to Canto!
4227003	That feels much better. Good stuff.
4227004	Odrun
4227005	Antidote
4227006	Bring the antidode to Canto on the second level of the Ecdysi Atrium.
4227007	See Trikaian.
4227008	Trikaian
4227009	Antidote
4227010	Bring the antidode to Trikaian on the second level of the Ecdysi Atrium.
4227011	&quot;For the federation!&quot;
4228001	Searching for Tilian
4228002	I'm worried about Tilian.
4228003	I'll avenge Tilian!
4228004	A Piece of Tilian's Armor
4228005	Hunt skeletal guardians and look for any clues about Tilian.
4228006	Report to Trikaian on the second level of the Ecdysi Atrium.
4228007	Talk to Burtrand.
4228008	Centurion Trikaian
4228009	A Piece of Tilian's Armor
4228010	Tell Burtrand about his brother.
4228011	&quot;Thank you.&quot;
4229001	Trouble on the Wing
4229002	Look into these feathered beings, will you?
4229003	I believe they're mekonaris.
4229004	Black Feather
4229005	Find the black-feathered beings that have been reported nearby.
4229006	Bring the evidence to Trikaian.
4229007	&quot;I did my duty.&quot;
4230001	Plans Both Fang and Foul
4230002	I've never seen so many nagas before.
4230003	Think they all came from Serpentis Isle?
4230004	Naga Orders
4230005	Hunt Dagonite slayers and collect clues.
4230006	Report to Canlyle on the second level of the Ecdysi Atrium.
4230007	&quot;I'm happy I could help.&quot;
4231001	Shards for Shields
4231002	We're dead if we can't raise that shield.
4231003	Not a moment too soon, I'd say.
4231004	&quot;Thank you.&quot;
4231005	Collect eldritch shards from the Chamber of Lost Souls.
4231006	Deliver the shards to Burtrand.
4232001	Always in Control
4232002	How do the gulas control the undead?
4232003	This crystal must be the answer!
4232004	Controlling Crystal
4232005	Get clues from the gulas near the Temple Chapterhouse.
4232006	Bring the controlling crystal to Canlyle.
4232007	&quot;Happy to help.&quot;
4233001	Who Dropped This?
4233002	Show this feather to Penucha.
4233003	The mekonaris and nagas are allied!
4233004	Speak with Trikaian.
4233005	Talk with Penucha on the second level of the Ecdysi Atrium.
4233006	&quot;I'll bring back proof.&quot;
4233007	Talk with Trikaian on the second level of the Ecdysi Atrium.
4233008	Oath of Alliance
4233009	Get oaths of alliance from the mekonaris in the Chamber of Mighty Souls.
4233010	Bring the oaths of alliance to Trikaian.
4233011	&quot;On my way.&quot;
4233012	&quot;Thanks.&quot;
4233013	Find Darim on the third level of the Ecdysi Atrium.
4234001	A Frightening Proposition
4234002	I want you to kill Murassk. Make him suffer!
4234003	You have my thanks. Murassk had to die.
4234004	Defeat Murassk and avenge his victims.
4234005	&quot;I'm happy I could be of help.&quot;
4234006	Talk to Khurram on the second level of the Ecdysi Atrium.
4235001	Taking on Tragoleth
4235002	Send Tragoleth back to the Dream!
4235003	There's no way we could have let him take the spear.
4235004	Tragoleth's Halberd
4235005	Defeat Tragoleth in the Chamber of Lost Souls. Bring back his halberd.
4235006	Report to Canlyle on the second level of the Ecdysi Atrium.
4235007	&quot;Thank you.&quot;
4236001	A Business Proposition
4236002	What are the nagas and gulas up to now?
4236003	Ah. Same old story. Slavery.
4236004	Naga Contract
4236005	Engage the naga masakaris on the third level of the Temple of Dagon. Gather any evidence you find.
4236006	Report your findings to Darim on the third level.
4236007	Talk to Bartosia.
4236008	&quot;I'll get it done.&quot;
4236009	Ask Bartosia to decipher the documents.
4237001	Whispers of Rebirth
4237002	Let's see if the enchantresses can shed any light for us.
4237003	The resurrection of Dagon? That's ludicrous!
4237004	Consecrated Tablet
4237005	Eliminate nickar enchantresses on the third level and recover any relics.
4237006	Deliver the tablets to Vries on the third level.
4237007	Speak with Darim.
4237008	&quot;We can stop it.&quot;
4237009	Tell Darim what you know.
4238001	High-Value Targets
4238002	This is a straight-up fight. Just kill them.
4238003	I wonder if the nagas ever regret allying themselves with the gulas...
4238004	Naga Guardian's Sword
4238005	Hunt naga guardians on the third level.
4238006	Report to Bartosia.
4238007	&quot;Thanks.&quot;
4239001	Crusade against the Crusaders
4239002	Hurry! Kill the crusaders!
4239003	Fine work, soldier. Very fine!
4239004	Crusader's Token
4239005	Hunt Dagonite crusaders on the third level.
4239006	Report to Vriesl on the third level of the Ecdysi Atrium.
4239007	&quot;I did my duty.&quot;
4240001	The Mekonari Campaign
4240002	Ruffle those mekonari feathers!
4240003	The mekonaris always pick the wrong side of a fight.
4240004	Kill mekonaris on the third level.
4240005	&quot;Happy to help.&quot;
4240006	Speak with Darim.
4241001	Can They Wake Him?
4241002	Don't let those mekonaris finish their work. Get in there!
4241003	It'll take more than a ritual to bring Dagon back.
4241004	Hunt mekonari witches in the Chamber of Enlightenment.
4241005	&quot;You're welcome.&quot;
4241006	Talk over the situation with Bartosia.
4242001	Dagon's Apostle
4242002	Eliminate Maelsaress—she's the real threat.
4242003	That was some fight!
4242004	The Acts of Dagon
4242005	Defeat Maelsaress in the Chamber of the Exalted, and bring back The Acts of Dagon.
4242006	Report to Darim on the third level of the Ecdysi Atrium.
4242007	&quot;I'm glad I could be of help.&quot;
4243001	Eggscellent
4243002	You'll find naga eggs in the second level of the temple.
4243003	Good work, soldier.
4243004	&quot;True enough!&quot;
4243005	Collect naga eggs from the second level of the Temple of Dagon.
4243006	Deliver the eggs to Penucha.
4244001	The Tablets of Dagon
4244002	The tablets should be on the third level of the temple.
4244003	This should put a crimp in their plans.
4244004	&quot;You're welcome.&quot;
4244005	Collect the Tablets of Dagon from the third level of the temple.
4244006	Deliver the tablets to Vries.
4270001	(Guild) Suppression Orders: First Floor Survivors
4270002	Proof of Kill: First Floor Survivors
4270003	&quot;I'm happy I could help.&quot;
4270004	Hunt naga survivors on the first level.
4270005	Report to Esrill in Frontera.
4271001	(Guild) Suppression Orders: Second Floor Survivors
4271002	Proof of Kill: Second Floor Survivors
4271003	&quot;For the federation!&quot;
4271004	Hunt nagas in the Chamber of Lost Souls.
4271005	Report to Esrill in Frontera.
4272001	Suppression Orders: Second Floor Remnants
4272002	Proof of Kill: Second Floor Remnants
4272003	&quot;For the federation!&quot;
4272004	Hunt nagas in the northern gallery of the second level.
4272005	Report to Glasrinne in Frontera.
4273001	Suppression Orders: Third Floor Nagas
4273002	Proof of Kill: Third Floor Nagas
4273003	&quot;For the federation!&quot;
4273004	Eliminate the nickar enchantresses and naga masakaris in the Depths of Corruption.
4273005	Report to Glasrinne in Frontera.
4280001	Suppression Orders: Third Floor Remnants
4280002	Proof of Kill: Third Floor Remnants
4280003	&quot;I did my duty.&quot;
4280004	Hunt naga survivors on the third level.
4280005	Report to Glasrinne in Frontera.
4503001	Building a Mysterium
4503002	&quot;A letter for me?&quot;
4503003	Go to the Sanctum Mysterium in Allemantheia and talk to {@linkcreature:72#1111#Ryshan}.
4503004	Read Yasring's letter.&#xA;Press [&lt;img src='img://__Icon_KeyboardShape.Keyboard_I' width='18' height='18' vspace='-6'/&gt; key to open inventory and use Yasring's Letter to read.]
4503005	Yasring needs your help.
4503006	&quot;I understand.&quot;
4503007	Go to {@Rgn:45010$$Valor Watchpoint} in Thrallhold and ask {@linkcreature:245#1022#Laskan} where Yasring is.&#xA;[Press &lt;img src='img://__Icon_KeyboardShape.Keyboard_I' width='18' height='18' vspace='-6'/&gt; key to open inventory and use Yasring's Teleport Scroll.]
4503008	&quot;I'll try to catch up to her.&quot;
4503009	Speak with {@linkcreature:245#2001#Yasring} at {@Rgn:45001$$Thrallhold} entrance.
4503010	&quot;Sure thing.&quot;
4503011	Deliver {@RawItem:45331$$Yasring's letter} to {@linkcreature:245#2002#Mitiel} at {@Rgn:45007$$Vale of the Reaper}.
4503012	&quot;Sure.&quot;
4503013	Tell {@linkcreature:245#2003#Ronalt} at {@Rgn:45006$$Field Base Reciprocity} that you came to help the research.
4503014	&quot;I'll see what I can do.&quot;
4503015	Ask {@linkcreature:245#2004#Kupan} at {@Rgn:45006$$Field Base Reciprocity} how to obtain the blue masses.
4503016	Churimon's Caravan
4503017	You've found Churimon.
4503018	Go to the &lt;font color='#0080FF'&gt;&lt;A href=&quot;markmap:loc=7023#12796, -53224, -4084&amp;type=1&amp;name=Rendezvous Site&quot;&gt;rendezvous site&lt;/A&gt;&lt;/font&gt; and find Churimon.
4503019	&quot;I'll see what I can do.&quot;
4503020	Find {@linkcreature:245#2005#Churimon} at {@Rgn:45006$$Field Base Reciprocity} and locate the shipment.
4503021	&quot;I'll use this rock for traction.&quot;
4503022	Investigate the {@linkcreature:245#2012#Mysterium carriage} in {@Rgn:45006$$Field Base Reciprocity}.
4503023	&quot;Thanks for the invite.&quot;
4503024	Tell {@LinkCreature:245#2005$$Churimon} you freed the carriage.
4503025	&quot;Sure, I've got time.&quot;
4503026	Speak with {@linkcreature:245#2009#Ronalt} in {@Rgn:45009$$Camp Insanity} again confirm the progress of the research.
4503027	&quot;Sure, I can help.&quot;
4503028	Speak with {@LinkCreature:245#2011$$Churimon}.
4503029	&quot;Okay. I'll see you there.&quot;
4503030	Speak with {@linkcreature:245#2009#Ronalt} in {@Rgn:45009$$Camp Insanity} and tell him what Churimon told you.
4503031	Research Site
4503032	You've arrived at the research site. 
4503033	Meet Ronalt at the &lt;font color='#0080FF'&gt;&lt;A href=&quot;markmap:loc=7023#-6907, -47629, -3938&amp;type=1&amp;name=Research Site&quot;&gt;research site&lt;/A&gt;&lt;/font&gt;.
4503034	&quot;I'm on it.&quot;
4503035	Speak with {@linkcreature:245#2010#Ronalt} and gain information of the Argon Kelba.
4503036	&quot;Here's hoping.&quot;
4503037	Collect samples of &lt;font color='#0080FF'&gt;&lt;font color='#0080FF'&gt;&lt;A href=&quot;markmap:loc=7023#813, -53203, -3631&amp;type=1&amp;name=argonized plants&quot;&gt;argonized plants&lt;/A&gt;&lt;/font&gt; in {@Rgn:45005$$Skyfields}.
4503038	Deliver the samples to Ronalt.
4503039	&quot;I understand.&quot;
4503040	Speak with {@linkcreature:245#2009#Ronalt} at {@Rgn:45009$$Camp Insanity}.
4503041	Where the Argonomorph Tuwangis Appeared
4503042	Argonomorph Tuwangis are wandering around the area.
4503043	Go to the {@linkcreature:45#4002#Argonomorph Tuwangi} habitat in the {@Rgn:45005$$Skyfields}. 
4503044	Use the {@RawItem:45360$$de-argonification potion} on an {@linkcreature:45#4002#argonomorph tuwangi} and observe the results.
4503045	The Argonomoph Tuwangi stops attacking!
4503046	&quot;Easy there. Are you okay?&quot;
4503047	Observe the {@linkcreature:245#2028#Argonomorph Tuwangi} at {@Rgn:45005$$Skyfields} before the potion wears off.&#xA;[The affected {@linkcreature:245#2028#Argonomorph Tuwangi} appears after the de-argonification potion is used.]
4503048	&quot;I understand.&quot;
4503049	Report back to {@linkcreature:245#2009#Ronalt}.
4503050	&quot;I'll do my best.&quot;
4503051	Go to {@Rgn:45007$$Field Base Tenacity} and get {@linkcreature:245#2002#Mitiel}'s input on the potion experiment.
4503052	Passage to the Three Towers
4503053	You see an Argon Structure. Where's Yasring?
4503054	Go to the Three Towers.
4503055	&quot;Eh? Who are you?&quot;
4503056	You found Yasring. Tell her that she must return to {@linkcreature:245#2002#Mitiel}.
4503057	&quot;I'm glad I found you.&quot;
4503058	Speak with {@linkcreature:245#2021#Rancien}.
4503059	&quot;Okay, I'm ready.&quot;
4503060	Ask {@linkcreature:245#2021#Rancien} why the Allemantheia Headquarters needs you. 
4503061	&quot;I appreciate that. Thanks.&quot;
4503062	&quot;Thank you.&quot;
4503063	Tell {@linkcreature:72#1103#Arshadh} that you came back for the new orders.
4521001	A Little Help
4521002	You're passing through. We have to stay.
4521003	We kill them, but there are always more.
4521004	Kill {@Creature:45#1001#kelba chargers} east of the {@Rgn:45002$$Tower Approach}.
4521005	&quot;Thanks.&quot;
4521006	Go to {@Rgn:45010$$Valor Watchpoint} and talk to Laskan.
4522001	Observations in the Field
4522002	Yes, we are a bit bored. However did you guess?
4522003	Never bet a baraka.
4522004	Kill {@creature:45#1002#argonomorph dwarf orcans} in the {@Rgn:45002$$Tower Approach}
4522005	&quot;Glad to help.&quot;
4522006	Report to Laskan at {@Rgn:45010$$Valor Watchpoint}
4523001	Keeping Runes
4523002	Abia will be glad to see you.
4523003	Gotta keep those routes open.
4523004	Runekeeper Rune
4523005	Kill {@creature:45#1003#argonomorph runekeepers} in the western part of the {@Rgn:45002$$Tower Approach} and collect runes.
4523006	Report to Abia at {@Rgn:45007$$Field Base Tenacity}.
4523007	&quot;Thank you.&quot;
4524001	Suspicious Pylons
4524002	The implications are frightening.
4524003	Thanks for these.
4524004	Fight off {@creature:45#2001#argonomorph blood fiends} in the eastern part of the {@Rgn:45003$$Vale of the Reaper}.
4524005	Break the cyadal pylons in the eastern part of the {@Rgn:45003$$Vale of the Reaper} and collect samples.
4524006	&quot;It's an honor to serve.&quot;
4524007	Collect samples.
4524008	Deliver the samples to Rennie at {@Rgn:45007$$Field Base Tenacity}.
4525001	Blowing Bubbles
4525002	Is it protecting the tuwangis?
4525003	We're a step closer to knowing what it does.
4525004	Break {@creature:45#7002#trolnik spires} inside the argon force field in the {@Rgn:45003$$Vale of the Reaper} and collect controller shards.
4525005	&quot;For the federation.&quot;
4525006	Collect controller shards.
4525007	Deliver the shards to Chaxanaz at {@Rgn:45007$$Field Base Tenacity}.
4526001	More Bubbles
4526002	Head northwest, and you'll find the grellem spires.
4526003	You don't have to worry.
4526004	Break the {@creature:45#7003#grellem spires} in the northwestern swamp of the {@Rgn:45003$$Vale of the Reaper} and collect shards.
4526005	Intruder! Intruder!
4526006	Kill the {@creature:45#6001#argonomorph tuwangi frogmaster} in the far northwest of the {@Rgn:45003$$Vale of the Reaper}.
4526007	&quot;For the federation.&quot;
4526008	Collect controller shards.
4526009	Deliver the shards to {@LinkCreature:245#1013$$Chaxanaz} at {@Rgn:45007$$Field Base Tenacity}.
4527001	Shooting from the High Ground
4527002	Climb down east of {@Rgn:45006$$Field Base Reciprocity}. It's a shortcut.
4527003	Welcome to {@Rgn:45008$$Field Base Valiance}.
4527004	Kill {@creature:45#3001#argonomorph Lokian archers} around {@Rgn:45006$$Field Base Reciprocity}.
4527005	&quot;I'm at your service.&quot;
4527006	Report to {@Creature:245#1005$$Lahiah} at {@Rgn:45008$$Field Base Valiance}.
4528001	Keeping an Eye Out
4528002	Thin out the reavers, and we'll have safe passage.
4528003	We're actually pretty safe here.
4528004	Kill argonomorth Lokian reavers east of {@Rgn:45006$$Field Base Reciprocity}.
4528005	&quot;Glad I could help.&quot;
4528006	Go to {@Rgn:45011$$Swampwatch Camp} through the cave near {@Rgn:45006$$Field Base Reciprocity}, and make sure {@creature:245#1026$$Setahl} is safe.
4529001	It Lives
4529002	Look at the water. It's full of information.
4529003	The whole swamp may be alive. Imagine that.
4529004	Zalgeg Coil
4529005	Destroy a {@creature:45#7001$$zalgeg coil} near {@Rgn:45011$$Swampwatch Camp}, and collect a fragment.
4529006	Take the fragment back to Setahl.
4529007	&quot;Happy to help.&quot;
4530001	Friendly Concern
4530002	I appreciate your help.
4530003	I owe Setahl a drink when I see him again.
4530004	Kill {@creature:45#3003#kelba rippers} and {@creature:45#3004#athakela stalkers} west and south of {@Rgn:45006$$Field Base Reciprocity}.
4530005	&quot;Glad I could be of service.&quot;
4530006	Drop in on {@linkcreature:245#1029$$Pokara} at {@Rgn:45009$$Camp Insanity}.
4532001	Tuwangis in the Mist
4532002	Just stun them, yes?
4532003	I couldn't have done it without you.
4532004	Capture {@creature:45#4002$$argonomorph tuwangis} east of {@Rgn:45009$$Camp Insanity}.
4532005	&quot;It was nothing, really.&quot;
4532006	Collect stunned tuwangis.
4532007	Return to Gelta with the unconscious tuwangis.
4533001	Skyfields Forever
4533002	It seems ridiculous to be afraid of tuwangis, does it not?
4533003	That should clear the way. Thank you.
4533004	Kill {@creature:45#4003#argonomorph tuwangi warfroggers} southwest of Thrallhold.
4533005	&quot;Happy to help out.&quot;
4533006	Return to Pokara at {@Rgn:45009$$Camp Insanity}.
4534001	Left Behind
4534002	There may be something of value left there.
4534003	This is a wonderful find.
4534004	&quot;Thanks.&quot;
4534005	Collect argon construction tools near the {@Rgn:45012$$Collapsed Argon Fortress Entrance} southwest of {@Rgn:45005$$Skyfields}.
4534006	Return to {@Rgn:45009$$Camp Insanity} and deliver the argon construction tools to {@creature:245#1029$$Pokara}.
4535001	Fortress in a Mountain
4535002	Clearing the wendigos will ease your way.
4535003	Your assistance proved invaluable.
4535004	Kill {@creature:45#4004#argonomorph wendigos} in the {@Rgn:45005$$Skyfields}.
4535005	Search near the {@Rgn:45012#fortress entrance} and collect a sample from the fallen fortress.
4535006	Fallen Argon Fortress Fragment
4535007	Fragment Sample
4535008	Deliver the sample to {@creature:245#1029$$Pokara} at {@Rgn:45009$$Camp Insanity}.
4535009	&quot;I'll handle it.&quot;
4535010	&quot;Right away.&quot;
4535011	Head to {@Rgn:77001} and report to {@Creature:77#1009$$Borskan}.
4535012	&quot;Of course.&quot;
4535013	Speak with {@Creature:77#1011$$Ellisiana}.
4536001	Tuwangis and Toads
4536002	There are too many of them to count.
4536003	It smells better around here already.
4536004	Kill {@creature:45#2003#argonomorph frogmasters} and {@creature:45#2002#argonomorph horntoads} in the {@Rgn:45003$$Vale of the Reaper}.
4536005	&quot;Just doing my duty.&quot;
4536006	Report to {@Creature:245#1001$$Abia} at {@Rgn:45007$$Field Base Tenacity}.
4537001	Wild and Woolly
4537002	Don't eat any of them!
4537003	I only do it to humor her.
4537004	&quot;Good luck with that.&quot;
4537005	Collect oversized hydraneas near {@Rgn:45011$$Swampwatch Camp}.
4537006	Deliver the flowers to Setahl at {@Rgn:45011$$Swampwatch Camp}.
4538001	An Unwelcome Visitor
4538002	We can't afford for the argons to return.
4538003	Our position is more tenuous than I'd like to admit.
4538004	Zol dren virsai...
4538005	Kill {@creature:45#6002#Krixati} south of the {@Rgn:45005$$Skyfields}.
4538006	&quot;I will.&quot;
4538007	Report to {@creature:245#1008$$Helik} at {@Rgn:45009$$Camp Insanity}.
4571001	(Guild) Suppression Orders: Lesser Argons
4571002	We don't want them building up their forces.
4571003	Well fought, soldier.
4571004	Proof of Kill: Lesser Argons
4571005	&quot;For the federation!&quot;
4571006	Kill {@LinkCreature:45#1001#kelba chargers}, {@LinkCreature:45#1002#argonomorph dwarf orcans}, and {@LinkCreature:45#1003#argonomorph runekeepers} near the {@Rgn:45002$$Tower Approach}.
4571007	Report to Laetesha at Pathfinder Post.
4572001	(Guild) Suppression Orders: Argonomorphs
4572002	Argonomorphs are the worst.
4572003	Thanks for your help.
4572004	Proof of Kill: Argonomorphs
4572005	&quot;Victory for Valkyon!&quot;
4572006	Kill {@LinkCreature:45#2001#argonomorph blood fiends}, {@LinkCreature:45#2002#horntoads}, and {@LinkCreature:45#2003#frogmasters} in the {@Rgn:45003$$Vale of the Reaper}.
4572007	Report to Laetesha at Pathfinder Post.
4573001	(Guild) Suppression Orders: Argon Rear Guard
4573002	Stay safe out there.
4573003	Well done.
4573004	Proof of Kill: Argon Rear Guard
4573005	&quot;For the federation!&quot;
4573006	Kill {@LinkCreature:45#3001#argonomorph Lokian archers} and {@LinkCreature:45#3002#reavers}, as well as {@LinkCreature:45#3003#kelba rippers} and {@LinkCreature:45#3004#athakela stalkers} near {@Rgn:45004$$Lookout Point}.
4573007	Report to Laetesha at Pathfinder Post.
4574001	(Guild) Suppression Orders: Skyfields
4574002	Continuous subjugation always brings peace.
4574003	Fine work out there, soldier.
4574004	Proof of Kill: Argonomorphs
4574005	&quot;Victory for Valkyon!&quot;
4574006	Kill {@LinkCreature:45#4002#argonomorph tuwangis}, {@LinkCreature:45#4003#warfroggers}, and {@LinkCreature:45#4004#wendigos} in the {@Rgn:45005$$Skyfields}.
4574007	Report to Laetesha at Pathfinder Post.
4575001	(Guild) Suppression Orders: Draelteryx
4575002	Proof of Kill: Draelteryx
4575003	&quot;For the federation!&quot;
4575004	Hunt down and slay {@LinkCreature:45#4005#Draelteryx}.
4575005	Report to Laetesha at Pathfinder Post.
4581001	Order to Subjugate the Bridgehead
4581002	Continuous subjugation always brings peace
4581003	Thank you for your hard work
4581004	Token of Subjugating the Bridgehead
4581005	&quot;It's an honor to serve.&quot;
4581006	Kill {@LinkCreature:45#1001#kelba chargers}, {@LinkCreature:45#1002#argonomorph dwarf orcans}, and {@LinkCreature:45#1003#argonomorph runekeepers} at the {@Rgn:45002$$Tower Approach} and collect tokens.
4581007	Report to Coordinator.
4582001	Suppression Orders: Argonomorphs
4582002	Argonomorphs are the worst.
4582003	Thanks for your help.
4582004	Proof of Kill: Argonomorphs
4582005	&quot;Victory for Valkyon!&quot;
4582006	Kill {@LinkCreature:45#2001#argonomorph blood fiends}, {@LinkCreature:45#2002#horntoads}, and {@LinkCreature:45#2003#frogmasters} in the {@Rgn:45003$$Vale of the Reaper}.
4582007	Report to Laetesha at Pathfinder Post.
4583001	Suppression Orders: Argon Rear Guard
4583002	Stay safe out there.
4583003	Well done.
4583004	Proof of Kill: Argon Rear Guard
4583005	&quot;For the federation!&quot;
4583006	Kill {@LinkCreature:45#3001#argonomorph Lokian archers} and {@LinkCreature:45#3002#reavers}, as well as {@LinkCreature:45#3003#kelba rippers} and {@LinkCreature:45#3004#athakela stalkers} near {@Rgn:45004$$Lookout Point}.
4583007	Report to Laetesha at Pathfinder Post.
4584001	Suppression Orders: Skyfields
4584002	Continuous subjugation always brings peace.
4584003	Fine work out there, soldier.
4584004	Proof of Kill: Argonomorphs
4584005	&quot;Victory for Valkyon!&quot;
4584006	Kill {@LinkCreature:45#4002#argonomorph tuwangis}, {@LinkCreature:45#4003#warfroggers}, and {@LinkCreature:45#4004#wendigos} in the {@Rgn:45005$$Skyfields}.
4584007	Report to Laetesha at Pathfinder Post.
4585001	Order to Subjugate Draelteryx
4585002	Token of Subjugating the {@linkcreature:45#4005#Draelteryx}
4585003	&quot;Thanks.&quot;
4585004	Kill {@linkcreature:45#4005#Draelteryx} and collect tokens
4585005	Report to Coordinator
4601001	The Three Towers
4601002	&quot;I understand.&quot;
4601003	Ask Tamur if everything is okay.&#xA;[Speak with {@linkcreature:84#1088#Yunari} to enter the Kaiator Command Center.]
4601004	Read the letter form the Mysterium.&#xA;[Press &lt;img src='img://__Icon_KeyboardShape.Keyboard_I' width='18' height='18' vspace='-6'/&gt; key to open your inventory window and read the Urgent Letter from the Mysterium.]
4601005	The researchers at the Three Towers need help.  
4601006	&quot;Right. Okay.&quot;
4601007	Tell Tamur what the letter was about.&#xA;[Speak with {@linkcreature:84#1088#Yunari} to enter the Kaiator Command Center.]
4601008	&quot;I understand.&quot;
4601009	Speak with {@linkcreature:246#2001#Adeldur} at {@Rgn:46014#Three Towers Research Base}.
4601010	Destroy the argon structures at {@Rgn:46003$$Raga Shadi}.
4601011	&quot;I understand.&quot;
4601012	Deliver the argon building fragments to {@linkcreature:246#2001#Adeldur} at {@Rgn:46014$$Three Towers Research Base}.
4601013	&quot;I understand.&quot;
4601014	You spot an injured scout. Ask {@linkcreature:246#2002#Kurance} if there's any news of Yasring.
4601015	Read the {@RawItem:45336$$missing person register}.
4601016	You see Yasring's name.
4601017	&quot;I understand.&quot;
4601018	Talk to {@linkcreature:246#2002#Kurance}.
4601019	&quot;There's something I need to know.&quot;
4601020	Follow the footsteps and collect the Scout's Token.&#xA;[Go towards where Kurance is looking at to find the footsteps.]
4601021	Deliver the marks of the scouts to {@linkcreature:246#2003#Sleitak} at {@Rgn:46005$$Three Towers Depths}: {@Rgn:46016$$Mindcrown Chamber}.
4601022	&quot;I understand.&quot;
4601023	Ask {@linkcreature:246#2003#Sleitak} at {@Rgn:46005$$Three Towers Depths}: {@Rgn:46016$$Mindcrown Chamber} about the missing people.
4601024	&quot;I understand.&quot;
4601025	{@Rgn:46009$$Three Towers Spires}: When the door opens, go to {@Rgn:46013$$Exetron} and speak with {@linkcreature:246#2004#Greyden}.
4602001	Sole Survivor
4602002	{@Rgn:9012001$$Three Towers Spires}
4602003	You've entered the {@Rgn:9012001$$Three Towers Spires}.
4602004	Use the {@linkcreature:246#1502#teleportal} at {@Rgn:46009$$Three Towers Spires}: {@Rgn:46013$$Exetron} to enter the {@Rgn:9012001$$Three Towers Spires}.&#xA;[Inside the camp, you can reach the Shadowspark Chamber via the dungeon flight manager. In Exetron, there is a {@linkcreature:246#1502#teleportal} that you can use to get to the Three Towers Spires.]
4602005	Start searching.
4602006	Hurry up!
4602007	Search the tunnels with {@linkcreature:412#2001#Greyden}.&#xA;[Inside the camp, you can reach the Shadowspark Chamber via the dungeon flight manager. In Exetron, there is a {@linkcreature:246#1502#teleportal} that you can use to get to the Three Towers Spires.]
4602008	&quot;Be careful.&quot;
4602009	Talk to {@linkcreature:412#2001#Greyden}.&#xA;[Inside the camp, you can reach the Shadowspark Chamber via the dungeon flight manager. In Exetron, there is a {@linkcreature:246#1502#teleportal} that you can use to get to the Three Towers Spires.]
4602010	Strange Sounds
4602011	You hear the sounds of battle up ahead.
4602012	Start searching.&#xA;[Inside the camp, you can reach the Shadowspark Chamber via the dungeon flight manager. In Exetron, there is a {@linkcreature:246#1502#teleportal} that you can use to get to the Three Towers Spires.]
4602013	Kill the argons attacking {@linkcreature:412#2005#Hasmina}.&#xA;[Inside the camp, you can reach the Shadowspark Chamber via the dungeon flight manager. In Exetron, there is a {@linkcreature:246#1502#teleportal} that you can use to get to the Three Towers Spires.]
4602014	&quot;I understand.&quot;
4602015	Talk to {@linkcreature:412#2005#Hasmina}.&#xA;[Inside the camp, you can reach the Shadowspark Chamber via the dungeon flight manager. In Exetron, there is a {@linkcreature:246#1502#teleportal} that you can use to get to the Three Towers Spires.]
4602016	Defeat Gilgash, the administrator of the {@Rgn:46001$$Three Towers Spires}.&#xA;[Inside the camp, you can reach the Shadowspark Chamber via the dungeon flight manager. In Exetron, there is a {@linkcreature:246#1502#teleportal} that you can use to get to the Three Towers Spires.]
4602017	Destroy the argon capsules that supply energy to the {@Rgn:46001$$Three Towers}.&#xA;[Inside the camp, you can reach the Shadowspark Chamber via the dungeon flight manager. In Exetron, there is a {@linkcreature:246#1502#teleportal} that you can use to get to the Three Towers Spires.]
4602018	&quot;Let's go.&quot;
4602019	Talk to {@linkcreature:412#2006#Hasmina}.&#xA;[Inside the camp, you can reach the Shadowspark Chamber via the dungeon flight manager. In Exetron, there is a {@linkcreature:246#1502#teleportal} that you can use to get to the Three Towers Spires.]
4602020	&quot;I understand.&quot;
4602021	Report what happened at {@Rgn:9012001$$Three Towers Spires} to {@linkcreature:246#2001#Adeldur} in {@Rgn:46014$$Three Towers Research Base}.
4602022	&quot;I understand.&quot;
4602023	Talk to {@linkcreature:246#2008#Hasmina} at {@Rgn:46014$$Three Towers Research Base}.
4602024	&quot;I understand.&quot;
4602025	Talk to {@linkcreature:246#2008#Hasmina} again.
4602026	&quot;I understand.&quot;
4602027	Deliver {@RawItem:45338$$Adeldur's report} to Commander {@linkcreature:528#5005#Tamur} at {@Rgn:84001$$Kaiator} Command Center.&#xA;[Speak to {@linkcreature:84#1088#Yunari} to enter the Kaiator Command Center.]
4602028	&quot;Things will get better.&quot;
4602029	Talk to Velika Commander Gislan while Tamur is reading the report.
4602030	&quot;I agree with you Tamur.&quot;
4602031	&quot;I doubt it's a trap.&quot;
4602032	Gislan seems to be troubled. Talk to Gislan.
4602033	&quot;I'll give it a thought.&quot;
4602034	&quot;I'm sure Gislan will understand.&quot;
4602035	Report to {@linkcreature:528#5005#Tamur} about Gislan's suggestion.
4602036	&quot;Thanks.&quot;
4602037	Deliver Tamur's order to Hasmina near {@Rgn:84001$$Kaiator} Command Center.
4621001	Mysterious Tower
4621002	We need your help.
4621003	Thanks for coming by.
4621004	&quot;Got it.&quot;
4621005	Go to the {@Rgn:45013$$Khanovar Post} and ask {@Creature:245#1030$$Horona} about the situation.
4621006	&quot;It's an honor to serve.&quot;
4621007	Go to {@Creature:246#1103$$Lensa} at {@Rgn:46014$$Three Towers Research Base} in {@Rgn:46001$$the Three Towers}.
4622001	Strange Golem
4622002	Please get samples of the {@creature:46#7001$$tholzak emitter} for me.
4622003	Thanks a lot for bringing the samples.
4622004	Find and break the {@creature:46#7001$$tholzak emitter} in the {@Rgn:46018$$Three Towers Upper Level} and collect tholzak emitter element.
4622005	&quot;It's an honor to serve.&quot;
4622006	Collect tholzak emitter elements.
4622007	Go to the {@Rgn:46019$$Beastroar Chamber} and deliver the tholzak emitter elements to {@creature:246#1025$$Alecian}.
4623001	Strange Flask
4623002	Please bring me what is inside the {@creature:46#7002#jermol extractor}.
4623003	What you brought me will be helpful for my research.
4623004	Dead Animals in the Extractor
4623005	Pass through the {@creature:46#201#argonomorph kulkari crusher} guarding the rooms in {@Rgn:46003$$Raga Shadi} of {@Rgn:46001#the Three Towers} and break the {@creature:46#7002#jermol extractor}. Then collect the dead animals inside the extractor.
4623006	Go to the {@Rgn:46019$$Beastroar Chamber} and deliver the dead animals to {@linkcreature:246#1025$$Alecian}
4623007	&quot;I'll help.&quot;
4623008	&quot;It's an honor to serve.&quot;
4623009	Go to {@linkcreature:246#1024$$Platanok} in the {@Rgn:46020$$Shineroot Chamber}.
4624001	Not Just a Flower Pot
4624002	Please destroy the {@creature:46#7003#haxuul extractor} and get samples.
4624003	Thank you for bringing samples from the {@creature:46#7003#haxuul extractor}.
4624004	Plant Samples
4624005	Pass through the {@creature:46#202#argonomorph kulkari shaman} guarding the rooms in {@Rgn:46002$$Raga Evala} of {@Rgn:46001$$the Three Towers} and destroy the {@creature:46#7003#haxuul extractor}. Then get samples.
4624006	Return to the {@Rgn:46020$$Shineroot Chamber} and deliver the collected plant samples to {@linkcreature:246#1024$$Platanok}.
4624007	&quot;Got it.&quot;
4624008	&quot;It's an honor to serve.&quot;
4624009	Go meet {@creature:246#1026$$Beranie} at the {@Rgn:46015$$Hexheart Chamber}.
4625001	Argon Indoctrination
4625002	The {@creature:46#203#argonomorph Lokian slayers} have the samples we need.
4625003	I'm sure the {@creature:46#203#argonomorph Lokian slayers} put up a struggle, but I'm glad you prevailed.
4625004	Get argon brainwashing samples from {@creature:46#203#argonomorph Lokian slayers} in {@Rgn:46004$$Raga Kabash}.
4625005	&quot;Understood!&quot;
4625006	Collect argon brainwashing samples.
4625007	Return to the {@Rgn:46015$$Hexheart Chamber} and deliver the argon brainwashing samples to {@creature:246#1026$$Beranie}.
4625008	{@creature:246#1026$$Beranie}
4625009	Argon Brainwashing Sample
4625010	Take the nearby elevator down and deliver the argon brainwashing samples to {@creature:246#1102$$Nevian} in the {@Rgn:46016$$Mindcrown Chamber}.
4625011	&quot;Thanks for this.&quot;
4626001	Spire's Demise
4626002	The {@creature:46#7005#grellok spire} shouldn't be hard to dismantle.
4626003	Parts of the {@creature:46#7005#grellok spire} are critical to our research.
4626004	Kill {@creature:46#301} in the {@Rgn:46008$$Raga Kabash Depths}.
4626005	Dismantle the {@creature:46#7005#grellok spire} in the {@Rgn:46025$$Raga Transmission Room} and collect grellok spire parts.
4626006	&quot;Confirmed.&quot;
4626007	Collect grellok spire parts.
4626008	Return to the {@Rgn:46016$$Mindcrown Chamber} and deliver the grellok spire parts to {@creature:246#1102$$Nevian}.
4626009	{@creature:246#1102$$Nevian}
4626010	Grellok Spire Parts
4626011	Deliver the grellok spire parts to {@creature:246#1028$$Rhentar} in the {@Rgn:46021$$Strifecore Chamber}.
4626012	&quot;I thank you.&quot;
4627001	Techno-Taxidermy
4627002	Skin the {@creature:46#303#argonomorph blood fiends}.
4627003	Thanks for dropping this off.
4627004	Blood Fiend Skin
4627005	Kill {@creature:46#303#argonomorph blood fiends} in the {@Rgn:46006$$Raga Shadi Depths}.
4627006	Return to the entrance of {@Rgn:46006$$Raga Shadi Depths} and deliver the blood fiend skin to {@creature:246#1028$$Rhentar}.
4627007	&quot;On my way.&quot;
4627008	&quot;Just doing my duty.&quot;
4627009	Go to {@Creature:246#1029$$Gloann} in the {@Rgn:46022$$Metaseed Chamber}.
4628001	Dark Faeries
4628002	The {@creature:46#304#argonomorph jalmaraks} have argonized horns that we need to study.
4628003	If the argons can corrupt a faerie, we're in big trouble.
4628004	Argonized Horn
4628005	Kill {@creature:46#304#argonomorph jalmaraks} in the {@Rgn:46007$$Raga Evala Depths} and get argonized horns.
4628006	Go back to the entrance of the {@Rgn:46007$$Raga Evala Depths} and deliver the argonized horns to {@creature:246#1029$$Gloann}.
4628007	&quot;I'll head there presently.&quot;
4628008	&quot;I thank you.&quot;
4628009	Go to {@creature:246#1102$$Nevian} in the {@Rgn:46016$$Mindcrown Chamber} in the {@Rgn:46008$$Raga Kabash Depths}.
4629001	Deeper into the Towers
4629002	Go to the {@Rgn:46017$$Shadowspark Chamber}.
4629003	Thank you for coming to help me.
4629004	&quot;Victory for Valkyon!&quot;
4629005	Go see {@Creature:246#1033$$Hapian} in the {@Rgn:46017$$Shadowspark Chamber}.
4630001	We Interrupt This Program
4630002	Confront the {@creature:46#401}s—off with their heads!
4630003	I don't know what I expected, but I didn't expect this!
4630004	Warlord Head
4630005	Kill {@creature:46#401}s in the {@Rgn:46012$$Raga Kabash Spire} and collect warlord heads.
4630006	Go to the {@Rgn:46017$$Shadowspark Chamber} and deliver the golem heads to {@Creature:246#1033$$Hapian}.
4630007	&quot;On my way.&quot;
4630008	&quot;Thanks for this.&quot;
4630009	Go to {@creature:246#1035$$Flinton} in the {@Rgn:46023$$Twistblood Chamber}.
4631001	Unbelievable Evolution
4631002	Treat the nightmare fiend blood like it's poison.
4631003	We're close to figuring this whole thing out.
4631004	Nightmare Blood
4631005	Kill {@creature:46#402#argonomorph nightmare fiends} in the {@Rgn:46011$$Raga Shadi Spire} of {@Rgn:46001$$the Three Towers} and collect their nightmare blood.
4631006	Deliver the collected nightmare blood to {@creature:246#1035$$Flinton}.
4631007	&quot;For the federation.&quot;
4631008	&quot;For the federation.&quot;
4631009	Go to {@Creature:246#1036$$Jesspan} in the {@Rgn:46024$$Soulsurge Chamber}.
4632001	Evolving into Energy
4632002	Destroy {@creature:46#7004#aquaas extractors} and collect samples.
4632003	Such highly evolved plants!
4632004	Evolved Plant Sample
4632005	Destroy {@creature:46#7004#aquaas extractors} in the {@Rgn:46010$$Raga Evala Spire} of {@Rgn:46001$$the Three Towers} and collect evolved plant samples.
4632006	Deliver the evolved plant samples to {@creature:246#1036$$Jesspan}.
4632007	&quot;I'll spread the word.&quot;
4632008	&quot;Thank you.&quot;
4632009	Go to {@Creature:246#1103$$Lensa} at {@Rgn:46014$$Three Towers Research Base} on the {@Rgn:46018$$Three Towers Upper Level}.
4633001	Mystery Machine
4633002	Please get component samples from the {@creature:46#7006#jurnagg portals} for me.
4633003	Good work! I'll report the research results soon.
4633004	Break {@linkcreature:46#7006#jurnagg portals} in the {@Rgn:46009$$Three Towers Spires} and collect an argon component.
4633005	&quot;Always happy to break stuff.&quot;
4633006	Collect grellok spire parts.
4633007	Go to the {@Rgn:46017$$Shadowspark Chamber} and deliver argon component to {@creature:246#1034$$Hogird}.
4634001	Even Kulkaris Get the Blues
4634002	Eliminate the {@creature:46#201#argonomorph kulkari crushers}.
4634003	The only thing worse than a kulkari is a {@creature:46#201#argonomorph kulkari crusher}.
4634004	Kill the {@creature:46#201#argonomorph kulkari crushers} guarding the rooms in the {@Rgn:46003$$Raga Shadi} part of {@Rgn:46001$$the Three Towers}.
4634005	&quot;I've had a lot of kulkari practice.&quot;
4634006	Go to the {@Rgn:46019$$Beastroar Chamber} and report to {@linkcreature:246#1025$$Alecian}.
4635001	Shamans No More
4635002	Put the {@creature:46#202#argonomorph kulkari shamans} out of their probable misery.
4635003	I don't even want to think about why the argons created {@creature:46#202#argonomorph kulkari shamans}.
4635004	Kill the {@creature:46#202#argonomorph kulkari shamans} guarding the rooms in the {@Rgn:46002$$Raga Evala} part of {@Rgn:46001$$the Three Towers}.
4635005	&quot;At least they aren't argons anymore.&quot;
4635006	Return to the {@Rgn:46020$$Shineroot Chamber} and report to {@creature:246#1024$$Platanok}.
4671001	(Guild) Suppression Orders: Kulkaris
4671002	Continual suppression keeps us safe.
4671003	Thank you for your hard work.
4671004	Proof of Kill: Kulkaris
4671005	&quot;For the federation.&quot;
4671006	Defeat {@LinkCreature:46#201#argonomorph kulkari crushers}, {@LinkCreature:46#202#argonomorph kulkari shamans}, and {@LinkCreature:46#203#argonomorph Lokian slayers} on the upper levels.
4671007	Report to the nearest coordinator.
4672001	(Guild) Suppression Orders: Sikandari
4672002	Continual suppression keeps us safe.
4672003	Thank you for your hard work.
4672004	Proof of Kill: Sikandaris
4672005	&quot;For the federation.&quot;
4672006	Defeat {@LinkCreature:46#302#argonomorph fiends}, {@LinkCreature:46#301#argonomorph sikandaris}, {@LinkCreature:46#303#argonomorph blood fiends}, and {@LinkCreature:46#304#argonomorph jalmaraks} in the {@Rgn:46005}.
4672007	Report to the nearest coordinator.
4673001	(Guild) Suppression Orders: Ossugon
4673002	Continual suppression keeps us safe.
4673003	Thank you for your hard work.
4673004	Proof of kill: Ossugons
4673005	&quot;For the federation.&quot;
4673006	Defeat {@LinkCreature:46#401#argonomorph ossugon warlords}, {@LinkCreature:46#402#argonomorph nightmare fiends}, and {@LinkCreature:46#403#argonomorph iskaragards} in the {@Rgn:46009$$Three Towers Spires}.
4673007	Report to the nearest coordinator.
4681001	Suppression Orders: Kulkaris
4681002	Continual suppression keeps us safe.
4681003	Thank you for your hard work.
4681004	Proof of Kill: Kulkaris
4681005	&quot;It's an honor to serve.&quot;
4681006	Kill {@LinkCreature:46#201#argonomorph kulkari crusher}, {@LinkCreature:46#202#argonomorph kulkari shaman}, and {@LinkCreature:46#203#argonomorph Lokian slayer} and collect tokens.
4681007	Report to the nearest coordinator.
4682001	Suppression Orders: Sikandari
4682002	Continual suppression keeps us safe.
4682003	Thank you for your hard work.
4682004	Proof of Kill: Sikandaris
4682005	&quot;For the federation.&quot;
4682006	Defeat {@LinkCreature:46#302#argonomorph fiends}, {@LinkCreature:46#301#argonomorph sikandaris}, {@LinkCreature:46#303#argonomorph blood fiends}, and {@LinkCreature:46#304#argonomorph jalmaraks} in the {@Rgn:46005}.
4682007	Report to the nearest coordinator.
4683001	Suppression Orders: Ossugon
4683002	Continual suppression keeps us safe.
4683003	Thank you for your hard work.
4683004	Proof of Kill: Ossugons
4683005	&quot;For the federation.&quot;
4683006	Defeat {@LinkCreature:46#401#argonomorph ossugon warlords}, {@LinkCreature:46#402#argonomorph nightmare fiends}, and {@LinkCreature:46#403#argonomorph iskaragards} in the {@Rgn:46009$$Three Towers Spires}.
4683007	Report to the nearest coordinator.
4701001	Cleansing Tirkai
4701002	Meeting Point
4701003	Seir is waiting for you.
4701004	Return to Velika and meet {@creature:63#1102$$Seir} in the Velika Consul Office.
4701005	“Of course. How can I help?”
4701006	&quot;Has something happened?&quot;
4701007	Speak with {@creature:63#1102$$Seir} at Velika.
4701008	&quot;I understand.&quot;
4701009	&quot;Huh?&quot;
4701010	Tell {@creature:63#1102$$Seir} that you're ready.
4701011	&quot;I understand.&quot;
4701012	Talk to {@creature:63#1102$$Seir}.
4701013	&quot;Yes, sir!&quot;
4701014	Report to Decurion {@creature:247#2001$$Verge} at Pathfinder Post.&#xA;[Go to Flight Manager {@linkcreature:63#1009#Adela} or use a Pathfinder Post Teleport Scroll.]
4701015	&quot;I understand.&quot;
4701016	Report to {@creature:247#2002$$Yasring} at {@Rgn:47006$$Field Base Lunacy}.&#xA;[Use the {@LinkCreature:77#1008#Teleportal} to go to Field Base Lunacy.]
4701017	Collect &lt;font color='#0080FF'&gt;&lt;A href=&quot;markmap:loc=7023#-2969, -23444, 1019&amp;type=1&amp;name=contaminated mushrooms&quot;&gt;{@RawItem:45271$$contaminated mushrooms}&lt;/A&gt;&lt;/font&gt; for Yasring's cleansing orbs.
4701018	Hunt {@LinkCreature:47#2001#argonomorph caprin imps} and get ingredients for {@creature:247#2002$$Yasring}'s cleansing orbs.
4701019	&quot;I understand.&quot;
4701020	Deliver the ingredients to Yasring.
4701021	&quot;I understand.&quot;
4701022	Talk to {@creature:247#2002$$Yasring} in {@Rgn:47006$$Field Base Lunacy}.
4701023	Use the orbs at {@Rgn:47003$$Bridgehead} to prevent the spread of contamination.
4701024	Use the cleansing orb.
4701025	Use the cleansing orb.
4701026	Use the cleansing orb.
4701027	Use the purifying orb to cleanse the corpses floating in the lake.
4701028	&quot;I'll give them your orders.&quot;
4701029	Tell {@creature:247#2003$$Cheniel} at {@Rgn:47003$$Bridgehead} you purified the lake.
4701030	&quot;I'll give them your orders.&quot;
4701031	Ask {@creature:247#2004$$Shemi} at {@Rgn:47003$$Bridgehead} to show you the trees.
4701032	Tree of Life
4701033	The trees are just ahead.
4701034	Go to the &lt;font color='#0080FF'&gt;&lt;A href=&quot;markmap:loc=7023#-14543, -27587, -943&amp;type=1&amp;name=trees&quot;&gt;trees&lt;/A&gt;&lt;/font&gt;.
4701035	Restore the tree with the Purifying Orb.
4701036	&quot;Okay.&quot;
4701037	Tell {@creature:247#2003$$Cheniel} that you restored the trees.
4703001	Abandoned Argon Base
4703002	&quot;We need it for the woods.&quot; 
4703003	&quot;Please, my hometown depends on this.&quot;
4703004	&quot;I understand.&quot;
4703005	&quot;Right. Okay.&quot;
4703006	Ask {@creature:247#2003$$Cheniel} what you need to do at {@Rgn:47007$$Blightroar Research Station}.
4703007	Kill the {@creature:47#2003#argonomorph gulas} that threaten {@creature:47#7005#faerie saplings} west of the {@Rgn:47003$$Bridgehead}.
4703008	&quot;Right. Okay.&quot;
4703009	Meet {@creature:247#2010$$Yasring} at {@Rgn:47007$$Blightroar Research Station} and tell her you're here to help.
4703010	&quot;I understand.&quot;
4703011	Persuade {@creature:247#1004$$Rozaline} in {@Rgn:47007$$Blightroar Research Station} that the Argon Bases need purifying as well. 
4703012	Kill {@creature:47#3001$$Contaminated Wendigo} and {@creature:47#3002$$Argononomorph Wendigo} near the {@Rgn:47012$$Argon Shield Emitter}.
4703013	&quot;I understand.&quot;
4703014	Talk to {@creature:247#2010$$Yasring} at {@Rgn:47012$$Argon Shield Emitter}.
4703015	Kill {@creature:47#3003$$Argonomorph Wendigo Shaman} at {@Rgn:47012$$Argon Shield Emitter} and collect shield emitter fragments.
4703016	Shield Emitter Fragments
4703017	Return to the {@Rgn:47007$$Blightroar Research Station} and deliver Strange Wendigo's Hide to {@creature:247#2010$$Yasring}. 
4703018	….
4703019	&quot;Right. Okay.&quot;
4703020	{@creature:247#2010$$Yasring} looks like she made a decision. Talk to Yasring.
4703021	&quot;Okay.&quot;
4703022	Ask {@linkcreature:247#1004$$Rozaline} at {@Rgn:47007$$Blightroar Research Station} news of southern Arun.
4721001	Those Who Return
4721002	Both bears and eclipse thistles are coming back to the forest.
4721003	Thanks for gathering these.
4721004	&quot;It's an honor to serve.&quot;
4721005	Collect &lt;font color='#0080FF'&gt;&lt;A href=&quot;markmap:loc=7023#7829,-26162,-333&amp;type=1&amp;name=Eclipse Thistles&quot;&gt;eclipse thistles&lt;/A&gt;&lt;/font&gt; in the {@Rgn:47002$$Whitefrost Forest} southeast of {@Rgn:77001$$Pathfinder Post}.
4721006	Return to {@Rgn:47006$$Field Base Lunacy} and deliver the eclipse thistles to {@creature:247#1014$$Lenorele}.
4722001	Supply Shortage
4722002	I'm sure salt will make it safe to eat.
4722003	Brilliant idea!
4722004	Bear Meat
4722005	Kill {@creature:47#1001#Tirkai grizzlies} in the {@Rgn:47002$$Whitefrost Forest} southeast of {@Rgn:77001$$Pathfinder Post} and collect their meat.
4722006	Go to {@Rgn:47006$$Field Base Lunacy} and deliver the bear meat to {@creature:247#1001$$Jadora}.
4722007	&quot;Salt it really well.&quot;
4723001	Unpredictable Guys
4723002	Nagas are scary enough normally.
4723003	Wonder where they've gone?
4723004	Kill {@creature:47#4001#argonomorph dagonite crusaders} near the {@Rgn:47002$$Whitefrost Forest}.
4723005	&quot;It's an honor to serve.&quot;
4723006	Report to {@creature:247#1014$$Lenorele} at {@Rgn:47006$$Field Base Lunacy}.
4724001	Supply Chain
4724002	We need that road open.
4724003	Thanks to you, we'll get our supplies.
4724004	Kill {@creature:47#2001#argonomorph caprin imps} near the {@Rgn:47010$$Argon Power Lattice}.
4724005	&quot;Thank you.&quot;
4724006	Report to {@creature:247#1001$$Jadora} at {@Rgn:47006$$Field Base Lunacy}.
4725001	Poison Mushrooms
4725002	Please kill the {@Creature:47#1003#argon mugatos} that interrupt our work, and join us in removing petrified mushrooms.
4725003	They explode quite nicely, don't they?
4725004	While killing {@creature:47#1003#argon mugatos} in the {@Rgn:47003$$Bridgehead}, use bombs or weapons to break {@creature:47#7004#spore emitters}.
4725005	Thanks.
4725006	Go to {@Rgn:47008$$Eastwatch} and report to {@creature:247#1018$$Lenon Timbus}.
4726001	Sprouting Up
4726002	Plant the seedlings carefully.
4726003	Feels good to do good, doesn't it?
4726004	Plant faerie saplings in the {@Rgn:47011$$Spore Emitter Zone} in Whitefrost Forest.
4726005	You've planted all the faerie saplings.
4726006	&quot;It's an honor to serve.&quot;
4726007	Report to {@creature:247#1014$$Lenorele} at {@Rgn:47006$$Field Base Lunacy}.
4729001	Rage On
4729002	Clean that base out for us.
4729003	I'll make sure to report it. Thanks a lot.
4729004	Kill {@creature:47#3002#argononomorph wendigos} near the {@Rgn:47012$$Argon Shield Emitter}.
4729005	&quot;Glad to help.&quot;
4729006	Report to {@creature:247#1020$$Lecias} at the {@Rgn:47007$$Blightroar Research Station}.
4731001	Snake, Rattle, and Roll
4731002	Check on the Temporary Patrol Camp.
4731003	We're safe for now, but short-handed.
4731004	Kill the {@creature:47#4002#argonomorph naga wyrmlings} south of the {@Rgn:47005$$Argon Frontier}.
4731005	&quot;Good luck.&quot;
4731006	Meet {@creature:247#1021$$Shannow} at the {@Rgn:47009$$Temporary Patrol Camp}.
4732001	The Bear Facts
4732002	I'll feel better when they're farther away.
4732003	Ah, that's much better. Thank you.
4732004	Kill {@creature:47#1002$$Argonomorph Tirkai Grizzlies} to keep the researchers safe.
4732005	&quot;Glad I could help.&quot;
4732006	Report back to {@creature:247#1022$$Kurana} at the {@Rgn:47009$$Temporary Patrol Camp}.
4733001	Scouting the Scout Camp
4733002	There might be something useful there.
4733003	We may have uncovered something important here.
4733004	Old Scout Camp
4733005	You've found the {@Rgn:47013$$Old Scout Camp}.
4733006	Find the {@Rgn:47013$$Old Scout Camp} on the road north of the {@Rgn:47009$$Temporary Patrol Camp}.
4733007	Open the {@WorkObject:111$$broken supply crate}, and take what's inside.
4733008	Kill {@creature:47#6002$$Poskula}.
4733009	{@WorkObject:111$$Broken Supply Crate}
4733010	Old Supplies
4733011	Report the result to {@creature:247#1021$$Shannow} at the {@Rgn:47009$$Temporary Patrol Camp}.
4733012	&quot;I did my duty.&quot;
4734001	Digging Dirt
4734002	Thank you so much.
4734003	Kill {@creature:47#4003#argonomorph gulas} north of the {@Rgn:47005$$Argon Frontier} and collect cyamonoid soil.
4734004	&quot;I will.&quot;
4734005	Collect cyamonoid soil.
4734006	Deliver the cyamonoid soil to {@creature:247#1021$$Shannow}.
4734007	&quot;Happy to help.&quot;
4734008	Go to {@Rgn:77001$$Pathfinder Post} and tell {@creature:77#1009$$Borskan} about the black dirt.
4735001	Faerie Fury
4735002	Kill the {@Creature:47#2002#argonomorph faeries} who are interfering with the planting of faerie saplings.
4735003	That wasn't an easy job. Thanks.
4735004	Kill {@creature:47#2002#argonomorph faeries} in the {@Rgn:47015$$Petrified Mushroom Field}.
4735005	&quot;It's an honor to serve.&quot;
4735006	Report back to {@creature:247#1018$$Lenton} in {@Rgn:47008$$Eastwatch}.
4771001	(Guild) Order to Subjugate the Whitefrost Forest
4771002	Continuous subjugation always brings peace.
4771003	Thank you for your hard work.
4771004	Token of Subjugating the Whitefrost Forest
4771005	&quot;It's an honor to serve.&quot;
4771006	Kill {@Creature:47#1001#Tirkai grizzlies}, {@Creature:47#1002#argonomorph Tirkai grizzlies}, and {@Creature:47#1003$$argonomorph mugatos} in the {@Rgn:47002$$Whitefrost Forest} and collect tokens.
4771007	Report to Laetesha at Pathfinder Post when mission is complete.
4772001	(Guild) Order to Subjugate the Change Forest
4772002	Continuous subjugation always brings peace.
4772003	Thank you for your hard work.
4772004	Token of Subjugating the Change Forest
4772005	&quot;It's an honor to serve.&quot;
4772006	Kill {@Creature:47#2001#argonomorph caprin imps}, {@Creature:47#2002#argonomorph faeries}, and {@Creature:47#2003#argonomorph gulas} around the {@Rgn:47003$$Bridgehead} and collect tokens.
4772007	Report to Laetesha at Pathfinder Post when mission is complete.
4773001	(Guild) Order to Subjugate the Blightroar
4773002	Continuous subjugation always brings peace.
4773003	Thank you for your hard work.
4773004	Token of Subjugating the Blightroar
4773005	&quot;It's an honor to serve.&quot;
4773006	Kill {@Creature:47#3001#contaminated wendigos}, {@Creature:47#3002#argonomorph wendigos}, and {@Creature:47#3003#argonomorph wendigo shamans} around {@Rgn:47004$$Blightroar} and collect tokens.
4773007	Report to Laetesha at Pathfinder Post when mission is complete.
4774001	(Guild) Order to Subjugate the Roaring Forest
4774002	Continuous subjugation always brings peace
4774003	Thank you for your hard work
4774004	Token of Subjugating the Roaring Forest
4774005	&quot;It's an honor to serve.&quot;
4774006	Kill {@Creature:47#4001#argonomorph Dagonite crusaders}, {@Creature:47#4002#argonomorph naga wyrmlings}, and {@Creature:47#4003#argonomorph gula smashers} on the {@Rgn:47005$$Argon Frontier} and collect tokens.
4774007	Report to Laetesha at Pathfinder Post when mission is complete.
4781001	Order to Subjugate the Whitefrost Forest
4781002	Continuous subjugation always brings peace
4781003	Thank you for your hard work
4781004	Token of Subjugating the Whitefrost Forest
4781005	&quot;It's an honor to serve.&quot;
4781006	Kill {@Creature:47#1001$$Tirkai grizzlies}, {@Creature:47#1002#argonomorph Tirkai grizzlies}, and {@Creature:47#1003#argonomorph mugatos} in the {@Rgn:47002$$Whitefrost Forest} and collect tokens
4781007	Get reward from the village reward coordinator.
4782001	Order to Subjugate the Change Forest
4782002	Continuous subjugation always brings peace
4782003	Thank you for your hard work
4782004	Token of Subjugating the Change Forest
4782005	&quot;It's an honor to serve.&quot;
4782006	Kill {@Creature:47#2001#argonomorph caprin imps}, {@Creature:47#2002$$argonomorph faeries}, and {@Creature:47#2003#argonomorph gulas} around the {@Rgn:47003$$Bridgehead} and collect tokens.
4782007	Get reward from the village reward coordinator.
4783001	Order to Subjugate the Blightroar
4783002	Continuous subjugation always brings peace
4783003	Thank you for your hard work
4783004	Token of Subjugating the Blightroar
4783005	&quot;It's an honor to serve.&quot;
4783006	Kill {@Creature:47#3001#contaminated wendigos}, {@Creature:47#3002#argonomorph wendigos}, and {@Creature:47#3003#argonomorph wendigo shamans} around {@Rgn:47004$$Blightroar} and collect tokens.
4783007	Get reward from the village reward coordinator.
4784001	Order to Subjugate the Roaring Forest
4784002	Continuous subjugation always brings peace
4784003	Thank you for your hard work
4784004	Token of Subjugating the Roaring Forest
4784005	&quot;It's an honor to serve.&quot;
4784006	Kill {@Creature:47#4001$$argonomorph Dagonite crusaders}, {@Creature:47#4002$$argonomorph naga wyrmlings}, and {@Creature:47#4003$$argonomorph gula smashers} on the {@Rgn:47005$$Argon Frontier} and collect tokens.
4784007	Get reward from the village reward coordinator.
4791001	Whitefrost Menace
4791002	This will be a big help.
4791003	Proof of Kill: Tirkai Grizzlies
4791004	&quot;It's an honor to serve.&quot;
4791005	Kill {@LinkCreature:47#1001#Tirkai grizzlies}, {@LinkCreature:47#4001#argonomorph Dagonite crusaders}, and {@LinkCreature:47#2001#argonomorph caprin imps} in the {@Rgn:47002$$Whitefrost Forest}.
4791006	See {@Creature:247#1002$$Salaine} at {@Rgn:47006$$Field Base Lunacy} for your reward.
4792001	Gulas and Their Pals
4792002	Gulas. I hate those guys.
4792003	Proof of Kill: Gulas
4792004	&quot;Glad to help.&quot;
4792005	Kill {@LinkCreature:47#1003#argonomorph mugatos}, {@LinkCreature:47#2002#argonomorph faeries}, and {@LinkCreature:47#2003#argonomorph gulas} around the {@Rgn:47003$$Bridgehead}.
4792006	See {@Creature:247#1002$$Salaine} at {@Rgn:47006$$Field Base Lunacy} for your reward.
4793001	Trouble in Blightroar
4793002	I'm counting on you. We all are.
4793003	Proof of Kill: Wendigos
4793004	&quot;I did my duty.&quot;
4793005	Hunt {@Creature:47#3001#contaminated wendigos}, {@Creature:47#3002#argononomorph wendigos}, and {@Creature:47#3003#argonomorph wendigo shamans} in {@Rgn:47004$$Blightroar} and collect tokens.
4793006	See {@Creature:247#1005$$Chenace} in {@Rgn:47007$$Blightroar Research Station} for your reward.
4794001	Frontier Justice
4794002	We have to keep reducing their numbers.
4794003	Proof of Kill: Argonomorphs
4794004	&quot;It's an honor to serve.&quot;
4794005	Hunt {@LinkCreature:47#4002#argonomorph naga wyrmlings}, {@LinkCreature:47#1002#argonomorph Tirkai grizzlies}, and {@LinkCreature:47#4003#argonomorph gula smashers} on the {@Rgn:47005$$Argon Frontier}.
4794006	See {@Creature:247#1005$$Chenace} at {@Rgn:47007$$Blightroar Research Station} for your reward.
4801001	Fire for Effect
4801002	&quot;What do you need?&quot;
4801003	&quot;What can I do?&quot;
4801004	Go and meet with {@LinkCreature:248#2001#Tamur} at {@Rgn:48002$$Khanovar Citadel}.&#xA;[Use the {@LinkCreature:78#1007#Teleportal} to go to Khanovar Citadel.]
4801005	&quot;I understand.&quot;
4801006	&quot;You can count on me.&quot;
4801007	Receive supplies from {@LinkCreature:248#1025#Jeruka} at {@Rgn:48002$$Khanovar Citadel}.
4801008	Medic Location
4801009	The smiths and medics are struggling.
4801010	Go to the frontline and support {@LinkCreature:248#2009#Caerok} with supplies. 
4801011	&quot;I understand.&quot;
4801012	Go to {@Rgn:48008$$Magthulk Crater} and support {@LinkCreature:248#2009#Caerok} with supplies.
4801013	&quot;I understand.&quot;
4801014	Speak with {@LinkCreature:248#2005#Jekahb} at {@Rgn:48008$$Magthulk Crater}.
4801015	&quot;I...uh...explode?.&quot;
4801016	Speak with {@LinkCreature:248#2006#Karakhir} at {@Rgn:48006$$Carnage Vale}.
4801017	Mount the {@LinkCreature:48#2000#siege weapon}.
4801018	Use the Siege Weapon in {@Rgn:48006$$Carnage Vale} to defeat the argons.
4801019	&quot;I understand.&quot;
4801020	Speak with {@LinkCreature:248#2006#Karakhir} at {@Rgn:48006$$Carnage Vale}.
4802001	The Goddess of War
4802002	&quot;I'll do my best.&quot;
4802003	Report to {@LinkCreature:248#2001#Tamur} at {@Rgn:48002$$Khanovar Citadel} that you've collected the Sarjalod Components. 
4802004	&quot;I understand.&quot;
4802005	Speak with {@LinkCreature:248#2010#Kaia} at {@Rgn:48002$$Khanovar Citadel}.
4802006	&quot;I understand.&quot;
4802007	Tell {@LinkCreature:248#2010#Kaia} at {@Rgn:48002$$Khanovar Citadel} that you're ready to fight the argons.
4802008	Khanovar Gauntlet
4802009	Stand by Kaia.
4802010	Head to the {@Rgn:9014001$$Khanovar Gauntlet} with {@LinkCreature:248#2010#Kaia}.&#xA;[Speak with {@LinkCreature:248#2010#Goddess Kaia} to teleport to the Khanovar Gauntlet.]
4802011	Khanovar Gauntlet
4802012	Kaia enters the fray!
4802013	Stand at {@LinkCreature:248#2001$$War Goddess Kaia}'s side and prepare for battle.
4802014	Defeat the swarming argons with {@LinkCreature:414#2001#Goddess Kaia} at {@Rgn:9014001$$Khanovar Gauntlet}.
4802015	&quot;I understand.&quot;
4802016	Talk to {@LinkCreature:248#2001#Tamur} at {@Rgn:48002$$Khanovar Citadel}.
4803001	War Veteran
4803002	&quot;Who's here?&quot;
4803003	&quot;I'll check it out.&quot;
4803004	&quot;What's that song?&quot;
4803005	Where the Song Came From
4803006	Omeros is singing a poem. 
4803007	Approach Omeros. 
4803008	&quot;I understand.&quot;
4803009	Ask Omeros what the song is about. 
4803010	&quot;Thanks.&quot;
4803011	Talk to Verikam at Sanctuary of Illumination. 
4803012	Receive the letter.
4803013	Talk to Dougal.
4803014	Read Tamur's letter.
4803015	Tamur is asking for help. Speak with Garm.
4803016	&quot;Thanks.&quot;
4803017	Tell Rhodos that you've been dispatched to the war.
4803018	&quot;Let's go.&quot;
4803019	Show Tamur's letter to Garm.
4803020	&quot;Right. Okay.&quot;
4803021	&quot;I understand.&quot;
4803022	Head to the {@Rgn:48001$$Khanovar Front} and speak with {@linkcreature:248#2003#Wilza} at {@Rgn:78001$$Zulfikar Fortress}.
4803023	&quot;I understand.&quot;
4803024	Talk with Scout {@linkcreature:78#1010#Riavata} at {@Rgn:78001$$Zulfikar Fortress} about the situation along the Khanovar Front.
4804001	Battle Wounds
4804002	&quot;I'm on my way.&quot;
4804003	Report to {@LinkCreature:248#2001#Tamur} at {@Rgn:48002$$Khanovar Citadel}. 
4804004	&quot;Okay, I'll get started right away.&quot;
4804005	Ask {@LinkCreature:248#1032#Hazto} at {@Rgn:48002$$Khanovar Citadel} about collecting the components. 
4804006	Where the Cannons Attacked
4804007	You see a soldier fighting the argons!
4804008	Investigate the area where the cannons attacked at {@Rgn:48006$$Carnage Vale}.
4804009	&quot;Consider it done.&quot;
4804010	Ask {@LinkCreature:48#1012#Greldam} why he is left alone.
4804011	Grab the insignia.
4804012	Grab the insignia.
4804013	Grab the insignia and the chapter.
4804014	Retrieve the insignia from the {@linkcreature:248#1028#body} in {@Rgn:48006}.
4804015	Federation Unit Insignias
4804016	Tell {@LinkCreature:48#1012#Greldam} that you've retrieved the insignia from {@Rgn:48006}.
4804017	&quot;I'll do my very best.&quot;
4804018	Sarjalod Component
4804019	Kill argon shapers around {@Rgn:48006} and collect a component from one of the sarjalod cannons.
4804020	Deliver the insignias and components to {@LinkCreature:248#1032#Hazto} in {@Rgn:48002}.
4804021	&quot;Fortune smile upon you.&quot;
4821001	Tactical Bacon
4821002	An army travels on its stomach.
4821003	Their meat is so succulent!
4821004	Pigling Meat
4821005	Kill young piglings near {@Rgn:78001} and collect their meat.
4821006	Deliver the meat to {@LinkCreature:78#1009} in {@Rgn:78001}.
4821007	&quot;Save some for me.&quot;
4823001	Walking in an Argon Wonderland
4823002	Thanks so much!
4823003	At last! Word from command.
4823004	{@LinkCreature:78#1012}
4823005	Sealed Orders
4823006	Speak with {@LinkCreature:78#1012}.
4823007	&quot;As ordered!&quot;
4823008	&quot;I'll do what I can.&quot;
4823009	Deliver the supplies to {@LinkCreature:248#1044}.
4823010	Kill argonomorph corpsefiends around {@Rgn:78001}.
4823011	&quot;Me, too.&quot;
4823012	Report to {@LinkCreature:248#1015} at the {@Rgn:48004}.
4824001	Hungry Like the Athakela
4824002	We can't lose the foundry!
4824003	Kill the athakela hunters attacking the {@Rgn:48004}.
4824004	&quot;As ordered!&quot;
4824005	Speak with {@LinkCreature:48#1007}.
4825001	Casualties of War
4825002	Find out if anyone survived the Magthulk Crater debacle.
4825003	I'm fine, but I lost most of my command.
4825004	&quot;Stand tall, my friend.&quot;
4825005	Search for {@LinkCreature:248#1030} near {@Rgn:48008}.
4826001	I'm Going to Try Science
4826002	There's supposed to be an argon-shattering kaboom.
4826003	Thanks for your help!
4826004	(Quarter 1 Choice Text)
4826005	(Quarter 2 Choice Text)
4826006	(Quarter 3 Choice Text)
4826007	Talk to {@LinkCreature:248#1017} at the {@Rgn:48004}.
4826008	&quot;I'll do what I can.&quot;
4826009	Receive argon flux modulator.
4826010	Talk to {@LinkCreature:248#1017} at the {@Rgn:48004}.
4826011	Use the argon flux modulator on {@LinkCreature:48#5#hulrap bashers} near {@Rgn:48008}.
4826012	&quot;Keep trying!&quot;
4826013	Report your findings to {@LinkCreature:248#1017}.
4826014	Receive argon flux modulator.
4826015	Talk to {@LinkCreature:248#1017} at {@Rgn:48004}.
4826016	Use the argon flux modulator on {@LinkCreature:48#5#hulrap bashers} near {@Rgn:48008}.
4826017	&quot;Don't worry, you'll get there.&quot;
4826018	Report your findings to {@LinkCreature:248#1017}.
4826019	Receive argon flux modulator.
4826020	Talk to {@LinkCreature:248#1017} at the {@Rgn:48004}.
4826021	Use the argon flux modulator on {@LinkCreature:48#5#hulrap bashers} near {@Rgn:48008}.
4826022	&quot;Yeah, that didn't work.&quot;
4826023	Report your findings to {@LinkCreature:248#1017}.
4827001	Payback's a Bitch
4827002	It killed so many of our troops.
4827003	Baruldur's dead? Thank the titans.
4827004	Find {@LinkCreature:48#25} near {@Rgn:48008}, and kill it.
4827005	&quot;Honored to be of service.&quot;
4827006	Report to {@LinkCreature:248#1001} at {@Rgn:48002}.
4828001	Give Those Back
4828002	We need those components, my friend.
4828003	We're in luck! These components are still usable.
4828004	Weapon Components
4828005	Kill hulrap bashers around {@Rgn:48008} and collect weapon components.
4828006	Report to {@LinkCreature:248#1030} at {@Rgn:48008}.
4828007	&quot;We'll win this yet!&quot;
4829001	Fallen, but Not Forgotten
4829002	We can't just leave them out there.
4829003	I'll see you in Pareseshan, brothers.
4829004	&quot;Rest well, my friend.&quot;
4829005	&quot;I honor your sacrifice.&quot;
4829006	&quot;I'll get you home.&quot;
4829007	&quot;May Kaia honor you.&quot;
4829008	Retrieve the horns from the slain blacksmiths.
4829009	{@LinkCreature:248#1030}
4829010	Amani Horn
4829011	Deliver the horns to Chatran.
4829012	&quot;I'm glad I could help.&quot;
4830001	Out of Harm's Way
4830002	I'm so ready to quit this place.
4830003	I appreciate the escort.
4830004	&quot;Let's get going.&quot;
4830005	Thanks for getting me out of there.
4830006	Escort {@LinkCreature:48#1013} to the {@Rgn:48004}.
4830007	&quot;I'll do that. Thanks.&quot;
4830008	Speak with {@LinkCreature:248#1034}.
4831001	One Father's Legacy
4831002	I hope you find the chapters, my friend.
4831003	Our son will have something of his father's. Thank you.
4831004	&quot;I'll treasure it. Thanks.&quot;
4831005	Search the {@Rgn:48001} for the missing chapters to Dalmuri's book.
4831006	Deliver the chapters to {@LinkCreature:78#1008} at {@Rgn:78001}.
4833001	{@RawItem:206816} Supply
4833002	You can process {@RawItem:206811} to make {@RawItem:206816}.
4833003	You haven’t bought {@RawItem:206816}, have you?
4833004	&quot;Glad I could help.&quot;
4833005	Collect {@RawItem:206816}.
4833006	Deliver the {@RawItem:206816} to {@LinkCreature:248#1025}.
4834001	Hot to the Touch
4834002	Bring me a half dozen chunks of ore.
4834003	I appreciate this extra effort. Thank you.
4834004	&quot;You're welcome.&quot;
4834005	Collect fyrdras ore around {@Rgn:48006}.
4834006	Deliver fyrdras ore to {@LinkCreature:248#1021}.
4835001	Private Property
4835002	&quot;These chapters sure got around.&quot;
4835003	Investigate the contents of the crate.
4837001	Fly the Unfriendly Skies
4837002	{@Creature:249#1015} waits for you in the tunnel.
4837003	Now we can get fresh supplies in!
4837004	{@LinkCreature:249#1015}
4837005	Engineering Orders
4837006	Deliver the orders to {@LinkCreature:249#1015}.
4837007	&quot;Understood.&quot;
4837008	{@Rgn:76001}
4837009	{@Rgn:76001} is safe!&#xA;Head to the flight platform!
4837010	Head to {@Rgn:76001}.
4837011	Flight Stone
4837012	Report to the flight manager.
4837013	Head to Kanstria's flight platform.
4837014	&quot;You're welcome.&quot;
4837015	Deliver the flight stone to {@LinkCreature:76#1006}.
4838001	Access Denied
4838002	Argons keep pouring through those portals.
4838003	Hah! That ought to slow them down.
4838004	Transporter Fragment
4838005	Destroy at least three zolnaj transporters.
4838006	Bring the transporter fragments back to Batao.
4838007	&quot;Stay strong, Batao.&quot;
4839001	Head Shots
4839002	{@Creature:48#14}'s no tuwangi or gula. Watch yourself.
4839003	Outstanding!
4839004	Hunt down and destroy {@LinkCreature:48#14}.
4839005	&quot;Honored to be of service.&quot;
4839006	Report to {@LinkCreature:248#1001}.
4840001	Clipping Wings
4840002	Watch yourself. Akalaths can wipe out whole companies.
4840003	The bigger they are, eh?
4840004	Kill akalath devastators.
4840005	&quot;Looking forward to it!&quot;
4840006	Report back to {@LinkCreature:248#1012}.
4841001	Hard-Won Lessons
4841002	I'll feast on your entrails!
4841003	What a fight! I hope you recruits were watching closely!
4841004	Use the {@WorkObject:60}.
4841005	Defeat the shadow reaver.
4841006	&quot;I'll see what I can do.&quot;
4841007	Speak with {@LinkCreature:248#1040}.
4842001	Priority Targets
4842002	Please kill those wretched gilgash guardians!
4842003	Everyone's talking about you.
4842004	Kill gilgash guardians east of Khanovar Citadel.
4842005	&quot;You're welcome.&quot;
4842006	Report back to {@LinkCreature:248#1001}.
4843001	Smoldering Remains
4843002	Kill that nasty smoldering moloch.
4843003	I hope it suffered. A lot.
4843004	Hunt down and kill a smoldering moloch.
4843005	&quot;And your reward. Thank you.&quot;
4843006	Report back to {@LinkCreature:248#1025}.
4844001	Plucked from the Sky
4844002	I'm so worried about her.
4844003	{@Creature:248#1041} is my fiancé. He worries too much.
4844004	Wrecked Shariar Transport
4844005	It sounds like someone's still alive.
4844006	Find {@LinkCreature:248#1042} and the wrecked Shariar transport.
4844007	&quot;Glad I could help.&quot;
4844008	Speak with Ledia.
4845001	Cut off the Head
4845002	Those factors are dangerous and cunning. Watch yourself.
4845003	With that cursed machine lifeless, we can try for a breakthrough!
4845004	Navashad Control Module
4845005	Kill the dread factors and recover the navashad control module.
4845006	&quot;For the federation!&quot;
4845007	Bring the navashad control module to {@LinkCreature:248#1012}.
4846001	Fighting for the Fallen
4846002	It's {@Rgn:48006}. Watch yourself.
4846003	You took a big risk for us. Thanks.
4846004	Argon Mutations
4846005	Kill syndrene dragoons or zariik cyclopses around Carnage Vale.
4846006	&quot;Watch yourself out here.&quot;
4846007	Report back to {@LinkCreature:248#1042}.
4847001	My Argon Ate My Homework
4847002	&quot;I'll add this to Dalmuri's collection.&quot;
4847003	Investigate the fallen book.
4848001	Tying the Hands
4848002	If you disable the navashad, the argons won't be able to stop our airships.
4848003	I never thought I'd see those damn arms stop flailing.
4848004	Kill {@LinkCreature:48#7} and the zariik dazzlers guarding the {@Rgn:48009}.
4848005	Destroy the yuntaal converter.
4848006	&quot;Happy to help.&quot;
4848007	Report to {@LinkCreature:248#1012}.
4849001	Downsizing the Argons
4849002	Watch out for the iknephars.
4849003	Your contributions will be noted in my report to high command.
4849004	Kill iknephar prelates and kalash sentinels in Valgurati Stronghold.
4849005	&quot;For the federation.&quot;
4849006	Report to {@LinkCreature:248#1043}.
4871001	(Guild) Suppression Orders: Argons
4871002	Proof of Kill: Argons
4871003	&quot;For the federation!&quot;
4871004	Kill argons throughout the {@Rgn:48001}.
4871005	Report to Oria.
4872001	(Guild) Suppression Orders: Gilgashes and Akalaths
4872002	Proof of Kill: Argon Battle Leaders
4872003	&quot;Honored to be of service.&quot;
4872004	Kill gilgash guardians and akalath devastators along the Khanovar Front.
4872005	Report to Oria.
4873001	(Guild) Suppression Orders: Hursaras
4873002	Proof of Kill: Hursaras
4873003	&quot;For the federation.&quot;
4873004	Hunt down and destroy {@LinkCreature:48#8#Hursaras}.
4873005	Report to Oria.
4881001	Suppression Orders: Argons
4881002	Proof of Kill: Argons
4881003	&quot;For the federation.&quot;
4881004	Kill argons throughout the {@Rgn:48001} and collect proof of their deaths.
4881005	Report to Oria.
4882001	Suppression Orders: Gilgashes and Akalaths
4882002	Proof of Kill: Argon Battle Leaders
4882003	&quot;Honored to be of service.&quot;
4882004	Kill gilgash guardians and akalath devastators along the Khanovar Front.
4882005	Report to Oria.
4883001	Suppression Orders: Hursaras
4883002	Proof of Kill: Hursaras
4883003	&quot;The pleasure is mine.&quot;
4883004	Hunt down and destroy {@LinkCreature:48#8#Hursaras}.
4883005	Report to Oria.
4891001	Wholesale Slaughter
4891002	Proof of Kill: Argons
4891003	&quot;Victory for Valkyon!&quot;
4891004	Kill argons throughout the {@Rgn:48001}.
4891005	Report to {@LinkCreature:248#1002}.
4892001	Size Matters Not
4892002	Proof of Kill: Argon Battle Leaders
4892003	&quot;You're welcome.&quot;
4892004	Kill gilgash guardians and akalath devastators along the Khanovar Front.
4892005	Report to {@LinkCreature:248#1002}.
4901001	Into the Heart of Darkness
4901002	&quot;It's nice to see you again.&quot;
4901003	&quot;Let's do this.&quot;
4901004	Speak with {@LinkCreature:248#2011#Hasmina} at {@Rgn:48002$$Khanovar Citadel} about your mission.
4901005	&quot;I understand.&quot;
4901006	{@Rgn:76001$$Kanstria} Outskirts
4901007	Hasmina is waiting.
4901008	Head to {@Rgn:49001$$Argonea} and join {@LinkCreature:249#2013#Hasmina}.
4901009	&quot;I understand.&quot;
4901010	Speak with {@LinkCreature:249#2013#Hasmina} in {@Rgn:49001$$Argonea}.
4901011	&quot;I understand.&quot;
4901012	Venture into {@Rgn:76001$$Kanstria} and find out what happened.
4901013	&quot;I understand.&quot;
4901014	Go to {@Rgn:76001$$Kanstria} and show Magistrate {@LinkCreature:249#2002#Ceidos} {@LinkCreature:249#2006#Celtan}'s letter.
4901015	&quot;I understand.&quot;
4901016	Speak with {@LinkCreature:249#2003#Hasmina} at {@Rgn:76001$$Kanstria} and discuss how to scout {@Rgn:49004$$Melgatol Portal}.
4901017	{@Rgn:49004$$Melgatol Portal}
4901018	You've arrived at the {@Rgn:49004$$Melgatol Portal}.
4901019	Meet {@LinkCreature:249#2005#Hasmina} at the &lt;font color='#0080FF'&gt;&lt;A href=&quot;markmap:loc=8001#65883, 25758, 4896&amp;type=1&amp;name=hill&quot;&gt;hill&lt;/A&gt;&lt;/font&gt; overlooking the {@Rgn:49004$$Melgatol Portal}.
4901020	&quot;I understand.&quot;
4901021	Speak with {@LinkCreature:249#2005$$Hasmina}.
4901022	{@Rgn:49004$$Blightroar} Platform
4901023	You've infiltrated the portal site. Speak with Hasmina.
4901024	Scout out the {@Rgn:49004$$Melgatol Portal}.
4901025	&quot;I understand.&quot;
4901026	Speak with {@LinkCreature:249#2005$$Hasmina}.
4901027	Search the slain {@Rgn:76001$$Kanstrian} scouts at {@Rgn:49004$$Blightroar} and recover their {@rawitem:45274$$unit insignias}.
4901028	&quot;Let's go.&quot;
4901029	Tell {@LinkCreature:249#2010#Hasmina} that you've retrieved all {@rawitem:45274$$unit insignias}.
4901030	&quot;Right. Okay.&quot;
4901031	Scout's Insignia
4901032	Deliver the insignias to Magistrate {@LinkCreature:249#2002#Ceidos} at {@Rgn:76001$$Kanstria}.
4901033	&quot;Keep your chin up.&quot;
4901034	&quot;I understand.&quot;
4901035	Tell {@LinkCreature:249#2006#Celtan} in {@Rgn:76001$$Kanstria} about the slain scouts.
4902001	Cyasma Spire
4902002	&quot;I'll get ready right away.&quot;
4902003	Ask {@LinkCreature:249#2006#Celtan} in {@Rgn:76001$$Kanstria} if he knows anything about the argon structures.
4902004	&quot;Let's go.&quot;
4902005	Tell {@LinkCreature:249#2006#Celtan} that you'll go to investigate the {@Rgn:49003$$Agnurok Engine}.
4902006	&quot;Right. Okay.&quot;
4902007	&quot;I guess we'll find out.&quot;
4902008	Speak with {@LinkCreature:249#2004#Ronalt} at the {@Rgn:49003$$Agnurok Engine} entrance.
4902009	&quot;I understand.&quot;
4902010	Speak with {@LinkCreature:249#2005$$Hasmina}.
4902011	Go inside.
4902012	Look for a {@LinkCreature:249#2014#teleportal} to enter the {@Rgn:9013001$$Cyasma Spire}.
4902013	Inside the Cyasma Spire.
4902014	You've successfully infiltrated the {@Rgn:9013001$$Cyasma Spire}.
4902015	Use the {@LinkCreature:249#2014#teleportal} to infiltrate the {@Rgn:9013001$$Cyasma Spire}.
4902016	&quot;I understand.&quot;
4902017	Speak with {@LinkCreature:413#2002#Kuni} in {@Rgn:9013001$$Cyasma Spire}.
4902018	Inside the Cyasma Spire.
4902019	You see a chamber full of cyasma coils.
4902020	Follow the arrows into the {@Rgn:9013001$$Cyasma Spire}.
4902021	Destroy the cyasma coils in the {@Rgn:9013001$$Cyasma Spire} Transmission Device.
4902022	Primary Energy Transmitter
4902023	It looks like the primary energy transmitter.
4902024	Approach the {@Rgn:9013001$$Cyasma Spire} energy transmitter.
4902025	&quot;I understand.&quot;
4902026	Destroy the energy transmitter and report back to {@LinkCreature:249#2002#Ceidos} in {@Rgn:76001$$Kanstria}.
4902027	For the Federation!
4902028	Return to {@Rgn:84001$$Kaiator} and report what happened at {@Rgn:49001$$Argonea} to {@LinkCreature:528#5005#Tamur}.
4921001	Making Contact
4921002	We're tough. We're won't run just because the argons hit us.
4921003	&quot;Hang in there.&quot;
4921004	Speak with Linkia in the village of Kanstria.
4922001	And Now for the News
4922002	Thanks for talking with me, soldier.
4922003	&quot;I appreciate the information. Thanks.&quot;
4922004	Deliver news to {@Rgn:76001}.
4923001	Time for the News
4923002	Thanks for talking with me, soldier.
4923003	&quot;I appreciate the information. Thanks.&quot;
4923004	Deliver news to {@Rgn:76001}.
4924001	Breaking News
4924002	Thanks for talking with me, soldier.
4924003	&quot;I appreciate the information. Thanks.&quot;
4924004	Deliver the news to {@Rgn:76001}.
4925001	All the News That's Fit to Print
4925002	Thanks for talking with me, soldier.
4925003	&quot;I appreciate the information. Thanks.&quot;
4925004	Talk to Hekasha in the village of {@Rgn:76001}.
4929001	Breakfast of Merciless War-Machines
4929002	Cyasma is one mystery we must solve.
4929003	These positively tingle with power. Remarkable.
4929004	&quot;Honored to be service.&quot;
4929005	Collect cyasma cylinders around {@Rgn:49001}.
4929006	Deliver the cylinders to {@LinkCreature:76#1020}.
4930001	Up and Down, Site to Site
4930002	I'll see you at the Southern Teleport Platform. Good luck.
4930003	It takes {@RawItem:206811} to power the platform.
4930004	&quot;I'll find an {@RawItem:206811}.&quot;
4930005	Meet {@LinkCreature:249#1017} at the Southern Teleport Platform.
4930006	&quot;I'll see you there.&quot;
4930007	Mine {@RawItem:206811} from {@Collection:106} near the {@Rgn:49002}.
4930008	Deliver the {@RawItem:206811} to {@LinkCreature:249#1017}.
4930009	&quot;Remarkable. Thank you!&quot;
4930010	Speak with {@LinkCreature:76#1018}.
4931001	New and Improved
4931002	Five {@RawItem:206811}s would do nicely.
4931003	These positively pulse with energy. I wonder why?
4931004	&quot;Glad I could help.&quot;
4931005	Mine {@Collection:106} for {@RawItem:206811}s around the {@Rgn:49002}.
4931006	Deliver the {@RawItem:206811}s to {@LinkCreature:76#1021} in {@Rgn:76001}.
4932001	Delightfully Creepy, Yet Refined
4932002	I'll follow once you determine it's safe.
4932003	I wonder what the kelbas do? Hmm...
4932004	&quot;All clear, Shirka.&quot;
4932005	Head to the {@LinkCreature:249#1101} near the {@Rgn:49002}.
4932006	&quot;Understood.&quot;
4932007	Speak with {@LinkCreature:249#1016}.
4932008	{@Creature:49#503} Fragment
4932009	Destroy a cyasmana pod near the {@Rgn:49002} and collect a fragment.
4932010	Talk to {@LinkCreature:249#1016}.
4932011	&quot;You got it.&quot;
4932012	&quot;My pleasure.&quot;
4932013	Speak with {@LinkCreature:76#1022} in {@Rgn:76001}.
4933001	Bird Watching
4933002	Watch out—those raptors aren't cuddly like other monsters.
4933003	What do they use them for?
4933004	Altered Iteris Shard
4933005	Kill suulvir raptors and collect three altered iteris shards.
4933006	Report back to {@LinkCreature:76#1023}.
4933007	&quot;For the federation!&quot;
4934001	Eloquent Dissonance
4934002	Go to {@Creature:76#1025} to get help.
4934003	We'd best make good use of this lull.
4934004	&quot;These are stable, right?&quot;
4934005	Talk to {@LinkCreature:76#1025}.
4934006	&quot;I'm on it.&quot;
4934007	Speak with {@LinkCreature:249#1005}.
4934008	Use the harmonic charge to destroy the zolnaj transporter in the {@Rgn:49004}.
4934009	&quot;We'll win. I know it.&quot;
4934010	Report back to {@LinkCreature:76#1024}.
4935001	The Tree of Knowledge
4935002	I place myself under your protection.
4935003	Such a magnificent tree, despite the argons' corruption.
4935004	&quot;Let's go.&quot;
4935005	Escort {@LinkCreature:49#1006} to the {@Rgn:49005}.
4935006	&quot;Glad I could help.&quot;
4935007	Speak with {@LinkCreature:249#1001}.
4936001	Saving the Casian Tree
4936002	Kill the zariik spodas before they corrupt the {@Rgn:49005}.
4936003	We must limit the argons' impact on this tree.
4936004	Kill the zariik spodas near the Casian Tree.
4936005	&quot;You're welcome.&quot;
4936006	Report to {@LinkCreature:249#1013}.
4937001	Advanced Herbology
4937002	The sprouts grow all around the {@Rgn:49005}.
4937003	I must thank the tree for these gifts.
4937004	&quot;Happy to be of service.&quot;
4937005	Collect {@RawItem:45258} from {@collection:554} near {@Rgn:49005}.
4937006	Give the sprouts to {@LinkCreature:249#1013}.
4939001	Day of the Arbor
4939002	Kill {@Creature:49#21} and end his attacks on the Casian Tree.
4939003	I thank you on behalf of the tree.
4939004	Kill {@LinkCreature:49#21} to thwart the argon attacks on the Casian Tree.
4939005	&quot;Good luck with your studies.&quot;
4939006	Report back to {@LinkCreature:249#1013}.
4940001	{@Creature:76#1011}'s Field Guide
4940002	I do worry about {@Creature:76#1011} sometimes.
4940003	Read {@LinkCreature:76#1011}'s note.
4940004	&quot;I'll do that. Thanks.&quot;
4940005	Give the bad news to {@LinkCreature:76#1016} in Kanstria.
4941001	{@Creature:76#1011}'s Note
4941002	Take the note.
4941003	Look for Linkia's next clue in a stone grave.
4941004	Read {@LinkCreature:76#1011}'s note.
4941005	Claim your reward.
4941006	Look for Linkia's next clue in a stone grave.
4942001	{@Creature:76#1011}'s Missive
4942002	Take the note.
4942003	Find the stone grave with Linkia's next clue.
4942004	Read {@LinkCreature:76#1011}'s note.
4942005	Claim your reward.
4942006	Find the stone grave with Linkia's next clue.
4943001	Enemy Just Beyond the Gates
4943002	Watch yourself out there. We can't afford to lose you.
4943003	They underestimated you. Their mistake.
4943004	Kalash Brutes
4943005	Kill kalash brutes around {@Rgn:76001}.
4943006	&quot;Just doing my part.&quot;
4943007	Report back to {@LinkCreature:76#1024}.
4944001	Sneak Attack
4944002	Hit 'em hard! Hit 'em fast!
4944003	Remind me not to get on your bad side.
4944004	Kill the kallan reavers around the {@Rgn:49004}.
4944005	&quot;I like the way you think.&quot;
4944006	Report back to {@LinkCreature:249#1005}.
4945001	Watch Out
4945002	Oversee their demise.
4945003	It might be time to strike the portal directly.
4945004	Kill the akalath overseers around the {@Rgn:49004}.
4945005	&quot;For the federation!&quot;
4945006	Report back to {@LinkCreature:76#1033}.
4946001	And Then There Were None
4946002	I wouldn't go alone. Arzakaars hit hard.
4946003	We're getting closer to ending this.
4946004	Kill the arzakaar thassalirs around {@Rgn:49003}.
4946005	&quot;Victory for Valkyon!&quot;
4946006	Report back to {@LinkCreature:76#1033}.
4947001	Secure the Area
4947002	Lock down the area around the Northern Teleport Platform.
4947003	We've got work to do.
4947004	&quot;Understood.&quot;
4947005	Speak with {@LinkCreature:76#1034}.
4947006	Zariik Cyclops's Wing
4947007	Kill zariik cyclopses around the {@LinkCreature:249#1102} and collect their wings.
4947008	Deliver the wings to {@LinkCreature:76#1034}.
4947009	&quot;I hope they're worth it.&quot;
4947010	&quot;You got it.&quot;
4947011	Report back to {@LinkCreature:76#1024}.
4948001	Clashing with Slashers
4948002	Watch out for their pointy ends.
4948003	You sure showed them who's boss.
4948004	Kill yusul slashers around the {@LinkCreature:249#1103}.
4948005	&quot;Ready when you are.&quot;
4948006	Report back to {@LinkCreature:249#1018}.
4949001	Dark Sisters
4949002	Watch out for those witches. They're killers.
4949003	One step closer to saving my home.
4949004	Kill zariik cyanowitches around the {@Rgn:49003}.
4949005	&quot;I'm good to go.&quot;
4949006	Report back to {@LinkCreature:249#1020}.
4950001	The Master of the Spire
4950002	Don't die on my account.
4950003	What an accomplishment!
4950004	Kill Solorog and the kalash defenders at the {@Rgn:49003}.
4950005	&quot;Understood.&quot;
4950006	Head back to Kanstria and speak with {@LinkCreature:76#1024}.
4950007	&quot;I won't let you down.&quot;
4950008	Find {@LinkCreature:250#1006} at Shroud Outpost.
4951001	Test of the Seeker
4951002	May Kaia smile upon you.
4951003	&quot;Good luck!&quot;
4951004	Mine {@Collection:106} for {@RawItem:206811}s around the {@Rgn:49002}.
4951005	Deliver the {@RawItem:206811}s to {@LinkCreature:76#1035} in {@Rgn:76001}.
4952001	Private Security
4952002	Don't let the crazy kid get himself killed.
4952003	Ready to unlock some secrets?
4952004	&quot;Today's your lucky day.&quot;
4952005	Find {@LinkCreature:249#1018} at the Eastern Teleport Platform.
4953001	Miner Problems
4953002	I'm sure a veteran like you can handle this.
4953003	Thanks! Now I can return to my backbreaking work.
4953004	Kill kelba refiners near the {@Rgn:49002}.
4953005	&quot;Much obliged.&quot;
4953006	Report back to {@LinkCreature:249#1021}.
4971001	(Guild) Suppression Orders: Argons
4971002	Proof of Kill: Argons
4971003	&quot;For the federation!&quot;
4971004	Kill argons throughout {@Rgn:49001} and collect proof of their deaths.
4971005	Report to {@LinkCreature:76#1603}.
4972001	(Guild) Suppression Orders: Argon War Machines
4972002	Proof of Kill: Argon War Machines
4972003	&quot;Victory for Valkyon!&quot;
4972004	Kill the massive argons around {@Rgn:49001}.
4972005	Report to Ayva in Kanstria.
4973001	(Guild) Suppression Orders: Volsurus
4973002	Proof of Kill: Volsurus
4973003	&quot;Thank you!&quot;
4973004	Kill {@LinkCreature:49#3$$Volsurus} and collect proof of his death.
4973005	Report to Ayva in Kanstria.
4981001	Suppression Orders: Argons
4981002	Proof of Kill: Argons
4981003	&quot;For the federation!&quot;
4981004	Kill argons throughout {@Rgn:49001}.
4981005	Report to {@LinkCreature:76#1603}.
4982001	Suppression Orders: Argon War Machines
4982002	Proof of Kill: Argon War Machines
4982003	&quot;Victory for Valkyon!&quot;
4982004	Kill the massive argons around {@Rgn:49001}.
4982005	Report to Ayva in Kanstria.
4983001	Suppression Orders: Volsurus
4983002	Proof of Kill: Volsurus
4983003	&quot;Thank you!&quot;
4983004	Kill {@LinkCreature:49#3$$Volsurus}.
4983005	Report to Ayva in Kanstria.
4991001	Plowing Ahead
4991002	Proof of Kill: Argons
4991003	&quot;Just glad I could help.&quot;
4991004	Kill argons throughout {@Rgn:49001} and collect proof of their deaths.
4991005	Report to {@LinkCreature:76#1603}.
4992001	Big Game Hunting
4992002	Proof of Kill: Argon War Machines
4992003	&quot;For the federation!&quot;
4992004	Kill the massive argons in {@Rgn:49001}.
4992005	Report to {@LinkCreature:76#1603} in {@Rgn:76001}.
4993001	Too Many Argons I
4993002	&quot;Alright.&quot;
4993003	Speak with Ceidos in Kanstria.
4993004	Defeat the following enemies in Argonea.
4993005	&quot;Thank you.&quot;
4993006	Report to Ceidos.
4994001	Too Many Argons II
4994002	&quot;Alright.&quot;
4994003	Speak with Ceidos in Kanstria again.
4994004	Defeat the following enemies in Argonea.
4994005	&quot;Thank you.&quot;
4994006	Report to Ceidos.
5001001	Finding the Flame
5001002	&quot;I understand.&quot;
5001003	Go to Commander {@linkcreature:528#5005#Tamur} at Kaiator Command Center and report that you have destroyed the Cyasma Spire at {@Rgn:49001$$Argonea}.&#xA;[Speak with {@linkcreature:84#1088#Yunari} to enter the Kaiator Command Center.]
5001004	&quot;I understand.&quot;
5001005	Speak with Adeldur at Kaiator Command Center.&#xA;[Speak with {@linkcreature:84#1088#Yunari} to enter the Kaiator Command Center.]
5001006	&quot;Let's go.&quot;
5001007	Tell Adeldur that you're off to investigate the researchers.
5001008	&quot;Right. Okay.&quot;
5001009	&quot;I understand.&quot;
5001010	Go to Shroud Outpost at Granarkus and confirm the Agnurok Engine research results from Virienne.
5001011	Near the Argon Energy Purifier
5001012	You found the energy Virienne is tracking.
5001013	Go to the {@linkobject:120#energy purifier} southeast of Noyul Extractor in Granarkus, then open a teleportal for the researchers.
5001014	Eliminate the zomgul gatherers around the energy purifier so the researchers are safe. 
5001015	Insert a teleport stone into the purifier so the researchers can come through a temporary teleportal.
5001016	&quot;I understand.&quot;
5001017	Speak to Virienne, who came through the portal.
5001018	&quot;I understand.&quot;
5001019	Follow Dadoam, who left to follow the energy conduits.
5001020	Destroy the incubator before it produces argons.
5001021	Origin of the Howls
5001022	You see Kelsaik!
5001023	You hear Kelsaik's howl near the Incubator. Investigate the area.
5001024	Destroy the Crossing the Streams near Kelsaik.
5001025	&quot;I understand.&quot;
5001026	Talk to Dadoam about Kelsaik and Shandra Manaya.
5002001	An End to War
5002002	&quot;I understand.&quot;
5002003	Speak with {@LinkCreature:76#1040#Kaia} at Kanstria.
5002004	Queen's Lair Entrance
5002005	You have found a teleportal which leads to Shandra Manaya.
5002006	Go to the Queen's Lair Entrance, found near the northeast teleport platform in Granarkus.&#xA;[Use the {@LinkCreature:76#1007#Teleportal} or purchase a teleportal scroll from the specialty store to go to Queen's Lair Entrance.]
5002007	Inside of Manaya's Core
5002008	You've entered Manaya's Core.
5002009	Enter Manaya's Core.&#xA;[You must select Manaya's Core (Solo) from the {@LinkCreature:250#1501#Teleportal} to advance this quest.]  
5002010	Defeat Empowered Hulrap Warden and find the queen's chamber.
5002011	Defeat {@LinkCreature:3011#42701#Hrathgol}.
5002012	Defeat {@LinkCreature:3011#42705#Tycharan}.
5002013	Defeat {@LinkCreature:3011#42713#Kartunan}.
5002014	Defeat {@LinkCreature:3011#42702#Akatran} and find the queen's chamber.
5002015	Passage to the Queen's Chamber
5002016	The Cyanoguard block your way.
5002017	Search for Shandra Manaya.
5002018	Passage to the Queen's Chamber
5002019	The passage to the queen's chamber opened.
5002020	Approach Shandra Manaya.
5002021	Eliminate Shandra Manaya, the argon queen, in Manaya's Core.
5002022	&quot;Thank you.&quot;
5002023	Tell Kaia you killed Shandra Manaya.
5021001	Scientific Inquiries
5021002	I must learn that root's purpose.
5021003	&quot;Absolutely.&quot;
5021004	Speak with Shirka.
5021005	Get a sample of the cyrulek conduit.
5021006	
5021007	{@WorkObject:103} Sample
5021008	Report back to Shirka.
5021009	&quot;We'll put an end to that.&quot;
5022001	Nature Finds a Way
5022002	How could such a flower survive?
5022003	Kill the kalash devastators around the {@Rgn:50005}.
5022004	&quot;Such a pretty flower.&quot;
5022005	Collect the raindrop bellflower.
5022006	
5022007	Raindrop Bellflower
5022008	Deliver the raindrop bellflower to {@LinkCreature:250#1014}.
5022009	&quot;You're welcome.&quot;
5023001	Death of the Shaper
5023002	Proceed with caution...and haste.
5023003	We'll find a way to exploit this new opportunity.
5023004	Kill {@LinkCreature:50#3}.
5023005	&quot;For the federation!&quot;
5023006	Report back to {@LinkCreature:250#1014}.
5024001	Sabotage...for a Good Cause
5024002	Destroy quernok borers in the {@Rgn:50004}.
5024003	&quot;We'll leave them a legacy, fear not.&quot;
5024004	Report back to {@LinkCreature:250#1016}.
5025001	Bloody Harvest
5025002	&quot;I'm on it.&quot;
5025003	Find {@LinkCreature:250#1016} in the {@Rgn:50004}.
5025004	Iteris Shard
5025005	Kill the suulvir harvesters in the {@Rgn:50004} and take their iteris shards.
5025006	Report back to {@LinkCreature:250#1016}.
5025007	&quot;You're welcome.&quot;
5026001	A Gaggle of Gatherers
5026002	We must study this new argon form.
5026003	This is worth a thorough investigation.
5026004	Withered Heart
5026005	Kill the zomgul gatherers around the {@Rgn:50007} and search for clues.
5026006	Report back to {@LinkCreature:250#1017}.
5026007	&quot;We'll put an end to it.&quot;
5027001	Heart of the Matter
5027002	Hazeil is one of the Mysterium's most respected members.
5027003	Pristine Withered Heart
5027004	Kill zomgul gatherers around the {@Rgn:50007} and gather fresh samples.
5027005	Deliver the fresh hearts to {@LinkCreature:250#1021}.
5027006	&quot;I hope they help.&quot;
5028001	Killing in the Name of Science
5028002	Watch yourself out there.
5028003	Kill manaathol executors and athakela prowlers east of Shroud Outpost.
5028004	&quot;You're welcome.&quot;
5028005	Report back to {@LinkCreature:250#1018}.
5029001	Path of Death
5029002	You deal with the arzakaars. I'll deal with logistics.
5029003	Kill the arzakaar guardians protecting the {@Rgn:50006}.
5029004	&quot;Sounds familiar.&quot;
5029005	Report back to {@LinkCreature:250#1008}.
5031001	{@Creature:76#1011}'s Dispatch
5031002	Take the note.
5031003	Investigate the stone tomb near the {@Rgn:50005}.
5031004	Read {@LinkCreature:76#1011}'s note.
5031005	Claim your reward.
5031006	Investigate the stone tomb near the {@Rgn:50005}.
5032001	{@Creature:76#1011}'s Last Letter
5032002	Poor, brave Linkia...
5032003	Read {@LinkCreature:76#1011}'s note.
5032004	&quot;Return to the Dream, Linkia.&quot;
5032005	Investigate the stone tomb near the {@Rgn:50004}.
5032006	&quot;I'll treasure it.&quot;
5032007	Give the bad news to {@LinkCreature:76#1016} in Kanstria.
5033001	Unlocking the Gatekeeper
5033002	Be careful out there. You're no good to me dead.
5033003	Find {@Creature:250#1003} far to the northeast.
5033004	{@Creature:250#1003} emerges from hiding.
5033005	Walk over to {@Creature:250#1003}.
5033006	&quot;You got it.&quot;
5033007	Speak with {@LinkCreature:250#1003}.
5033008	Kill {@LinkCreature:50#14} and his prismar watchers.
5033009	&quot;For the federation!&quot;
5033010	Report back to {@LinkCreature:250#1008}.
5034001	Finish What You Started
5034002	I'm so close to finishing my weapon.
5034003	Relax. I can find it for you.
5034004	Look for {@LinkCreature:250#1001} underground in Viridian Caverns.
5034005	&quot;This sap smells terrible.&quot;
5034006	Collect the sap from the rati tree in the Viridian Caverns.
5034007	
5034008	Rati Tree Sap
5034009	Deliver the sap to {@LinkCreature:250#1001} in Viridian Caverns.
5034010	&quot;Return in triumph, young aman!&quot;
5035001	Testing the Mettle
5035002	I owe you so much!
5035003	&quot;Understood.&quot;
5035004	Speak with {@LinkCreature:248#1015}.
5035005	&quot;I should hope so.&quot;
5035006	Collect fyrdras ore around {@Rgn:48006}.
5035007	Deliver the fyrdras ore to {@LinkCreature:76#1033}.
5035008	&quot;Forge ahead!&quot;
5035009	Speak with {@LinkCreature:76#1036}.
5036001	Forged in Fire, Tempered with Kindness
5036002	I'll never forget you.
5036003	&quot;Certainly.&quot;
5036004	Talk to {@LinkCreature:76#1018}.
5036005	&quot;Good luck, young soldier!&quot;
5036006	Speak with {@LinkCreature:84#1222} in {@Rgn:84001}.
5037001	The Viridian Caverns
5037002	I swear, he's going to research his way into a blasted grave.
5037003	Kill zariik spodas around the {@Rgn:50008}.
5037004	&quot;Always glad to help.&quot;
5037005	Find {@LinkCreature:250#1002}.
5038001	A Glimmer of Hope
5038002	Use the tyalinth blossom on the shambling creepers in the {@Rgn:50008}.
5038003	&quot;That's amazing!&quot;
5038004	Report back to {@LinkCreature:250#1002}.
5039001	One Who Wanders Is Lost
5039002	He should be in the {@Rgn:50008}.
5039003	Such remarkable caverns.
5039004	&quot;What is this place?&quot;
5039005	&quot;We should get you out of here.&quot;
5039006	Search for {@LinkCreature:50#1002} underground in Viridian Caverns.
5039007	Shall we go?
5039008	&quot;Let's get moving.&quot;
5039009	Escort {@LinkCreature:50#1002} out of the {@Rgn:50008} to {@LinkCreature:250#1002$$Gaziman}.
5039010	&quot;You're welcome.&quot;
5039011	Speak with {@LinkCreature:250#1022}.
5071001	(Guild) Suppression Orders: Argons
5071002	Proof of Kill: Argons
5071003	&quot;For the federation!&quot;
5071004	Kill argons throughout {@Rgn:50001} and collect proof of their deaths.
5071005	Report to Ayva in Kanstria.
5072001	(Guild) Suppression Orders: Argon Behemoths
5072002	Proof of Kill: Argon Behemoths
5072003	&quot;Victory for Valkyon!&quot;
5072004	Kill argon behemoths throughout {@Rgn:50001}.
5072005	Report to Ayva in Kanstria.
5073001	(Guild) Suppression Orders: Disholok
5073002	Proof of Kill: Disholok
5073003	&quot;Honored to serve!&quot;
5073004	Kill {@LinkCreature:50#12} and collect proof of its death.
5073005	Report to Ayva in Kanstria.
5081001	Suppression Orders: Argons
5081002	Proof of Kill: Argons
5081003	&quot;For the federation!&quot;
5081004	Kill argons throughout {@Rgn:50001} and collect proof of their deaths.
5081005	Report to Ayva in Kanstria.
5082001	Suppression Orders: Argon Behemoths
5082002	Proof of Kill: Argon Behemoths
5082003	&quot;Victory for Valkyon!&quot;
5082004	Kill argon behemoths throughout {@Rgn:50001}.
5082005	Report to Ayva.
5083001	Suppression Orders: Disholok
5083002	Proof of Kill: Disholok
5083003	&quot;Honored to serve!&quot;
5083004	Kill {@LinkCreature:50#12} and collect proof of its death.
5083005	Report to Ayva.
5091001	Applying Pressure
5091002	Proof of Kill: Argons
5091003	&quot;My pleasure.&quot;
5091004	Kill argons throughout {@Rgn:50001}.
5091005	Report to {@LinkCreature:250#1007}.
5092001	No Problem Too Big
5092002	Proof of Kill: Argon Behemoths
5092003	&quot;Victory for Valkyon!&quot;
5092004	Kill argon behemoths throughout {@Rgn:50001}.
5092005	Report to {@LinkCreature:250#1009}.
5121001	A Mind Is a Terrific Thing to Dominate
5121002	We must break Thulsa's hold on the vale!
5121003	Speed the day.
5121004	&quot;I like it!&quot;
5121005	Report to Prefect Thenuvia at Icebase Defiance.
5122001	Evening the Score
5122002	I can't just leave my people out there.
5122003	Rest well, brothers and sisters. Your duty is done.
5122004	Eliminate the dominated wendigo ragers and warlords west of Icebase Defiance.
5122005	&quot;Honored to be of service.&quot;
5122006	Report back to Roland.
5123001	You Are Not a Unique or Beautiful Snowflake
5123002	Take Kalmatcha out!
5123003	Good job. You did what no one else could.
5123004	This our time! Thulsa promised us victory!
5123005	Uhh...no... Not fail like this...
5123006	Kill Kalmatcha at Wendigo's Howl.
5123007	&quot;Happy to help.&quot;
5123008	Report back to Ceara.
5124001	Crystal Clear
5124002	I'm sure the crystals are the answer.
5124003	The more we know, the better we fight. Good job!
5124004	Draelkar Crystal
5124005	Collect draelkar crystals from dominated wendigo shamans, as well as argonomorph tuwangis and orcans.
5124006	Report back to Roland.
5124007	&quot;Absolutely.&quot;
5125001	In Case of Argon Domination, Break Glass
5125002	Take that pylon out!
5125003	Great work. A blow against Thulsa.
5125004	Destroy the draelkar pylon in Wendigo's Howl.
5125005	&quot;For the federation!&quot;
5125006	Report back to Thenuvia.
5126001	Shaken and Stirred Up
5126002	Report to Ghabar and see if you two can't destroy that pylon!
5126003	Argon tech isn't hard to spot. The glowing blue gives it away every time.
5126004	&quot;Sounds good.&quot;
5126005	Report to Ghabar in Frostclaw Crag.
5127001	The Wayward Hunter
5127002	Find that idiot Craxan before some barsicore crushes his skull.
5127003	I can't leave until I finish what I came for.
5127004	&quot;Very well.&quot;
5127005	Craxan is missing in Frostclaw Crag. Find him.
5128001	I'm Hunting Puddy-Tats
5128002	Those bloody sabertooths don't just purr, you know?
5128003	I—I must thank you. I don't know that I could have killed them all.
5128004	Pristine Sabertooth Hide
5128005	Hunt iceheart sabertooths in Frostclaw Crag and collect their hides.
5128006	Deliver the hides to Craxan.
5128007	&quot;Go help your daughter.&quot;
5129001	Something's Bugging Me
5129002	Watch those claws, now. They'll rip you in two!
5129003	The only good arachnen's a dead one.
5129004	Hunt snowfield arachnens in Frostclaw Crag.
5129005	&quot;Thanks!&quot;
5129006	Report to Naktaj.
5131001	Fangs for Everything
5131002	Barsicores. What next?
5131003	That was no mean feat! Well done!
5131004	Kill the frostdeath barsicores in Frostclaw Crag.
5131005	&quot;Glad I could help.&quot;
5131006	Report back to Mujanaaz.
5132001	This One Goes to Eleven
5132002	Take that pylon down!
5132003	Maybe now the monsters will dial the crazy back just a bit.
5132004	Destroy the draelkar pylon along the nothern wall of Frostclaw Crag.
5132005	&quot;Happy to be of service.&quot;
5132006	Report back to Gruk.
5133001	Family Comes First
5133002	Don't lose her, now!
5133003	Escort the apprentice.
5133004	Escort the apprentice hunter to Icebase Defiance.
5133005	&quot;Thank you.&quot;
5133006	Speak with Balrug.
5134001	You Are Here
5134002	Don't embarass me, okay?
5134003	Oh, Thulsa's going to hate us for this!
5134004	Well done, Ghabar!
5134005	Ghabar's Map
5134006	Deliver Ghabar's map to Prefect Thenuvia at Icebase Defiance.
5134007	&quot;For the federation!&quot;
5135001	No Country for Ice Giants
5135002	Notice I didn't say it'll be easy.
5135003	You've done it! This could turn the tide.
5135004	Destroy the draelkar pylons in Raseri Festning.
5135005	&quot;Understood.&quot;
5135006	Report back to Thenuvia.
5135007	&quot;It's an honor to serve.&quot;
5135008	Report to Prefect Gahreed in Habere.
5136001	Justice Must Be Served
5136002	They don't seem to have learned their previous lesson.
5136003	Well fought, my friend.
5136004	You puny whelp! No one can stop us!
5136005	But...Thulsa promised us immortality...
5136006	Kill the glacial giants in Raseri Festning.
5136007	&quot;They will indeed.&quot;
5136008	Report back to Centurion Eildan.
5137001	They Chose...Poorly
5137002	They'll pay for both their betrayal and their stupidity.
5137003	In the end, we'll triumph because of our loyalty to each other.
5137004	Kill the Sihranar enforcers in the Vale of Spires.
5137005	&quot;I'll drink to that.&quot;
5137006	Report back to Eildan.
5138001	The Last Duty
5138002	Help me send something back to the families of the fallen.
5138003	I wonder if someone will do this for me someday...
5138004	&quot;Honored to be of service.&quot;
5138005	Retrieve the effects of fallen federation soldiers in Raseri Festning.
5138006	Report back to Hannoun at Icebase Defiance.
5139001	Soup's On
5139002	I used to be a mighty hunter.
5139003	Or maybe we can grill them.
5139004	&quot;It's an honor to serve.&quot;
5139005	Collect Autumn Mushrooms in Frostclaw Crag on the Plain of the Damned
5139006	Deliver the Autumn Mushrooms to Primus Traveron in the last cave of Raseri Festning
5140001	Drinks for All My Men
5140002	Find me that wine.
5140003	I'll drink with you in Kaiator!
5140004	&quot;And you!&quot;
5140005	Collect Wine Barrels in Wendigo's Howl.
5140006	Deliver the Wine Barrels to Prefect Thenuvia at Icebase Defiance.
5170001	(Guild) Suppression Orders: Linyphi
5170002	Proof of Kill: Linyphi
5170003	&quot;For the federation!&quot;
5170004	Hunt down Linyphi in Frostclaw Crag.
5170005	Report to Raneria in Habere.
5171001	(Guild) Suppression Orders: Wendigos
5171002	Proof of Kill: Wendigos
5171003	&quot;Thank you.&quot;
5171004	Kill the dominated wendigos west of Icebase Defiance.
5171005	Report to Raneria in Habere.
5172001	(Guild) Suppression Orders: Dominated Beasts
5172002	Proof of Kill: Dominated Beasts
5172003	&quot;Thanks!&quot;
5172004	Kill the snowfield arachnens and iceheart sabertooths in Frostclaw Crag.
5172005	Report to Raneria in Habere.
5173001	(Guild) Suppression Orders: Vengeful Glacial Giants
5173002	Proof of Kill: Vengeful Glacial Giants
5173003	&quot;Thank you.&quot;
5173004	Kill the vengeful glacial giants near Raseri Festning.
5173005	Report to Raneria in Habere.
5181001	Suppression Orders: Linyphi (Vanarch)
5181002	Proof of Kill: Linyphi
5181003	&quot;For the federation!&quot;
5181004	Hunt down Linyphi in Frostclaw Crag.
5181005	Report to Raneria in Habere.
5182001	Suppression Orders: Wendigos (Vanarch)
5182002	Proof of Kill: Wendigos
5182003	&quot;Thank you.&quot;
5182004	Kill the dominated wendigos west of Icebase Defiance.
5182005	Report to Raneria in Habere.
5183001	Suppression Orders: Dominated Beasts (Vanarch)
5183002	Proof of Kill: Dominated Beasts
5183003	&quot;Thanks!&quot;
5183004	Kill the snowfield arachnens and iceheart sabertooths in Frostclaw Crag.
5183005	Report to Raneria in Habere.
5184001	(Guild) Suppression Orders: Vengeful Glacial Giants
5184002	Proof of Kill: Vengeful Glacial Giants
5184003	&quot;Thank you.&quot;
5184004	Kill the vengeful glacial giants near Raseri Festning.
5184005	Report to Raneria in Habere.
5201001	Into the Furnace
5201002	Hope we don't run out of time.
5201003	&quot;I understand.&quot;
5201004	&quot;I understand.&quot;
5201005	Ask {@linkcreature:528#5005#Tamur} at {@Rgn:84001$$Kaiator} how the apprentice is doing.
5201006	Meet the escaped human apprentice.
5201007	Ask Primus Gahreed about the escaped apprentice.
5201008	&quot;Got it.&quot;
5201009	Go to the escaped {@linkcreature:79#1100#human apprentice} from the Divine Furnace, and ask about the situation at the Divine Furnace.
5201010	&quot;I understand.&quot;
5201011	Ask Primus Gahreed about where the escaped apprentice was rescued.
5201012	&quot;Let's get you to safety!&quot;
5201013	I'm saved! Thank you!
5201014	Destroy the horse carriage and rescue the apprentices, then escort them safely to Habere.
5201015	&quot;I understand.&quot;
5201016	Find out about the situation at the Divine Furnace from the rescued popori apprentices.
5201017	Popori Apprentice
5201018	Thulsa's Shield Schematic
5201019	Show Engineer Gaicus the schematic and ask how the shield can be destroyed.
5201020	&quot;I'll get it.&quot;
5201021	Molten Chamber entrance
5201022	You found the entrance to the Molten Chamber.
5201023	Go to the entrance of the Molten Chamber of the Divine Furnace.
5201024	&quot;Right. Okay.&quot;
5201025	Find Muhrak in the Molten Chamber.&#xA;[You can enter the Molten Chamber by using a &lt;font color='#2478FF'&gt;&lt;A href=&quot;markmap:loc=7022#-24814,41165,3704&amp;type=1&amp;name=teleportal&quot;&gt;teleportal&lt;/A&gt;&lt;/font&gt;, after destroying Thulsa's Magic Stone.]
5201026	Let's move! Meet me in my workshop in Habere.
5201027	Protect Muhrak from the Legion of Thulsa.&#xA;[You can proceed by selecting &quot;You organized yourself.&quot; after speaking with Muhrak.]
5201028	&quot;I see.&quot;
5201029	Use the {@linkcreature:79#1501#Teleportal} to enter the workshop and speak to Muhrak.
5202001	Labyrinth of Terror
5202002	Our future is in your hands!
5202003	&quot;I understand.&quot;
5202004	Speak with Elleon in &lt;font color='#2478FF'&gt;&lt;A href=&quot;markmap:loc=7022#-6047,68722,6678&amp;type=1&amp;name=Muhrak's Workshop&quot;&gt;Muhrak's Workshop&lt;/A&gt;&lt;/font&gt;.
5202005	&quot;Right. Okay.&quot;
5202006	Go speak to Elleon in front of the Labyrinth of Terror.
5202007	Labyrinth of Terror
5202008	You arrived at Shriekaal Hall.
5202009	Go to Shriekaal Hall.&#xA;[You must select Labyrinth of Terror (Solo) from the {@LinkCreature:253#1501#Teleportal} to advance this quest.]  
5202010	&quot;I understand.&quot;
5202011	Speak with Jelena in the Labyrinth of Terror.
5202012	Defeat {@LinkCreature:3008#2901#Crimson Arzakaar}.
5202013	Go to the Hideout.
5202014	Search for the {@LinkCreature:3008#1500#Kriegar Hall Teleportal}.
5202015	Tremble in terror, mortal fools!
5202016	No...! I, I don't want to die!!... Icaruna...
5202017	Use the {@LinkCreature:3008#1500#Kriegar Hall Teleportal} to go to Kriegar Hall and defeat {@LinkCreature:3008#4000#Killian}.
5202018	You got Killian's gem.
5202019	Retrieve the gem that can get you into the Ebon Tower.
5202020	&quot;Thank you.&quot;
5202021	Return to Habere and ask Jelena how Elleon is doing.
5203001	Materials for Miracles
5203002	Let the Torch of the Gods light your way!
5203003	&quot;I understand.&quot;
5203004	Go to &lt;font color='#2478FF'&gt;&lt;A href=&quot;markmap:loc=7022#-6047,68722,6678&amp;type=1&amp;name=Muhrak's Workshop&quot;&gt;Muhrak's Workshop&lt;/A&gt;&lt;/font&gt; in Habere and speak with Muhrak.&#xA;[Use the {@linkcreature:79#1501#Teleportal} to go to Muhrak's Workshop.]
5203005	Who goes there?
5203006	Ugh...
5203007	Get out of my cave!
5203008	Uhhh...
5203009	Gather Icemarrow and Firemarrow.
5203010	&quot;I understand.&quot;
5203011	Gather glacial fragments under the bridge to Frostclaw Crag in Vale of Spires.
5203012	Go to &lt;font color='#2478FF'&gt;&lt;font color='#2478FF'&gt;&lt;A href=&quot;markmap:loc=7022#-6047,68722,6678&amp;type=1&amp;name=Muhrak's Workshop&quot;&gt;Muhrak's Workshop&lt;/A&gt;&lt;/font&gt; in Habere and deliver the materials to Muhrak.&#xA;[Use the {@linkcreature:79#1501#Teleportal} to go to Muhrak's Workshop.]
5203013	&quot;Gaicus. Got it.&quot;
5203014	Speak with the Legendary Blacksmith in &lt;font color='#2478FF'&gt;&lt;A href=&quot;markmap:loc=7022#-6047,68722,6678&amp;type=1&amp;name=Muhrak's Workshop&quot;&gt;Muhrak's Workshop&lt;/A&gt;&lt;/font&gt; at Habere.
5203015	&quot;I understand.&quot;
5203016	Go to Gacius, the Castanic Engineer at Habere.
5204001	Thulsa's Doom
5204002	&quot;I understand.&quot;
5204003	Go to the cave at the northern end, where the Valkyon Federation soldiers are preparing to launch an attack on the Ebon Tower. Then meet with Centurion Traveron and find out about the tower.
5204004	Enter the Ebon Tower.
5204005	Go to the Ebon Tower {@LinkCreature:251#1501#teleportal} with Killian's gem.
5204006	Go to the Ebon Tower teleportal with Killian's gem.
5204007	Enter the Ebon Tower and defeat {@LinkCreature:3009#2101#Maceris}.&#xA;[You must select Ebon Tower (Solo) from the {@LinkCreature:251#1501#Teleportal} to advance this quest.]  
5204008	Intruders...shall...die...
5204009	Forgive me, Thulsa!
5204010	Defeat {@LinkCreature:3009#5102#Kaersidar}.
5204011	Defeat {@LinkCreature:3009#5101#Bloodstone}.
5204012	I'll grant you death...
5204013	This can't be...I should have the power!
5204014	Go to the Altar of Death and defeat Thulsa.
5204015	Inner Chamber of the Ebon Tower
5204016	I think Thulsa escaped through the teleportal!
5204017	Go after Thulsa! He's escaping!
5204018	Chase after Thulsa.
5204019	Investigate the Ebon Tower {@LinkCreature:251#1501#teleportal} in Vale of Spires to find traces of Thulsa.
5205001	The Harbinger of Annihilation
5205002	Thank you very much! Let's continue to fight together, my friend!
5205003	It's time to move on to Kelsaik's Nest.
5205004	Find another teleportal in Vale of Spires that has traces of Thulsa's magic.
5205005	Kelsaik's Nest
5205006	Let's go after Thulsa!
5205007	Use the {@LinkCreature:251#1502#Teleportal} to go to Kelsaik's Nest.&#xA;[You must select Kelsaik's Nest (Solo) from the {@LinkCreature:251#1502#Teleportal} to advance this quest.]  
5205008	Destroy Kelsaik.
5205009	Entrance to Kelsaik's Nest
5205010	Someone is hiding behind a barricade.
5205011	Use the {@LinkCreature:3010#5001#Teleportal} to exit Kelsaik's Nest.
5205012	&quot;Right. Okay.&quot;
5205013	Tell {@linkcreature:251#1042#Jelena} what happened at Kelsaik's Nest.
5205014	&quot;Let's go.&quot;
5205015	 Console {@linkcreature:240#1050#Jelena}. 
5205016	&quot;I understand.&quot;
5205017	&quot;Right. Okay.&quot;
5205018	Tell {@linkcreature:84#1088#Yunari} that you have good news. 
5205019	&quot;I see.&quot;
5205020	Report the deaths of Thulsa, Killian, and the rampant Kelsaik to Kaia at Kaiator Command Center.&#xA;[Speak to {@linkcreature:84#1088#Yunari} to enter the Kaiator Command Center.]
5205021	&quot;Thank you.&quot;
5205022	Report the deaths of Thulsa, Killian, and the rampant Kelsaik to Commander Tamur.
5221001	Isolated Soldiers
5221002	There's no time to waste.
5221003	It's party time!
5221004	&quot;Got it.&quot;
5221005	Go to Centurion Sichel at Habere's northern entrance.
5221006	Destroy the undead lancers and move on to Remote Lodge.
5221007	&quot;For the federation!&quot;
5221008	Go to Remote Lodge and meet with Prefect Khubyar.
5222001	Darekuur the Twice-Beheaded
5222002	I want to see Darekuur's face one more time!
5222003	You look familiar.
5222004	Darekuur's Head
5222005	Kuhaha...khahahaha... Khahaha!
5222006	Kuku...khkhkhhahaha!
5222007	Head south of the Remote Lodge and kill Darekuur.
5222008	Bring Darekuur's head to Prefect Khubyar.
5222009	&quot;For the federation!&quot;
5223001	Keep the Scouts Away
5223002	Hit them hard!
5223003	Thanks for clearing the passage. Great job!
5223004	Eliminate Thulsa's Scout Brigade, camped out nearby.
5223005	&quot;For the federation!&quot;
5223006	Report to Dorice at the Remote Lodge.
5224001	Against the Praetors
5224002	Maybe that will slow the Legion down.
5224003	Today's a great day.
5224004	Fresh blood and delicious meat—what a meal!
5224005	I...I'll be...right back.
5224006	Kill praetors and their leader in the nearby western grounds.
5224007	&quot;For the federation!&quot;
5224008	Report to Khubyar at Remote Lodge.
5225001	Fur the Federation
5225002	Try not to damage the fur!
5225003	I'll start making the coats right away.
5225004	Mugato Hides
5225005	Hunt furious mugatos on the Scorched Snowfield.
5225006	Bring the hides to Khauliq at Remote Lodge.
5225007	&quot;Glad I could help!&quot;
5226001	News Flash for Habere
5226002	They'll name a holiday after you!
5226003	Amazing! Great job!
5226004	&quot;For the federation!&quot;
5226005	Report to Gahreed in Habere.
5227001	Assault the Assaulters
5227002	Let's clear the western gate.
5227003	Habere is safer now thanks to you.
5227004	&quot;Got it.&quot;
5227005	Speak to Centurion Turua at Habere's western entrance.
5227006	Our enemies need a good sword-slashing!
5227007	It's been a while since I faced a worthy foe. I'll remember you.
5227008	Destroy the Thulsan chargers and their leader, Warkul, west of Habere.
5227009	&quot;For the federation!&quot;
5227010	Report to Centurion Turua at the western entrance of Habere.
5228001	Cold as a Witch
5228002	So...cold.
5228003	Well done.
5228004	Destroy frost sirens to the west of Habere.
5228005	&quot;For the federation!&quot;
5228006	Report to Pardo at the western entrance of Habere.
5229001	Demon's Scream
5229002	Vengeful Wraith
5229003	I'd like to be able to sleep!
5229004	Piercing Crystal
5229005	Destroy the vengeful wraiths and their bone imps near the southern entrance of Habere.
5229006	Bring the crystals to Lilya at Habere's southern entrance.
5229007	&quot;For the federation!&quot;
5230001	Cure for Deadly Venom
5230002	Bring me the tearroot please!
5230003	This will make a generous supply.
5230004	&quot;For the federation!&quot;
5230005	Gather tearroot from the snow fields to the southwest of Habere.
5230006	Report to Horia at the western entrance of Habere.
5231001	To Firebase Audacity
5231002	Even less than half, really.
5231003	Your reputation precedes you.
5231004	&quot;I am a federation soldier.&quot;
5231005	Report to Karrteh at Firebase Audacity to the west of Habere.
5232001	Eliminate Thulsa's Cavalry Brigade
5232002	Just go do what you do best.
5232003	We won't forget what you've done for us.
5232004	I'll drill a hole into your head!
5232005	This isn't the end!
5232006	Eliminate Cursed Legion dragoons and their leader near Firebase Audacity.
5232007	&quot;For the federation!&quot;
5232008	Report to Karrteh at Firebase Audacity.
5233001	Enemy Supplies
5233002	Bring back supplies taken from Thulsa's Legion.
5233003	Their loss is our gain. Works for me.
5233004	Thulsa's Legion Supplies
5233005	Eliminate the Thulsan destroyers and undead polykinds camped out near Firebase Audacity and bring back their supplies.
5233006	Bring the Thulsa's Legion supplies to Firebase Audacity Quartermaster Gember.
5233007	&quot;For the federation!&quot;
5234001	Stoking the Furnace
5234002	We can't let Thulsa control that furnace.
5234003	We asked for reinforcements, and you're all they sent?
5234004	&quot;For the federation!&quot;
5234005	Meet with Krok at the Gravewatch of the Exiled, south of Firebase Audacity.
5235001	The Pavor Favor
5235002	See you when...if...you get back.
5235003	I can't believe it...
5235004	Tersa's Head
5235005	I'll await you after death...
5235006	Everything according to plan...
5235007	Go to the snow fields south of the Gravewatch of the Exiled and eliminate the Priest of Nightmares, Tersa.
5235008	Bring Tersa's head to Krok.
5235009	&quot;For the federation!&quot;
5236001	Necro-Tech in Action
5236002	Undead this, undead that...I'm sick of it.
5236003	I'm sure someone will put them to good use.
5236004	Necromancy Device
5236005	Eliminate Thulsa's necromancers and their pets, camped in the snow fields south of the Gravewatch of the Exiled, and collect their necromancy devices.
5236006	Bring the necromancy devices to Andevin.
5236007	&quot;For the federation!&quot;
5237001	The Coming Storm
5237002	Hurry! I'm freezing!
5237003	I think it's warming up!
5237004	Eliminate tempest sirens near the grounds of the Gravewatch of the Exiled.
5237005	&quot;For the federation!&quot;
5237006	Report to Senelin.
5238001	Heartless Beasts
5238002	Show them Kaia's wrath!
5238003	Nothing like a good laugh.
5238004	Beast Heart
5238005	Eliminate the runekeepers and maligoses on the snow fields south of the Gravewatch of the Exiled and collect their hearts.
5238006	Bring the beast hearts to Zanok at the Gravewatch of the Exiled.
5238007	&quot;For the federation!&quot;
5239001	Dead for Good
5239002	Please hurry, before they resurrect the entire skeletal army!
5239003	These enemies will return to the Dream.
5239004	&quot;For the federation!&quot;
5239005	Retrieve the heaps of skeletons that are used for resurrection south of the Gravewatch of the Exiled.
5239006	Bring the skeleton bones to Senelin.
5240001	Reclaim the Furnace
5240002	Nevermore!
5240003	We just might win this battle after all!
5240004	Mark of the Legion of Thulsa
5240005	Eliminate Thulsa's minions near the Divine Furnace.
5240006	Report to Centurion Tarut at the entrance path to the Divine Furnace.
5240007	&quot;Thank you!&quot;
5241001	Tempered with Blood and Fire
5241002	Don't let us down!
5241003	I was right about you!
5241004	Ksharan Amulet
5241005	Take out the Ksharan archpriests and vanguards in the Ventral Command Facility of the Divine Furnace.
5241006	Report to Gridus near the entrance to the Divine Furnace.
5241007	&quot;Glad I could help!&quot;
5242001	Tarnishing Tarnos
5242002	We can't let them have the furnace!
5242003	I can hold my head up when I meet my ancestors! Thank you!
5242004	Eliminate the argons and their leader, in and around the Divine Furnace.
5242005	&quot;For the federation!&quot;
5242006	Report to Centurion Tarut at the entrance path to the Divine Furnace.
5243001	The Worthy One
5243002	Be careful. Most of the stories about him are true.
5243003	You, too, will be praised in song and legend someday!
5243004	Are you strong? Are you the Worthy One?
5243005	Worthy one...I will...remember...
5243006	Eliminate General Virkan in the Ventral Command Center of the Divine Furnace.
5243007	&quot;Not for a while, I hope.&quot;
5243008	Report to Gridus at the entrance to the Divine Furnace.
5244001	Reinforcements if You Please
5244002	Let's strike while the iron is hot!
5244003	&quot;For Valkyon!&quot;
5244004	Ask Gahreed in Habere to send reinforcements to the Divine Furnace.
5245001	Liberating Our Land
5245002	I figured I'd send him a genuine hero.
5245003	Anyone is welcome...as long as they're not dead, skeletal, or the universal embodiment of evil! Ha, ha, ha!
5245004	&quot;For the federation!&quot;
5245005	Find Tarut at the entrance path to the Divine Furnace.
5250001	Crimson Pyrites
5250002	Our enemy provides us with gifts!
5250003	It's been a good day!
5250004	&quot;It was my pleasure.&quot;
5250005	Destroy Thulsa's crimson shards, installed on the snowfields around the Gravewatch of the Exiled.
5250006	Bring the crimson fragments to Zanok at the Gravewatch of the Exiled.
5251001	Horns of the Heroes
5251002	We will not forget them!
5251003	This is my solemn vow.
5251004	&quot;Let's hope it's soon.&quot;
5251005	Collect amani horns from horn graves near Firebase Audacity on the Plain of the Damned.
5251006	Deliver the amani horns to Munim at Firebase Audacity.
5270001	(Guild) Suppression Orders: Cursed Legion
5270002	Proof of Kill: Cursed Legion
5270003	&quot;For the federation!&quot;
5270004	Eliminate the assault and scout brigades near Habere.
5270005	Report to Raneria in Habere.
5271001	(Guild) Suppression Orders: Firebase Attackers
5271002	Proof of Kill: Firebase Attackers
5271003	&quot;For the federation!&quot;
5271004	Eliminate Thulsa's troops near Firebase Audacity
5271005	See Raneria in Habere for your reward.
5272001	(Guild) Suppression Orders: Raven Troops
5272002	Proof of Kill: Raven Troops
5272003	&quot;For the federation!&quot;
5272004	Eliminate the raven troops that have seized the Divine Furnace.
5272005	Report to Raneria in Habere.
5273001	(Guild) Suppression Orders: Yunaras Snaggletooth
5273002	Proof of Kill: Snaggletooth
5273003	&quot;For the federation!&quot;
5273004	Kill Yunaras Snaggletooth.
5273005	Report to Raneria in Habere.
5280001	Suppression Orders: Cursed Legion
5280002	Proof of Kill: Cursed Legion
5280003	&quot;For the federation!&quot;
5280004	Eliminate the assault and scout brigades near Habere.
5280005	Report to Raneria in Habere.
5281001	Suppression Orders: Firebase Attackers
5281002	Proof of Kill: Firebase Attackers
5281003	&quot;For the federation!&quot;
5281004	Eliminate Thulsa's troops near Firebase Audacity.
5281005	Report to Raneria in Habere.
5282001	Suppression Orders: Furnace Occupiers
5282002	Proof of Kill: Furnace Occupiers
5282003	&quot;For the federation!&quot;
5282004	Eliminate Cursed Legion troops near the controls of the Divine Furnace.
5282005	Report to Raneria in Habere.
5283001	Suppression Orders: Yunaras Snaggletooth
5283002	Proof of Kill: Snaggletooth
5283003	&quot;For the federation!&quot;
5283004	Kill Yunaras Snaggletooth.
5283005	Report to Raneria in Habere.
5421001	All in a Fey's Work
5421002	Will your help be enough?
5421003	&quot;So many questions!&quot;
5421004	Talk to Pedicel, the mandrake priest.
5421005	&quot;I guess I can.&quot;
5421006	Teleport to Scythera Fae and meet with Mandrake Regent Tanseril.
5422001	Future So Blight
5422002	You are here to help, right?
5422003	The contamination appears to have stricken the entire area simultaneously.
5422004	&quot;Collect blood. Got it.&quot;
5422005	Talk to Eltarun at Scythera Fae.
5422006	Tainted Blood
5422007	Collect tainted blood from the feral popori in the forest north of Scythera Fae.
5422008	Bring the tainted blood to Eltarun in Scythera Fae.
5422009	&quot;That doesn't sound good.&quot;
5423001	Guerillas in the Mist
5423002	Be careful! The mist gives them a nasty temper too.
5423003	I only hope it will be enough.
5423004	Misted Hide
5423005	Collect misted hides from bloodhorn mugatos, stonebrow cubs, and curltress piglings near Scythera Fae.
5423006	Bring the misted hides to Lidaera at Scythera Fae.
5423007	&quot;I hope it works.&quot;
5424001	Seeds of Hope
5424002	You agree it's important, right?
5424003	Or perhaps not...
5424004	Ghilliedhu Seeds
5424005	Get the seeds from rampant ghilliedhus in the forest north of Scythera Fae.
5424006	Bring ghilliedhu seeds to Arcanist Sein at Scythera Fae.
5424007	&quot;Perhaps they will.&quot;
5425001	Go with Your Gut
5425002	Elimate the gutripper sabertooths near Scythera Fae.
5425003	&quot;I do what I can.&quot;
5425004	Report to Lidaera at Scythera Fae.
5426001	Lace for the Cure
5426002	You'll see—they'll feel better soon.
5426003	&quot;I hope it's enough.&quot;
5426004	Gather spiritlace growing north of Scythera Fae.
5426005	Bring the spiritlace to Rocorun in Scythera Fae.
5427001	Where Are They Now?
5427002	What if she doesn't know?
5427003	If not bodies, they must want something even more precious. I have a bad feeling about this.
5427004	&quot;I'll ask her.&quot;
5427005	Ask Tanseril about the argons.
5427006	&quot;Still, it's good to know.&quot;
5427007	Find Nila at the Grand Gate Watchpost south of Scythera Fae. Find out what she's seen of the argons.
5428001	Mass Effects
5428002	Mind you, I'm not sure they'll talk.
5428003	I'll let them know in Scythera Fae.
5428004	Blue Coagulated Mass
5428005	Collect any argon clues from the tuwangi frogmasters and stonewhompers around the stream south of the Grand Gate Watchpost.
5428006	Bring the blue masses to Nila at the Grand Gate Watchpost.
5428007	&quot;I'm here to help.&quot;
5429001	Leaving the Garden
5429002	They have abdicated their sacred duty.
5429003	If they're not in the garden, who is?
5429004	Band of the Dutiful
5429005	Is...ren...
5429006	We...return...to you...
5429007	Collect the bands given to centaur wardens and pranksome redcaps from their goddess.
5429008	Bring the bands to Elma at the Grand Gate Watchpost.
5429009	&quot;That doesn't bode well.&quot;
5430001	Southern Discomfort
5430002	I certainly hope he does, at least.
5430003	Everyone's always in such a rush...
5430004	&quot;I guess so.&quot;
5430005	Go south to the Arcanum Outpost and meet with Puuru.
5431001	Mist Opportunity
5431002	And if you should find any argon parts lying about...
5431003	Oh, this feels sour... We have to stop them.
5431004	Destroy the mist-makers and anything guarding them.
5431005	&quot;How powerful?&quot;
5431006	Report back to Puuru at Arcanum Outpost.
5432001	Territorial Dispute
5432002	It's the only way to save both.
5432003	We cannot forgive those who play with life!
5432004	Eliminate baelith arachnens and spineback noruks in Faeglen.
5432005	&quot;It's what I do.&quot;
5432006	Report back to Moina at the Arcanum Outpost.
5433001	Oh Brothers, Where Art Thou?
5433002	Please find my b-brothers!
5433003	We can't return until the b-beasts b-behave.
5433004	&quot;I never doubted you.&quot;
5433005	Find Jurik and Rabak in the far southwest reaches of Seeliewood.
5434001	Stone Cold Kumas
5434002	How many lithikumases can you b-beat?
5434003	B-bravo!
5434004	Eliminate three feytouched lithikumases in Seeliewood.
5434005	&quot;You never said 'alone.'&quot;
5434006	Report your success to Jurik.
5435001	Saber Rattling
5435002	B-battle those cats!
5435003	When the sabertooths are gone, this will b-be easy!
5435004	Kill rippertusk sabertooths west of Faeglen.
5435005	&quot;Glad to help.&quot;
5435006	Report back to Rabak.
5436001	What Argon Wants
5436002	Can't you run faster? Hurry!
5436003	By which I mean bad. Really bad.
5436004	&quot;That's what Puuru said.&quot;
5436005	Tell Anther in Grand Gate Watchpost what the argons want.
5437001	The Long and Winding Ode
5437002	The acolytes will teach you the rest.
5437003	Can you remember? You can remember, can't you?
5437004	&quot;I can remember that.&quot;
5437005	&quot;I've got it.&quot;
5437006	Talk with the acolytes in the Bower who hold the key to the Goddess's Garden.
5437007	&quot;Then let's go!&quot;
5437008	Return with the key to Anther at Camp Verdant.
5438001	An Inside Job
5438002	It's all up to you.
5438003	In recognition of your help, I hereby declare that you are an honorary member of the faeries.
5438004	&quot;Thanks!&quot;
5438005	Get the monitoring device from Doran over there.
5438006	Doran
5438007	Mysterium Cyasmonitor
5438008	Return to Anther.
5438009	&quot;I'll try to keep up.&quot;
5438010	&quot;I'll do that.&quot;
5438011	Go north to the garden entrance.
5438012	Eliminate the beings seizing the everbloom in Isren's garden.
5438013	&quot;You know I will.&quot;
5438014	Return to Anther in Grand Gate Watchpost.
5438015	&quot;Remember me well.&quot;
5438016	Speak to Tanseril in Scythera Fae.
5439001	Fey Worse than Death
5439002	Why wait for the arcanists to extract the sickness out of them?
5439003	What's wrong with having fewer infected fey?
5439004	Kyarnak Infection
5439005	Remove the infection from the forestcrown unicorns, caprin imp fighters and workers around Camp Verdant.
5439006	Bring the kyarnak infections to Thorn at Camp Verdant.
5439007	&quot;Probably not.&quot;
5440001	Above and Beyond
5440002	I wouldn't go alone. Emberheart dracoloths are very powerful.
5440003	Someday I'll find just the right project to make a name for myself.
5440004	Dracoloth Emberhide
5440005	Collect hides from the emberheart dracoloths in Faeglen.
5440006	Bring the hide to Doran at Camp Verdant.
5440007	&quot;I hope it helps.&quot;
5441001	Mysterium Fix-It
5441002	Restoring the protective barrier will prove my theory.
5441003	If this works, I'm sure to get a promotion! Also, not eaten by a dracoloth.
5441004	&quot;Okay, then.&quot;
5441005	Gather faerie relics abandoned across Seeliewood.
5441006	Bring the faerie relics to Doran at Camp Verdant.
5442001	Cull the Cullars
5442002	Can't you do something about them quickly?
5442003	I hope never to see those pests again.
5442004	Kill Seeliewood cullars and tentacullars in Faeglen.
5442005	&quot;Glad to help.&quot;
5442006	Return to Thorn at Camp Verdant.
5470001	(Guild) Suppression Orders: Sic the Spiteful Sick
5470002	Proof of kill: Infected Creatures
5470003	&quot;For the federation!&quot;
5470004	Eliminate the infected creatures threatening the safety of Scythera Fae.
5470005	Report to Gillian in Scythera Fae.
5471001	(Guild) Suppression Orders: Creatures of Faeglen
5471002	Proof of Kill: Overcrowded Creatures
5471003	&quot;For the federation!&quot;
5471004	Eliminate the overcrowded animals in Faeglen.
5471005	Report to Gillian in Scythera Fae.
5472001	(Guild) Suppression Orders: Emberheart Dracoloth
5472002	Proof of Kill: Dracoloth Emberhide
5472003	&quot;For the federation!&quot;
5472004	Collect hides from the emberheart dracoloths in the Bower.
5472005	Report to Gillian in Scythera Fae.
5473001	(Guild) Suppression Orders: Broodmother
5473002	Proof of Kill: Maevia's Fang
5473003	&quot;For the federation!&quot;
5473004	Kill the arachnen, Maevia, and bring back her fang.
5473005	Report to Gillian in Scythera Fae.
5480001	Suppression Orders: Sic the Spiteful Sick
5480002	Proof of Kill: Infected Creatures
5480003	&quot;For the federation!&quot;
5480004	Eliminate the infected creatures threatening the safety of Scythera Fae.
5480005	Report to Gillian in Scythera Fae.
5481001	Suppression Orders: Protect the Outpost
5481002	Proof of Kill: Overcrowded Animals
5481003	&quot;For the federation!&quot;
5481004	Eliminate the overcrowded animals in Twilight Valley.
5481005	Report to Gillian in Scythera Fae.
5482001	Suppression Orders: Emberheart Dracoloth
5482002	Proof of Kill: Dracoloth Emberhide
5482003	&quot;For the federation!&quot;
5482004	Collect hide from the emberheart dracoloths in the Bower.
5482005	Report to Gillian in Scythera Fae.
5483001	Suppression Orders: Broodmother
5483002	Proof of Kill: Maevia's Fang
5483003	&quot;For the federation!&quot;
5483004	Kill the arachnen broodmother, Maevia.
5483005	Report to Gillian in Scythera Fae.
5495001	Saving Seeliewood I
5495002	&quot;Alright.&quot;
5495003	Speak with Tanseril in Seeliewood.
5495004	Defeat Bloodhorn Mugatos in Seeliewood.
5495005	&quot;Thank you.&quot;
5495006	Report to Tanseril.
5496001	Saving Seeliewood II
5496002	&quot;Alright.&quot;
5496003	Speak to Tanseril in Seeliewood
5496004	Defeat the following enemies in Seeliewood.
5496005	&quot;Thank you.&quot;
5496006	Report to Tanseril.
5501001	The Gauntlet Thrown Down
5501002	Move quickly! Don't let Kanmur's death be in vain!
5501003	&quot;Right. Okay.&quot;
5501004	Report to Commander Fraya at Allemantheia Headquarters and speak with her about Thulsa's movements.&#xA;[Speak to {@linkcreature:72#1103#Arshadh} to enter the Allemantheia Headquarters.]
5501005	&quot;I'd be honored.&quot;
5501006	Take a {@linkcreature:72#1012#pegasus} to Kaiator. Find Commander Tamur and ask for Kaiator's aid in stopping Thulsa.
5501007	Forgeheart
5501008	You've arrived at the Plaza of Triumph!
5501009	Follow Commander Tamur to the Plaza of Triumph.
5501010	&quot;I'll take care of it.&quot;
5501011	The situation has suddenly changed. Go to Adjutant Daakem and inquire what you should do now.
5501012	&quot;We will!&quot;
5501013	Take Tamur's news to Ragnar.
5501014	&quot;You're welcome.&quot;
5501015	Take Tamur's news to Garuk.
5501016	Thanks.
5501017	Tell Karima that you're ready to speak to Tamur.
5501018	&quot;Right. Okay.&quot;
5501019	Report to Tamur.&#xA;[Speak with Karima to visit the Kaiator Headquarters.]
5501020	Kaia wants to speak with you.
5501021	Speak with Tamur.
5501022	&quot;I understand.&quot;
5501023	Speak with Kaia.
5502001	The Indomitable Spirit
5502002	Sikander's slumber should not be disturbed.
5502003	&quot;I'm on it.&quot;
5502004	Prefect Ghazi was a loyal ally of General Kanmur. Ask him about Kanmur's mission.
5502005	&quot;Dead or alive, I'll find them.&quot;
5502006	Find Centurion Thaqib.
5502007	Read the report.
5502008	Check the dead guard's body in The Skyleaves.
5502009	Read the report.
5502010	Search for Rowin.
5502011	&quot;I'll go there now.&quot;
5502012	Bring the report you recovered at Valumnir Outpost to {@linkcreature:255#1153#Rowin}.
5502013	Bring the report you recovered at Valumnir Outpost to {@linkcreature:255#1153#Rowin}.
5502014	Staff of Isren
5502015	There are the bodies of the guards!
5502016	Search Staff of Isren for the guards who traveled with Neira.
5502017	&quot;I'm on it.&quot;
5502018	Go to Staff of Isren and rescue Neira.
5502019	For Sikander's awakening!
5502020	Sikander...
5502021	You can't stop me!
5502022	My power...it's not enough.
5502023	Krawww!
5502024	Gurrr...
5502025	Eliminate the priests that are reinforcing the Ishlangu.
5502026	Deactivate the Ishlangu.
5502027	Report back to Neira.
5502028	Deactivate the Ishlangu and free Isrenia.
5502029	&quot;Come with me.&quot;
5502030	Speak with Isrenia.
5521001	Small Victories, Great Triumphs
5521002	The Explorer Guild is just to the northeast.
5521003	With the hyenas culled, resupplying will be much easier.
5521004	&quot;For the federation.&quot;
5521005	Speak with Yedwin at the Explorer Guild.
5521006	Hyena Hide
5521007	Hunt Darkquaver hyenas around Dragonfall and collect their hides.
5521008	Bring the hides to Thaqib at Darkquaver Garrison.
5521009	&quot;I hope these help.&quot;
5522001	Meating the Needs
5522002	These people need more than hope—they need food.
5522003	Much improved! Nothing's better for morale than a full belly!
5522004	Boar Meat
5522005	Hunt the razortusk warthogs west of Dragonfall and collect their meat.
5522006	Bring the meat to Yedwin in Dragonfall.
5522007	&quot;Ready for roasting!&quot;
5524001	Primal Fury
5524002	The sporewalkers must be stopped.
5524003	Why has everything turned against us?
5524004	Eliminate the sporewalkers around Darkquaver Garrison.
5524005	For the federation!
5524006	Report to Govad at Darkquaver Garrison.
5525001	Faerie without a Cause
5525002	We must stop the unseelie before they overrun us.
5525003	What possessed someone to create these stones?
5525004	Cyasmalith
5525005	Eliminate the unicorns and urisks east of Darkquaver Garrison.
5525006	Report back to Zaina.
5525007	&quot;For the federation!&quot;
5526001	Curiosity Killed the Sabertooth
5526002	The roads aren't safe anymore.
5526003	We welcome those with skill and discipline.
5526004	Kill feystalker sabertooths on your way to Ceravin Point.
5526005	For the federation!
5526006	Meet Melkar at Ceravin Point.
5527001	Quenching Their Thirst
5527002	Why are the Bloodgulpers so aggressive?
5527003	The orcans are working with the unseelie!
5527004	Unseelie Bone Trinket
5527005	Hunt Bloodgulper orcans southwest of Ceravin Point.
5527006	Bring the trinkets to Menain.
5527007	&quot;For the federation!&quot;
5528001	Mycan Trouble for Everyone
5528002	It's sad, but necessary.
5528003	We did what we had to do.
5528004	Hunt down the mycanars around Ceravin Point.
5528005	&quot;For the federation!&quot;
5528006	Report back to Belok.
5529001	Unseelie Behavior
5529002	They won't be so bold without him.
5529003	Maybe they'll back off now.
5529004	Unseelie Banner
5529005	Kill Tarlok to send a message to the Bloodgulper tribe.
5529006	Report back to Melkar.
5529007	For the federation!
5530001	What Hand Guides the Pawns
5530002	Victory for Valkyon.
5530003	I fear the reports are true.
5530004	Thulsan Amulet
5530005	Eliminate the Ksharan shadow berserkers and mystics southeast of the outpost.
5530006	Bring the amulets to Arast.
5530007	&quot;For the federation.&quot;
5531001	Open Wide and Say Mawww
5531002	Who put the orisks there?
5531003	I'm not going to miss those blasted orisks.
5531004	Hunt Darkquaver orisks north of Valumnir Outpost.
5531005	&quot;Just doing my duty.&quot;
5531006	Report back to Ebna.
5532001	A Bone to Pick
5532002	We mustn't let the Ksharans occupy this region!
5532003	A dark duty fulfilled. Now I can finish my mission.
5532004	&quot;I'll handle it.&quot;
5532005	Speak with Ebna about reports of Ksharan activity.
5532006	Thulsan Amulet
5532007	Kill the Ksharan shadow reavers and archers north of Valumnir Outpost.
5532008	Bring the amulets to Ebna.
5532009	&quot;These are for you.&quot;
5533001	For Research Purposes Only
5533002	For the federation.
5533003	Let us uncover their intriguing secrets...
5533004	&quot;Happy to help.&quot;
5533005	Gather shadow mushrooms around the Skyleaves northeast of Valumnir Outpost.
5533006	Bring the mushrooms to Tethan.
5534001	Do Not Meddle in the Affairs of Dracoloths
5534002	Corrupted or not, a dracoloth is nothing to sneeze at. Be careful!
5534003	I've never met anyone who slew a dracoloth. Remarkable!
5534004	Dracoloth Heart
5534005	Kill the dracoloths in the Plaza of the Fallen.
5534006	Bring the hearts to Arast at Valumnir Outpost.
5534007	&quot;Just doing my duty.&quot;
5535001	A Murder of Crows
5535002	Black-feathered menaces...
5535003	Time isn't exactly on our side.
5535004	Tainted Ichor
5535005	You...will DIE!
5535006	I...have failed...
5535007	Eliminate the mekonari arcanathieves and their minions in the Plaza of the Fallen.
5535008	Bring the ichor to Jola at Valumnir Outpost.
5535009	&quot;Happy to help.&quot;
5536001	Ruffling Some Feathers
5536002	Watch yourself out there, soldier.
5536003	For the federation.
5536004	Taste my wrath!
5536005	Sikander...will...be ours!
5536006	Eliminate the mekonari depredators and their minions in the Plaza of the Fallen.
5536007	&quot;Victory for Valkyon.&quot;
5536008	Report to Winstail at Valumnir Outpost.
5537001	Entreating with Traitors
5537002	The unseelie have sold out to Thulsa.
5537003	Now you must kill their so-called regent.
5537004	Long live Sinarl!
5537005	For Sinarl and the unseelie!
5537006	Eliminate the jalmarak thrashers northwest of the Plaza of the Fallen.
5537007	&quot;Don't mention it.&quot;
5537008	Report to Amline.
5538001	Ending the Reign
5538002	Sinarl's the worst of them. Kill him and the others might be reasoned with.
5538003	The unseelie are retreating!
5538004	&quot;For the federation!&quot;
5538005	Find Amline, west of Valumnir Outpost.
5538006	Regent's Seal
5538007	You fools think you can kill me? Hah!
5538008	Thulsa...where is the strength you promised?
5538009	Find Sinarl, the unseelie regent, and eliminate him.
5538010	Report back to Arast.
5538011	&quot;For the federation!&quot;
5570001	(Guild) Suppression Orders: Jalmaraks
5570002	Proof of Kill: Jalmarak
5570003	&quot;Just doing my duty.&quot;
5570004	Eliminate jalmarak thrashers in Darkenvale.
5570005	Report to Jola at Valumnir Outpost.
5571001	(Guild) Suppression Orders: Woodland Beasts
5571002	Proof of Kill: Beasts
5571003	&quot;For the federation!&quot;
5571004	Eliminate the Darkquaver hyenas and razortusk warthogs around Dragonfall, and the mad sporewalkers and silvermane unicorns in the Vale of Solitude.
5571005	Report to Belva at Darkquaver Garrison.
5572001	(Guild) Suppression Orders: Darkquaver Denizens
5572002	Proof of Kill: Darkquaver Denizens
5572003	&quot;Always happy to help out.&quot;
5572004	Eliminate the feystalker sabertooths, Bloodgulper orcans, and unstable mycanars around Ceravin Point.
5572005	Report to Laena at Ceravin Point.
5573001	(Guild) Suppression Orders: Orisks
5573002	Proof of Kill: Orisks
5573003	&quot;For the federation.&quot;
5573004	Kill Darkquaver orisks in the Skyleaves.
5573005	Report to Jola at Valumnir Outpost.
5574001	(Guild) Suppression Orders: Ksharans
5574002	Proof of Kill: Ksharans
5574003	&quot;Don't mention it.&quot;
5574004	Eliminate Ksharan forces around the Skyleaves.
5574005	Report to Jola at Valumnir Outpost.
5575001	(Guild) Suppression Orders: Malbinar Dracoloths
5575002	Proof of Kill: Dracoloths
5575003	&quot;Just doing my duty.&quot;
5575004	Kill dracoloths in the Plaza of the Fallen.
5575005	Report to Jola at Valumnir Outpost.
5576001	(Guild) Suppression Orders: Mekonaris
5576002	Proof of Kill: Mekonaris
5576003	&quot;Always happy to help out.&quot;
5576004	Kill the mekonari arcanathieves and depredators in the Plaza of the Fallen.
5576005	Report to Jola at Valumnir Outpost.
5580001	Suppression Orders: Jalmaraks
5580002	Proof of Kill: Jalmaraks
5580003	&quot;It was nothing.&quot;
5580004	Eliminate the jalmarak thrashers in Darkenvale.
5580005	Report to Jola at Valumnir Outpost.
5581001	Suppression Orders: Woodland Beasts
5581002	Proof of Kill: Woodland Beasts
5581003	&quot;Always happy to help.&quot;
5581004	Eliminate the Darkquaver hyenas and razortusk warthogs around Dragonfall, and the mad sporewalkers and silvermane unicorns in the Vale of Solitude.
5581005	Report to Belva at Darkquaver Garrison.
5582001	Suppression Orders: Darkquaver Denizens
5582002	Proof of Kill: Darkquaver Denizens
5582003	&quot;For the federation.&quot;
5582004	Eliminate the feystalker sabertooths, Bloodgulper orcans, and unstable mycanars around Ceravin Point.
5582005	Report to Laena at Ceravin Point.
5583001	Suppression Orders: Orisks
5583002	Proof of Kill: Orisks
5583003	&quot;Just doing my duty.&quot;
5583004	Kill Darkquaver orisks in the Skyleaves.
5583005	Report to Jola at Valumnir Outpost.
5584001	Suppression Orders: Ksharans
5584002	Proof of Kill: Ksharans
5584003	&quot;No really, it was my pleasure.&quot;
5584004	Eliminate Ksharan forces around the Skyleaves.
5584005	Report to Jola at Valumnir Outpost.
5585001	Suppression Orders: Malbinar Dracoloths
5585002	Proof of Kill: Malbinar Dracoloths
5585003	&quot;For the federation.&quot;
5585004	Kill the dracoloths in the Plaza of the Fallen.
5585005	Report to Jola at Valumnir Outpost.
5586001	Suppression Orders: Mekonaris
5586002	Proof of Kill: Mekonaris
5586003	&quot;Always happy to lend a hand.&quot;
5586004	Kill the mekonari arcanathieves and depredators in the Plaza of the Fallen.
5586005	Report to Jola at Valumnir Outpost.
5601001	Drowned In Blood
5601002	&quot;Nice meeting you.&quot; 
5601003	&quot;I'll head to Camp Umbra.&quot;
5601004	Ask Yedwin, Explorer Guild Master of Dragonfall, about the kidnapping.
5601005	Nighteye Talisman
5601006	I hear more offerings coming!
5601007	My blood...for Sikander!
5601008	More blood for the altar!
5601009	Sika-aaaark!
5601010	Wipe out the mekonari hunters and ebonweavers that are kidnapping people in the Nightwood.
5601011	Bring the Nighteye Talisman to Arshak and tell him that you took care of the kidnappers.
5601012	&quot;Thanks.&quot;
5601013	&quot;I understand.&quot;
5601014	Go to Camp Umbra and inform Arshak about the rituals.
5601015	We'll add your bones to the pile!
5601016	Sikander! Take me!
5601017	Volunteering for the ritual? How marvelous!
5601018	Too weak... Unworthy...
5601019	Search mekonari templars and dedicants for a key to the altar.
5601020	&quot;Who's there?&quot;
5601021	Keep searching for the way to the altar.
5601022	&quot;Can you get me in?&quot;
5601023	Talk to the ghostly figure.
5601024	&quot;Right. Okay.&quot;
5601025	Follow the spirit to the altar entrance.
5601026	Enter the {@linkcreature:256#1501#teleportal} to the Raven Altar&#xA;Stop the ritual: timed, 16 minutes&#xA;Destroy the pillar of blood on the Raven Altar and stop the ritual to awaken Sikander.
5601027	&quot;Thanks. I'm on my way!&quot;
5601028	Return to Arshak.
5602001	Sikander's Bane
5602002	&quot;Right. Okay.&quot;
5602003	Ask Sonacria to help you locate the ritual.
5602004	Amena Quatla—Sanctum of Resurrection Entrance
5602005	It seems to be a teleportal to the Sanctum of Resurrection.
5602006	Climb the steps of the Temple of Sikander and look for a way to the sanctum.
5602007	Sanctum of Resurrection
5602008	What kind of place is this?
5602009	Travel to the sanctum through the {@LinkCreature:257#1501#teleportal}.
5602010	&quot;Right. Okay.&quot;
5602011	Speak with Avatar of Kaia.
5602012	This ritual must succeed!
5602013	No! The ritual...
5602014	Sikander! Hear us!
5602015	So...close...
5602016	No! We won't fail, not after so long!
5602017	Sikander...please forgive...
5602018	Sikander! Give me strength!
5602019	Curse you! Curse...you all...
5602020	Eliminate the sikandari priests. Stop the ritual!&#xA;[The priests will not take damage if the guards keep their food.]
5602021	&quot;Isrenia!&quot;
5602022	Protect Isrenia until she is ready.
5602023	Defeat Kelsaik!&#xA;[Kelsaik's HP has been reduced. This quest may proceed abnormally when Kelsaik is defeated.]
5602024	...I can't...
5602025	Speak with Avatar of Kaia.
5602026	&quot;Let's go.&quot;
5602027	Speak with Avatar of Kaia again.
5602028	&quot;I understand.&quot;
5602029	&quot;Thank you.&quot;
5602030	Speak to Kaia in Kaiator Command Center
5621001	To Penetrate the Shadows
5621002	Take the southeast road. Watch for my scouts!
5621003	With you in camp? Yes, today will be good indeed!
5621004	Drive back blighted amani berserkers and priests, and bleakbone legionaries to clear the road into Dakonan Junction.
5621005	&quot;Very happy to help!&quot;
5621006	Join Baraz at Dakonan Overwatch.
5622001	So Near, So Far
5622002	Her name's Veora!
5622003	Why her? It should have been me! Me!
5622004	Search for Bearach's wife among the Bleakrock destroyers.
5622005	&quot;She's gone. I'm sorry, Bearach.&quot;
5622006	Give up the search and return to Bearach.
5623001	Someone Your Own Size
5623002	Don't let the Bleakrock tribe succeed!
5623003	They're no threat to anyone now.
5623004	Shaman Staff
5623005	Defeat Bleakrock shamans to pacify the tribe.
5623006	Report to Baraz at Dakonan Overwatch.
5623007	Go to Keallach.
5623008	Baraz
5623009	Shaman Staff
5623010	Hand the staves in to Keallach.
5623011	&quot;It was no trouble.&quot;
5624001	Far From Our Graves
5624002	I really hope I'm wrong about this...
5624003	Death's too good for whoever did this!
5624004	Gravestain Ichor
5624005	Draw samples from bleakbone dragoons, slashers, and defenders in Dakonan Junction.
5624006	Bring Neasa the ichor samples.
5624007	&quot;We'll stop them. We have to.&quot;
5625001	Sower of Whirlwinds
5625002	The mix of armies down there...it's strange!
5625003	But we'll still destroy those feathered freaks.
5625004	Bond Ring
5625005	Devas, to me! Our foes are here!
5625006	You can't kill us all!
5625007	Search devan fateshapers and reapers for clues to their purpose.
5625008	Bring the bond rings to Casias.
5625009	Find Denmar.
5625010	Keallach
5625011	Keallach's Report
5625012	Inform Denmar about the devan scouts.
5625013	&quot;I think you're right.&quot;
5626001	The Burden of Commanders
5626002	Eliminate everything that threatens road safety.
5626003	Now this road is safer.
5626004	Crush the devan viziers and reavers.
5626005	&quot;You have an evil mind, Casias!&quot;
5626006	Report back to Casias.
5627001	Black Tidings
5627002	When you find them, kill a few for me!
5627003	We barely saved a handful of them...
5627004	&quot;You too, Casias!&quot;
5627005	Find Casias near the cave leading to Nightwood.
5627006	&quot;On it!&quot;
5627007	Warn Denmar about the source of the undead.
5627008	Stamp out the mekonaris and their undead minions on the eastern road.
5627009	&quot;You did all you could.&quot;
5627010	Return to Denmar.
5628001	Get the Word Out
5628002	We've got to reclaim the roads.
5628003	Victory for Valkyon.
5628004	Clear the road north for a runner from Blackspring Camp.
5628005	&quot;Every bit helps.&quot;
5628006	Inform Finbarr you've cleared the road.
5629001	Lost Dog: Reward Offered
5629002	Start your sweep in the southeast.
5629003	Heehee! Yep, still got it!
5629004	Kill Pathatulan and Malhorus.
5629005	&quot;Whatever you say.&quot;
5629006	Find Jabran.
5630001	The Devouring Darkness
5630002	Killing them is a mercy!
5630003	They'll be back. The air here reeks of misery.
5630004	Plasmic Fang
5630005	Destroy spectral legates.
5630006	Go back to Jabran.
5630007	&quot;At least they're gone now.&quot;
5631001	Blood for Blood
5631002	The mekonari kill so many for their barbarous rituals.
5631003	I pray no one else becomes fuel for their dark magic.
5631004	Slaughter the mekonari hunters and ebonweaver kidnappers.
5631005	&quot;I can feel it, too.&quot;
5631006	Report to Arshak at Camp Umbra.
5632001	A Murder of Mekonaris
5632002	Put those mekonaris down!
5632003	Now maybe we can stop this ritual.
5632004	Warding Amulet
5632005	Clear the mekonari templars from the Raven Altar and take their warding amulets.
5632006	Bring the amulets to Arshak.
5632007	&quot;Victory for Valkyon.&quot;
5633001	Killian's Razor
5633002	Good luck, soldier.
5633003	For Valkyon!
5633004	Will it bleed? Scream? Yessssss!
5633005	No! No, master! Not my—aaaaaaugh!
5633006	Stalk Vaelmir and end him.
5633007	&quot;Someone had to do it.&quot;
5633008	Share the good news with Kalyn.
5634001	Heavy Hitters
5634002	The argons and the mekonaris working together. It's...madness.
5634003	My hat is off to you, soldier.
5634004	Eliminate the kalash avengers around the Raven Altar.
5634005	&quot;You honor me.&quot;
5634006	Report back to Meline.
5635001	Desecrate the Bloodtombs
5635002	Bring back some pieces for me to examine!
5635003	This is lunacy. Sheer lunacy!
5635004	&quot;They're too focused on Sikander.&quot;
5635005	Destroy the bloodtombs around the stairway.
5635006	Show the bloodtomb debris to Vella.
5636001	You and What Army
5636002	I want Gelgatum's staff!
5636003	What does Killian stand to gain from this?
5636004	Dreamreaver Staff
5636005	Clever. Determined. But ultimately...futile.
5636006	No matter. The master's plans...are flawless.
5636007	Kill Gelgatum and get his staff.
5636008	Report to Sharithia.
5636009	&quot;Every bit helps.&quot;
5637001	Nevermore
5637002	Kill them, then end that ritual!
5637003	If only we could have stopped them before.
5637004	More blood! Sikander must hear us!
5637005	Awake, Sikander! Awake....
5637006	Kill the dedicants and clear your way to the altar.
5637007	&quot;Someone had to.&quot;
5637008	Report your victory to Arshak.
5640001	[Dungeon - 463] Grotto of Lost Souls
5640002	Meet Hennika by using her letter. [Press &lt;img src='img://__Icon_KeyboardShape.Keyboard_I' width='23' height='23' vspace='-6'/&gt; key to open Inventory and use the letter.]
5640003	&quot;Understood.&quot;
5640004	Talk to Hennika.
5640005	Grotto Search Path
5640006	
5640007	Find Grotto of Lost Souls Entrance.
5640008	Grotto Entrance
5640009	
5640010	Use the {@LinkCreature:55#9782#Teleportal} to enter the Grotto of Lost Souls (Hard).
5640011	Entrance to Nedra's Haven
5640012	
5640013	Search the Temple to find Odwin and Leander.
5640014	Nedra's Haven
5640015	
5640016	Pursue Leander.
5640017	Defeat Nightmare Nedra.
5640018	Kill temple guards.
5640019	Defeat Nightmare Ptakum.
5640020	Execution Ground Exit
5640021	
5640022	Pursue Leander.
5640023	Activate {@LinkObject:78201#Door Actuator}.
5640024	Dark Path
5640025	A dark path lies ahead. Where does it lead to?
5640026	Enter the door.
5640027	Distorted Space Entrance
5640028	Spatial distortion is creating a chasm.
5640029	Enter the dark path.
5640030	Distorted Space
5640031	
5640032	Find Leander in the Distorted Space.
5640033	Destroy the {@LinkCreature:982#5001#Portal Generator} to stop the ritual.
5640034	Defeat Nightmare Kylos.
5640035	Dungeon Exit
5640036	
5640037	Use the {@LinkCreature:982#1501#teleportal} to exit the Grotto of Lost Souls.
5640038	Darkquaver Woods
5640039	
5640040	Chase Leander.
5640041	Darkquaver Woods
5640042	
5640043	Talk to Hennika at the rendezvous spot.
5640044	Take the Raider Pendant.
5640045	Tell Hennika what happened in the Grotto of Lost Souls.
5640046	
5640047	Raider Pendant
5640048	Meet Launa, give her the Raider Pendant. and tell her what happened in the Grotto of Lost Souls.
5640049	&quot;Thanks.&quot;
5670001	(Guild) Suppression Orders: Blockaders
5670002	Proof of Kill: Blockaders
5670003	&quot;For the federation.&quot;
5670004	Eliminate Bleakrock kulkari, undead, and devas in Dakonan Junction.
5670005	Report to Emya in Dragonfall.
5671001	(Guild) Suppression Orders: Mekonari Rebels
5671002	Proof of Kill: Mekonari Rebels
5671003	&quot;For the federation.&quot;
5671004	Kill mekonari occultists, hunters, and ebonweavers, runekeeper deceivers, and spectral legates in the Nightwood.
5671005	Report to Emya in Dragonfall.
5672001	(Guild) Suppression Orders: Altar Guards
5672002	Proof of Kill: Altar Guards
5672003	&quot;For the federation.&quot;
5672004	Eliminate the mekonari templars and dedicants, as well as kalash avengers around the Raven Altar.
5672005	Report to Emya in Dragonfall.
5673001	(Guild) Suppression Orders: Raethyark
5673002	Proof of Kill: Raethyark
5673003	&quot;For the federation.&quot;
5673004	Find and assassinate Raethyark.
5673005	Report to Kaara at Blackspring Camp.
5680001	Suppression Orders: Blockaders
5680002	Proof of Kill: Blockaders
5680003	&quot;For the federation.&quot;
5680004	Eliminate Bleakrock kulkari, undead, and devas in Dakonan Junction.
5680005	Report to Emya in Dragonfall.
5681001	Suppression Orders: Mekonari Rebels
5681002	Proof of Kill: Mekonari Rebels
5681003	&quot;For the federation.&quot;
5681004	Kill mekonari occultists, hunters, and ebonweavers, runekeeper deceivers, and spectral legates in the Nightwood.
5681005	Report to Emya in Dragonfall.
5682001	Suppression Orders: Altar Guards
5682002	Proof of Kill: Altar Guards
5682003	&quot;For the federation.&quot;
5682004	Eliminate the mekonari templars and dedicants, as well as kalash avengers around the Raven Altar.
5682005	Report to Emya in Dragonfall.
5683001	Suppression Orders: Raethyark
5683002	Proof of Kill: Raethyark
5683003	&quot;For the federation.&quot;
5683004	Find and assassinate Raethyark.
5683005	Report to Kaara at Blackspring Camp.
5721001	Turning the Tide
5721002	For Kaiator.
5721003	Victory for Valkyon!
5721004	Yes, sir.
5721005	Meet Prefect Baraz at Dakonan Overwatch.
5721006	&quot;At your service.&quot;
5721007	Report to Khulil at Crimson Hammer Camp.
5722001	Vanquish This
5722002	For the federation.
5722003	Victory for Valkyon!
5722004	Bloody Chaos Crests
5722005	Hunt down the eldritch vanquishers and their minions south of Crimson Hammer Camp.
5722006	Report to Abila at Crimson Hammer Camp.
5722007	&quot;For the federation.&quot;
5723001	Obedience School
5723002	The Barbican's crawling with beastly fiends.
5723003	You'd best be on your guard in here!
5723004	Hunt down the geilrik hellhounds and find Kalraz.
5723005	&quot;Happy to help.&quot;
5723006	Report to Kalraz in the Barbican.
5724001	What Lies Beneath
5724002	Thank you for your service.
5724003	Well fought, my friend.
5724004	Kill the lurking storm lizards in the Barbican.
5724005	&quot;Thanks.&quot;
5724006	Report back to Kalraz.
5725001	Range Free or Die Hard
5725002	For Valkyon.
5725003	They started this fight but, by the gods, we'll end it.
5725004	Kill the sikandari stalwarts that block access to the Temple of Sikander.
5725005	&quot;Honored to serve.&quot;
5725006	Report back to Jarald.
5726001	Agents of Chaos
5726002	These Atel Akaad fighters terrify me.
5726003	Way to go! Bloody their noses for a change!
5726004	Atel Akaad Signet Ring
5726005	Kill the Lokian bloodshapers and bloodspillers near Crimson Hammer Camp.
5726006	Report to Degare in the Barbican.
5726007	&quot;Glad I could help!&quot;
5727001	A Bloody Mess
5727002	Be careful! These Lokians are the best the Atel Akaad can field!
5727003	Better them than us, eh?
5727004	Eliminate the Lokian bloodchargers and bloodmaguses around Amena Quatla.
5727005	&quot;For the federation!&quot;
5727006	Report back to Vevina.
5728001	Two by Two, Beaks of Blue
5728002	Don't underestimate them!
5728003	You fought your way through? Impressive!
5728004	You...shall...not pass!
5728005	For Sikander!
5728006	You must not corrupt the temple!
5728007	Glory to Sikander...
5728008	Kill Ctholak and Pothika at the entrance to the temple.
5728009	&quot;You're welcome!&quot;
5728010	Report to Sonacria at Broken Bridge Camp.
5729001	Champions of Sikander
5729002	I want you to cull Sikandar's nursemaids!
5729003	You've given us our break. Time to exploit it!
5729004	Eliminate the sikandari champions and stonebeak stabbers around the Temple of Sikander.
5729005	&quot;Glad to be of service.&quot;
5729006	Report back to Sulis.
5730001	A Duty Forsworn
5730002	Thank you for your service to my people.
5730003	This is a great tragedy.
5730004	Crest of Sikander
5730005	Hunt the sikandari defenders around the Temple of Sikander.
5730006	Report to Galaht at Broken Bridge Camp.
5730007	&quot;I assure you, they won't be.&quot;
5731001	Life Takers and Beak Breakers
5731002	We mustn't let Killian twist Sikander for his own ends.
5731003	We can only hope Killian's plot doesn't succeed.
5731004	Eliminate the sikandari lifebringers and stonebeak scrappers around the Temple of Sikander.
5731005	&quot;Thanks.&quot;
5731006	Report back to Helan.
5732001	What Price Honor
5732002	The Hatchery holds our future.
5732003	My people are indebted to yours.
5732004	&quot;I'll do whatever I can.&quot;
5732005	Hurry to Accipiter Watchpost and speak with Qrawkil.
5733001	No Argon Word for Honor
5733002	No decency at all.
5733003	Thank you, soldier.
5733004	Akalath Shield
5733005	Kill the inexorable akalath warlords in the Hatchery.
5733006	Report back to Centurion Sarvazad.
5733007	&quot;Thank you.&quot;
5734001	Turning Back the Tide
5734002	Watch your back out there.
5734003	For Valkyon.
5734004	Kill ebon fimbrilisks to help regain control of the Hatchery.
5734005	&quot;For the federation.&quot;
5734006	Report back to Elail.
5735001	Every Child Is Our Child
5735002	We must save our eggs from the predations of the argons!
5735003	This gift of life is beyond price. Thank you.
5735004	Kill Kezelran so you can recover the eggs without alerting the argons.
5735005	&quot;Honored to be of service.&quot;
5735006	Rescue the sikandari eggs from the Hatchery.
5735007	Bring the sikandari eggs to Qrawkil at Accipiter Watchpost.
5736001	For Those about to Rock
5736002	The teraliths are ancient guardians of this temple.
5736003	Fine work with the teraliths!
5736004	Hunt down and destroy the consecrated teraliths around the Temple of Sikander.
5736005	&quot;Happy to help.&quot;
5736006	Report back to Keltan.
5770001	(Guild) Suppression Orders: Betsael
5770002	Proof of Kill: Betsael
5770003	&quot;The honor is mine.&quot;
5770004	Find Betsael in the Hatchery and kill him.
5770005	Report to Emya in Dragonfall.
5771001	(Guild) Suppression Orders: Storm Lizards
5771002	Proof of Kill: Storm Lizards
5771003	&quot;Thanks.&quot;
5771004	Destroy the lurking storm lizards in the Barbican.
5771005	Report to Emya in Dragonfall.
5772001	(Guild) Suppression Orders: Atel Akaad
5772002	Proof of Kill: Atel Akaad
5772003	&quot;That'll teach them!&quot;
5772004	Eliminate the Eldritch vanquishers, geilrik hellhounds, sikandari stalwarts, Lokian bloodshapers, bloodspillers, bloodchargers, and bloodmaguses around Amena Quatla.
5772005	Report to Emya in Dragonfall.
5773001	(Guild) Suppression Orders: Sikandaris
5773002	Proof of Kill: Sikandaris
5773003	&quot;Glad to be of help.&quot;
5773004	Eliminate the sikandari champions, defenders, and lifebringers near the Temple of Sikander.
5773005	Report to Emya in Dragonfall.
5774001	Suppression Orders: Killian's Enforcers
5774002	Proof of Kill: Killian's Enforcers
5774003	&quot;Happy to serve.&quot;
5774004	Eliminate the akalath warlords and ebon fimbrilisks in the Hatchery.
5774005	Report to Emya in Dragonfall.
5781001	Suppression Orders: Betsael
5781002	Proof of Kill: Betsael
5781003	&quot;For the federation.&quot;
5781004	Find Betsael in the Hatchery and kill him.
5781005	Report to Emya in Dragonfall.
5782001	Suppression Orders: Storm Lizards
5782002	Proof of Kill: Storm Lizards
5782003	&quot;Thanks!&quot;
5782004	Destroy the lurking storm lizards in the Barbican.
5782005	Report to Emya in Dragonfall.
5783001	Suppression Orders: Atel Akaad
5783002	Proof of Kill: Atel Akaad
5783003	&quot;Victory is ours.&quot;
5783004	Eliminate the Eldritch vanquishers, geilrik hellhounds, sikandari stalwarts, Lokian bloodshapers, bloodspillers, bloodchargers, and bloodmaguses around Amena Quatla.
5783005	Report to Emya in Dragonfall.
5784001	Suppression Orders: Sikandaris
5784002	Proof of Kill: Sikandaris
5784003	&quot;We live to serve.&quot;
5784004	Eliminate the sikandari champions, defenders, and lifebringers near the Temple of Sikander.
5784005	Report to Emya in Dragonfall.
5785001	Suppression Orders: Killian's Enforcers
5785002	Proof of Kill: Killian's Enforcers
5785003	&quot;The honor is mine.&quot;
5785004	Eliminate the akalath warlords and ebon fimbrilisks in the Hatchery.
5785005	Report to Emya in Dragonfall.
6000001	[Dungeon] Devastated Villagers
6000002	&quot;Okay.&quot;
6000003	Go to the Mysterium in Allemanthiea.
6000004	Close the cover.
6000005	Insert the items into the Mysterium Research Device.
6000006	Insert the items into the Mysterium Research Device.
6000007	(You carefully remove the insect.)
6000008	Activate the Mysterium Research Device.
6000009	&quot;You can count on me.&quot;
6000010	Speak with Ryshan. 
6000011	Speak with Ryshan. 
6000012	&quot;Got it.&quot;
6000013	Teleport to the Isolation Camp and meet with Kellik.
6000014	Southern Roostcliff Quarter
6000015	That must be Teyer over there.
6000016	Go to Southern Roostcliff Quarter and search for the wagon. 
6000017	&quot;Okay.&quot;
6000018	Speak with Teyer.
6000019	Collect the scattered documents.
6000020	&quot;I'll help.&quot;
6000021	Speak with Teyer.
6000022	Isolation Camp
6000023	Researchers are caring for the patients.
6000024	Go to the Isolation Camp.
6000025	&quot;I'll do what I can.&quot;
6000026	Speak with Sammina.
6000027	Wood
6000028	Hunt Arbosk Enchanters.
6000029	Deliver wood to Sammina.
6000030	&quot;Okay.&quot;
6000031	Use the Tool Box in your inventory to craft a Tent Pole.
6000032	&quot;Okay.&quot;
6000033	Speak with Sammina.
6000034	Hyena Skin
6000035	Deliver the hyena skins to Sammina.
6000036	Deliver the elite hyena skin to Sammina.
6000037	&quot;Okay.&quot;
6000038	Install the Tent Pole.
6000039	&quot;Okay.&quot;
6000040	Speak with Sammina.
6000041	Get the medicine from the Medicine Box.
6000042	Refugee Tent
6000043	It's Ameldas!
6000044	Talk to Ameldas's family.
6000045	Talk to Ameldas.
6000046	Cure
6000047	Talk to Ameldas.
6000048	&quot;Okay, I'll try.&quot;
6000049	Search the Refugee Supplies for a toy.
6000050	Worn Top
6000051	Talk to Ameldas.
6000052	&quot;My pleasure.&quot;
6000053	&quot;Okay.&quot;
6000054	Speak with Ryshan. 
6000055	Basilisk Blood Sample
6000056	Hunt Desert Basilisks.
6000057	Deliver the Basilisk Blood Samples to Ryshan.
6000058	&quot;Nice meeting you.&quot;
6000059	&quot;Okay.&quot;
6000060	Teleport to Bastion and meet with Larive.
6000061	Aura Sentinel
6000062	The Aura Sentinel is reacting!
6000063	Approach the Aura Sentinel.
6000064	&quot;Okay.&quot;
6000065	Speak with Larive.
6000066	Speak with Larive.
6000067	&quot;I'll take care of it.&quot;
6000068	Speak with Arelle.
6000069	Defeat Auto-Gardeners in Lower Archive.
6000070	&quot;Alright.&quot;
6000071	Talk to Arelle.
6000072	Use the Aura Sentinel Key in your inventory.
6000073	&quot;Okay.&quot;
6000074	Speak with Arelle.
6001001	[Dungeon] The Secret Weapon
6001002	Allemantheia Headquarters
6001003	Teleport to Allemantheia and go to Allemantheia Headquarters entrance.
6001004	Allemantheia Headquarters
6001005	Approach Fraya at Allemantheia Headquarters.
6001006	&quot;Okay.&quot;
6001007	Speak with Fraya in Allemantheia Headquarters.
6001008	&quot;Okay.&quot; 
6001009	Talk to Seir. 
6001010	&quot;I'll do what I can.&quot;
6001011	Teleport to Spring Valley and speak with Dougal.
6001012	Outside Goblin Smugglers' League
6001013	Go to the Baraka Guard Tower.
6001014	Kamilia
6001015	Weapon Crate
6001016	Speak with Kamilia.
6001017	&quot;Okay.&quot;
6001018	Select the Weapon Crate in your inventory to put it down.
6001019	Valkyon Outpost
6001020	You can feel the tension in the air.
6001021	Go to the Outpost.
6001022	&quot;Nice meeting you.&quot;
6001023	Speak with Ryshan. 
6001024	&quot;Okay.&quot;
6001025	Speak with Teruita. 
6001026	&quot;Okay.&quot;
6001027	Teleport to Qeldar Station and speak with Paidun.
6001028	Roundbeak Watcher Feather
6001029	Deliver the Roundbeak Watcher Feathers to Paidun.
6001030	Deliver the Roundbeak Watcher Feathers to Paidun.
6001031	&quot;Okay.&quot;
6001032	Defeat Dumb Fences and Mean Tomb Thieves.
6001033	Paidun's Location
6001034	Paidun seems to be in trouble.
6001035	Paidun is missing. Go to the ruins.
6001036	&quot;Okay.&quot;
6001037	Speak with Lanik.
6001038	&quot;Thank you!&quot;
6001039	Speak with Paidun.
6001040	&quot;Thank you!&quot;
6001041	Teleport to Casidhe's Stand and speak with Gazarun.
6001042	Godric's Farm
6001043	It seems the wagon was attacked.
6001044	Go to Godric's Farm.
6001045	Defeat the Iron Thorn Orcans.
6001046	(Let's check how the others are doing.)
6001047	Check the merchant's condition.
6001048	&quot;Okay.&quot;
6001049	Check Ozarun's condition.
6001050	Godric's Farm
6001051	You can see the Badge Merchants.
6001052	Go to Godric's Farm.
6001053	&quot;It wasn't a big deal.&quot;
6001054	Speak with Duzorun.
6001055	&quot;Okay.&quot;
6001056	Speak with Ozarun.
6001057	Take a potion from the barrel.
6001058	Titus
6001059	Restorative Potion
6001060	Give the potion to Titus.
6001061	&quot;Okay.&quot;
6002001	[Dungeon] Bringing Down Exodor
6002002	&quot;Okay.&quot; 
6002003	Collect 3 Leave Authorizations from {@LinkCreature:207#6000#Gazarun}, {@LinkCreature:207#6002#Duzorun}, and {@LinkCreature:207#6001#Ozarun}.
6002004	Talk to Titus.
6002005	&quot;Okay.&quot;
6002006	Teleport to Habere and speak with Turzek.
6002007	Muhrak's Workshop Teleportal
6002008	Go to the Muhrak's Workshop Teleportal.
6002009	&quot;Of course I'll help.&quot;
6002010	Teleport to Muhrak's Workshop and speak with Muhrak. 
6002011	&quot;Okay.&quot;
6002012	Speak with Titus.
6002013	&quot;Okay.&quot;
6002014	Speak with Titus.
6002015	Wyvern Watch
6002016	You arrived at Wyvern Watch. The heat is intense.
6002017	Use the teleportal scroll to go to Wyvern Watch.
6002018	&quot;Thanks for letting me know.&quot;
6002019	Ask Zalik about the Ruby Durignite.
6002020	Near the Campfire
6002021	Verdas?!
6002022	You see someone familiar. Approach the Campfire.
6002023	&quot;Thank you!&quot;
6002024	Speak with Verdas.
6002025	Barbtail Coulee
6002026	The heat here is intense!
6002027	Go to Barbtail Coulee.
6002028	Defeat Trihorn Dracoloths.
6002029	Deeper
6002030	Go deeper into Barbtail Coulee.
6002031	Defeat Darkflame Dracoloths. 
6002032	(Handling it with caution.)
6002033	Collect some Ruby Durignite.
6002034	Titus's Messengers
6002035	Titus's Messengers are waiting for you.
6002036	Find Titus's Messengers.
6002037	&quot;Okay.&quot; 
6002038	Speak with Kaiahn.
6002039	Speak with Kaiahn.
6002040	(Give Berus the petals.)
6002041	Gather Salixia Flowers.
6002042	Deliver the Salixia Flowers to Berus.
6002043	&quot;Thank you!&quot;
6002044	Speak with Berus.
6002045	Outpost
6002046	Ryshan seems to be delighted.
6002047	Use the teleportal scroll to go to the outpost near the Sabex Armory Entrance.
6002048	&quot;We need to take it down quick.&quot; 
6002049	Speak with Ryshan.
6002050	&quot;We need to take it down quick.&quot; 
6002051	Speak with Titus.
6002052	&quot;Okay.&quot; 
6002053	Speak with Ryshan.
6002054	Fire the Challenger Cannon.
6002055	Calm Ryshan down.
6002056	Check on Ryshan.
6002057	&quot;Okay.&quot;
6002058	Check on Titus.
6050001	The Missing Ingredient
6050002	Hand over the ingredient.
6050003	Find the Missing Ingredient in the TERA Shop!
6050004	Talk to Ackerly in Lumbertown.
6099001	An Enchanting Story
6099002	&quot;Thank you.&quot;
6099003	Report to Valdrin in Lumbertown.
6140001	[Dungeon - 473] Bahaar’s Sanctum
6140002	Use Seir's Order to go to Firebase Intrepid. [Press &lt;img src='img://__Icon_KeyboardShape.Keyboard_I' width='18' height='18' vspace='-6'/&gt; to open your inventory and right-click the Order: Fyrmount Support to teleport to Firebase Intrepid.]
6140003	Firebase Intrepid
6140004	So much is happening...with all the Toxic Gas...so many wounded...
6140005	Ask {@linkcreature:204#1003#Kimuk} at Firebase Intrepid where Sophilia is.
6140006	&quot;I got it.&quot;
6140007	Ask {@linkcreature:204#1003#Kimuk} at Firebase Intrepid where Sophilia is.
6140008	Sophilia's Location
6140009	
6140010	Go to Blazing Vale where {@LinkCreature:4#904401#Sophilia} is rescuing civilians.
6140011	&quot;I got it.&quot;
6140012	Tell Sophilia that you came to help.
6140013	&quot;I'll be there.&quot;
6140014	Listen to Loomey's explanation of the phenomenon.
6140015	&quot;I'll handle it.&quot;
6140016	Talk to Sophilia.
6140017	&quot;Sounds like...fun?&quot;
6140018	Speak with {@LinkCreature:4#904403#Loomey} just outside Firebase Valor.
6140019	Use the Talisman and break the link between the {@LinkObject:44401#Enlarged Smoldering Bloodshard} and the volcano.
6140020	&quot;What source of power?&quot;
6140021	Tell Loomey what happened.
6140022	Enlarged Smoldering Bloodshard Location
6140023	Loomey seems dumbstruck and devastated, staring at Bahaar's Maw.
6140024	Go after {@LinkCreature:4#904404#Loomey}.
6140025	&quot;I'm listening.&quot;
6140026	Speak with Loomey.
6140027	&quot;I'm already on my way.&quot;
6140028	Speak with Halrath.
6140029	Bahaar's Sanctum Entrance
6140030	
6140031	Go to Bahaar's Sanctum Entrance at Fyrmount.&#xA;[You must have a flying mount to go to Bahaar's Sanctum Entrance.]
6140032	&quot;I'm ready to go inside.&quot;
6140033	Speak with Halrath at Bahaar's Sanctum Entrance.
6140034	Bahaar's Sanctum
6140035	Someone...or something...must have broken in.
6140036	Use the {@LinkCreature:4#9044#teleportal} to enter Bahaar's Sanctum.
6140037	&quot;Halrath...what's going on?&quot;
6140038	Investigate the broken seal.
6140039	&quot;I'll hold him as long as possible.&quot;
6140040	Speak with Halrath.
6140041	Enter Bahaar's Sanctum and defeat Bahaar.
6140042	&quot;Glad to be of service.&quot;
6140043	Tell Halrath that you've defeated Bahaar.
6301001	Round, Round, Get Around
6301002	&quot;Thank you.&quot;
6301003	Speak to Velika Guide Eikvan.
6302001	Give It the Ol' Collegium Try
6302002	&quot;I'm ready.&quot;
6302003	Talk to Tysur at the Collegium Arcane in Velika.
6304001	Duel Purpose
6304002	&quot;Sounds simple enough.&quot;
6304003	Talk to Haidehr about dueling.
6305001	Joining the Ranks
6305002	Accept
6305003	Happy to be here.
6305004	Right. Island of Dawn
6305005	&quot;It was nice meeting you.&quot; 
6305006	Report to Uriela at Valkyon Federation Headquarters.
6305007	&quot;I understand.&quot;
6305008	&quot;Thanks.&quot;
6305009	Uriela has something for you. Speak with Uriela at Valkyon Federation Headquarters entrance.
6305010	Read Dougal's letter.&#xA;Press [&lt;img src='img://__Icon_KeyboardShape.Keyboard_I' width='18' height='18' vspace='-6'/&gt; key to open your inventory and read Dougal's Letter.]
6305011	Just nod along. No one must know! 
6305012	Valkyon Federation Headquarters
6305013	Somebody came!
6305014	Return to Valkyon Federation Headquarters.
6305015	&quot;I understand.&quot;
6305016	Speak with Bruke.
6305017	Meet Commander Seir.
6305018	Meet with Commander Seir.
6305019	&quot;Okay.&quot;
6305020	Speak with Commander Seir.
6305021	&quot;Thank you.&quot;
6305022	Speak with Commander Samael.
6306001	Legion of Arms
6306002	&quot;I'll do that!&quot;
6306003	Find Midian at the Legion of Arms.
6307001	Duel Purpose
6307002	&quot;Sounds simple enough.&quot;
6307003	Talk to Haidehr about dueling.
6321001	Bolstering the Home Front
6321002	Report to Consul Dougal in Velika.
6321003	&quot;I'm on my way!&quot;
6321004	Speak with Consul Dougal.
6321005	&quot;Yes, sir!&quot;
6321006	Report to Magistrate Arn in Lumbertown.
6321007	&quot;I'll do what I can!&quot;
6321008	Collect {@RawItem:206802}, {@RawItem:206805}, and {@RawItem:206809}.
6321009	Deliver the materials to Arn.
6321010	&quot;Glad to help.&quot;
6321011	Report to Magistrate Bisi in Popolion.
6321012	&quot;As ordered!&quot;
6321013	Collect {@RawItem:206801}, {@RawItem:206803}, and {@RawItem:206809}.
6321014	Deliver the materials to Bisi.
6321015	&quot;I can.&quot;
6321016	Report to Magistrate Turrek in Tulufan.
6321017	&quot;And you as well.&quot;
6321018	Collect {@RawItem:206810}, {@RawItem:206819}, and {@RawItem:206821}.
6321019	Deliver the materials to Turrek.
6321020	&quot;You can count on me.&quot;
6321021	Report to Magistrate Laaran in Tria.
6321022	&quot;I'll do my best!&quot;
6321023	Collect {@RawItem:206802}, {@RawItem:206803}, and {@RawItem:206807}.
6321024	Deliver the materials to Laaran
6321025	&quot;I'm on it.&quot;
6321026	Report to Prefect Lauma in Frontera.
6321027	&quot;As ordered.&quot;
6321028	Collect {@RawItem:206804}, {@RawItem:206805}, and {@RawItem:206808}.
6321029	Deliver the materials to Prefect Lauma.
6321030	&quot;You're welcome, sir.&quot;
6321031	Report back to Consul Dougal in Velika.
6322001	To Tout Tuwangi Turbans
6322002	&quot;I love this color.&quot;
6322003	Collect materials for a tuwangi turban.
6322004	Deliver the materials to Meruma, Hands of Velika Milliner.
6323001	Following the Leader
6323002	&quot;This one, thank you.&quot;
6323003	Collect materials for a feathered hat.
6323004	Deliver the materials to Meruma, Hands of Velika milliner.
6324001	In da Hood
6324002	&quot;This one.&quot;
6324003	Collect materials for a hood.
6324004	Deliver the materials to Meruma, Hands of Velika milliner.
6325001	Crowning Glory
6325002	&quot;They all look great&quot;
6325003	Collect materials for a crown.
6325004	Deliver the materials to Meruma, Hands of Velika milliner.
6326001	Like a Sky Boss
6326002	&quot;Looks sharp. Thanks!&quot;
6326003	Gather materials to make an aviator's cap.
6326004	Deliver the materials to Meruma and get your cap.
6327001	You'd Make a Wonderful Dread Pirate
6327002	&quot;Avast, indeed.&quot;
6327003	Collect materials for a pirate hat.
6327004	Deliver the materials to Meruma.
6328001	Party Hat On, Dudes
6328002	&quot;It looks great!&quot;
6328003	Gather materials for a party hat
6328004	Deliver the materials to Meruma.
6329001	Wouldn't You Like to be a Popo, Too
6329002	&quot;Done shopping now.&quot;
6329003	Gather materials for a popori moppet hat.
6329004	Deliver the materials to Meruma.
6330001	Me and My Peeps
6330002	&quot;Aw, it's so fluffy!&quot;
6330003	Gather materials for a starling nestcap.
6330004	Deliver the materials to Meruma.
6331001	Chills, Quills, and Head Ornaments
6331002	&quot;Oh, it tickles.&quot;
6331003	Gather materials for a gilded feather.
6331004	Deliver the materials to Meruma.
6332001	All the Rage in Poporia
6332002	&quot;Something cool.&quot;
6332003	Collect rare materials to trade with Meruma.
6332004	Deliver the materials to Meruma.
6333001	Top Hats
6333002	&quot;Now that's a hat.&quot;
6333003	Gather materials for a Meruma's finest hat.
6333004	Deliver the materials to Meruma.
6334001	The Way to a Leopard's Heart
6334002	&quot;Thanks!&quot;
6334003	Obtain Tirkai grizzly steaks from a merchant of the Invalesco.
6334004	Deliver the steaks to Thaman.
6335001	How Now Brown Cowl
6335002	&quot;That's a relief.&quot;
6335003	Purchase a cowl harness from a Valsekyr Hunt merchant.
6335004	Deliver the harness to Thaman.
6336001	The Cat's Meow
6336002	&quot;I'll just hold on to this.&quot;
6336003	Buy a silvervine branch from a Hyderad Legacy merchant.
6336004	Deliver the branch to Thaman.
6337001	Sleepy Kittens
6337002	&quot;I'm in favor of that.&quot;
6337003	Get a morpheutic draught from a Hands of Velika merchant.
6337004	Deliver the draught to Thaman.
6338001	Grazing Saddles
6338002	&quot;It'd better fit like a glove.&quot;
6338003	Buy supple noruk leather from a Shariar merchant.
6338004	Deliver the leather to Thaman.
6339001	Mount Up
6339002	&quot;Let's see how you run.&quot;
6339003	Speak with your new mount.
6340001	[Event] Victory in Iron Battleground
6340002	Win a match in the Iron Battleground.
6340003	
6340004	&quot;Thanks.&quot;
6340005	Talk to Dougal in Velika.
6341001	[Event] Victory in Corsairs' Stronghold
6341002	Win a match in Corsairs' Stronghold.
6341003	
6341004	&quot;Thanks.&quot;
6341005	Talk to Dougal in Velika.
6342001	[Event] Subjugation of the Hideout
6342002	Defeat Murdranak in the Bastion of Lok.
6342003	&quot;Thanks.&quot;
6342004	Talk to Dougal in Velika.
6343001	[Event] A Manor Invasion
6343002	Defeat Malgarios in Sinestral Manor.
6343003	&quot;Thanks.&quot;
6343004	Talk to Dougal in Velika.
6344001	[Event] Conquer Cultists' Refuge
6344002	Defeat Terkasia in Cultists' Refuge. 
6344003	&quot;Thanks.&quot;
6344004	Talk to Dougal in Velika.
6345001	[Event] Conquer Necromancer Tomb
6345002	Defeat Vedilith in Necromancer Tomb.
6345003	&quot;Thanks.&quot;
6345004	Talk to Dougal in Velika.
6346001	[Event] Conquer Golden Labyrinth
6346002	Defeat Baracos in Golden Labyrinth.
6346003	&quot;Thanks.&quot;
6346004	Talk to Dougal in Velika.
6347001	[Event] Conquer Ebon Tower
6347002	Defeat Thulsa in Ebon Tower.
6347003	&quot;Thanks.&quot;
6347004	Talk to Dougal in Velika.
6348001	[Event] Conquer Labyrinth of Terror
6348002	Defeat Killian in the Labyrinth of Terror.
6348003	&quot;Thanks.&quot;
6348004	Talk to Dougal in Velika.
6349001	[Event] Conquer Saleron's Sky Garden
6349002	Defeat Zelvictus in Saleron's Sky Garden.
6349003	&quot;Thanks.&quot;
6349004	Talk to Dougal in Velika.
6350001	[Event] Conquer Saravash's Ascent
6350002	Defeat Saravash in Saravash's Ascent.
6350003	&quot;Thanks.&quot;
6350004	Talk to Dougal in Velika.
6351001	[Event] Conquer Manaya's Core
6351002	Defeat Shandra Manaya in Manaya's Core.
6351003	&quot;Thanks.&quot;
6351004	Talk to Dougal in Velika.
6352001	[Event] Conquer Macellarius Catacombs
6352002	Defeat Demokraxus in the Macellarius Catacombs.
6352003	&quot;Thanks.&quot;
6352004	Talk to Dougal in Velika.
6353001	[Event] Conquer Sabex Armory
6353002	Defeat Yateveo in Sabex Armory.
6353003	&quot;Thanks.&quot;
6353004	Talk to Dougal in Velika.
6354001	Easter commotion
6354003	Here you go
6354004	Gather the needed materials and get the reward!
6354005	Return to Troius in Velika
6356001	Duel Citizen
6356002	&quot;Absolutely!&quot;
6356003	Learn the finer points of dueling from Haidehr.
6357001	Pony Up
6357002	&quot;Certainly.&quot;
6357003	Visit Haines at the outskirts of Velika.
6357004	&quot;For the federation!&quot;
6357005	Collect extract from veridia plants on the grounds nearby the ranch.
6357006	Deliver the extract to Haines.
6358001	Uncovering Glyphs
6358002	&quot;Thank you!&quot;
6358003	Visit Phidias in the Legion of Arms.
6359001	Inventory Trick
6359002	&quot;Bigger packs? Yes, please!&quot;
6359003	Speak with Getty in Freedom Plaza.
6361001	Dynamic Veridian
6361002	&quot;It will indeed!&quot;
6361003	Report to Dougal at the headquarters in Velika.
6361004	Get some extract.
6361005	Visit Ranch Owner Haines at the outskirts of Velika.
6361006	&quot;It's an honor to serve.&quot;
6361007	Collect extract from veridia plants on the grounds near the ranch.
6361008	Deliver the extract to Haines.
6364001	[Dungeon - 453] Velik’s Hold
6364002	I will investigate the earthquakes.
6364003	Talk to Seir in Velika.
6364004	Velik's Steps
6364005	Earth tremors can be felt more strongly here. This must be the way to the underground.
6364006	Go to Velik's Steps and find the secret entrance to the underground.
6364007	Velik's Underground Passage
6364008	Arrived at Velik's Underground Passage.
6364009	Use the teleportal to enter Velik's Hold, and investigate the earthquakes.
6364010	Kill all Archdevan soldiers under Velika.
6364011	Unstable Path
6364012	A massive tremor shakes the area. This may be related to the Archdevan Imperial Army.
6364013	Continue investigating.
6364014	Defeat Kavador the Pathfinder.
6364015	Fractured Halls
6364016	This place also seems to have been occupied by the Archdevan Imperial Army.
6364017	Find clues that link the earthquakes in Velika to the Archdevan Imperial Army.
6364018	Kill all Archdevan soldiers occupying the Fractured Halls.
6364019	Defeat Prokyon the Cyasmic Mystic Stone.
6364020	Velik's Passage
6364021	
6364022	Find clues that link the earthquakes in Velika to the Archdevan Imperial Army.
6364023	Defeat Veldeg the Siegework.
6364024	Claim reward.
6364025	Report back to Seir.
6365001	[Dungeon - 453] Velik’s Sanctuary
6365002	Valkyon Federation Headquarters
6365003	
6365004	You must report on what happened in Velik's Hold.&#xA;Find Seir in Velika Headquarters and report that Lakan has penetrated further into Velik's Hold, destroying the bridge behind him.
6365005	&quot;Count on me.&quot;
6365006	Talk to Seir.
6365007	Velik's Sanctuary
6365008	
6365009	Enter Velik's Sanctuary through {@LinkCreature:63#9981#Teleportal}.
6365010	Velik's Sanctuary
6365011	
6365012	Talk to Velik’s Priestess to enter Velik's Sanctuary.
6365013	Defeat the archdevan forces occupying Velik's Sanctuary.
6365014	Defeat Revived Darkan.
6365015	Velik's Sanctuary
6365016	
6365017	Find Velik.
6365018	Defeat the Archdevan Imperal Army occupying Velik's Sanctuary.
6365019	Defeat Revived Dakuryon.
6365020	Velik's Sanctuary - Main Square
6365021	
6365022	Velik's Sanctuary - Bypass
6365023	
6365024	Lakan's minions have seized the Main Square.&#xA;The path to Velik's Shrine is on the left.&#xA;Choose whether to defeat the minions yourself or forge ahead, leaving them for the Velikan forces.
6365025	Defeat the Abomination.
6365026	Velik's Sanctuary
6365027	
6365028	Use the teleportal to go to Velik's Shrine.
6365029	Defeat Lakan.
6365030	Claim reward.
6365031	Return to Velika Headquarters and talk to Seir.
6367001	Purchase Authorization - Advanced Supplies
6367002	OK.
6367003	Talk to Supply Commissioner {@creature:63#6114$$Kethenn}.
6368001	Purchase Authorization - Master Supplies
6368002	OK.
6368003	Talk to Supply Comissioner {@creature:63#6115$$Mia}.
6369001	Aerial Guardian
6369002	&quot;Five essences. Understood.&quot;
6369003	Find {@LinkCreature:63#6001#Launa} on a pillar near Valkyon Federation Headquarters.
6369004	Freedom Plaza
6369005	
6369006	Collect the {@LinkCreature:63#6002#First Essence} floating above Freedom Plaza.
6369007	Freedom Plaza
6369008	
6369009	Collect the {@LinkCreature:63#6003#Second Essence} floating above Freedom Plaza.
6369010	Freedom Plaza
6369011	
6369012	Collect the {@LinkCreature:63#6004#Third Essence} floating above Freedom Plaza.
6369013	Freedom Plaza
6369014	
6369015	Collect the {@LinkCreature:63#6005#Fourth Essence} floating above Freedom Plaza.
6369016	Freedom Plaza
6369017	
6369018	Collect the {@LinkCreature:63#6006#Fifth Essence} floating above Freedom Plaza.
6369019	&quot;Understood.&quot;
6369020	Return to {@LinkCreature:63#6001#Launa} on the pillar near Valkyon Federation Headquarters.
6369021	Interact with flying objects 100 times in Guardian Legion flight missions.&lt;br&gt;[Use&lt;img src='img://__Icon_KeyboardShape.Keyboard_M' width='18' height='18' vspace='-6'/&gt; key to open the world map and activate Guardian mode. Press the blue shield icon to join a Guardian Legion flight mission.]
6369022	&quot;Can't wait.&quot;
6369023	Receive reward from {@LinkCreature:63#6001#Launa} on the pillar near Valkyon Federation Headquarters.
6370001	Collecting Cards
6370002	&quot;Alright.&quot;
6370003	Speak with Lenarive.
6370004	Defeat 10 Snuffling Warthogs.
6370005	&quot;Alright.&quot;
6370006	Report to Lenarive.
6370007	&quot;Alright.&quot;
6370008	Speak with Lenarive again.
6370009	Take damage from a Grazing Noruk after equipping the Grazing Noruk card.&lt;BR&gt;&lt;BR&gt;&lt;font color='#FF0000'&gt;- You must add 20 card fragments to your collection to equip the card.&lt;/font&gt;
6370010	&quot;Alright.&quot;
6370011	Report to Lenarive.
6370012	Receive the Seir Card.
6370013	Receive card fragments from Seir.
6370014	&quot;Alright.&quot;
6370015	Report to Lenarive.
6370016	Take damage from a Grazing Noruk after selecting 'Long for Peace' from the collection effect page.
6370017	&quot;Glad to help.&quot;
6370018	Report to Lenarive.
6371001	Neverending War Story I 
6371002	&quot;Alright.&quot;
6371003	Speak with Dougal.
6371004	Defeat Dougal's targets.
6371005	&quot;Thank you.&quot;
6371006	Report to Dougal.
6372001	Neverending War Story II
6372002	&quot;Alright.&quot;
6372003	Speak with Dougal again.
6372004	Defeat Dougal's targets.
6372005	&quot;Thank you.&quot;
6372006	Report to Dougal.
6378001	Snowballs for Peace
6378002	How may I help you?
6378003	Go find {@linkcreature:63#9004} in Velika.
6378004	&quot;On my way&quot;
6378005	&quot;Go on...&quot;
6378006	Win a battle in the Wintera Snowfield.
6378007	You're back!&#xA;&#xA;Who won? Red or blue?
6378008	&quot;Thanks for this.&quot;
6378009	Return to {@linkcreature:63#9004} in Velika.
6381001	We Have the Technology
6381002	Hang on to these. You'll need them.
6381003	&quot;Let's go shopping.&quot;
6381004	Report to {@linkcreature:63#1160} at {@Rgn:63009} in {@Rgn:63001}.
6381005	&quot;I'm ready.&quot;
6381006	Buy 20 tier 3 alkahests from {@linkcreature:63#1103} in {@Rgn:63016}.
6381007	Report to {@linkcreature:63#1605} at the {@Rgn:63003}.
6383001	Santia's Workshop
6383002	&quot;I'll talk to Varesha.&quot;
6383003	Meet Santia in the Creation Workshop.
6383004	&quot;Something to process ore.&quot;
6383005	Speak with {@LinkCreature:63#1193}.
6383006	&quot;Great, thanks!&quot;
6383007	Speak with {@LinkCreature:63#1199}.
6383008	Learn the design by right-clicking it in your inventory.
6383009	You have successfully learned the crafting skill.
6383010	&quot;Thank you.&quot;
6383011	Process the {@RawItem:206809} to make a {@RawItem:206814}.
6383012	Deliver the {@RawItem:206814} to Santia.
6384001	Enchanting for Dummies
6384002	Let's get started.
6384003	Alkahest is essential for enchanting.
6384004	&quot;Understood.&quot;
6384005	Speak with {@linkcreature:63#1605}.
6384006	Enchant an item to +1. (Dismantle other equipment of that tier for feedstock. Purchase alkahest for that tier from general merchants.)
6384007	Successful enchantment.
6384008	&quot;All right.&quot;
6384009	Successful enchantment. Speak with {@linkcreature:63#1605}.
6385001	Enchanting for Dummies Part 2
6385002	Enchanting equipment gives you an edge.
6385003	Enchant three times.
6385004	Successful enchantment.
6385005	&quot;Thank you.&quot;
6385006	Successful enchantment. Speak with {@linkcreature:63#1605}.
6395001	Snow Fighting
6395002	Win in Wintera Snowfield (Classic).
6395003	
6395004	&quot;That was fun!&quot;
6395005	Find {@linkcreature:63#9004} in Velika.
7205001	Clue of Hope
7205002	&quot;...&quot;
7205003	&quot;Don't you believe me?&quot;
7205004	&quot;How did you know?&quot;
7205005	Report to Fraya at Allemantheia Headquarters.&#xA;[Speak with {@linkcreature:72#1103#Arshadh} to enter the Allemantheia Headquarters.]
7205006	&quot;I understand.&quot;
7205007	City Teleportal
7205008	This is the City Teleportal Fraya was talking about.
7205009	Go to the Allemantheia City Teleportal.
7205010	Front of Mysterium
7205011	You hear people talking about argon research.
7205012	Use the City Teleportal to go to the Mysterium at the Arcane Symposium.
7205013	Mysterium
7205014	They're back to work. You can feel the tension. 
7205015	Use the City Teleportal to go to the Mysterium at the Arcane Symposium.
7205016	&quot;Okay.&quot;
7205017	Go to {@linkcreature:72#1111#Ryshan}.
7205018	Combine the Argon Structure fragment to the withered leaf.&#xA;[Press &lt;img src='img://__Icon_KeyboardShape.Keyboard_I' width='18' height='18' vspace='-6'/&gt; key to open inventory and use Argon Structure Fragment.]
7205019	The two objects combined to make a new one!
7205020	&quot;I'll answer as best as I can.&quot;
7205021	Deliver the argonized leaf to Ryshan.
7205022	&quot;Okay. I trust you.&quot;
7205023	&quot;I can't. It's classified.&quot;
7205024	Ask Ryshan what he wants to know about Stepstone Isle.
7205025	&quot;Right. Okay.&quot;
7205026	&quot;I'll pass that along.&quot;
7205027	Speak with Malachai.
7205028	&quot;Yes, ma'am.&quot;
7205029	Bring Malachai's request to Fraya at Allemantheia Headquarters and tell her what happened at the Mysterium.
7282001	Have you got a Golden Ticket?
7282002	Do you need any help?
7282003	I'm sorry, a bit busy here...
7282004	Talk to Don A. Tion.
7282005	&quot;All right... I'll give you just one.&quot;
7282006	&quot;Use it well.&quot;
7282007	Donate one Gold Ticket to Don A. Tion.
7282008	Bring a {@rawitem:71468$$Gold Ticket} to Don A. Tion in the Demon's Wheel.
7290001	Are You Not Entertained?
7290002	Victory in the Champions' Skyring
7290003	You've achieved victory in the Champions' Skyring!
7290004	&quot;Thank you!&quot;
7290005	Claim your reward from Allemantheia's battle secretariat.
7291001	We, Who Are About to Fight, Salute You (Battle)
7291002	Victory in the Champions' Skyring
7291003	You've achieved victory in the Champions' Skyring!
7291004	&quot;Thank you.&quot;
7291005	See the coordinator for your reward.
7292001	Blood and Sand (Battle)
7292002	Victory in the Champions' Skyring
7292003	You've achieved victory in the Champions' Skyring.
7292004	&quot;For the federation!&quot;
7292005	See the coordinator for your reward.
7293001	The Blood of Heroes (Battle)
7293002	Victory in the Champions' Skyring
7293003	You've achieved victory in the Champions' Skyring.
7293004	&quot;For the federation!&quot;
7293005	See the coordinator for your reward.
7294001	Blood and Honor (Battle)
7294002	Victory in the Champions' Skyring
7294003	You've achieved victory in the Champions' Skyring.
7294004	&quot;For the federation!&quot;
7294005	See the coordinator for your reward.
7295001	Fires of Glory (Battle)
7295002	Victory in Fraywind Canyon
7295003	You've earned a victory in Fraywind Canyon!
7295004	&quot;Thank you.&quot;
7295005	See the coordinator for your reward.
7296001	Fires of Valor (Battle)
7296002	Victory in Fraywind Canyon
7296003	You've earned a victory in Fraywind Canyon!
7296004	&quot;Thank you.&quot;
7296005	See the coordinator for your reward.
7297001	Fires of Honor (Battle)
7297002	Victory in Fraywind Canyon
7297003	You've achieved a victory in Fraywind Canyon!
7297004	&quot;Thank you.&quot;
7297005	See the coordinator for your reward.
7298001	Fires of Victory (Battle)
7298002	Victory in Fraywind Canyon
7298003	You've achieved a victory in Fraywind Canyon!
7298004	&quot;Thank you.&quot;
7298005	See the coordinator for your reward.
7299001	Sowing the Seeds of Blood
7299002	&quot;Yes, I am!&quot;
7299003	Seek out Erigar in the Agora.
8421001	Some Pig
8421002	Thank you!
8421003	Delicious!
8421004	{@Rgn:2001$$Fey Forest}
8421005	{@Rgn:13001$$Island of Dawn}
8421006	{@Rgn:19001$$Freeholds}
8421007	{@Rgn:23001$$Lake of Tears}
8421008	Speak to {@LinkCreature:84#1208$$Tapa}.
8421009	&quot;Here I go!&quot;
8421010	Hunt {@creature:2#8#hoglings} in the {@Rgn:2001$$Fey Forest} and harvest their meat.
8421011	Hunt {@creature:13#1#piglings} on the {@Rgn:13001$$Island of Dawn} and harvest their meat.
8421012	Hunt {@creature:19#1003#fat piglings} in {@Rgn:19001$$Freeholds} and harvest their meat.
8421013	Hunt {@creature:23#4#forest piglings} around the {@Rgn:23001$$Lake of Tears} and harvest their meat.
8421014	&quot;Thanks.&quot;
8421015	Hunt {@creature:2#8#hoglings} and harvest their meat for {@LinkCreature:84#1208$$Tapa}.
8421016	Deliver the pigling meat to {@Creature:84#1208$$Tapa} at {@Rgn:84101$$Kapina Camp}.
8421017	Return to Tapa.
8421018	Grilled Pigling
8421019	Deliver the grilled pigling to {@Creature:84#1217$$Kothul}.
8421020	&quot;It was my pleasure.&quot;
8422001	Spice it Up
8422002	You're a lifesaver!
8422003	Thanks again!
8422004	Hunt {@LinkCreature:5#10#toads} in {@Rgn:5001$$Tuwangi Mire}, and harvest peppercorns from their stomachs.
8422005	&quot;Thanks.&quot;
8422006	Hunt {@creature:5#10$$toads} and harvest peppercorns from their stomachs.
8422007	Take the carlams peppercorns to the herb gatherer, {@Creature:68#1012$$Huchu}, in {@Rgn:68001$$Pora Elinu}.
8422008	Huchu
8422009	Ground Carlams Pepper
8422010	Deliver ground carlams pepper to {@Creature:84#1209$$Ganim} at {@Rgn:84101$$Kapina Camp}.
8422011	&quot;No problem.&quot;
8491001	Fires of Conquest (Battle)
8491002	Victory in Fraywind Canyon
8491003	You've earned a victory in Fraywind Canyon!
8491004	&quot;Thank you.&quot;
8491005	See the coordinator for your reward.
8492001	Fires of Dominance (Battle)
8492002	Victory in Fraywind Canyon
8492003	You've earned a victory in Fraywind Canyon!
8492004	&quot;Thank you.&quot;
8492005	See the coordinator for your reward.
8493001	The Horns of Battle (Battle)
8493002	Victory in the Champions' Skyring
8493003	You've achieved victory in the Champions' Skyring.
8493004	&quot;For the federation!&quot;
8493005	See the coordinator for your reward.
8494001	The Horns of Triumph (Battle)
8494002	Victory in the Champions' Skyring
8494003	You've achieved victory in the Champions' Skyring.
8494004	&quot;For the federation!&quot;
8494005	See the coordinator for your reward.
8496001	[Battleground] To the Fraywind Canyon!
8496002	Fraywind Canyon is accessible through the Battleground Matching menu.
8496003	For the honor of the federation.
8496004	Win in the Fraywind Canyon
8496005	Winning in the Fraywind Canyon
8496006	&quot;For the federation.&quot;
8496007	Report to Emza in Kaiator Headquarters with the news of your victory
8701001	Called to Serve
8701002	&quot;What can I do to help?&quot;
8701003	&quot;I will deal with them.&quot;
8701004	Talk to Dorial.
8701005	Hunt orcan deserters.
8701006	&quot;I understand.&quot;
8701007	Talk to Dorial.
8701008	&quot;It was nothing.&quot;
8701009	Talk to Miayn.
8702001	The Ash Princess
8702002	&quot;I get it.&quot;
8702003	Attack the training dummy using Double Shear I.
8702004	&quot;Understood.&quot;
8702005	Talk to Larni.
8702006	Attack a training dummy using Grim Strike I.
8702007	&quot;As you wish.&quot;
8702008	Talk to Rida at the Princess' Quarters.
8702009	&quot;Watch me.&quot;
8702010	Talk to Tuaha.
8702011	Attack a training dummy using Spiral Barrage I.
8702012	&quot;Okay.&quot;
8702013	Talk to Tuaha.
8703001	Picking up the Pieces
8703002	&quot;Go on.&quot;
8703003	Rida's Token
8703004	Give Rida's token to Derinu.
8703005	&quot;I understand.&quot;
8703006	&quot;I understand.&quot;
8703007	Talk to Mirvan.
8703008	Hunt brutal orcan soldiers and their working dogs.
8703009	&quot;I understand.&quot;
8703010	Talk to Camp Manager Larion.
8703011	&quot;I understand.&quot;
8703012	Talk to Ansiny.
8703013	Hunt agitated bears, anxious faeries, and scared faeries.
8703014	&quot;I understand.&quot;
8703015	Talk to Raina.
8703016	&quot;I understand.&quot;
8703017	Talk to Kalido.
8703018	&quot;I understand.&quot;
8703019	Talk to Kelleher.
8703020	&quot;Thank you.&quot;
8703021	Talk to Hasran.
8704001	Secret of the Red Seal
8704002	&quot;I'm here to help.&quot;
8704003	&quot;I'll do what I can.&quot;
8704004	Recover the garrison supplies.
8704005	Bring the garrison supplies to Ketrath.
8704006	&quot;I'll go get them.&quot;
8704007	Talk to Leon.
8704008	&quot;I'll find him.&quot;
8704009	Talk to Esere.
8704010	&quot;Head back to the camp.&quot;
8704011	Talk to Milio.
8704012	Red Seal
8704013	Collect 20 red seals from tamed arachnens, orcan tamers, and orcan marauders.
8704014	Bring red seals to Lapau.
8704015	&quot;Who's here?&quot;
8704016	&quot;Thank you.&quot;
8704017	Talk to Mirvan.
8705001	Take the Fight to Them
8705002	&quot;Good idea.&quot;
8705003	Hunt elite orcan soldiers and elite war dogs.
8705004	&quot;I'll find her.&quot;
8705005	Find and talk to an awkward orcan soldier.
8705006	&quot;I'm on it.&quot;
8705007	Talk to Mirvan.
8705008	&quot;Mirvan will want to hear about this.&quot;
8705009	Investigate Rahto's journal at Rahto's home.
8705010	&quot;Understood.&quot;
8705011	Return to Mirvan at the altar.
8705012	Hunt Bleakrock shamans.
8705013	&quot;I understand.&quot;
8705014	Talk to the awkward orcan soldier again.
8705015	&quot;I'll take care of it.&quot;
8705016	Talk to Mirvan.
8705017	Hunt tamed basilisks.
8705018	&quot;Thank you.&quot;
8705019	Talk to Mirvan.
8706001	Those Who Sow the Wind...
8706002	&quot;I'm on my way.&quot;
8706003	Path to Pora Elinu
8706004	The only path to Pora Elinu is engulfed in flames.
8706005	Enter the Path to Pora Elinu.
8706006	Path to Pora Elinu
8706007	Pora Elinu is visible in the distance, beyond the orcan siege camp.
8706008	Use Cable Step and Shadow Step to pass quickly.
8706009	Hunt elite orcan combatants and sharp claw arachnens.
8706010	&quot;I'll do what I can.&quot;
8706011	Talk to Arin outside Pora Elinu.
8706012	&quot;You can count on me.&quot;
8706013	Talk to Meilyn inside Pora Elinu.
8706014	&quot;I understand.&quot;
8706015	Pick corpse-lash flowers.
8706016	Give the corpse-lash flowers to Meilyn.
8706017	&quot;I understand.&quot;
8706018	Talk to Arin outside Pora Elinu.
8706019	Supply Package
8706020	Bring Supply Package to Koro.
8706021	&quot;Thank you.&quot;
8707001	Reap the Whirlwind
8707002	&quot;It's as good as done.&quot;
8707003	Kill elite orcan combatants, elite Beakrock shamans, and enthralled raiders.
8707004	&quot;Consider it done.&quot;
8707005	Find Mirvan near the giant orcan corpse.
8707006	&quot;Seems easy enough.&quot;
8707007	Talk to Belgun.
8707008	Fight your way through enthralled mouldermen, bombers, and explosives handlers.
8707009	Rahto's Stone Heart
8707010	Kill Rahto and acquire Rahto's stone heart.
8707011	Give Rahto's stone heart to Princess Arin.
8707012	&quot;I was glad to help, princess.&quot;
8708001	Rise from the Ashes
8708002	&quot;I will do as you ask.&quot;
8708003	&quot;I understand.&quot;
8708004	Talk to Sujai inside Pora Elinu.
8708005	Requiem Flower
8708006	Place a Requiem Flower into the incense burner.
8708007	&quot;Be at ease, spirits. You are avenged.&quot;
8708008	&quot;I understand.&quot;
8708009	Talk to Sujai.
8708010	&quot;Thank you.&quot;
8708011	Talk to Rida.
8709001	New Member of the Federation
8709002	Take care! May Kaia give you strength.
8709003	&quot;I understand.&quot;
8709004	Speak with Rida at {@Rgn:84001$$Kaiator} Command Center again.
8709005	&quot;I'll think about it.&quot;
8709006	Talk to Commander {@creature:528#5005$$Tamur} at {@Rgn:84001$$Kaiator} Command Center.&#xA;[Speak with {@linkcreature:84#1088$$Yunari} to enter the Kaiator Command Center.]
8709007	&quot;I see. Okay, I accept.&quot;
8709008	Discuss Tamur's condition with Rida.
8709009	&quot;As ordered.&quot;
8709010	Report to {@creature:528#5005$$Tamur} at {@Rgn:84001$$Kaiator} Command Center that you'll join the federation.
8709011	&quot;I'm on my way.&quot;
8709012	Speak with {@creature:528#5011$$Ukenul} at {@Rgn:84001$$Kaiator} Command Center.
8709013	Front of Kaiator Command Center
8709014	Someone approaches.
8709015	Go outside Headquarters to meet Kunar.&#xA;[Speak with {@creature:528#5008$$Kamat} to go outside Headquarters.]
8709016	&quot;Sure. Okay.&quot;
8709017	Hasmina calls you over. Speak with Hasmina. 
8709018	Where Hasmina Went
8709019	Hasmina is waiting. 
8709020	Follow Hasmina.
8709021	Where Hasmina Went
8709022	Hasmina seems to be thinking deeply about something.
8709023	Follow Hasmina.
8709024	Kaiator Transporation Hall
8709025	You arrived at Kaiator Transporation Hall!
8709026	Follow Hasmina to the Kaiator Transporation Hall.
8709027	Kaiator Transporation Hall
8709028	You see the supplies ready.
8709029	Follow Hasmina to the Kaiator Transporation Hall.
8709030	&quot;Farewell.&quot;
8709031	Speak with Hasmina at the Transporation Hall.
8709032	&quot;Thank you.&quot;
8709033	Speak with Kunar and receive your supplies. 
9999001	Unavailable Quest
9999002	Understood.
9999003	Go to Chief of Staff Dougal at Velika Headquarters.
10001001	Those Who Give a Craft
10001002	&quot;I'll do that!&quot;
10001003	Find Maius in Velika.
10001004	&quot;Thanks.&quot;
10001005	Report to Kazadian.
10002001	Arming the Keeners
10002002	&quot;Glad I could be of service.&quot;
10002003	Create the recruit's twin swords.
10002004	Deliver the twin swords to Maius.
10003001	Honing Your Skill
10003002	&quot;I'll get to it.&quot;
10003003	Speak with Maius in Velika.
10004001	The Cutting Edge
10004002	&quot;On my way.&quot;
10004003	Craft metalworker's greatswords.
10004004	Take the greatswords to Maius for inspection.
10004005	
10004006	Metalworker's Greatsword
10004007	Deliver the greatswords to Jodoc in Crescentia.
10004008	&quot;For the federation!&quot;
10005001	Heavy Metal
10005002	&quot;I'll grab my tools.&quot;
10005003	Speak with Maius.
10006001	The Wright Stuff
10006002	&quot;You got it.&quot;
10006003	Craft metalwright greataxes.
10006004	Take the greataxes to Maius for inspection.
10006005	
10006006	Metalwright Greataxe
10006007	Deliver the greataxes to Prefect Paka in Popolion.
10006008	&quot;Um, you're welcome.&quot;
10007001	Get to the Point
10007002	&quot;I'll see what I can do.&quot;
10007003	Speak with Maius.
10008001	A Lot o' Lance
10008002	&quot;I'll do that!&quot;
10008003	Craft metalcrafter's lances.
10008004	Take the lances to Maius for inspection.
10008005	
10008006	Metalcrafter's Lance
10008007	Deliver the lances to Arkaius in Cutthroat Harbor.
10008008	&quot;You're quite welcome.&quot;
10009001	Pride and Prowess
10009002	&quot;I'll take care of it.&quot;
10009003	Speak with Maius.
10010001	Taking Up Arms
10010002	&quot;Of course.&quot;
10010003	Craft veteran's greatswords.
10010004	Take the greatswords to Maius for inspection.
10010005	
10010006	Veteran's Greatsword
10010007	Deliver the greatswords to Baruch in Tulufan.
10010008	&quot;Happy to help.&quot;
10011001	It's All About Focus
10011002	&quot;On my way.&quot;
10011003	Speak with Maius.
10011004	&quot;Understood. I think.&quot;
10011005	Speak with Dirine.
10012001	Walk Softly
10012002	&quot;Just happy to help!&quot;
10012003	Craft recruit's staves.
10012004	Take the staves to Maius.
10013001	Getting into Focus
10013002	&quot;Watch me go!&quot;
10013003	Speak with Maius.
10014001	Focus Fire
10014002	&quot;Very well.&quot;
10014003	Craft magicworker's discs.
10014004	Take the discs to Maius for inspection.
10014005	
10014006	Magicworker's Disc
10014007	Deliver the discs to Prefect Daven in Lumbertown.
10014008	&quot;You're most welcome.&quot;
10015001	Conduits of Power
10015002	&quot;As ordered.&quot;
10015003	Speak with Maius.
10016001	Variable Focus
10016002	&quot;I'll take care of it.&quot;
10016003	Craft magicworker's staves.
10016004	Take the staves to Maius for inspection.
10016005	
10016006	Magicworker's Staves
10016007	Deliver the staves to Jakarian in Chebika.
10016008	&quot;Use them well!&quot;
10017001	Hot Rods
10017002	&quot;Understood.&quot;
10017003	Speak with Maius in Velika.
10017004	&quot;Thanks.&quot;
10017005	Speak with Lenka in Pora Elinu.
10018001	Nature Likes Scepters
10018002	&quot;Great!&quot;
10018003	Craft a runicar scepter.
10018004	Deliver the scepter to Lenka.
10019001	Focus on Mastery
10019002	&quot;Thank you.&quot;
10019003	Speak with Jennes in Allemantheia.
10020001	The Better to Zot You With...
10020002	&quot;For Valkyon!&quot;
10020003	Craft veteran's discs.
10020004	Deliver the discs to Jennes.
10021001	Forging the Fundamentals
10021002	&quot;Of course.&quot;
10021003	Speak to Maius in Velika.
10021004	&quot;I like being useful.&quot;
10021005	Speak to Hadrak in Velika
10022001	All Suited Up
10022002	&quot;For Valkyon!&quot;
10022003	Craft recruit's hauberks.
10022004	Deliver the hauberks to Maius.
10023001	Foundry Fundamentals
10023002	&quot;Thanks.&quot;
10023003	Speak with Maius in Velika.
10024001	Suiting Up
10024002	&quot;I'll take care of it.&quot;
10024003	Craft metalworker's hauberks.
10024004	Take the hauberks to Maius for inspection.
10024005	
10024006	Metalworker Hauberk
10024007	Deliver the hauberks to Jodoc in Crescentia.
10024008	&quot;Just happy to help.&quot;
10025001	Layers Upon Layers
10025002	&quot;As ordered!&quot;
10025003	Speak with Maius in Velika.
10026001	The Wright Metals
10026002	&quot;I'm on it.&quot;
10026003	Craft metalwright hauberks.
10026004	Take the hauberks to Maius for inspection.
10026005	
10026006	Metalwright Hauberk
10026007	Deliver the huaberks to Prefect Paka in Popolion.
10026008	&quot;Done listening!&quot;
10027001	Meddling in Metals
10027002	&quot;As ordered.&quot;
10027003	Speak with Maius in Velika.
10028001	Forge This
10028002	&quot;Watch me work!&quot;
10028003	Craft metalcrafter's hauberks.
10028004	Take the hauberks to Maius for inspection.
10028005	
10028006	Metalcrafter's Hauberk
10028007	Deliver the hauberks to Arkaius in Cutthroat Harbor.
10028008	&quot;Use them well!&quot;
10029001	Works of Art and War
10029002	&quot;I hope I'm up to it!&quot;
10029003	Speak with Samiruuz in Allemantheia.
10030001	Armored Altitude
10030002	&quot;Thank you.&quot;
10030003	Craft officer's hauberks.
10030004	Deliver the hauberks to Samiruuz.
10031001	Seeking the Hide
10031002	&quot;Understood.&quot;
10031003	Speak with Maius in Velika.
10031004	&quot;All for me?&quot;
10031005	Speak with Jaeron in Velika.
10032001	Keener Skins
10032002	&quot;I'm honored to serve.&quot;
10032003	Craft recruit's cuirasses.
10032004	Deliver the cuirasses to Maius.
10033001	Hide and Stink
10033002	&quot;I'll take care of it.&quot;
10033003	Speak with Maius in Velika.
10034001	Tough, Yet Supple
10034002	&quot;Understood.&quot;
10034003	Craft leatherworker's cuirasses.
10034004	Take the cuirasses to Maius for inspection.
10034005	
10034006	Leatherworker's Cuirass
10034007	Deliver the cuirasses to Prefect Daven in Lumbertown.
10034008	&quot;You're most welcome.&quot;
10035001	No Skin off My Nose
10035002	&quot;Something new to learn. Excellent.&quot;
10035003	Speak with Maius in Velika.
10036001	Getting under Your Skin
10036002	&quot;I'll take care of it.&quot;
10036003	Craft Leatherwright's Cuirasses.
10036004	Take the armor to Maius for inspection.
10036005	
10036006	Leatherwright's Cuirass
10036007	Deliver the armor to Prefect Paka in Popolion.
10036008	&quot;Absolutely not!&quot;
10037001	Legacy of Leather
10037002	&quot;Will do!&quot;
10037003	Speak with Maius in Velika.
10038001	Field-Tested, Soldier-Approved
10038002	&quot;I'm on it.&quot;
10038003	Craft leathercrafter's vests.
10038004	Take the vests to Maius for inspection.
10038005	
10038006	Leathercrafter's Vest
10038007	Deliver the vests to Jakarian in Chebika.
10038008	&quot;For Valkyon!&quot;
10039001	A Touch Most Deft
10039002	&quot;As you wish.&quot;
10039003	Speak with Adjani in Allemantheia.
10040001	Elven Elegance
10040002	&quot;Of course.&quot;
10040003	Craft veteran's jerkins.
10040004	Deliver the jerkins to Adjani.
10041001	Needles and Threads
10041002	&quot;Understood.&quot;
10041003	Speak with Maius in Velika.
10041004	&quot;I'll do that.&quot;
10041005	Speak with Shapalyn.
10042001	Clothing the Keeners
10042002	&quot;My pleasure.&quot;
10042003	Craft recruit's robes.
10042004	Take the robes to Maius.
10043001	Clothing Time
10043002	&quot;Thanks.&quot;
10043003	Speak with Maius in Velika.
10044001	Carry a Tunic
10044002	&quot;Right away.&quot;
10044003	Craft clothworker's tunics.
10044004	Take the tunics to Maius for inspection.
10044005	
10044006	Clothworker's Tunic
10044007	Deliver the tunics to Prefect Paka in Popolion.
10044008	&quot;Enjoy them!&quot;
10045001	Weaving the Threads
10045002	&quot;Consider it done.&quot;
10045003	Speak with Maius in Velika.
10046001	Desert Threads
10046002	&quot;I'll take care of it.&quot;
10046003	Craft clothcrafter's robes.
10046004	Take the robes to Maius for inspection.
10046005	
10046006	Clothcrafter's Robes
10046007	Deliver the robes to Jakarian in Chebika.
10046008	&quot;Glad I could help.&quot;
10047001	Welcome to the Sweat Shop
10047002	&quot;I'll get out there.&quot;
10047003	Speak with Maius in Velika.
10047004	&quot;I'll do my best.&quot;
10047005	Speak with Lenka in Pora Elinu.
10048001	Under Pressure
10048002	&quot;Every little bit helps.&quot;
10048003	Craft clothcrafter's gowns.
10048004	Deliver the robes to Lienyn.
10049001	The Craft of the Robe
10049002	&quot;Indeed!&quot;
10049003	See Atiun in Allemantheia.
10050001	The Technique of the Robe
10050002	&quot;I can do that.&quot;
10050003	Create officer's robes for the war effort.
10050004	Take the robes to Atiun.
10051001	Learn to Make It Yourself
10051002	&quot;I can do that.&quot;
10051003	Report to Leytya.
10051004	&quot;For the federation!&quot;
10051005	Speak with Jerelyn in Velika.
10052001	Doing It for Yourself
10052002	&quot;Of course!&quot;
10052003	Create eggshell powder.
10052004	Deliver it to Jerelyn in Velika.
10052005	
10052006	Eggshell Powder
10052007	Take it to Leytya.
10052008	&quot;Glad I could help out.&quot;
10053001	Highly Experimental
10053002	&quot;I'm on it.&quot;
10053003	Talk to Tidak in Velika.
10053004	&quot;Happy to help.&quot;
10053005	See Jodoc in Crescentia.
10053006	
10053007	Recipe: Armor Cleanser
10053008	Take the recipe to Tidak.
10053009	&quot;Of course!&quot;
10054001	Alchemical Understanding
10054002	&quot;It's good to know I could help.&quot;
10054003	Create samples of Tidak's cleanser.
10054004	Take the cleanser to Tidak.
10055001	It's in the Water
10055002	&quot;Of course!&quot;
10055003	Speak to Tidak in Velika.
10055004	&quot;I can do that.&quot;
10055005	Visit Jakarian in Chebika.
10055006	
10055007	Oasis Water
10055008	Bring the water to Tidak.
10055009	&quot;Glad to help.&quot;
10056001	Smoke from the Water
10056002	&quot;It was my duty.&quot;
10056003	Create liquid smoke.
10056004	Take the liquid smoke to Tidak.
10057001	Moonlight Alchemy
10057002	&quot;I'll be happy to do it.&quot;
10057003	Visit Tidak in Velika.
10057004	&quot;I'll let him know.&quot;
10057005	Speak with Lenka in Pora Elinu.
10057006	&quot;Perhaps.&quot;
10057007	Return to Tidak in Velika.
10058001	Alchemy Managed
10058002	&quot;I don't know, but thanks.&quot;
10058003	Speak to Lenka again.
10058004	&quot;Glad to have helped.&quot;
10058005	Create medicated bandages with the juice of the fruit.
10058006	Take the bandages to Tidak.
10059001	Feeding the Troops
10059002	&quot;I'll help.&quot;
10059003	Talk to Tagat in Allemantheia.
10060001	Alchemical Nourishment
10060002	&quot;No, thank you.&quot;
10060003	Growth Serum
10060004	Take the finished product to Tagat.
10061001	Stretching Etchings 2
10061002	&quot;I appreciate this.&quot;
10061003	Obtain {@RawItem:206818} from a Crimson Essence, {@RawItem:206819} from an Earth Essence, and {@RawItem:206820} from an Azure Essence
10061004	Give your catch to Kundra.
10062001	Stretching Etchings 3
10062002	&quot;Thanks!&quot;.
10062003	Process the crystals into Silexes.
10062004	Give the processed Silexes to Kundra.
10063001	Stretching Etchings 4
10063002	&quot;Much appreciated.&quot;
10063003	Craft {@RawItem:206300}.
10063004	Give the crafted {@RawItem:206300} to Kundra.
10064001	Stretching Etchings 1
10064002	&quot;Yes, I'm ready.&quot;
10064003	Ask Kundra about etchings. You can find her in the Chamber of Artisans in Kaiator.
10101001	Equipping the Lancers
10101002	&quot;Thank you.&quot;
10101003	Speak to Taurmik.
10102001	Lancers Equipped
10102002	&quot;I did it for the federation.&quot;
10102003	Create weaponsmith's lances.
10102004	Take the lances to Taurmik.
10103001	The Way of Swords
10103002	&quot;I can do that.&quot;
10103003	See Caitius in Castanica.
10103004	
10103005	Design: Officer's Twin Swords
10103006	Take the design to Kazadian.
10103007	&quot;Okay.&quot;
10104001	Following the Sword Way
10104002	&quot;I was happy to help.&quot;
10104003	Create officer's twin swords.
10104004	Bring the swords to Kazadian.
10105001	Learning the Axe
10105002	&quot;I'll do it.&quot;
10105003	Speak to Kunar in Kaiator.
10105004	&quot;I'm happy to help.&quot;
10105005	Go to Guahir in Kaiator.
10106001	Crafting the Axe
10106002	&quot;I did my duty.&quot;
10106003	Create artisan greataxes.
10106004	Deliver the axes to Kunar.
10107001	The Skill of the Lance
10107002	&quot;I've got this.&quot;
10107003	See Kunar in Kaiator.
10107004	&quot;For the federation!&quot;
10107005	Talk to Rukeb in Habere.
10107006	
10107007	Design: Muhrak's Lance
10107008	Take the design to Guahir in Kaiator.
10107009	&quot;Happy to help.&quot;
10108001	Crafting the Lance
10108002	&quot;I do what I can.&quot;
10108003	Create Muhrak's lances.
10108004	Take the lances to Kunar.
10109001	Arming the Mystics
10109002	&quot;I'd be happy to help.&quot;
10109003	See Harmain in Allemantheia.
10110001	The How and Why of Scepters
10110002	&quot;No, thank you!&quot;
10110003	Create weaponsmith scepters.
10110004	Take the scepters to Gerain in Tralion.
10111001	Staffing Up
10111002	&quot;Happy to help out.&quot;
10111003	Talk to Jennes in Allemantheia.
10111004	&quot;On my way.&quot;
10111005	Visit Nunahd in Bleakrock.
10111006	
10111007	Design: Officer's Staff
10111008	Take the design to Jennes in Allemantheia.
10111009	&quot;Indeed.&quot;
10112001	Staff Turnover
10112002	&quot;Thank you.&quot;
10112003	Make officer's staves.
10112004	Take the staves to Jennes.
10113001	Disc Design
10113002	&quot;Watch me work.&quot;
10113003	See Jennes in Allemantheia.
10114001	Disc Delivery
10114002	&quot;I did what I could.&quot;
10114003	Create artificer discs for the war effort.
10114004	Bring the discs to Anelle in the Quarantine Zone Research Center.
10115001	Improved Scepters
10115002	&quot;I'm just glad to know I can help.&quot;
10115003	Talk to Jennes in Allemantheia.
10116001	Scepter Skills
10116002	&quot;For Valkyon!&quot;
10116003	Create artisan scepters for the war effort.
10116004	Take the scepters to to Kunar.
10117001	Heavy Learning
10117002	&quot;I'm happy to help.&quot;
10117003	See Harmain in Allemantheia.
10118001	Hauberk Lifting
10118002	&quot;Shall I take them there?&quot;
10118003	Make officer's hauberks.
10118004	Take the hauberks to Harmain in Allemantheia.
10118005	
10118006	Officer's Hauberk
10118007	Take the hauberks to Georrif in Acarum.
10118008	&quot;It was only my duty.&quot;
10119001	Heavy Metal
10119002	&quot;I can do that.&quot;
10119003	Go to Barsen in Castanica.
10119004	
10119005	Design: Artisan Hauberk
10119006	Take the design to Hadrak.
10119007	&quot;Happy to help.&quot;
10120001	Putting the Art in Artisan
10120002	&quot;I was happy to help.&quot;
10120003	Create artisan hauberks for the war effort.
10120004	Take the armor to Hadrak.
10121001	Forged Design
10121002	&quot;I'll do it.&quot;
10121003	Visit Kunar in Kaiator.
10121004	&quot;As ordered!&quot;
10121005	Speak with Siorna in Kaiator.
10122001	Hauberks for the War
10122002	&quot;I was happy to help.&quot;
10122003	Create artificer hauberks.
10122004	Take the armor to Kunar.
10123001	Weighty Matters
10123002	&quot;I'll do it.&quot;
10123003	Go to Kunar in Kaiator.
10123004	&quot;Okay.&quot;
10123005	Go to Rukeb in Habere.
10123006	
10123007	Design: Muhrak's Hauberk
10123008	Bring it to Siorna.
10123009	&quot;I'm happy I could help.&quot;
10124001	Full Metal Crafting
10124002	&quot;I did my duty.&quot;
10124003	Make Muhrak's hauberks for the war effort.
10124004	Take the armor to Kunar.
10125001	Bear Necessities
10125002	&quot;I'll do it.&quot;
10125003	Speak to Harmain in Allemantheia.
10125004	&quot;Okay.&quot;
10125005	Get bear skins from Nunahd in Bleakrock.
10125006	
10125007	Bear Skins
10125008	Bring the skins to Adjani in Allemantheia.
10125009	&quot;I was happy to help.&quot;
10126001	Officer's Leathers
10126002	&quot;Thanks!&quot;
10126003	Create officer's cuirasses for the war effort.
10126004	Bring the armor to Harmain.
10127001	Leather Arts
10127002	&quot;I'll do it right away.&quot;
10127003	Speak to Sophilia in Castanica.
10127004	
10127005	Design: Artisan Harness
10127006	Take the design to Jaeron.
10127007	&quot;Glad I could help.&quot;
10128001	Leather Leaders
10128002	&quot;I was happy to help.&quot;
10128003	Create artisan harnesses for the war effort.
10128004	Bring the armor to Jaeron.
10129001	Hell for Leather
10129002	&quot;Happy to help.&quot;
10129003	Speak with Maius in Velika.
10130001	Apply the Leather
10130002	&quot;I can do it.&quot;
10130003	Create artificer cuirasses for the war effort.
10130004	Take the armor to Maius.
10130005	
10130006	Artificer Cuirass
10130007	Take the armor to Arkaius.
10130008	&quot;I'm happy I could help.&quot;
10131001	Best Leathers
10131002	&quot;On my way.&quot;
10131003	Speak with Kunar in Kaiator.
10131004	&quot;It'd be my honor.&quot;
10131005	Speak with Serjen in Kaiator.
10132001	Top Leather
10132002	&quot;Thank you.&quot;
10132003	Create Muhrak's jerkins for the war effort.
10132004	Take the armor to Kunar.
10133001	Mad Cloth Skills
10133002	&quot;Thank you.&quot;
10133003	Go to Harmain in Allemantheia.
10134001	Robes for the Troops
10134002	&quot;Happy to be of help.&quot;
10134003	Create officer's robes for the argon front.
10134004	Take the robes to Gerain.
10135001	Fine Cloth Armor
10135002	&quot;Thanks.&quot;
10135003	Go to Atiun in Allemantheia.
10136001	The Whole Cloth
10136002	&quot;It was my duty.&quot;
10136003	Create artisan robes for the war effort.
10136004	Bring what you've made to Korona.
10137001	Embellish the Cloth
10137002	&quot;I'll do it.&quot;
10137003	Visit Harmain in Allemantheia.
10137004	&quot;All right.&quot;
10137005	Speak with Lethaniel in Elenea.
10137006	
10137007	Eldritch-Stitched Applique
10137008	Take the applique to Atiun in Allemantheia.
10137009	&quot;Thanks!&quot;
10138001	Enhanced Cloth
10138002	&quot;I did my duty.&quot;
10138003	Create artisan robes for the war effort.
10138004	Bring the armor to Atiun.
10139001	Strengthen the Cloth
10139002	&quot;I can do that.&quot;
10139003	Go to Kunar in Kaiator.
10139004	&quot;Thank you.&quot;
10139005	Visit Eltarun in Scythera Fae.
10139006	
10139007	Strengthening Solution
10139008	Take the solution to Saurem in Kaiator.
10139009	&quot;I was happy to help.&quot;
10140001	Crafting the Cloth
10140002	&quot;Glad I could help.&quot;
10140003	Create artificer robes for the war effort.
10140004	Take the robes to Saurem.
10141001	Master's Call
10141002	&quot;I'll make them.&quot;
10141003	See Atiun in Allemantheia.
10142001	The Robe to Mastery
10142002	&quot;I'm happy to help.&quot;
10142003	Craft weatherproof robes.
10142004	Take the robes to Nunahd in Bleakrock.
10143001	Aligning with the Alchemy
10143002	&quot;I'll do what I can.&quot;
10143003	See Atiun in Allemantheia.
10143004	&quot;I'll do my best.&quot;
10143005	Go to Lethaniel in Elenea.
10144001	Assenting to the Alchemy
10144002	&quot;Glad it helps.&quot;
10144003	Create copies of the scroll of the ages.
10144004	Take the scrolls to Atiun.
17201001	Supplies and Demands
17201002	&quot;I see.&quot;
17201003	Use the Airship Platform Teleport Scroll to go to Velika Outskirts and speak with Nari.
17201004	Nari's Note
17201005	Talk to Jemo.
17201006	&quot;I understand.&quot;
17201007	&quot;I got this.&quot;
17201008	Collect emberbloom flowers.
17201009	Deliver the emberblooms to Jemo.
17201010	Emberbloom Oil Crate
17201011	Deliver the emberbloom oil to Tonas.
17201012	&quot;Okay.&quot;
17201013	Strong Bough
17201014	Hunt Leafgarb Ghilliedhus and Rotbough Mycanars.
17201015	Deliver the boughs to Tonas.
17201016	&quot;All right.&quot;
17201017	Fresh Bear Meat
17201018	Hunt Starving Velika Bears for their meat.
17201019	Deliver the bear meat to Tonas.
17201020	&quot;You're welcome.&quot;
17202001	Checked Baggage
17202002	
17202003	Jeweled Box
17202004	Deliver the jeweled box to Tamari.
17202005	&quot;Thanks.&quot;
17202006	Hill leading to the airship dock.
17202007	That popori needs help…
17202008	Climb the hill behind Tamari.
17202009	&quot;I'll fetch them.&quot;
17202010	Talk to Paesyn.
17202011	&quot;Got it.&quot;
17202012	Collect the important secret papers.
17202013	Deliver the papers to Paesyn.
17202014	&quot;Got it.&quot;
17202015	Talk to Rafe.
17202016	
17202017	Passenger Manifest
17202018	Deliver the manifest to Maribel.
17202019	&quot;For the federation!&quot;
17203001	Worse than the Disease…
17203002	&quot;I see.&quot;
17203003	&quot;Understood.&quot;
17203004	Speak with Caenia.
17203005	Writhing Scouts
17203006	You see the missing soldiers.
17203007	Look for the missing soldiers.
17203008	&quot;Sure thing.&quot;
17203009	Talk to Eduyar.
17203010	&quot;Disgusting, but okay.&quot;
17203011	Talk to Tilda.
17203012	&quot;Oh, he'll get his.&quot;
17203013	Collect herbaceous extrusions.
17203014	Feed Eduyar the herbaceous extrusions.
17203015	&quot;It's, uh, medicine.&quot;
17203016	Talk to Actol.
17203017	&quot;Thanks.&quot;
17203018	Speak with Caenia.
17204001	The Sky Cruiser
17204002	&quot;I will.&quot;
17204003	&quot;I'll get it to him.&quot;
17204004	Speak with Zolyn.
17204005	Sky Cruiser Actuator
17204006	Deliver the actuator to Dougal inside platform building.
17204007	&quot;I understand.&quot;
17204008	&quot;Sounds good.&quot;
17204009	Talk to Dougal.
17204010	Intrepid Corridor
17204011	Arrived at the corridor.
17204012	Board Intrepid by talking to Pyon.
17204013	&quot;She's incredible.&quot;
17204014	Talk to Dougal.
17204015	&quot;Let's go.&quot;
17204016	This is your cabin. Not fancy, but comfortable. I'll be on deck.
17204017	Follow Dougal to your cabin.
17204018	&quot;Thank you.&quot;
17204019	Talk to Eduyar.
17205001	An Army Travels on its Stomach
17205002	&quot;Thanks.&quot;
17205003	&quot;Sure.&quot;
17205004	Speak with Verod.
17205005	&quot;All right.&quot;
17205006	Look for ginger in the footlockers.
17205007	Give the ginger to Actol.
17205008	&quot;Very well.&quot;
17205009	Talk to Fieri.
17205010	&quot;It probably won't kill me.&quot;
17205011	Inspect Fieri's dish.
17205012	Taste the deep-fried...something.
17205013	Your stomach revolts and begs for the sweet release of death.
17205014	&quot;This had better taste delicious.&quot;
17205015	Talk to Fieri.
17205016	&quot;This looks promising.&quot;
17205017	Inspect Fieri's new dish.
17205018	Taste the chef's minor surprise.
17205019	It tastes a bit better, but you still think a gula and tuwangi cooked it.
17205020	&quot;Maybe I'll move to Shara.&quot;
17205021	Talk to Fieri.
17206001	In-Flight Entertainment
17206002	&quot;Got it.&quot;
17206003	
17206004	Fieri's Lunchbox
17206005	Deliver Paesyn's lunch.
17206006	&quot;Absolutely.&quot;
17206007	&quot;I'll take it.&quot;
17206008	Talk to Paesyn.
17206009	&quot;Yes, ma'am.&quot;
17206010	Deliver the poem to Zolyn.
17206011	&quot;Very well.&quot;
17206012	Talk to Haruho.
17206013	&quot;To arms! Repel boarders!&quot;
17206014	Talk to Pico.
17206015	Defeat the attackers.
17206016	&quot;I understand.&quot;
17206017	Talk to Pico.
17206018	Found the door to the deck.
17206019	Talk to Lekul to go on deck!
17206020	Find Lekul and look for the way to the deck.
17206021	&quot;I'm here to help.&quot;
17206022	Proceed to the deck and report to Dougal.
17207001	The Battle for Intrepid
17207002	&quot;Understood.&quot;
17207003	&quot;I'm on it.&quot;
17207004	Speak with Dougal.
17207005	&quot;Leave him to me.&quot;
17207006	Speak with Zolyn.
17207007	Kill Shiaka before he destroys Intrepid.
17207008	&quot;Count on it.&quot;
17207009	Speak with Zolyn.
17207010	Escort Paesyn.
17207011	Thank you. You saved me!
17207012	Escort Paesyn to Dougal.
17207013	&quot;Got it.&quot;
17207014	Talk to Dougal.
17207015	Sound the horn.
17207016	The horn sounds the order to abandon the sky cruiser.
17207017	&quot;Yes, sir!&quot;
17207018	Speak with Dougal.
17207019	&quot;Thank her for me.&quot;
17207020	Talk to Paesyn.
17208001	Rough Landing
17208002	&quot;Certainly.&quot;
17208003	&quot;On my way.&quot;
17208004	Collect the supply crates.
17208005	Deliver the supply crates to Dougal.
17208006	&quot;Fine! I will.&quot;
17208007	Speak with Zolyn.
17208008	&quot;Hang on, soldier!&quot;
17208009	Speak with Tysan.
17208010	&quot;Don't give up, Broderik.&quot;
17208011	Talk to Broderik.
17208012	&quot;I'll tell Dougal.&quot;
17208013	Speak with Zolyn.
17208014	&quot;For the federation!&quot;
17208015	Talk to Dougal.
17209001	Augurs and Omens
17209002	&quot;No problem.&quot;
17209003	Intrepid's Wreckage
17209004	Intrepid is visible, atop the cliff.
17209005	Search &lt;font color='#2478FF'&gt;&lt;A href=&quot;markmap:loc=7031#-14235, -10532, -607&amp;type=1&amp;name=along the road&quot;&gt;along the road&lt;/A&gt;&lt;/font&gt;.
17209006	&quot;Okay.&quot;
17209007	Check in with Urolin.
17209008	Launch the flare.
17209009	The flare gleams bright in the sky.
17209010	&quot;I'll see what I can do.&quot;
17209011	Talk to Urolin
17209012	Kill kobifrill mandrills.
17209013	Bridge to Camp
17209014	You spot a humanoid figure on the bridge.
17209015	Continue your reconnaissance.
17209016	&quot;I'll talk to him.&quot;
17209017	Talk to Bagi.
17209018	
17209019	Bagi's Scroll
17209020	Deliver the scroll to Rhodos.
17209021	&quot;I'm on it.&quot;
17209022	&quot;Umm, all right.&quot;
17209023	Speak with Madat.
17209024	&quot;Hatishna.&quot;
17209025	Speak with Rhodos.
17210001	Trials and Errors
17210002	&quot;Got it.&quot;
17210003	Arachnens
17210004	Kill fulvous and rufous arachnens.
17210005	&quot;I'll be back.&quot;
17210006	Speak with Rhodos.
17210007	&quot;These look like shell fragments.&quot;
17210008	Look for clues at Madat's hut.
17210009	&quot;Rhodos should see this.&quot;
17210010	Investigate the broken urn.
17210011	&quot;The who?&quot;
17210012	Show the urn fragments to Rhodos.
17211001	The Valley of the Guwangi
17211002	&quot;Got it.&quot;
17211003	&quot;This sounds like Madat.&quot;
17211004	Follow the trail west and look for clues about Madat's kidnapping.
17211005	Search guwangi patrols for clues about Madat's whereabouts.
17211006	&quot;This looks promising.&quot;
17211007	Search for Madat in Mjusu Kraal.
17211008	&quot;Got it.&quot;
17211009	Talk to the frail man.
17211010	Guwangis
17211011	Kill &lt;font color='#2478FF'&gt;&lt;A href=&quot;markmap:loc=7031#-9807, -31902, -876&amp;type=1&amp;name=guwangis&quot;&gt;guwangis&lt;/A&gt;&lt;/font&gt; and search Mjusu Kraal.
17211012	Madat
17211013	That looks like Madat. Move closer.
17211014	Find Madat deep in Mjusu Kraal.
17211015	&quot;After you.&quot;
17211016	Speak with Madat.
17211017	&quot;Understood.&quot;
17211018	Speak to Rhodos on the hill overlooking Mjusu Kraal.
17211019	Found Mendara Cavern
17211020	This must be the cave Rhodos mentioned.
17211021	Climb the hill and find Found Mendara Cavern.
17211022	Guwangis and Arachnens
17211023	Fight your way through Mendara Cavern
17211024	&quot;Thank you.&quot;
17211025	Speak with Rhodos at the Khirian Sanctuary.
17212001	The Dangers of Diplomacy
17212002	&quot;I see.&quot;
17212003	&quot;Understood.&quot;
17212004	Talk to Dougal.
17212005	&quot;Of course.&quot;
17212006	Talk to Paesyn.
17212007	&quot;He wants you to like him.&quot;
17212008	Speak with Zolyn.
17212009	&quot;Understood.&quot;
17212010	Talk to Dougal.
17212011	&quot;I'm listening.&quot;
17212012	Speak with Rhodos.
17212013	&quot;I'm ready for anything.&quot;
17212014	Speak with Rhodos.
17212015	&quot;Think again.&quot;
17212016	Persuade Pariya.
17212017	Parthian Forces
17212018	Kill the &lt;font color='#2478FF'&gt;&lt;A href=&quot;markmap:loc=7031#-8445, -15601, 231&amp;type=1&amp;name=Parthians&quot;&gt;Parthians&lt;/A&gt;&lt;/font&gt;.
17212019	&quot;Keep studying.&quot;
17212020	Talk to Paesyn.
17213001	Mechanically Inclined
17213002	&quot;Got it.&quot;
17213003	&quot;Got it.&quot;
17213004	Collect engine fragments.
17213005	Deliver the engine fragments to Paesyn.
17213006	Parthians
17213007	Kill &lt;font color='#2478FF'&gt;&lt;A href=&quot;markmap:loc=7031#-6645, -6154, 2123&amp;type=1&amp;name=Parthian adepts and snipers&quot;&gt;Parthian adepts and snipers&lt;/A&gt;&lt;/font&gt; to reach the engine.
17213008	Investigate Intrepid's engine.
17213009	&quot;All right.&quot;
17213010	Talk to Dougal.
17213011	Parthians
17213012	Kill &lt;font color='#2478FF'&gt;&lt;A href=&quot;markmap:loc=7031#-6399, -7937, 1618&amp;type=1&amp;name=Parthian brutes and bloodclaws&quot;&gt;Parthian brutes and bloodclaws&lt;/A&gt;&lt;/font&gt; to rendezvous with Rhodos.
17213013	&quot;Too true.&quot;
17213014	Speak with Rhodos.
17214001	The Not-So-Great Escape
17214002	&quot;All right.&quot;
17214003	Passage to Spring Valley
17214004	You see a traveler with an injured mount.
17214005	Find the route to Spring Valley.
17214006	&quot;Let's get you some help.&quot;
17214007	Talk to Mihog.
17214008	&quot;I'll stop him.&quot;
17214009	Speak with Rhodos.
17214010	&quot;He's bandaged his wounds.&quot;
17214011	Look for Mihog.
17214012	&quot;West? Thanks.&quot;
17214013	See if the goblins have spotted Mihog.
17214014	&quot;Just a little.&quot;
17214015	Speak with the sentry.
17214016	&quot;I wonder...&quot;
17214017	Find Mihoq.
17216001	A New Threat
17216002	&quot;I understand.&quot;
17216003	Speak with Tamur.&#xA;[Speak with {@linkcreature:84#1088$$Yunari} to enter the Kaiator Command Center.]
17216004	Meeting Point
17216005	Someone just arrived from Velika. 
17216006	Our guests are in the Plaza of Triumph.&#xA;[Speak with {@creature:528#5008$$Kamat} to go outside Headquarters.]
17216007	&quot;I understand.&quot;
17216008	Deliver the Processed Aeonalis Pylons to Paesyn.
17216009	&quot;I understand.&quot;
17216010	Ask Dougal about his mission. 
17216011	&quot;I understand.&quot;
17216012	Ask Paesyn how you can go to Velika.
17216013	Valkyon Federation Commander Residence
17216014	You arrived at the secret rendezvous. What could be going on?
17216015	Talk to Paesyn and go to rendezvous.&#xA;[Speak with {@linkcreature:84#10038$$Paesyn} to teleport to Valkyon Federation Commander Residence.]
17216016	&quot;Are you sure? Tell me what happened.&quot;
17216017	Speak with Seir.&#xA;[Speak with {@linkcreature:84#10038$$Paesyn} to teleport to Valkyon Federation Commander Residence.] 
17216018	&quot;This is the philter?&quot;
17216019	Speak with Seir again.&#xA;[Speak with {@linkcreature:84#10038$$Paesyn} to teleport to Valkyon Federation Commander Residence.] 
17216020	&quot;You did well.&quot;
17216021	Ask Kamia what happened.&#xA;[Talk to {@linkcreature:84#10038$$Paesyn} to teleport to the Federation Commander’s Residence.]
17216022	Calm down Grapine and try to speak with him.
17216023	The deva empire...will win back glory...with Lakan's...no, NO!
17216024	&quot;I can help you. Tell me.&quot;
17216025	&quot;What are you hiding?&quot;
17216026	Grapine came back to his senses. Ask what happened.&#xA;[You can advance this quest only when you use the sedative to {@linkcreature:503#2006#Grapine}.]
17216027	&quot;Calm down.&quot;
17216028	Archdevan Mark
17216029	For Lakan!
17216030	Urgh...how...
17216031	Defeat Grapine and the demokrons from the rift. Collect the Archdevan Mark.
17216032	Show the archdevan mark to Seir.
17216033	&quot;I understand.&quot;
17216034	Archdevan Mark
17216035	Defeat the demokrons from the rift and collect the Archdevan Mark.
17216036	Show the Archdevan Mark to Seir.
17216037	&quot;I understand.&quot;
17216038	&quot;I understand.&quot;
17216039	Speak with Seir again.
17217001	Confident Support
17217002	Merchants?
17217003	Elleon?
17217004	Challenges?
17217005	Speak to Leander. 
17217006	&quot;Okay.&quot;
17217007	&quot;I'll deliver the message.&quot;
17217008	Talk to Seir.
17217009	&quot;Okay.&quot;
17217010	Report back to {@creature:84#1088$$Yunari}.&#xA;[Press &lt;img src='img://__Icon_KeyboardShape.Keyboard_I' width='18' height='18' vspace='-6'&gt; key to open your inventory and use a Kaiator Teleport Scroll.]
17217011	&quot;I understand.&quot;
17217012	Deliver the Archdevan Mark to {@creature:528#5005$$Tamur}. 
17217013	&quot;Right. Okay.&quot;
17217014	Speak with {@creature:528#5011$$Ukenul}.
17217015	&quot;I understand.&quot;
17217016	Speak with Kaia. 
17217017	&quot;Thanks.&quot;
17217018	Speak with {@creature:528#5005$$Tamur}. 
17221001	[Dungeon] Thaumetal Refinery
17221002	&quot;Okay, got it.&quot;
17221003	Speak with Rhodos at the Khirian Sanctuary.
17221004	&quot;No problem. Let's see the map.&quot;
17221005	Use the {@LinkCreature:172#1032#Khirian Sanctuary teleport platform} to get to Yaldaru Hills. Speak with Joakim when you get there.
17221006	Use the map Joakim gave you.
17221007	Cliffs by the Pools of Zurusuru
17221008	This looks like a good place to take off.
17221009	Examine the place marked on the map.
17221010	Hidden Cave
17221011	This must be the cave Joakim mentioned.
17221012	Examine the place marked on the map.
17221013	Inside the Hidden Cave
17221014	You are inside the hidden cave.
17221015	Use the {@LinkCreature:172#1072#teleportal} to go the Thaumetal Refinery.
17221016	Inside the Hidden Cave
17221017	Something's happening.
17221018	Jump into the water to investigate below.
17221019	Defeat Birchback, then investigate deeper into the refinery.
17221020	Inside the Hidden Cave
17221021	Investigate the cave further.
17221022	Venture deeper into the refinery.
17221023	Mining Site
17221024	This looks like some kind of mine.
17221025	Go deeper into the compound to find out more about what's going on.
17221026	Defeat the miner servitor, then investigate deeper into the compound.
17221027	&quot;I'm on it.&quot;
17221028	See if Baidun has any information about the Archdevan Imperial Army's plan.
17221029	Trolley Entrance
17221030	You can probably ride that trolley.
17221031	Go into the cave below and search for the secret laboratory.
17221032	Trolley Exit
17221033	The Archdevan Imperial Army is here!
17221034	Take the trolley to the end of the line, then jump into the cave below.
17221035	Defeat the Archdevan Imperial Army.
17221036	Entrance to the Transgoblification Lab
17221037	It's the hooded figure and the Archdevan Camp Commander.
17221038	Go to the laboratory.
17221039	Transgoblification Lab
17221040	They've been experimenting on the goblins!
17221041	Enter the laboratory.
17221042	Defeat Gaaruksalk.
17221043	Hidden Cave
17221044	Something is going on.
17221045	Use the teleportal to get back.
17221046	&quot;I'm on my way.&quot;
17221047	&quot;What happened?&quot;
17221048	&quot;Of course.&quot;
17221049	Find Rhodos and tell him what happened.
17222001	[Dungeon - 457] RK-9 Kennel
17222002	&quot;I'm on my way.&quot;
17222003	Speak with Rhodos.
17222004	&quot;I'm on my way.&quot;
17222005	Speak with Roderan in Spring Valley.
17222006	&quot;You got it.&quot;
17222007	Find Donakim at Tranquility Falls. Tell him Rhodos sent you.
17222008	Behind Tranquility Falls
17222009	A mechanical whirring comes from behind the waterfall.
17222010	Investigate Tranquility Falls.
17222011	RK-9 Kennel
17222012	It's some kind of factory.
17222013	Use the {@LinkCreature:182#9735#teleportal} to investigate the facility.
17222014	Facility Entrance
17222015	Is that the hooded man?
17222016	Investigate further into the facility.
17222017	Portal
17222018	Wait...isn't that Randun?
17222019	Approach the portal.
17222020	Observation Room
17222021	
17222022	Follow Randun.
17222023	Randun finished RK-9 by equipping the bloodshard to it. Defeat RK-9.
17222024	Entrance to RK-9 Kennel
17222025	Rhodos and Donakim are waiting.
17222026	Use the {@LinkCreature:735#1501#teleportal} to exit the RK-9 Kennel.
17222027	&quot;Of course.&quot;
17222028	Speak to Rhodos.
18101001	I Bring Bad Tidings
18101002	&quot;Got it.&quot;
18101003	&quot;You can count on me.&quot;
18101004	Talk to Braga.
18101005	&quot;I'll tell him to prepare.&quot;
18101006	Inform Omeros that Verikam has been abducted.
18101007	&quot;I will.&quot;
18101008	Report back to Braga.
18102001	How Does This Work?
18102002	Receive Dougal's Letter.
18102003	Read Dougal's Letter.
18102004	
18102005	&quot;Thank you.&quot;
18102006	Tell Braga the contents of Dougal's letter.
18102007	&quot;Don't worry, Garm. I'll do my best.&quot;
18102008	Talk to Garm.
18103001	Stairway to Wisdom
18103002	&quot;Thank you again.&quot;
18103003	Ask Rimun for permission of entrance to Hall of Knowledge.
18103004	&quot;Sure, I can do that.&quot;
18103005	Ask Falim where Halran is.
18103006	(Collect the Book of the Wise.)
18103007	Climb the steps, gathering books.
18103008	(Collect the Book of the Learned.)
18103009	Climb the steps, gathering books.
18103010	(Collect the Book of the Sage.)
18103011	Climb the steps, gathering books.
18103012	(Collect the Book of the Cunning.)
18103013	Climb the steps, gathering books.
18103014	&quot;I am.&quot;
18103015	Find Halran and deliver the books.
18103016	
18103017	&quot;It's not...clear.&quot;
18103018	Commune with Mystel's Arcana.
18103019	&quot;It wouldn't be the first time.&quot;
18103020	Consult with Halran.
18103021	&quot;Hagand. Got it. And thank you.&quot;
18103022	Talk to Halran.
18104001	Harrier and Harrier
18104002	&quot;I'll do what I can.&quot;
18104003	Havenstone Ruins
18104004	
18104005	Go to Havenstone Ruins via Highwatch Southern Gate.
18104006	Demokron Shock Trooper
18104007	Kill &lt;font color='#2478FF'&gt;&lt;A href=&quot;markmap:loc=7031#18592, -4869, 3352&amp;type=1&amp;name=Demokron Shock Troopers&quot;&gt;Demokron Shock Troopers&lt;/A&gt;&lt;/font&gt;.
18104008	&quot;I hope what I am doing is helping.&quot;
18104009	Talk to Dadam.
18105001	Little Lost Lambs
18105002	&quot;I can help you, if you're ready to go.&quot;
18105003	Speak to the scared researcher.
18105004	&quot;You can count on me.&quot;
18105005	Thank you! I have to report Hagand that I have returned. Will you please go and console my friend Rogan that I've returned safe and sound?
18105006	Escort a researcher to Qeldar Station.
18105007	&quot;I'm happy to help.&quot;
18105008	Talk to Rogand.
18106001	Unforeseen Effects
18106002	&quot;I will.&quot;
18106003	Ask Rogand where Hagand is.
18106004	&quot;No time like the present.&quot;
18106005	Ask Hagand for directions to Diranas Quarry.
18106006	Test the Old Invisibility Potion.
18106007	You feel nauseated. That potion went bad years ago.
18106008	&quot;Get started, then. I'll bring back the ingredients.&quot;
18106009	Consult with Hagand.
18106010	Gather Reflective Roots from the nearby meadows.
18106011	Kill Deformed Fangspawns for Foggy Eyeballs.
18106012	&quot;Take your time. Do it right.&quot;
18106013	Bring Reflective Roots and Foggy Eyeballs to Hagand.
18106014	&quot;Got it.&quot;
18106015	Accept invisibility potion from Hagand.
18107001	Ritual of Solace
18107002	&quot;Sure, I can help you.&quot;
18107003	&quot;Got it.&quot;
18107004	Speak with Rhodos.
18107005	&quot;Curious.&quot;
18107006	Investigate the First Suspicious Corpse.
18107007	&quot;He didn't see it coming.&quot;
18107008	Investigate the Second Suspicious Corpse.
18107009	&quot;Uh, yeah. We can't have that.&quot;
18107010	Share your findings with Rhodos.
18107011	Gather soul fragments from the corpses of baraka soldiers.
18107012	Kill the sheep and gather their blood.
18107013	&quot;I'm anxious to get started.&quot;
18107014	Return to Rhodos with the soulstones.
18107015	Use the soulstones at a {@LinkCreature:181#101#Baraka tombstone} to perform the ritual of solace.
18107016	
18107017	You sense that the baraka's soul is at rest.
18107018	Pay your respect at the stone grave using the /sad command.
18107019	&quot;I'm looking forward to it.&quot;
18107020	Return to Rhodos.
18108001	Non Compos Mentis
18108002	&quot;I'll take care of it.&quot;
18108003	Talk to Remam.
18108004	Collect Composure Philter.
18108005	Check Medicine Chests for Mind Recovery Potions.
18108006	&quot;I'm still looking.&quot;
18108007	Give Composure Philter to First Baraka Survivor.
18108008	&quot;You have my word.&quot;
18108009	Give Composure Philter to Second Baraka Survivor.
18108010	&quot;We're coming for you, archdeva!&quot;
18108011	Talk to Suspicious Soldier.
18108012	&quot;What are friends for?&quot;
18108013	Inform Remam of the archdeva disguised as a Highwatch soldier.
18109001	It's All Relative
18109002	&quot;Count on me.&quot;
18109003	Entrance to Diranas Quarry
18109004	Entered Diranas Quarry.
18109005	Enter Diranas Quarry.
18109006	[&lt;font color='#0080FF'&gt;&lt;A href=&quot;markmap:loc=7031#26646, -15854, 2593&amp;type=1&amp;name=Diranas Quarry&quot;&gt;Diranas Quarry&lt;/A&gt;&lt;/font&gt;]&#xA;Use Hagand's Invisibility Potion in Diranas Quarry.
18109007	You become invisible.
18109008	&quot;That...makes sense.&quot;
18109009	Collect Relativity Stones while invisible.
18109010	Bring Relativity Stones to Guikol.
18109011	&quot;Sigh...fine. You're the smuggler.&quot;
18109012	Speak with Guikol.
18109013	&quot;This looks like the place.&quot;
18109014	Hide the Relativity Stones under the pile of rocks.
18110001	Evade and Escape
18110002	Parthian Elite
18110003	Kill Parthian Elite Warriors, Parthian Elite  Archers, and Parthian Elite  Sorcerers to escape from Diranas Quarry.
18110004	&quot;Got about a dozen of them.&quot;
18110005	Find Dougal under the ladder.
18111001	Trash and Treasure
18111002	Steal devastones from Mysterious Ore Carts that the Parthians are guarding.
18111003	&quot;Thanks, Dougal.&quot;
18111004	Give Dougal the devastones.
18112001	Zo-Zo's Petals
18112002	&quot;Got it.&quot;
18112003	&quot;You, too, Paesyn. This area's pretty sketchy.&quot;
18112004	Climb the ladder and talk to Paesyn.
18112005	&quot;Hagand's here? Never mind—I'll ask him.&quot;
18112006	Talk to Guikol at Hulran Watch.
18112007	&quot;Seems logical. How can I help?&quot;
18112008	Talk to Hagand.
18113001	Narrowing the Search
18113002	&quot;I'll do what I can.&quot;
18113003	&quot;Okay, wait here.&quot;
18113004	Talk to Jagreg.
18113005	Collect 5 pecunius fruits from moneytrees.
18113006	
18113007	Pecunius Fruit
18113008	Deliver the pecunius fruits to Jagreg.
18113009	&quot;Enjoy your pecunius fruits, Jagreg.&quot;
18113010	&quot;All right.&quot;
18113011	Talk to Kamun.
18113012	Glittering Scale
18113013	Kill chupathingies for their glittering scales.
18113014	Deliver the scales to Kamun.
18113015	&quot;All in a day's work.&quot;
18113016	&quot;Thank you, Kamun.&quot;
18113017	Talk to Kamun.
18114001	The Search for Truth
18114002	&quot;Got it.&quot;
18114003	&quot;Let me handle this.&quot;
18114004	Ask Marat about archdeva activities.
18114005	&quot;I'm no one...and I was just leaving.&quot;
18114006	Find the cave and use the truth needle on {@LinkCreature:181#2008}.
18114007	Find Shifting Map in Camp Commander's Chest.
18114008	&quot;Shh. I will. Don't worry.&quot;
18114009	Speak to the Exhausted Prisoner.
18114010	Climb the ladder and destroy the wooden cage.
18114011	&quot;I'll draw them off. When I do—run!&quot;
18114012	Release Enslaved Khirian Archer.
18114013	&quot;Plenty of time for that later. I've got this.&quot;
18114014	Release Enslaved Khirian Warrior.
18114015	&quot;You might be right. One way to find out.&quot;
18114016	Go to Baaldaz Post and report to Dougal.
18115001	Moment of Truth
18115002	&quot;It's Paesyn. Of course I'll help.&quot;
18115003	&quot;Are you actually worried about him?&quot;
18115004	&quot;I haven't seen him in a while.&quot;
18115005	Find &lt;font color='#2478FF'&gt;&lt;A href=&quot;markmap:loc=7031#29737, -6355, 4072&amp;type=1&amp;name=Zolyn&quot;&gt;Zolyn&lt;/A&gt;&lt;/font&gt; and talk to her.
18115006	&quot;He's more capable than you think. But yes, I'll help.&quot;
18115007	&quot;Looks like he went this way.&quot;
18115008	Look for Paesyn's trail.
18115009	&quot;He was running from something...&quot;
18115010	Look for Paesyn's trail.
18115011	Save Paesyn from the monsters.
18115012	&quot;This is the last time, right? Then okay.&quot;
18115013	Talk to Paesyn.
18115014	&quot;I think you just made his day, Zolyn.&quot;
18115015	Deliver the bouquet of flowers to Zolyn.
18115016	&quot;She does seem a lot less murder-y. Well done, Paesyn.&quot;
18115017	Talk to Paesyn.
18115018	&quot;Sounds good. Take care, Paesyn!&quot;
18115019	Speak with Zolyn.
18116001	Secret of the Storm Barrier
18116002	Use the Shifting Map.
18116003	The map shows a hidden cave at River's Edge.
18116004	River's Edge
18116005	
18116006	Go to River's Edge.
18116007	High Archdeva
18116008	Kill &lt;font color='#2478FF'&gt;&lt;A href=&quot;markmap:loc=7031#29378, -120, 3313&amp;type=1&amp;name=archdevas&quot;&gt;archdevas&lt;/A&gt;&lt;/font&gt; guarding the cave entrance.
18116009	Enter Energia Celo through Tangent Gate.
18116010	&quot;Okay. When she gets here, tell her I've gone ahead.&quot;
18116011	Talk to Paesyn.
18117001	Tragedy and Triumph
18117002	&quot;I...okay. But stay back until it's safe.&quot;
18117003	Talk to Paesyn.
18117004	Kill Archdevan Lancers guarding the inside of Energia Celo.
18117005	&quot;I'm going in—I heard prisoners in there. Stay here.&quot;
18117006	Talk to Paesyn.
18117007	Kill Hulking Salcatas guarding the Experiment Cages.
18117008	&quot;I understand. I'll join you when I'm finished.&quot;
18117009	Speak with Zolyn.
18117010	Destroy the cage so that the Parthians can escape.
18117011	Main Laboratory Corridor
18117012	Enter Main Laboratory Corridor.
18117013	Enter Main Laboratory Corridor with Zolyn.
18117014	&quot;There's nothing we can do from here. I'm sorry.&quot;
18117015	Talk to Paesyn.
18117016	I am coming to save you, Zolyn…
18117017	Protect Paesyn with Rhodos.
18117018	&quot;It will be my pleasure.&quot;
18117019	Talk to Halran.
18117020	Use the lever to overload the Storm Barrier machine.
18117021	&quot;Come on, Paesyn...it's time to go.&quot;
18117022	Talk to Halran.
18118001	War Is Nigh
18118002	&quot;Okay, I'll talk to him.&quot;
18118003	Report to Dougal that Zolyn is missing.
18118004	&quot;It would be my honor. Thank you.&quot;
18118005	Talk to Hagand.
18118006	Use the Relativity Stone Repository to activate the teleportal.
18118007	&quot;Yes, sir. Thank you, sir.&quot;
18118008	Talk to Seir from Velika.
18118009	&quot;There is much still left to do, yes.&quot;
18118010	Talk to Halran.
18201001	Barreling In
18201002	Investigate the suspicious barrel.
18201003	Archdeva Listening Post
18201004	You hear voices coming from deeper inside the cave.
18201005	Enter the Archdeva Listening Post by moving the {@LinkCreature:182#2029#suspicious barrel}.
18201006	Kill Transformed Mihog.
18201007	Archdeva Listening Post
18201008	Madat is waiting near the exit.
18201009	Return to the exit.
18201010	&quot;She left this way, then.&quot;
18201011	Ask Madat if he saw an archdeva.
18201012	&quot;Got it.&quot;
18201013	Talk to Dougal.
18201014	&quot;She can't have gotten far.&quot;
18201015	Ask Zolyn if the archdeva got away.
18202001	Intercepted Transmission
18202002	&quot;Thanks!&quot;
18202003	&quot;Let's go ask folks.&quot;
18202004	Speak with Zolyn.
18202005	Temporary Cave Storage
18202006	Ask if anyone saw where the archdevan sorcerer went.
18202007	Go to the Temporary Cave Storage and find the escaping archdevan sorcerer.
18202008	&quot;Got it.&quot;
18202009	Find a witness.
18202010	&quot;Thanks!&quot;
18202011	Ask at the west of the camp if anyone saw the archdevan sorcerer.
18202012	&quot;Wait...what are you doing?&quot;
18202013	Head to the Skyshrine and confront the archdevan sorcerer.
18202014	&quot;Good idea.&quot;
18202015	Tell Dougal about the archdevan sorcerer.
18203001	In Search of Answers
18203002	&quot;Got it.&quot;
18203003	&quot;Sounds like a plan.&quot;
18203004	Discuss the archdevan plans with Rhodos.
18203005	&quot;I can do that.&quot;
18203006	Talk to Madat.
18203007	&quot;Okay, I'll do that.&quot;
18203008	Talk to Renish.
18203009	Mysterious Talisman
18203010	Kill Parthian bowmen, Parthian warriors, and Parthian riders to collect mysterious talismans.
18203011	Show the mysterious talismans to Renish.
18203012	&quot;I'll go see him, then.&quot;
18203013	
18203014	Collection of Talismans
18203015	Bring the collection of talismans to Madat.
18203016	&quot;Consider it done.&quot;
18204001	Closer to the Truth
18204002	&quot;Got it.&quot;
18204003	
18204004	Rhodos's Sigil
18204005	Head west from the camp and show &lt;font color='#2478FF'&gt;&lt;A href=&quot;markmap:loc=7031#8830, -17430, 1275&amp;type=1&amp;name=Rhodos's sigil&quot;&gt;Rhodos's sigil&lt;/A&gt;&lt;/font&gt; to Gaku.
18204006	&quot;Got it.&quot;
18204007	
18204008	Rhodos's Sigil
18204009	Look for &lt;font color='#2478FF'&gt;&lt;A href=&quot;markmap:loc=7031#7375, -22939, 908&amp;type=1&amp;name=Roderan&quot;&gt;Roderan&lt;/A&gt;&lt;/font&gt; west of the hot springs and ask for directions.
18204010	&quot;Got it.&quot;
18204011	&quot;Thanks.&quot;
18204012	Gather blatherweed near the stream and waterfall.
18204013	Deliver the blatherweed to Roderan.
18204014	
18204015	Rhodos's Sigil
18204016	Follow the road to &lt;font color='#2478FF'&gt;&lt;A href=&quot;markmap:loc=7031#6575, -25848, 999&amp;type=1&amp;name=Donel&quot;&gt;Donel&lt;/A&gt;&lt;/font&gt; and show him Rhodos's sigil.
18204017	&quot;I'll do that, thanks.&quot;
18204018	Archdevan Mystic and Demokron Shock Troopers
18204019	Kill Archdevan Mystics and Demokron Shock Troopers in the training ground.
18204020	
18204021	Rhodos's Sigil
18204022	&lt;BR&gt;Meet &lt;font color='#2478FF'&gt;&lt;A href=&quot;markmap:loc=7031#8937, -25512, 842&amp;type=1&amp;name=Saduran&quot;&gt;Saduran&lt;/A&gt;&lt;/font&gt; near the Western Varakaley teleport platform.
18204023	&quot;Got it.&quot;
18204024	
18204025	Rhodos's Sigil
18204026	Go north, meet Cromagh, and show him the talismans.
18204027	&quot;Okay, but I need to know how they work.&quot;
18205001	Lucky Charms
18205002	&quot;Got it.&quot;
18205003	Lucky Charms
18205004	Kill Archdevan Priests in the training camp and retrieve a control pendant.
18205005	Bring the archdevan control pendant to Cromagh.
18205006	&quot;I got it.&quot;
18205007	&quot;Got it.&quot;
18205008	Show the pendant to Cromagh.
18205009	&quot;That...actually makes sense.&quot;
18205010	Ask Cromagh if he is okay.
18205011	Pendant Replacement Request
18205012	Kill a Parthian Courier.
18205013	Show the request to Dyona, the archdevan mystic.
18205014	&quot;Thank you. Um...hail Lakan?&quot;
18205015	&quot;How...how do you know my name?&quot;
18205016	Find the shaman Keezar in the cave north of the Hina Hot Springs.
18206001	Weird Science
18206002	&quot;I have a good idea.&quot;
18206003	Deva's Horn
18206004	Kill &lt;font color='#2478FF'&gt;&lt;A href=&quot;markmap:loc=7031#12319, -18492, 619&amp;type=1&amp;name=devas&quot;&gt;devas&lt;/A&gt;&lt;/font&gt; guarding the cave for their horns.
18206005	Bring deva's horns to Keezar.
18206006	&quot;Is everyone here crazy?&quot;
18206007	&quot;Slow? I'm not slow...&quot;
18206008	Ask Keezar to fix the broken pendant.
18206009	&quot;Finally!&quot;
18206010	Find Keezar and talk to her.
18207001	Stick with It
18207002	&quot;Popori...? Lime! Right, I'll get some lime.&quot;
18207003	Talk to Keezar.
18207004	&quot;All right.&quot;
18207005	Collect lime deposits around Hina Hot Springs.
18207006	Bring lime deposits to Keezar.
18207007	&quot;Is he as crazy as you are?&quot;
18207008	Ask Keezar how long it will take.
18207009	
18207010	Making Stick-It-All
18207011	Show Keezar's memo to her &lt;font color='#2478FF'&gt;&lt;A href=&quot;markmap:loc=7031#10917, -19121, 1056&amp;type=1&amp;name=right hand man&quot;&gt;right hand man&lt;/A&gt;&lt;/font&gt;.
18207012	&quot;That's all?&quot;
18207013	Spirit's Tear
18207014	Kill Parthian shamans on Freedomhill for Spirit's Tears.
18207015	Bring Spirit's Tears to Keezar's right hand.
18207016	&quot;I'll just leave you to it, then.&quot;
18207017	&quot;That's it? It's done?&quot;
18207018	Ask Dandit if he's finished.
18207019	Use Keezar's &quot;power glue&quot; to fix the broken archdevan pendant.
18207020	Restored Archdevan Control Pendant.
18207021	&quot;I know them. Thanks for your help!&quot;
18207022	Show restored Archdevan Control Pendant to Dandit.
18208001	Not FDA-Approved
18208002	&quot;I'm sure he's nearby.&quot;
18208003	Talk to Dougal.
18208004	&quot;She could stand to relax a bit...&quot;
18208005	&quot;Okay, but this is the last time.&quot;
18208006	&quot;Maybe you should just leave her be.&quot;
18208007	Find Paesyn and talk to him.
18208008	&quot;All right.... I'll do what I can.&quot;
18208009	Hot Springs Creature Meat
18208010	Kill Hot Springs Starfish and Hot Springs Kamara to get their meat.
18208011	Bring Hot Springs Creature Meat to Paesyn.
18208012	&quot;I hope it works...for your sake.&quot;
18208013	&quot;Sigh...fine. Let's get it over with.&quot;
18208014	Ask Paesyn if he's ready to return.
18208015	&quot;Um...I need to report to Renish...&quot;
18208016	Deliver the tonic to Zolyn.
18208017	&quot;Got it.&quot;
18208018	Bring the restored pendant to Renish at Amadjuak Trading Post.
18208019	
18209001	One Step Forward
18209002	&quot;I'll do my best.&quot;
18209003	Talk to Madat to discuss the next step.
18209004	&quot;I will. Thank you!&quot;
18209005	Go to Kazan's Ridge in the north to find Durom.
18209006	&quot;Well, it was worth a shot.&quot;
18209007	Talk to Karlam.
18209008	&quot;Sounds like a plan.&quot;
18209009	Talk to High Seeker Janiam.
18209010	Kill Valley Grizzlies and Valley Mugatos on Kazan's Ridge.
18209011	&quot;Thanks—and good luck here.&quot;
18209012	Ask Seeker Tercad where to find High Seeker Janiam.
18210001	Birthplace of Knowledge
18210002	&quot;Understood.&quot;
18210003	Meet High Seeker.
18210004	
18210005	High Seeker's Pass
18210006	Follow the northern road, and show High Seeker Janiam's Sigil to Madok.
18210007	&quot;Thank you.&quot;
18210008	
18210009	High Seeker Janiam's Sigil
18210010	Show High Seeker Janiam's Sigil to Daraon.
18210011	&quot;I appreciate your help.&quot;
18210012	
18210013	High Seeker Janiam's Sigil
18210014	Show High Seeker Janiam's Sigil to Marmundam in Highwatch.
18210015	&quot;Thanks.&quot;
18210016	&quot;You humble me. Thank you.&quot;
18210017	Go to House of High Elder via Meditation Way to meet Verikam.
18211001	Need to Know
18211002	Will do.
18211003	&quot;Who is Dakuryon disguised as?&quot;
18211004	Read Oriyn's Will.
18211005	&quot;If I don't, who else?&quot;
18211006	Enter the Vault of Oriyn through {@linkcreature:183#1100#Oriyn's Will} and read Oriyn's Arcana.
18211007	Oriyn's Glyph
18211008	Enter the Vault of Oriyn through {@linkcreature:183#1100#Oriyn's Will} and pass Oriyn's trial.
18211009	Show Oriyn's Glyph to Verikam.
18211010	&quot;Just this glyph...&quot;
18211011	&quot;I...I think it means you, Verikam.&quot;
18211012	Ask Verikam to translate the glyph.
18211013	&quot;I can't deal with you when you're...like this...&quot;
18211014	Ask Rhodos what happened to Madat.
18211015	&quot;I'll talk to Dougal.&quot;
18211016	Talk to Zolyn.
18212001	One Price Left to Pay
18212002	Sure thing.
18212003	&quot;What do we do now?&quot;
18212004	Talk to your friend Dougal.
18213001	Morick's Research Paper
18213002	&quot;I'll see what I can do.&quot;
18213003	Speak with Morick in Goblin Smugglers' League.
18213004	&quot;Frog, shiny things, crystal merchant. Got it.&quot;
18213005	Talk to Garta in Goblin Smugglers' League.
18213006	&quot;Okay, I'll try there. Thanks.&quot;
18213007	Go to Jintarot, the crystal merchant in Goblin Smugglers' League.
18213008	Big Wagon
18213009	You can hear the frog croaking from the top of the wagon. &lt;BR&gt;Report to Garta.
18213010	Search the big wagon behind Jintarot's tent.
18213011	Got it.
18213012	Report to Garta of Goblin Smugglers' League.
18214001	The Frog Gig
18214002	Use Flying Skill: Tulpar.
18214003	
18214004	&quot;Hmm. Maybe Garta has some advice.&quot;
18214005	Use the flying horse to reach Garta's frog.
18214006	Report to Morick.
18214007	Report to Garta of the Goblin Smugglers' League.
18214008	&quot;Um, okay. Well, good luck, Morick.&quot;
18214009	Talk to Morick in the Goblin Smugglers' League.
18299001	You Have Talent
18299002	Hand over the token.
18299003	Learn more about talents and collect your package in the shop!
18299004	Talk to Renish in Highwatch.
18301001	Making Connections
18301002	&quot;Count on me.&quot;
18301003	In front of Velika teleportal guard
18301004	
18301005	Talk to Garm, then use the teleportal to go to Velika.
18301006	&quot;Got it.&quot;
18301007	Talk to Gulan in Velika.
18301008	In front of Highwatch teleportal guard
18301009	
18301010	Talk to Gulan, then use the teleportal to return to Highwatch.
18301011	&quot;Thank you, Garm.&quot;
18301012	Talk to Garm.
18302001	Intimidating Manner
18302002	&quot;Understood.&quot;
18302003	Speak with Henan.
18302004	&quot;Understood.&quot;
18302005	Visit Tarkloon In Highwatch.
18303001	Berserker Training: Punishing Strike
18303002	&quot;Understood.&quot;
18303003	Use the second hit of Punishing Strike on a training dummy.
18303004	&quot;Understood.&quot;
18303005	Speak with Tarkloon.
18304001	Berserker Training: Overwhelm
18304002	&quot;Understood.&quot;
18304003	Use Overwhelm on a Training Dummy.
18304004	&quot;Understood.&quot;
18304005	Speak with Tarkloon.
18305001	Berserker Training: Axe Counter
18305002	&quot;Understood.&quot;
18305003	Use Axe Counter on a training golem.
18305004	&quot;I will.f&quot;
18305005	Speak with Tarkloon.
18306001	The Secret Master
18306002	&quot;Go Ahead.&quot;
18306003	Talk to Tarkloon.
18306004	&quot;Thanks.&quot;
18306005	Talk to Tarkloon, again.
18311001	The Ancient Masters
18311002	&quot;Go ahead.&quot;
18311003	Find Tarkloon.
18311004	&quot;Great. Thank you.&quot;
18311005	Talk to Tarkloon again.
18324001	Champion's Challenge
18324002	&quot;Sounds like it could be fun.&quot;
18324003	Go to Celestial Arena's Guide in Highwatch.
18325001	[Event] Conquer the Final Challenge of Dreadspire
18325002	Defeat 'Shandra Manaya' in the Final Challenge of Dreadspire.
18325003	&quot;Thank you.&quot;
18325004	Talk to Talk to Tarkloon in Val Oriyn.
18326001	[Event] Conquer the Forsaken Island (Hard)
18326002	Defeat Desolarus in Forsaken Island (Hard).
18326003	&quot;Thank you.&quot;
18326004	Talk to Talk to Tarkloon in Val Oriyn.
18327001	[Event] Conquer Forsaken Island
18327002	Defeat Desolarus in Forsaken Island.
18327003	&quot;Thank you.&quot;
18327004	Talk to Talk to Tarkloon in Val Oriyn.
18331001	[Event] Conquer Akasha's Hideout (Solo)
18331002	Defeat Nightmare Akasha in Akasha's Hideout (Solo).
18331003	&quot;Thank you.&quot;
18331004	Talk to Talk to Tarkloon in Val Oriyn.
18332001	[Event] Conquer Golden Labyrinth (Solo)
18332002	Defeat Baracos in the Golden Labyrinth (Solo).
18332003	&quot;Thank you.&quot;
18332004	Talk to Talk to Tarkloon in Val Oriyn.
18333001	[Event] Conquer The Abscess (Solo)
18333002	Defeat Nightmare Krakatox in the Abscess (Solo).
18333003	&quot;Thank you.&quot;
18333004	Talk to Talk to Tarkloon in Val Oriyn.
18335001	[Event] Conquer Bathysmal Rise (Hard)
18335002	Defeat Nightmare Fulminar of Bathysmal Rise (Hard).
18335003	&quot;Thank you.&quot;
18335004	Talk to Talk to Tarkloon in Val Oriyn.
18336001	[Event] Complete the Timescape
18336002	[Timescape] Defeat Valona!
18336003	&quot;Thank you.&quot;
18336004	Talk to Talk to Tarkloon in Val Oriyn.
18337001	[Event] Conquer Nightmare of Christmas
18337002	Defeat Nightmare of Christmas.
18337003	&quot;Thank you.&quot;
18337004	Talk to Omeros in Highwatch.
18352001	[Valkyrie] Omeros's Request
18352002	I will look for the tome.
18352003	Go to {@linkcreature:183#1015#Omeros} in Highwatch.
18352004	Close tome.
18352005	Read the {@linkcreature:183#2200#Dusty Tome}.
18352006	Close tome.
18352007	Read the {@linkcreature:183#2201#Dusty Tome}.
18352008	Close tome.
18352009	Read the {@linkcreature:183#2202#Dusty Tome}.
18352010	(Nods head.)
18352011	Go to {@linkcreature:183#1015#Omeros} in Highwatch.
18353001	Dusty Tome
18353002	Close tome.
18353003	Investigate the {@linkcreature:183#2200#Dusty Tome}.
18353004	Close tome.
18353005	Investigate the {@linkcreature:183#2201#Dusty Tome}.
18353006	Close tome.
18353007	Investigate the {@linkcreature:183#2202#Dusty Tome}.
18355001	Fresh Arms—and Legs
18355002	&quot;Thanks.&quot;
18355003	Find Dougal in Highwatch.
18357001	Hey Look, New Stuff
18357002	&quot;You can count on me!&quot;
18357003	Speak to Gaderong in Highwatch.
18357004	Speak to Gaderong to enter the Celestial Arena.
18357005	&quot;Thanks.&quot;
18357006	Speak to Gaderong.
18358001	Ace Dungeons
18358002	&quot;I've got you covered.&quot;
18358003	Go see Ramull in Highwatch.
18358004	Complete Baracos' Trial.
18358005	Complete Akasha's Trial.
18358006	&quot;Thanks.&quot;
18358007	Report to Ramull in Highwatch.
18360001	Not Your Typical Raptor
18360002	&quot;On my way!&quot;
18360003	Find Dougal in Highwatch.
18360004	Defeat Nimistrix in the Ravenous Gorge.&lt;br&gt;&lt;br&gt;[Press the &lt;img src='img://__Icon_KeyboardShape.Keyboard_H' width='18' height='18' vspace='-6'&gt; key to open the Vanguard Request and match for the Ravenous Gorge.]
18360005	&quot;Glad to help.&quot;
18360006	Report to Dougal.
18361001	[Event] Underworld Collector
18361002	&quot;Here you are.&quot;
18361003	Combine 100 [Event] Underworld Shadow Shards to obtain an [Event] Underworld Shadow Fragment.
18361004	Go to [Champion] Kaia.
18362001	[Event] Underworld Veteran
18362002	&quot;Here you are.&quot;
18362003	Combine 50 [Event] Underworld Nightmare Shards to obtain an [Event] Underworld Nightmare Fragment.
18362004	Go to [Champion] Kaia.
18363001	[Event] Underworld Master
18363002	&quot;Here you are.&quot;
18363003	Combine 20 [Event] Underworld Devil Shards to obtain an [Event] Underworld Devil Fragment.
18363004	Go to [Champion] Kaia.
18366001	[Event] Special Test of the Worthy Tank (Bonus)
18366002	Defeat Nightmare RK-9 in RK-9 Kennel (Hard) and Nightmare Lachelith in Ruinous Manor (Hard) once each.
18366003	&quot;Thank you!&quot;
18366004	Talk to Omeros in Highwatch.
18372001	[Event] A Guardian's Job 1
18372002	Complete the Guardian mission 40 times.
18372003	&quot;Thank you!&quot;
18372004	Talk to Omeros in Highwatch.
18373001	[Event] A Guardian's Job 2
18373002	Complete the Guardian mission 40 times.
18373003	&quot;Thank you!&quot;
18373004	Talk to Omeros in Highwatch.
18374001	[Event] A Guardian's Job 3
18374002	Complete the Guardian mission 40 times.
18374003	&quot;Thank you!&quot;
18374004	Talk to Omeros in Highwatch.
18375001	[Event] A Guardian's Job 4
18375002	Complete the Guardian mission 50 times.
18375003	&quot;Thank you!&quot;
18375004	Talk to Omeros in Highwatch.
18376001	[Event] A Guardian's Job 5
18376002	Complete the Guardian mission 60 times.
18376003	&quot;Thank you!&quot;
18376004	Talk to Omeros in Highwatch.
18377001	[Battleground] Road to Triumph
18377002	&quot;Seems interesting.&quot; 
18377003	Find Dougal in Highwatch.
18377004	&quot;Thank you!&quot;
18377005	Speak with Dougal once again.
18378001	[Battleground] To the Gridiron
18378002	&quot;Let's go to the Gridiron.&quot;
18378003	Report to Dougal in Highwatch.
18378004	Gridiron
18378005	
18378006	Go to the Gridiron.&#xA;Use Vanguard Requests [&lt;img src='img://__Icon_KeyboardShape.Keyboard_H' width='18' height='18' vspace='-6'&gt;] or Instance Matching to find a Party.
18378007	&quot;Thanks.&quot;
18378008	Report to Dougal and tell him about the incidents in the Gridiron. 
18380001	[Event] Awakening to the Evil
18380002	Defeat Kylos in the Grotto of Lost Souls and Nightmare Kylos in the Grotto of Lost Souls (Hard) once each.
18380003	&quot;Thank you!&quot;
18380004	Talk to Verikam in Highwatch.
18381001	Elemental Frost Fusion
18381002	Fuses the required items into a Hoar Frost Orb.
18381003	Hand over the materials.
18381004	Talk to Sionne.
18382001	Elemental Fire Fusion
18382002	Fuses the required items into an Ember Flame Orb.
18382003	Hand over the materials.
18382004	Talk to Sionne.
18383001	Apex Mission 418
18383002	Defeat 10 Brutal Ovoliths on the Island of Dawn.
18383003	&quot;Thanks.&quot;
18383004	Talk to Dougal in Highwatch.
18384001	Apex Mission 422
18384002	Defeat 10 Brutal Orisks on the Island of Dawn.
18384003	&quot;Thanks.&quot;
18384004	Talk to Dougal in Highwatch.
18384005	Complete Celestial Arena in Highwatch. Speak to Gaderong to enter.
18385001	Apex Mission 428
18385002	Defeat 10 Brutal Basilisks on the Island of Dawn.
18385003	&quot;Thanks.&quot;
18385004	Talk to Dougal in Highwatch.
18385005	Claim a Guardian Legion reward. Open the world map and select the Track button to highlight Guardian Legion missions.
18386001	Apex Mission 431
18386002	Defeat 10 Brutal Bloodbound Teraliths on the Island of Dawn.
18386003	&quot;Thanks.&quot;
18386004	Talk to Dougal in Highwatch.
18387001	Apex Mission 432
18387002	Defeat 10 Brutal Searing Fangspawns on the Island of Dawn.
18387003	&quot;Thanks.&quot;
18387004	Talk to Dougal in Highwatch.
18387005	Complete the Golden Labyrinth in Highwatch. Speak to Ramuli to enter.
18388001	Apex Mission 433
18388002	Defeat 10 Brutal Fimbrilisks on the Island of Dawn.
18388003	&quot;Thanks.&quot;
18388004	Talk to Dougal in Highwatch.
18388005	Complete Akasha's Hideout in Highwatch. Speak to Ramuli to enter.
18389001	Apex Mission 435
18389002	Claim 3 Guardian Legion rewards. Open the world map and select the Track button to highlight Guardian Legion missions.
18389003	&quot;Thanks.&quot;
18389004	Talk to Dougal in Highwatch.
18390001	Apex Mission 436
18390002	Claim 5 Guardian Legion rewards. Open the world map and select the Track button to highlight Guardian Legion missions.
18390003	&quot;Thanks.&quot;
18390004	Talk to Dougal in Highwatch.
18391001	Apex Mission 437
18391002	Defeat Kalivan in Kalivan's Dreadnaught.
18391003	&quot;Thanks.&quot;
18391004	Talk to Dougal in Highwatch.
18392001	Apex Mission 438
18392002	Defeat Gaaruksalk in Thaumetal Refinery.
18392003	&quot;Thanks.&quot;
18392004	Talk to Dougal in Highwatch.
18393001	Apex Mission 439
18393002	Defeat 10 Brutal Onyx Hydraths, 10 Brutal Iron Giant2, and 10 Brutal Naga Battlemasters on the Island of Dawn.
18393003	&quot;Thanks.&quot;
18393004	Talk to Dougal in Highwatch.
18398001	
18398002	
18398003	
18398004	
19101001	Playing Catch-Up
19101002	&quot;Understood.&quot;
19101003	&quot;Got it.&quot;
19101004	Speak with Yurel.
19101005	Where the soldiers are.
19101006	You see Deoric.
19101007	Find the soldiers
19101008	&quot;I'm on it.&quot;
19101009	Talk to Deoric.
19101010	Search for the goblins.
19101011	You found the goblins.
19101012	Pursue the &lt;font color='#2478FF'&gt;&lt;A href=&quot;markmap:loc=7031#32878, 4234, 4978&amp;type=1&amp;name=goblins&quot;&gt;goblins&lt;/A&gt;&lt;/font&gt;.
19101013	Kill the goblins and recover the supplies.
19101014	&quot;Curious.&quot;
19101015	Search the wagon.
19101016	&quot;Got it.&quot;
19101017	Report back to Deoric.
19101018	Look for the goblins.
19101019	This must be the other group of goblins.
19101020	Chase the &lt;font color='#2478FF'&gt;&lt;A href=&quot;markmap:loc=7031#32904, 8143, 6469&amp;type=1&amp;name=rest of the goblins&quot;&gt;rest of the goblins&lt;/A&gt;&lt;/font&gt;.
19101021	Stolen Supplies
19101022	Kill a goblin worker and retrieve the supplies.
19101023	Deliver the supplies to Deoric.
19101024	&quot;Watch yourself.&quot;
19101025	&quot;Thanks.&quot;
19101026	Talk to the centurion.
19101027	&quot;To the very end.&quot;
19101028	Report to Rhodos at Domare Outpost.
19102001	Parts Are Parts
19102002	&quot;As ordered.&quot;
19102003	&quot;I'm on it.&quot;
19102004	Speak with Tyrius
19102005	Archdevan Infantry
19102006	Help the federation soldiers fight the &lt;font color='#2478FF'&gt;&lt;A href=&quot;markmap:loc=7031#37177, 18078, 7644&amp;type=1&amp;name=archdevas&quot;&gt;archdevas&lt;/A&gt;&lt;/font&gt;.
19102007	&quot;Certainly.&quot;
19102008	Report to Lordan
19102009	&quot;Glad I could help.&quot;
19102010	Find the lost boxes of parts.
19102011	Deliver the boxes to Garog.
19103001	A Heavy Burden
19103002	&quot;Will do.&quot;
19103003	Paesyn's location.
19103004	Sabertooths threaten Paesyn!&lt;BR&gt;
19103005	Find &lt;font color='#2478FF'&gt;&lt;A href=&quot;markmap:loc=7031#41495, 22819, 6620&amp;type=1&amp;name=Paesyn&quot;&gt;Paesyn&lt;/A&gt;&lt;/font&gt;.
19103006	&quot;You got it.&quot;
19103007	Talk to Paesyn.
19103008	Move out.
19103009	Escort the supply wagon to Tempest Outpost.
19103010	&quot;Then let's get to work.&quot;
19103011	Talk to Lorna.
19104001	Pulling the Strings
19104002	&quot;Right! Wait, what?&quot;
19104003	&quot;Thanks.&quot;
19104004	Speak to Mahamel at the airship platform.
19104005	Parthian Outpost Alpha
19104006	Arrived at Parthian Outpost Alpha. Jump off the airship, and kill the Parthians.
19104007	Board the airship to Parthian Outpost Alpha.
19104008	Bloodthrall Corps
19104009	Kill the &lt;font color='#2478FF'&gt;&lt;A href=&quot;markmap:loc=7031#38779, 24729, 8638&amp;type=1&amp;name=Parthian bloodthralls&quot;&gt;Parthian bloodthralls&lt;/A&gt;&lt;/font&gt;.
19104010	&quot;Let me talk to him.&quot;
19104011	Talk to Paesyn.
19104012	&quot;I will.&quot;
19104013	Speak with the dying Parthian.
19104014	
19104015	Engraved dagger.
19104016	Deliver the dagger to Rhodos.
19104017	&quot;He asked you to avenge him.&quot;
19105001	Unravelling the Mystery
19105002	&quot;Understood.&quot;
19105003	&quot;I will.&quot;
19105004	Talk to Tirina Silverlane.
19105005	Search the Parthian corpse.
19105006	Look for &lt;font color='#2478FF'&gt;&lt;A href=&quot;markmap:loc=7031#36378, 24041, 9087&amp;type=1&amp;name=another corpse&quot;&gt;another corpse&lt;/A&gt;&lt;/font&gt;.
19105007	Look for &lt;font color='#2478FF'&gt;&lt;A href=&quot;markmap:loc=7031#36378, 24041, 9087&amp;type=1&amp;name=another corpse&quot;&gt;another corpse&lt;/A&gt;&lt;/font&gt;.
19105008	Parthian Corpse
19105009	Archdevan Seal
19105010	Report back to Tirene.
19105011	&quot;Take your time.&quot;
19105012	&quot;Then do it. Lives hang in the balance.&quot;
19105013	Speak with Tirene.
19105014	&quot;With his life!&quot;
19105015	Speak with Rhodos.
19106001	Shut the Front Door
19106002	&quot;As ordered!&quot;
19106003	Destroy the first vortex gate and defeat the demokrons.
19106004	Destroy the second vortex gate and defeat the demokrons.
19106005	Destroy the third vortex gate and defeat the demokrons.
19106006	&quot;Lead the way.&quot;
19106007	Speak with Rhodos.
19107001	Having a Blast
19107002	&quot;A tragic possibility.&quot;
19107003	&quot;I'll ask.&quot;
19107004	Speak with Rhodos.
19107005	&quot;Very well.&quot;
19107006	Talk to Tirene.
19107007	&quot;Right behind you!&quot;
19107008	Speak with Rhodos.
19107009	Move out.
19107010	Escort the siege weapon.
19107011	&quot;Absolutely!&quot;
19107012	Talk to Vemnon.
19107013	
19107014	Mount the {@creature:191#1601$$siege weapon}.
19107015	Destroy the archdevan siege cannons.
19107016	&quot;You got it.&quot;
19107017	Report back to Vemnon.
19108001	Have Fun Storming the Castle
19108002	&quot;I'll find out.&quot;
19108003	&quot;Bottoms up!&quot;
19108004	Talk to Yaemira.
19108005	Drink the potion of shielding.
19108006	A strange barrier surrounds you. Cross the bridge before the effect wears out!
19108007	The Sundered Gate
19108008	Find a ladder.
19108009	Cross the Infernal Span and approach the Castle Courtyard.
19108010	Ladder
19108011	Found the ladder!
19108012	Go to the ladder.
19108013	Upper Wall
19108014	You've reached the top. Destroy the siege cannons!
19108015	Climb the ladder.
19108016	Destroy the archdevan siege cannons.
19108017	&quot;Let's go!&quot;
19108018	Talk to Roun.
19108019	Furyguards
19108020	Kill the &lt;font color='#2478FF'&gt;&lt;A href=&quot;markmap:loc=7031#38400, 38330, 9312&amp;type=1&amp;name=Furyguards&quot;&gt;Furyguards&lt;/A&gt;&lt;/font&gt;.
19108021	&quot;I'm ready.&quot;
19108022	Report to Rhodos.
19109001	Into the Fortress
19109002	&quot;Will do.&quot;
19109003	&quot;I'll give it a try.&quot;
19109004	Talk to Paesyn.
19109005	&quot;Oh, shut up.&quot;
19109006	Use the truth serum to question a weakened Furyguard Bloodweaver. [*Use the serum when their HP is below 30%*]
19109007	&quot;Yes, sir!&quot;
19109008	Speak with Rhodos.
19109009	&quot;Let's save her!&quot;
19109010	Talk to Paesyn.
19110001	Never Let Go
19110002	&quot;Let's go!&quot;
19110003	The Gallery
19110004	You've found Dakuryon!
19110005	Open the door and go into the room.
19110006	Kill the Furyguards.
19110007	Defeat Zolyn.
19110008	&quot;Damn straight!&quot;
19110009	Speak with Rhodos.
19111001	In Pursuit of Justice
19111002	&quot;Let's go!&quot;
19111003	The Gallery
19111004	Speak with Rhodos.
19111005	Open the door to the gallery.
19111006	&quot;We'll finish him off.&quot;
19111007	Speak with Rhodos.
19111008	Verikam's location.
19111009	He must have escaped through here.
19111010	Take the stairs to the &lt;font color='#2478FF'&gt;&lt;A href=&quot;markmap:loc=7031#38418, 45199, 9295&amp;type=1&amp;name=lower levels&quot;&gt;lower levels&lt;/A&gt;&lt;/font&gt;.
19111011	&quot;Right.&quot;
19111012	Speak with Rhodos.
19111013	&quot;Thank you.&quot;
19111014	Speak with Hathas.
19112001	The Reckoning
19112002	&quot;I'm with you!&quot;
19112003	Into the passage.
19112004	This leads somewhere mysterious.
19112005	Follow through the &lt;font color='#2478FF'&gt;&lt;A href=&quot;markmap:loc=7031#38407,46365,8735&amp;type=1&amp;name=passage&quot;&gt;passage&lt;/A&gt;&lt;/font&gt;.
19112006	&quot;I am ready.&quot;
19112007	Protect Rhodos and find Dakuryon.
19112008	&quot;Time to die, Dakuryon!&quot;
19112009	Speak with Rhodos.
19112010	Defeat Dakuryon.
19112011	&quot;You're welcome.&quot;
19112012	Talk to Verikam.
19112013	&quot;Got it.&quot;
19112014	Speak with Rhodos.
19112015	&quot;Thank you.&quot;
19112016	Speak with Braga.
19112017	&quot;For the federation!&quot;
19112018	Speak with Dougal.
19112019	&quot;Thank you.&quot;
19112020	Talk to Rhodos.
21301001	Ominous News
21301002	&quot;Yes, sir.&quot;
21301003	&quot;Got it.&quot;
21301004	Talk to Seir in Highwatch
21301005	North Dock
21301006	So this is the Island of Dawn?&#xA;What could have happened in this place?
21301007	Go to North Dock.
21301008	&quot;What is it?&quot;
21301009	Meet Adria at North Dock.
21302001	Adria's Suspicion
21302002	&quot;Got it.&quot;
21302003	&quot;I'll check it out, and let you know what I find.&quot;
21302004	Talk to Adria.
21302005	Alliance Expedition Camp
21302006	Someone is calling out to you.
21302007	Cross the bridge connected to the Timeless Woods.
21302008	&quot;I promised Adria I'd try to help.&quot;
21302009	Speak with Lam.
21302010	&quot;Oh...I didn't realize you couldn't get past.&quot;
21302011	Talk to the stranger.
21302012	&quot;I suppose so.&quot;
21302013	Speak with Lam again.
21303001	Unforgettable Day
21303002	&quot;Got it.&quot;.
21303003	Free Traders Collective Camp
21303004	The Free Traders Collective has a camp just ahead.&#xA;A federation investigator is speaking with the Free Traders' leader.
21303005	Locate the nearest Alliance camp.
21303006	&quot;Sorry to have taken your time.&quot;
21303007	Talk to the Free Traders magister.
21303008	Enlightened Union Camp
21303009	The Enlightened Union has a camp just ahead.&#xA;A federation investigator is speaking with the Enlightened Union leader.
21303010	Locate the next Alliance camp.
21303011	&quot;Very well. I'll be back shortly.&quot;
21303012	Speak with the Enlightened Union magister.
21303013	Monster of Timeless Woods
21303014	Defeat Monsters in Timeless Woods
21303015	&quot;Interesting. I'll look into that.&quot;
21303016	Speak with the Enlightened Union magister again.
21303017	Iron Order Camp
21303018	The Iron Order has a camp just ahead.&#xA;A federation investigator is speaking with the Iron Order leader.
21303019	Locate the next Alliance camp.
21303020	&quot;Thanks. I'll be sure to mention that in my report.&quot;
21303021	Speak with the magister of Iron Order.
21303022	&quot;I'll keep asking around, Adria.&quot;
21303023	Talk to Adria in Ruined Temple.
21304001	Tree of Ancient Gods
21304002	&quot;Okay.&quot;.
21304003	Under the Tree of Ancient Gods
21304004	Jovin is with a small group working on something under the World Tree.
21304005	Go to the base of the World Tree.
21304006	&quot;How does it work?&quot;
21304007	Talk to Jovin.
21304008	Activate the Armillariscope.
21304009	&quot;If I identify the culprit, you'll be the first person I notify.&quot;
21304010	Talk to Jovin again.
21304011	Inside of the Base
21304012	Federation soldiers are recovering the bodies of the dead.
21304013	Search Tower Base for clues.
21304014	&quot;One person, working alone. Got it. Thanks.&quot;
21304015	Talk to the federation investigator.
21304016	Inside of the Base
21304017	Researchers are investigating the imprints from the Tree.
21304018	Search Tower Base for more clues.
21304019	&quot;That fits with what else I've been able to learn. Thank you.&quot;
21304020	Talk to the federation investigator.
21304021	Inside of the Base
21304022	There is a body in the weeds.
21304023	Continue searching Tower Base for clues.
21304024	&quot;This...looks familiar.&quot;
21304025	Examine the body of federation soldier.
21304026	&quot;I think I know this man. Thanks. I'll keep an eye out for him.&quot;
21304027	Talk to the soldier.
21304028	&quot;You can count on me.&quot;
21304029	Report to Adria in Ruined Temple.
21305001	Suspect X
21305002	&quot;That's probably a good idea.&quot;.
21305003	Monster of Mysterious Ruins
21305004	Defeat Monsters in Mysterious Ruins.
21305005	Mysterious Ruins
21305006	Members of the Free Traders Collective are gathered in the ruins.
21305007	Look for the Free Traders Collective group in the Mysterious Ruins.
21305008	&quot;We do. I'll be in touch.&quot;
21305009	Talk to the Free Traders magister.
21305010	Shrine of Yurian
21305011	Members of the Enlightened Union are gathered at the shrine.
21305012	Look for the Enlightened Union group in the Shrine of Yurian.
21305013	&quot;Okay. You've told me everything I need to know, anyway.&quot;
21305014	Talk to the Enlightened Union magister.
21305015	Arun Heights
21305016	Members of the Iron Order are gathered in the ruins.
21305017	Look for the Iron Order group in Arun Heights.
21305018	&quot;You've made your point. I'm leaving.&quot;
21305019	Speak with the Iron Order magister.
21305020	&quot;I've got it. I'll find him and get some answers.&quot;
21305021	Speak with Adria.
21306001	Unexpected Encounter
21306002	&quot;I'm on it.&quot;.
21306003	Tainted Gorge Monster
21306004	Defeat Monsters at Tainted Gorge Bridge.
21306005	Tainted Gorge Bridge
21306006	Molva, the Free Traders magister, is waiting by the trail.
21306007	Investigate the Tainted Gorge Bridge.
21306008	&quot;I'm sure we'll meet again.&quot;
21306009	Speak with the magister of the sFree Traders Collective.
21306010	Molva's Trail
21306011	Molva is meeting with the treasure hunter!&#xA;Let's eavesdrop.
21306012	Follow Molva.
21306013	&quot;Don't be late.&quot;.
21306014	Listen in, then report to Jovin at the Tainted Gorge Outpost.
21306015	Treasure Hunter's Hideout
21306016	There is no one here, but there is a teleportal.
21306017	Go to the Shrine of the Demon God.
21306018	Mysterious Man's Trace
21306019	Spotted the Treasure Hunter! Hide.
21306020	Use the teleportal to enter Karascha's Lair and find Zik.
21306021	Spy on Zik and Jorivah.
21306022	&quot;You conspired to destroy the World Tree and profit from it.&quot;
21306023	Talk to Jorivah.
21306024	&quot;Happy to help...but I was sure Molva would be here.&quot;
21306025	Talk to Jovin.
21307001	Bitter Truth
21307002	&quot;What should I do next?&quot;
21307003	&quot;You can count on me.&quot;.
21307004	Talk to Jovin again.
21307005	Treasure Hunter's Trace
21307006	Don't let Zik escape!
21307007	Exit by the teleportal and locate Zik.
21307008	Treasure Hunter's Trace
21307009	He's going towards the bridge. Keep after him!
21307010	Pursue Zik.
21307011	Treasure Hunter's Trace
21307012	Zik disappeared into the bushes!
21307013	Pursue Zik.
21307014	Find a way through the bushes.
21307015	&quot;I was hoping you'd try that.&quot;
21307016	Confront Zik.
21307017	Defeat Zik.
21307018	&quot;Then follow me...and keep your mouth shut.&quot;
21307019	Arrest Zik.
21307020	Defeat Aknam and the Iron Order agents.
21307021	&quot;Sounds good.&quot;
21307022	Talk to Adria.
21307023	&quot;Got it.&quot;.
21307024	Get the full story from Adria.
21311001	Littered Path
21311002	&quot;I've got you covered.&quot;
21311003	Free Traders Collective Camp
21311004	There's Adria, near the merchants.
21311005	Follow the road to the Free Traders Collective camp.
21311006	&quot;I've got you covered.&quot;
21311007	Talk to Adria.
21311008	Defeat sickly basilisk, sickly orisks, and sickly ovoliths in Timeless Woods.
21311009	&quot;I've got you covered.&quot;
21311010	Talk to Adria.
21311011	Brutal Monsters of Timeless Woods
21311012	Defeat brutal basilisks, brutal orisks, and brutal ovoliths.
21311013	&quot;Interesting. I'll look into that.&quot;
21311014	Talk to Adria in Ruined Temple.
21312001	Sign of Hope
21312002	&quot;You can count on me.&quot;
21312003	&quot;I'll do it.&quot;
21312004	Talk to Adria in the Ruined Temple.
21312005	Examine the Unstable Essence of Life.
21312006	Slay Hapless Caiman Thief.
21312007	&quot;I'll do it.&quot;
21312008	Visit Adria in the Ruined Temple.
41101001	The Forge Master
41101002	&quot;I'm ready to learn.&quot;
41101003	Find Muhrak.
41102001	Go for Broken.
41102002	Broken Weapon.
41102003	&quot;It's been an honor.&quot;
41102004	Find weapon pieces from the bosses from the Shattered Fleet or in Channelworks.
41102005	Return to Muhrak.
41103001	Another Smith
41103002	&quot;Okay.&quot;
41103003	Go to Muhrak.
41104001	Lessons of the Smith
41104002	&quot;Let's do this.&quot;
41104003	Go to Muhrak.
41105001	Archesmith
41105002	&quot;I can handle it.&quot;
41105003	Go to Muhrak.
41106001	From the Rift
41106002	Raw Riftmetal
41106003	&quot;I like power.&quot;
41106004	Collect raw riftmetal from Lakan's Prison and Ghillieglade.
41106005	Go to Muhrak in the Blacksmith's Workshop.
41107001	Blacksmith of Fate
41107002	&quot;We must all work together.&quot;
41107003	Visit Forvath.
42421001	To Summon Kaprima
42421002	Go to {@LinkCreature:63#1102} in the {@Rgn:63009} right now.
42421003	&quot;I'm on my way.&quot;
42421004	Go meet {@LinkCreature:63#1102} in the {@Rgn:63009}.
42421005	&quot;I'll find out.&quot;
42421006	Go meet {@LinkCreature:63#1048} in the {@Rgn:63006}.
42421007	&quot;You can rest easy. I'll handle this Kaprima.&quot;
42421008	Meet {@LinkCreature:212#1007} at {@Rgn:12013} on {@Rgn:12001}.
42421009	Enter the {@Rgn:9024001}.
42421010	Find the {@LinkCreature:212#1501#teleportal} on {@Rgn:12001}.
42421011	Inside the Fane of Kaprima
42421012	{@Creature:424#2000} has already resurrected!
42421013	Enter the Fane of Kaprima and prevent {@Creature:424#2000} from resurrecting.
42421014	{@Creature:424#2000}'s Wing Feather
42421015	Kill {@LinkCreature:424#2000} and get a wing feather.
42421016	Report to {@LinkCreature:63#1102} in {@Rgn:63001}.
42421017	&quot;Thank you.&quot;
42491001	Syndication Extermination
42491002	Mark of the Kazuur Syndicate
42491003	&quot;For the federation.&quot;
42491004	Defeat Kazuur Syndicate members in the {@Rgn:9024001} and collect their marks.
42491005	Report your success to {@LinkCreature:212#1006}.
42521001	Balder's First Trial
42521002	Kill {@LinkCreature:425#1000$$Kakun}.&lt;BR&gt;(Only normal mode will advance quests.)
42521003	&quot;Onward.&quot;
42521004	Report to the next {@LinkCreature:425#3022#repository of wisdom}.&lt;BR&gt;(Only normal mode will advance quests.)
42522001	Balder's Second Trial
42522002	Kill {@LinkCreature:425#3000$$Lagreah}.&lt;BR&gt;(Only normal mode will advance quests.)
42522003	Destroy the {@LinkCreature:425#5000#golem generator}.&lt;BR&gt;(Only normal mode will advance quests.)
42522004	&quot;I'm not surprised.&quot;
42522005	Report to the next {@LinkCreature:425#3025#repository of wisdom}.&lt;BR&gt;(Only normal mode will advance quests.)
42523001	Balder's Third Trial
42523002	Kill {@LinkCreature:425#4000$$Grig}.&lt;BR&gt;(Only normal mode will advance quests.)
42523003	Destroy the {@LinkCreature:425#5000#golem generator}.&lt;BR&gt;(Only normal mode will advance quests.)
42523004	&quot;I expect so.&quot;
42523005	Report to the next {@LinkCreature:425#3025#repository of wisdom}.&lt;BR&gt;(Only normal mode will advance quests.)
42524001	Balder's Final Test
42524002	Break jars until you release the dimensional mirror, and then enter the Room of Relics and destroy {@LinkCreature:425#8005}.&lt;BR&gt;(Only normal mode will advance quests.)
42524003	&quot;Smashing.&quot;
42524004	Return to the {@LinkCreature:425#10004#dimensional mirror}.&lt;BR&gt;(Only normal mode will advance quests.)
42571001	(Guild) Suppression Orders: Guardians of {@Rgn:9025001}
42571002	Proof of Kill: Guardians
42571003	&quot;I do what I can.&quot;
42571004	Defeat Guardians of the relic in {@Rgn:9025001}.
42571005	Report to the nearest coordinator.
42581001	Suppression Orders: Guardians of {@Rgn:9025001}
42581002	Proof of Kill: Guardians
42581003	&quot;Glad to help.&quot;
42581004	Defeat guardians in {@Rgn:9025001}.
42581005	Report to the nearest coordinator.
46901001	Echo of Castle Aranea
46901002	Underground Passage
46901003	
46901004	Chapter 1: Continental Expedition&lt;br&gt;&lt;br&gt;This echo seems to relate to the Dark Continent Expedition. &lt;br&gt;&lt;br&gt;Join the Dark Continent Expedition to restore the Echo Arcana.
46901005	Underground Passage
46901006	Randun suddenly stopped.
46901007	Chapter 1: Continental Expedition&lt;br&gt;&lt;br&gt;Follow Syona, Ribina, and Randun to learn why the Dark Continent Expedition is here.
46901008	Underground Passage
46901009	A beam of light shines from deep inside Castle Aranea.
46901010	Chapter 1: Continental Expedition&lt;br&gt;&lt;br&gt;Find a way into Castle Aranea with the Dark Continent Expedition.
46901011	Monstrous Arena
46901012	
46901013	Chapter 1: Continental Expedition&lt;br&gt;&lt;br&gt;Follow the light.
46901014	Chapter 2: Devan Prisoner&lt;br&gt;&lt;br&gt;Follow the Dark Continent Expedition into the Monstrous Arena.
46901015	Chapter 2: Devan Prisoner&lt;br&gt;&lt;br&gt;Defeat Greandale with Syona and Ribina.
46901016	Chapter 3: Two Paths&lt;br&gt;&lt;br&gt;Nemato knows what the Dark Continent Expedition is looking for. &lt;br&gt;&lt;br&gt;Listen to Nemato's story.
46901017	Underground Entrance
46901019	Ground Entrance
46901021	Chapter 3: Two Paths&lt;br&gt;&lt;br&gt;If you go with Syona, it leads underground, and if you go with Randun, it leads to the castle grounds. &lt;br&gt;&lt;br&gt;Select who you want to go with, and move to that entrance.
46901022	Castle Dungeons
46901023	
46901024	Chapter 4: Sub-Devans&lt;br&gt;&lt;br&gt;Nemato speaks of a place where sub-devans like him live under the castle. &lt;br&gt;&lt;br&gt;Follow Nemato with Syona.
46901025	Slave Pens Entrance
46901026	
46901027	Chapter 4: Sub-Devans&lt;br&gt;&lt;br&gt;There's the distinctive odor of sewage. How can sub-devans live in such a place?&lt;br&gt;&lt;br&gt;Keep following Nemato.
46901028	Slave Pens Exit
46901029	
46901030	Chapter 4: Sub-Devans&lt;br&gt;&lt;br&gt;Nemato points to the Slave Pens where the sub-devans stay. Nemato explains how bad Imperial Puppets are. &lt;br&gt;&lt;br&gt;Enter the Slave Pens and defeat all Imperial Puppets.
46901031	Castle Sewers
46901032	It seems there are corpses in the castle sewers.
46901033	Chapter 4: Sub-Devans&lt;br&gt;&lt;br&gt;Syona is grim after seeing how the sub-devans live. Nemato seems not to be bothered and is providing guidance again. &lt;br&gt;&lt;br&gt;Follow Nemato with Syona.
46901034	Torture Chamber Entrance
46901035	
46901036	Chapter 4: Sub-Devans&lt;br&gt;&lt;br&gt;Syona is distracted by an implement of blood magic after seeing the piles of sub-devan corpses. Continue alone until Syona finishes her investigation. &lt;br&gt;&lt;br&gt;Follow the path up.
46901037	Torture Chamber Exit
46901038	
46901039	Chapter 5: Chamber Secrets&lt;br&gt;&lt;br&gt;Tools for torture and blood stains litter the floor. Two torturers approach with a smile. &lt;br&gt;&lt;br&gt;Defeat Sereken and Masuki and escape the Torture Chamber.
46901040	Secret Passage
46901041	
46901042	Chapter 5: Chamber Secrets&lt;br&gt;&lt;br&gt;Get as far as possible from the Torture Chamber before another torturer shows up.&lt;br&gt;&lt;br&gt;Follow Nemato. 
46901043	Secret Stairs
46901044	
46901045	Chapter 5: Chamber Secrets&lt;br&gt;&lt;br&gt;Nemato says there's a secret door that leads to Anea's Palace at the top of the stairs. It seems the archdevans like to stay near their toys. &lt;br&gt;&lt;br&gt;Go to the top of the stairs.
46901046	Secret Stairs Exit
46901047	Made it inside Anea's Palace
46901048	Chapter 5: Chamber Secrets&lt;br&gt;&lt;br&gt;If Nemato  is right, Anea's Palace should be behind this wall. &lt;br&gt;&lt;br&gt;Find and operate the lever, then exit via the secret door.
46901049	Elevator Ride
46901050	
46901051	Chapter 4: Scholarly Pursuit&lt;br&gt;&lt;br&gt;Excited after hearing about a new weapon, Randun promptly disappeared from sight. There must be an elevator nearby. &lt;br&gt;&lt;br&gt;Ride the elevator.
46901052	Chapter 4: Scholarly Pursuit&lt;br&gt;&lt;br&gt;Randun's voice echoes down from above.
46901053	Exit the elevator
46901054	Found an empty space in Castle Aranea.
46901055	Chapter 4: Scholarly Pursuit&lt;br&gt;&lt;br&gt;Get off the elevator and join Randun.
46901056	Weapons Lab
46901057	
46901058	Chapter 4: Scholarly Pursuit&lt;br&gt;&lt;br&gt;Be careful: Nearby soldiers will converge if we're spotted by an archdevan archer with night vision.&lt;br&gt;&lt;br&gt;Avoid the archdevan archers and move to the Weapons Lab.
46901059	Chapter 5: War Machine&lt;br&gt;&lt;br&gt;Randun's spotted the weapon he wanted to see.&lt;br&gt;&lt;br&gt;Examine the War Crawler weapon.
46901060	Chapter 5: War Machine&lt;br&gt;&lt;br&gt;Randun made a mess of things. Make things right before archdevans arrive.&lt;br&gt;&lt;br&gt;Defeat the War Crawler.
46901061	Anea's Palace Entrance
46901062	
46901063	Chapter 5: War Machine&lt;br&gt;&lt;br&gt;Randun found the weapon designs. It's dangerous to move Randun when he has designs on the brain, so it's better to continue alone like he suggested.&lt;br&gt;&lt;br&gt;Exit the Weapons Lab and look for Anea's Palace.
46901064	Throne Room
46901065	Made it to Anea's Palace.
46901066	Chapter 5: War Machine&lt;br&gt;&lt;br&gt;The palace is like a fortress. Its exterior is strong and well decorated.&lt;br&gt;&lt;br&gt;Enter the Throne Room.
46901067	Chapter 6: Secret Power&lt;br&gt;&lt;br&gt;You've reached the Throne Room. No time to wait for the dark continent expedition to join. &lt;br&gt;&lt;br&gt;Defeat Commander Heskia.
46901068	Queen's Chamber
46901069	
46901070	Chapter 6: Secret Power&lt;br&gt;&lt;br&gt;Finally arrived at the Queen's Chamber, where Nemato claimed to see what the Dark Continent Expedition were seeking.&lt;br&gt;&lt;br&gt;Enter the Queen's Chamber.
46901071	Chapter 6: Secret Power&lt;br&gt;&lt;br&gt;Defeat Anea.
46901072	Chapter 7: Nemato&lt;br&gt;&lt;br&gt;Anea (or Aranea) continued to blame people right up until she died. Does this have something to do with what Nemato did?
46901073	Where Nemato disappeared
46901074	Nemato can't be found.
46901075	Chapter 7: Changed Man&lt;br&gt;&lt;br&gt;The expedition senses the strangeness of Nemato's actions. &lt;br&gt;&lt;br&gt;Move to where Nemato disappeared.
46901076	Chapter 7: Changed Man&lt;br&gt;&lt;br&gt;The map the expedition was looking for must be in this crate. &lt;br&gt;&lt;br&gt;Destroy the crate.
46901077	Chapter 7: Changed Man&lt;br&gt;&lt;br&gt;It seems most of the memory was restored.
46901078	Chapter 7: Changed Man&lt;br&gt;&lt;br&gt;The Echo Arcana reappeared. There must be a change in it.&lt;br&gt;&lt;br&gt;Take a closer look.
46901079	Nod.
46901080	Chapter 7: Changed Man&lt;br&gt;&lt;br&gt;Go back to your time and tell the barakas what memories you restored so far.&lt;br&gt;&lt;br&gt;Use the Teleportal to meet Gadin in Highwatch.
47121001	Vanished Spirit
47121002	Please liberate the spirits from their fate!
47121003	Thank you so much!
47121004	Eliminate the eldritch blood knights that appear throughout the Necromancer Tomb.&#xA;[You must select Necromancer Tomb (Solo) from the {@LinkCreature:233#1501#Teleportal} to advance this quest.]  
47121005	&quot;For the federation!&quot;
47121006	Report to Cradoc in the Sanguine Hideout of the Citadel of Torment.
47122001	Soulless Body
47122002	You're our way in there.
47122003	We'll send scouts right away.
47122004	Eliminate disc reapers throughout the Necromancer Tomb.&#xA;[You must select Necromancer Tomb (Solo) from the {@LinkCreature:233#1501#Teleportal} to advance this quest.]  
47122005	&quot;For the federation!&quot;
47122006	Report to Cradoc in the Sanguine Hideout of the Citadel of Torment.
47123001	Deeply Rooted Grudge
47123002	I would do anything to avenge my husband's death. Please...
47123003	Thank you.
47123004	Vindictive Soul Stone
47123005	Eliminate ksharan guards in the Brotherhood Quarters of the Necromancer Tomb.&#xA;[You must select Necromancer Tomb (Solo) from the {@LinkCreature:233#1501#Teleportal} to advance this quest.]
47123006	Bring vindictive soul stones to Vandrea at the Sanguine Hideout in the Citadel of Torment.
47123007	&quot;For the federation!&quot;
47124001	Lasting Grudge
47124002	I lost my only son to those monsters. Don't let more good people die.
47124003	Thank you.
47124004	Core of Darkness
47124005	Eliminate vengeful shades throughout the Necromancer Tomb. &#xA;[You must select Necromancer Tomb (Solo) from the {@LinkCreature:233#1501#Teleportal} to advance this quest.]
47124006	Deliver Cores of Darkness to Vandrea at the Underground Base in the Citadel of Torment.
47124007	&quot;For the federation!&quot;
47125001	A Letter to My Wife
47125002	Thank you for delivering my husband's last words.
47125003	&quot;I'll do my best.&quot;
47125004	Deliver the letter to Vandrea. 
47125005	Take out the letter. 
47126001	A Memory for My Mother
47126002	I appreciate your help.
47126003	&quot;For the federation!&quot;
47126004	Bring Hector's satchel to Vandrea.
47127001	Path of Death
47127002	I feel naked without a weapon.
47127003	I don't want anyone else to be subjected to such cruelty.
47127004	Instruments of Torture
47127005	Eliminate ebonheart inquisitors in the Necromancer Tomb and retrieve their instruments of torture.&#xA;[You must select Necromancer Tomb (Solo) from the {@LinkCreature:233#1501#Teleportal} to advance this quest.]
47127006	Bring the instruments of torture to Veteran Morori in the Sanguine Hideout at the Citadel of Torment.
47127007	&quot;For the federation!&quot;
47170001	(Guild) Suppression Orders: Ksharan Soldiers
47170002	Proof of Kill: Ksharan Soldiers
47170003	&quot;For the federation!&quot;
47170004	Eliminate the ksharans in the Necromancer Tomb.
47170005	Report to the nearest village coordinator.
47171001	(Guild) Suppression Orders: Vedilith
47171002	Proof of Kill: Vedilith
47171003	&quot;For the federation!&quot;
47171004	Defeat Vedilith in the Necromancer Tomb.
47171005	Report to the nearest village coordinator.
47221001	Kurak's Lament
47221002	I won't leave until all the gulas are eliminated.
47221003	Thank you for making my job easier.
47221004	Gula Heart
47221005	Eliminate gulas throughout the Golden Labyrinth and collect their hearts.&#xA;[You must select Golden Labyrinth (Solo) from the {@LinkCreature:208#1501#Teleportal} to advance this quest.]
47221006	Deliver the hearts to Kurak.
47221007	&quot;For the federation!&quot;
47222001	Konika's Favorite Food
47222002	Thumpers have the meatiest tails.
47222003	I know these are hard to find. I thank you—and Konika thanks you, too.
47222004	Caiman Tail
47222005	Collect the tails of the azure caiman thumpers that lurk throughout the Golden Labyrinth.&#xA;[You must select Golden Labyrinth (Solo) from the {@LinkCreature:208#1501#Teleportal} to advance this quest.] 
47222006	Take the tails to Kurak.
47222007	&quot;For the federation!&quot;
47223001	Greedy Eyes
47223002	I know it sounds crazy, but if I have eyes, I can make gold!
47223003	I can be generous now, because soon I'll have more gold than anyone!
47223004	Eye of Avarice
47223005	Eliminate Sihran Avaritians in the Golden Labyrinth, and collect their eyes.&#xA;[You must select Golden Labyrinth (Solo) from the {@LinkCreature:208#1501#Teleportal} to advance this quest.]
47223006	Deliver the eyes to Alchemist Krudo.
47223007	&quot;For the federation!&quot;
47224001	Sacrifices for Science
47224002	I just love science...science...science!
47224003	These crystals have such a deep red color, just like the journals describe!
47224004	&quot;For the federation!&quot;
47224005	Collect blood crystals in the Golden Labyrinth.&#xA;[You must select Golden Labyrinth (Solo) from the {@LinkCreature:208#1501#Teleportal} to advance this quest.]
47224006	Deliver the blood crystals to Alchemist Krudo.
47226001	Grandpa's Stories
47226002	Please bring me the treasures of Baracos. I've spent my entire life dreaming about them!
47226003	What else is a lie? Do we really even exist?
47226004	Take the dagger.
47226005	Take the bracelet.
47226006	Examine treasure chests in the Golden Labyrinth.&#xA;[You must select Golden Labyrinth (Solo) from the {@LinkCreature:208#1501#Teleportal} to advance this quest.] 
47226007	&quot;Sorry I couldn't help more.&quot;
47226008	Deliver the recovered goods to Avil.
47270001	(Guild) Suppression Orders: Gulas
47270002	Proof of Kill: Gulas
47270003	&quot;For the federation!&quot;
47270004	Eliminate the gulas in the Golden Labyrinth.
47270005	Report to the nearest village coordinator.
47271001	(Guild) Suppression Orders: Caimans
47271002	Proof of Kill: Caimans
47271003	&quot;For the federation!&quot;
47271004	Eliminate the caimans in the Golden Labyrinth.
47271005	Report to the nearest village coordinator.
47272001	(Guild) Suppression Orders: Baracos
47272002	Proof of Kill: Baracos
47272003	&quot;For the federation!&quot;
47272004	Defeat Baracos in the Golden Labyrinth.
47272005	Report to the nearest village coordinator.
47280001	Suppression Orders: Corrupted Beings
47280002	Proof of Kill: Corrupted Beings
47280003	&quot;For the federation!&quot;
47280004	Eliminate the brutal slavers and drowned gulas in the Golden Labyrinth.
47280005	Report to the nearest village coordinator.
47281001	Suppression Orders: Baracos
47281002	[Golden Labyrinth] Proof of Kill: Baracos
47281003	&quot;For the federation!&quot;
47281004	Defeat Baracos in the Golden Labyrinth.
47281005	Report to the nearest village coordinator.
47321001	Blackhearts
47321002	Bring back those hearts, or the soldiers will resurrect.
47321003	Immortality seems like less of a blessing now, doesn't it?
47321004	Eternal Heart
47321005	Eliminate the Blood Legion in Ebon Tower.&#xA;[You must select Ebon Tower (Solo) from the {@LinkCreature:251#1501#Teleportal} to advance this quest.]
47321006	Bring the hearts to Savinu in the cave near Ebon Tower.
47321007	&quot;For the federation!&quot;
47322001	Serve Me and Live Forever
47322002	May Kaia's wrath be in your hands.
47322003	Soon, Kaia will welcome you home.
47322004	Soultrap Shard
47322005	Eliminate tower generals, general's escorts, tower decurions, and ebon zombies in the Ebon Tower.&#xA;[You must select Ebon Tower (Solo) from the {@LinkCreature:251#1501#Teleportal} to advance this quest.]
47322006	Bring the soultrap shards to Savinu in the cave near the Ebon Tower.
47322007	&quot;I'd want the same.&quot;
47323001	Let Kaia Sort Them Out
47323002	Empty that tower!
47323003	Evil must be eradicated. Kaia bless you, hero.
47323004	Proof of Kill: Tower Reinforcements
47323005	Eliminate Ebon Tower shamans and guards, arachnen painspinners, and anguish fiends in Ebon Tower.&#xA;[You must select Ebon Tower (Solo) from the {@LinkCreature:251#1501#Teleportal} to advance this quest.]
47323006	Report to Kesarik in the cave near Ebon Tower.
47323007	&quot;For the federation!&quot;
47324001	Argon Assistants
47324002	Remember, scavenge those argon cores!
47324003	We still barely understand the argons.
47324004	Argon Cores
47324005	Collect argon cores from argons on the top floor of Ebon Tower.&#xA;[You must select Ebon Tower (Solo) from the {@LinkCreature:251#1501#Teleportal} to advance this quest.]
47324006	Bring the argon cores to Traveron in the cave near Ebon Tower.
47324007	&quot;For the federation!&quot;
47325001	Fight the Fiends
47325002	We'll leave the guards in chaos!
47325003	It's stunk up our air long enough.
47325004	How did this filth get inside?
47325005	Master! I failed...
47325006	Guards, to me! Enemies in the tower!
47325007	Where are our gua—?
47325008	Eliminate Durzured and Vardas.&#xA;[You must select Ebon Tower (Solo) from the {@LinkCreature:251#1501#Teleportal} to advance this quest.] 
47325009	&quot;For the federation!&quot;
47325010	Report back to Kesarik near the Ebon Tower.
47326001	Thulsa's Cardinal
47326002	Don't let that thing take the field.
47326003	One more piece off Thulsa's chess board.
47326004	Eliminate the Cardinal of Undeath in the Ebon Tower.&#xA;[You must select Ebon Tower (Solo) from the {@LinkCreature:251#1501#Teleportal} to advance this quest.] 
47326005	&quot;For the federation!&quot;
47326006	Report to Traveron in the cave near Ebon Tower.
47327001	Effigy
47327002	Thulsa wants this to crush morale, so keep it quiet.
47327003	Thulsa himself will answer for this sick joke.
47327004	We amani were born to be slaves!
47327005	Soon, he will chain Kaia up like a do—
47327006	Look for General Kanmur in the Ebon Tower and dispatch him.&#xA;[You must select Ebon Tower (Solo) from the {@LinkCreature:251#1501#Teleportal} to advance this quest.]
47327007	&quot;For Kanmur and Kaiator!&quot;
47327008	Report to Kesarik in the cave near Ebon Tower.
47371001	(Guild) Suppression Orders: Blood Legion
47371002	Eternal Heart
47371003	&quot;For the federation!&quot;
47371004	Eliminate the Blood Legion in Ebon Tower and collect their eternal hearts.
47371005	Report to Coordinator Raneria in Habere.
47380001	Suppression Orders: Undying Corps
47380002	Eternal Beating Heart
47380003	&quot;For the federation.&quot;
47380004	Eliminate Blood Legion troops occupying the inner chambers of the Ebon Tower and collect eternal beating hearts.
47380005	See the coordinator for your reward.
47621001	Redistribution of Death
47621002	We'll impose a death tax on them. Hah!
47621003	All coins will go to the families of soldiers who died on the battlefield.
47621004	Gold Coin
47621005	Eliminate Killian's mercenaries in Shriekaal Hall and collect their gold coins.&#xA;[You must select Labyrinth of Terror (Solo) from the {@LinkCreature:251#1501#Teleportal} to advance this quest.]
47621006	Bring the mercenaries' gold coins to Asena at the Furnace Approach.
47621007	&quot;For the federation.&quot;
47622001	Killian's Hounds
47622002	Hyenas aren't canines, but you take my point.
47622003	Anything is better than waiting!
47622004	Hyenas and Zuulhounds
47622005	Eliminate agonal hyenas and zuulhound sentries in the Labyrinth of Terror.&#xA;[You must select Labyrinth of Terror (Solo) from the {@LinkCreature:253#1501#Teleportal} to advance this quest.] 
47622006	&quot;For the federation!&quot;
47622007	Report to Shaigar at the Furnace Approach.
47623001	Killian's Orchestra
47623002	The wind carries the noise sometimes.
47623003	Hope you made them sing!
47623004	Eliminate Killian's musicians and bandmasters in Tragieron Hall.&#xA;[You must select Labyrinth of Terror (Solo) from the {@LinkCreature:253#1501#Teleportal} to advance this quest.]
47623005	&quot;It was my pleasure.&quot;
47623006	Report to Shaigar at the Furnace Approach.
47624001	Killian's Mad Jesters
47624002	Killian's Jesters are very cunning, so you must be careful.
47624003	Good job! I thank Kaia for sending you to us.
47624004	Killian's Jesters
47624005	Eliminate Killian's Jesters in Tragieron Hall and Agonal Hall.&#xA;[You must select Labyrinth of Terror (Solo) from the {@LinkCreature:253#1501#Teleportal} to advance this quest.]
47624006	&quot;For the federation!&quot;
47624007	Report to Amarvand at Furnace Approach.
47625001	Bug Hunt
47625002	Shouldn't be hard for someone as tough as you!
47625003	Please don't tell anyone!
47625004	Eliminate arachnen painweavers in Shriekaal Hall.&#xA;[You must select Labyrinth of Terror (Solo) from the {@LinkCreature:253#1501#Teleportal} to advance this quest.] 
47625005	&quot;Everyone has their thing.&quot;
47625006	Report to Sember at Furnace Approach.
47626001	Argons in the Labyrinth
47626002	Grab the biggest parts you can find!
47626003	The whole hides! Heh! Muhrak's going to love this.
47626004	Armored Argon Hides
47626005	Defeat the argon forces in Tragieron Hall and Agonal Hall.&#xA;[You must select Labyrinth of Terror (Solo) from the {@LinkCreature:253#1501#Teleportal} to advance this quest.]
47626006	Bring the armored argon hides to Amarvand at the Furnace Approach.
47626007	&quot;Easier than cutting them up.&quot;
47627001	The Lasher
47627002	A lot bigger. With armor.
47627003	Still will, probably.
47627004	Eliminate Xalory the Lasher in Shriekaal Hall.&#xA;[You must select Labyrinth of Terror (Solo) from the {@LinkCreature:253#1501#Teleportal} to advance this quest.]
47627005	&quot;Thanks for the warning.&quot;
47627006	Report to Sember at the Furnace Approach.
47628001	I Sense Something
47628002	He'll hide behind his soldiers, so save your strength!
47628003	The honor is yours, my friend.
47628004	Eliminate Iknephar Chief Priest Marineu in Agonal Hall.&#xA;[You must select Labyrinth of Terror (Solo) from the {@LinkCreature:253#1501#Teleportal} to advance this quest.]
47628005	&quot;We share the honor.&quot;
47628006	Report to Centurion Amarvand at the Furnace Approach.
47629001	Uneasy Lies the Head
47629002	Please let me know if you see Aleister.
47629003	General...
47629004	Kanmur's Horns
47629005	Execute Killian's henchman Aleister and retrieve General Kanmur's horns.&#xA;[You must select Labyrinth of Terror (Solo) from the {@LinkCreature:253#1501#Teleportal} to advance this quest.] 
47629006	Return Kanmur's horns to Taronish at the entrance of the Labyrinth of Terror.
47629007	&quot;It was an honor.&quot;
47670001	(Guild) Suppression Orders: Killian's Clowns
47670002	Proof of Kill: Jesters
47670003	&quot;For the federation!&quot;
47670004	Eliminate Killian's fools, jesters, and jokers in the Labyrinth.
47670005	Report to Raneria in Habere.
47671001	(Guild) Suppression Orders: Killian's Musicians
47671002	Proof of Kill: Musicians
47671003	&quot;For the federation!&quot;
47671004	Eliminate Killian's bandmasters and musicians in the Labyrinth of Terror.
47671005	Report to Raneria in Habere.
47680001	Suppression Orders: Killian's Clowns
47680002	Killian's Clowns
47680003	&quot;For the federation!&quot;
47680004	Eliminate Killian's fools, jesters, and jokers in the Labyrinth of Terror.
47680005	Report to Raneria in Habere.
47681001	Suppression Orders: Killian's Musicians
47681002	Proof of Kill: Musicians
47681003	&quot;For the federation!&quot;
47681004	Eliminate Killian's bandmasters and musicians in the Labyrinth of Terror.
47681005	Report to Raneria in Habere.
48701001	Once More unto the Breach
48701002	&quot;Understood.&quot;
48701003	&quot;What happens if I make a mistake?&quot;
48701004	&quot;I already know.&quot;
48701005	Receive information from Isla.
48701006	&quot;Okay.&quot;
48701007	Grr!
48701008	Defeat the basilisks.
48701009	&quot;Okay.&quot;
48701010	Find Ausdan in the Bestial Vale.
48701011	&quot;Okay.&quot;
48701012	Receive information from Grapine in Bastion of Lok.&#xA;[You must select Bastion of Lok (Solo) from the {@LinkCreature:203#1501#Teleportal} to advance this quest.] 
48701013	Long live the Archdevan Empire!
48701014	Lok...I come to you...
48701015	Defeat Tetra Aniask (Bastion of Lok (Solo))
48701016	Trespassers will be eliminated.
48701017	Defeat Soulcrusher (Bastion of Lok (Solo).
48701018	My life for Lok!
48701019	Master... I'm on my way...
48701020	Eliminate Demonbinder Murdranak (Bastion of Lok (Solo)
48701021	Exit Bastion of Lok.
48701022	Use the Exit Teleportal and exit the Bastion of Lok.
48701023	&quot;I'll spread the word.&quot;
48701024	Report to Isla.
48701025	&lt;img src='img://__Icon_KeyboardShape.Keyboard_I' width='18' height='18' vspace='-6'/&gt; Open your inventory and use Isla's Teleportal Scroll.
48701026	&quot;Glad to help.&quot;
48701027	Report to Jodoc.
48721001	Lucrative Token
48721002	I'll pay you. This deal will be good for both of us.
48721003	Humpf, I swear this is the best I can do.
48721004	Darkness Token
48721005	Eliminate bastion mystics, sorcerers, reapers, lancers, slayers, and priests in the Bastion of Lok, and collect darkness tokens.&#xA;[You must select Bastion of Lok (Solo) from the {@LinkCreature:253#1501#Teleportal} to advance this quest.]
48721006	Deliver the darkness tokens to Ehringer at the entrance of the Bastion of Lok.
48721007	&quot;For the federation!&quot;
48722001	Membership Has Its Downsides
48722002	We'll cut them down to size.
48722003	Good job. I know this wasn't easy.
48722004	Scion Badge
48722005	Kill the devan Scions in the Bastion of Lok and collect their badges.&#xA;[You must select Bastion of Lok (Solo) from the {@LinkCreature:253#1501#Teleportal} to advance this quest.]
48722006	Deliver the badges to Tersiaj.
48722007	&quot;For the federation!&quot;
48723001	Impish Smiles
48723002	If the Scions have imps, they'll have bigger demons, too.
48723003	Imps are so damned creepy.
48723004	Eliminate dark imps in the Bastion of Lok.&#xA;[You must select Bastion of Lok (Solo) from the {@LinkCreature:203#1501#Teleportal} to advance this quest.]
48723005	&quot;For the federation!&quot;
48723006	Report back to Tersiaj.
48724001	Fangs for Nothing
48724002	Their bite is much worse than their bark.
48724003	Every scout and sentry in Oblivion Woods owes you a drink.
48724004	Tainted Fang
48724005	Eliminate the hyena sentries in the Bastion of Lok and collect their fangs.&#xA;[You must select Bastion of Lok (Solo) from the {@LinkCreature:203#1501#Teleportal} to advance this quest.]
48724006	Report back to Tersiaj. 
48724007	&quot;My pleasure.&quot;
48725001	Mysterious Leather
48725002	Many woodcutters are desperately waiting for my return. Please help
48725003	Wow, this is more than I expected. Thank you.
48725004	Tough Leather
48725005	Collect broken zuulhound hides.&#xA;[You must select Bastion of Lok (Solo) from the {@LinkCreature:203#1501#Teleportal} to advance this quest.]
48725006	Bring the hides to Ehringer.
48725007	&quot;For the federation!&quot;
48727001	Mysterious Blueprint
48727002	I should go there myself. Thank you.
48727003	Back away from the rock.
48727004	Investigate the rock.&lt;BR&gt;(Only normal mode will advance quests.)
48727005	&quot;For the federation!&quot;
48727006	Report to Jodoc in Crescentia.
48728001	Encrypted Book
48728002	I'll send this book to a scholar I know in Velika. Thank you.
48728003	Encrypted Book
48728004	Encrypted Book
48728005	Deliver the book to Jodoc in Crescentia.
48728006	&quot;For the federation!&quot;
48770001	Suppression Orders: Devan Cultists
48770002	Proof of Kill: Devan Cultists
48770003	&quot;For the federation!&quot;
48770004	Defeat devan cultists in the Bastion of Lok.&lt;BR&gt;(Only normal mode will advance quests.)
48770005	Report to the nearest village coordinator.
48821001	Treason's Reward
48821002	The betrayers of the kingdom must be punished!
48821003	He had it coming. Good job.
48821004	Execute Kagaron inside Sinestral Manor.&#xA;[You must select Sinestral Manor (Solo) from the {@LinkCreature:203#1501#Teleportal} to advance this quest.]
48821005	&quot;He deserved it.&quot;
48821006	Report to Segodun at Sinestral Manor.
48822001	Coughing Up Blood
48822002	We'll make them choke on the blood they drink.
48822003	Good job. I know this wasn't easy.
48822004	Vampir Fang
48822005	Collect vampir fangs from noble vampir rebels and insurgents in the manor.&#xA;[You must select Sinestral Manor (Solo) from the {@LinkCreature:203#1501#Teleportal} to advance this quest.]
48822006	Report to Kasador at the Sinestral Manor Servants' Entrance.
48822007	&quot;For the federation!&quot;
48823001	Lokians Lurking
48823002	Put an end to the raids.
48823003	We'll all sleep better.
48823004	Token of Evil
48823005	Eliminate Lokians in the manor and collect their tokens.&#xA;[You must select Sinestral Manor (Solo) from the Teleportal} to advance this quest.]
48823006	Report to Kasador at the Sinestral Manor Servants' Entrance.
48823007	&quot;For the federation!&quot;
48824001	New Converts
48824002	Bleed those bluebloods!
48824003	Where do they recruit these idiots?
48824004	Escort Token
48824005	Collect escort tokens from ducal loyalists and bodyguards in Sinestral Manor.&#xA;[You must select Sinestral Manor (Solo) from the {@LinkCreature:203#1501#Teleportal} to advance this quest.]
48824006	Report to Kasador at the Sinestral Manor Servants' Entrance.
48824007	&quot;For the federation!&quot;
48825001	Return to the Dream
48825002	Ugh...hope I never end up that way.
48825003	Nature sees, friend.
48825004	Dark Essence
48825005	Collect dark essences from dread wraiths, furious wraiths, and zealous disc reapers in Sinestral Manor.&#xA;[You must select Sinestral Manor (Solo) from the Teleportal} to advance this quest.]
48825006	Report to Kasador.
48825007	&quot;For the federation!&quot;
48826001	Take a Powder
48826002	Kill them and bring back what remains of our dead.
48826003	This must never happen again.
48826004	Bone Powder
48826005	Collect bone powder from chaos witches.&#xA;[You must select Sinestral Manor (Solo) from the Teleportal} to advance this quest.]
48826006	Report to Kasador at the Sinestral Manor Servants' Entrance.
48826007	&quot;For the federation!&quot;
48870001	(Guild) Suppression Orders: Ducal Soldiers
48870002	Proof of Kill: Ducal Soldiers
48870003	&quot;For the federation!&quot;
48870004	Hunt ducal loyalists, bodyguards, and conscripts in Sinestral Manor.&lt;BR&gt;(Only normal mode will advance quests.)
48870005	See the nearest guild quest reward coordinator for your reward.
48871001	(Guild) Suppression Orders: Vampir Nobles
48871002	Proof of Kill: Vampir Nobles
48871003	&quot;For the federation!&quot;
48871004	Hunt noble vampir rebels and insurgents in the Sinestral Manor.&lt;BR&gt;(Only normal mode will advance quests.)
48871005	Report to the nearest guild quest reward coordinator.
48872001	(Guild) Suppression Orders: Malgarios
48872002	Proof of Kill: Malgarios
48872003	&quot;For the federation!&quot;
48872004	Defeat Malgarios in Sinestral Manor.&lt;BR&gt;(Only normal mode will advance quests.)
48872005	Report to the nearest guild quest reward coordinator.
48921001	Dark Beings
48921002	Destroy the cores.
48921003	Good job. Thanks for your hard work.
48921004	Darkness Core
48921005	Eliminate the dark beings in the Cultists' Refuge and collect their cores.&#xA;[You must select Cultists' Refuge (Solo) from  {@LinkCreature:225#1023#Runha} to advance this quest.]  
48921006	Bring the cores to Karus on the second floor of the Dark Cathedral.
48921007	&quot;For the federation!&quot;
48922001	The Quality Is Superb
48922002	Don't you want to know what kind of secret weapons the cultists have?
48922003	These weapons have a mysterious power...
48922004	&quot;For the federation!&quot;
48922005	Collect cultist weapons inside the Cultists' Refuge.&#xA;[You must select Cultists' Refuge (Solo) from {@LinkCreature:225#1023#Runha} to advance this quest.]    
48922006	Deliver cultist weapons to Nullu.
48923001	Book of the Abyss
48923002	The books of the abyss will need serious study.
48923003	Take the books to the Mysterium.
48923004	Book of the Abyss
48923005	Eliminate abyssal beings in the Cultists' Refuge and collect their books.&#xA;[You must select Cultists' Refuge (Solo) from {@LinkCreature:225#1023#Runha} to advance this quest.]  
48923006	Report to Billan Kadif at the Cultists' Refuge.
48923007	&quot;For the federation!&quot;
48924001	Imp-robable Problem
48924002	Please...avenge their deaths.
48924003	Thank you.
48924004	Eliminate Eager Auric Imps in the Cultists' Refuge.&#xA;[You must select Cultists' Refuge (Solo) from  {@LinkCreature:225#1023#Runha} to advance this quest.]  
48924005	&quot;For the federation!&quot;
48924006	Report to Raubelak at Cultists' Refuge.
48925001	The Last Thing We Wanted to See
48925002	Be careful. No one knows what might come out.
48925003	Do you think the argons are really in league with the cultists?
48925004	Use the Seal Deactivation Scroll to remove the Eldritch Seal.&#xA;[You must select Cultists' Refuge (Solo) from  {@LinkCreature:225#1023#Runha} to advance this quest.] 
48925005	Eliminate the creatures inside the Chamber of Wonder.&#xA;[You must select Cultists' Refuge (Solo) from  {@LinkCreature:225#1023#Runha} to advance this quest.] 
48925006	&quot;For the federation!&quot;
48925007	Speak to Jelena.
48970001	(Guild) Suppression Orders: Dark Beings
48970002	Proof of Kill: Dark Beings
48970003	&quot;For the federation!&quot;
48970004	Eliminate dark beings in the Cultists' Refuge.&lt;BR&gt;(Only normal mode will advance quests.)
48970005	Report to the nearest village coordinator.
48971001	(Guild) Suppression Orders: Abysmal Beings
48971002	Proof of Kill: Abysmal Beings
48971003	&quot;For the federation!&quot;
48971004	Eliminate abysmal beings in the Cultists' Refuge.&lt;BR&gt;(Only normal mode will advance quests.)
48971005	Report to the nearest village coordinator.
48972001	(Guild) Suppression Orders: Bhaozurbas
48972002	Proof of Kill: Bhaozurbas
48972003	&quot;For the federation!&quot;
48972004	Defeat Bhaozurbas in Cultists' Refuge.&lt;BR&gt;(Only normal mode will advance quests.)
48972005	Report to the nearest village coordinator.
49301001	Search and Destroy
49301002	&quot;I understand.&quot;
49301003	Elleon sent a message. Go to Firebase Valor at Fyrmount and speak with Elleon.
49301004	&quot;I understand.&quot;
49301005	Find the cave southeast of Firebase Valor, and use the {@LinkCreature:204#1501#teleportal}. Speak with Elleon.&#xA;[You must select Akasha's Hideout (Solo) from the {@LinkCreature:204#1501#Teleportal} to advance this quest.]
49301006	Eliminate Garion to open the first gate.
49301007	Eliminate Adanok to open the second gate.
49301008	&quot;I understand.&quot;
49301009	Talk to Elleon.
49301010	Eliminate Nadaim, Guardian of Epidemics, to open the third gate.
49301011	Defeat Karascha and operate the strange seal.&#xA;[Summons Gilgash's Pylon or Akakalash's Pylon]
49301012	&quot;It will be for Akasha.&quot;
49301013	Investigate the Plagueheart.&#xA;[Eliminate Lugribar or Shargrim to summon the Plagueheart.]
49302001	Purging the Plague
49302002	We must stop Thulsa.
49302003	Enter Akasha's Hall and kill Akasha.
49302004	&quot;I understand.&quot;
49302005	Speak with Elleon at Akasha's Hideout Entrance.
49370001	(Guild) Cure for the Plague
49370002	Mutated Plague Cores
49370003	&quot;For the federation!&quot;
49370004	Gather mutated plague cores in Akasha's Hideout.
49370005	See the coordinator for your reward.
50501001	[Apex] Velika Banquet
50501002	&quot;I'd be honored.&quot;
50501003	Talk to Braga.
50501004	Use the invitation to teleport to Velika.
50501005	Platform - Velika
50501006	You see Nerinder.
50501007	Talk to Nerinder to go to the Velika Banquet.
50501008	Velika Banquet Entrance
50501009	Arrived at Velika Banquet Entrance.
50501010	Talk to &lt;font color='#2478FF'&gt;&lt;A href=&quot;markmap:loc=1#944,4009,1778&amp;type=1&amp;name=Nerinder&quot;&gt;Nerinder&lt;/A&gt;&lt;/font&gt; and teleport to the Velika Banquet.
50501011	&quot;I'll have a word with the Guard Captain.&quot;
50501012	Talk to Verdas.&#xA;[Talk to Nerinder, who’s near {@linkcreature:63#1604#Maius}, to get to the Velika Banquet.]
50501013	&quot;I see. Very well.&quot;
50501014	Speak with Kamilia.&#xA;[Talk to Nerinder, who’s near {@linkcreature:63#1604#Maius}, to get to the Velika Banquet.]
50501015	
50501016	&quot;Thank you.&quot;
50501017	Go to Velika Headquarters and speak to Seir.&#xA;[Talk to Nerinder, who’s near {@linkcreature:63#1604#Maius}, to get to the Velika Banquet.]
50501018	&quot;I guess I’ll hit the dance floor, then.&quot;
50501019	Speak to Meren to get information about the celebration.&#xA;[Talk to Nerinder, who’s near {@linkcreature:63#1604#Maius}, to get to the Velika Banquet.]
50501020	Banquet Dance Floor
50501021	Dance with the people.
50501022	Go to the Dance Floor.&#xA;[Talk to Nerinder, who’s near {@linkcreature:63#1604#Maius}, to get to the Velika Banquet.]
50501023	That was exhilirating!
50501024	Type &quot;/dance&quot; in your Chat window to dance.&lt;br&gt;(The quest completes when you finish dancing.)&#xA;[Talk to Nerinder, who’s near {@linkcreature:63#1604#Maius}, to get to the Velika Banquet.]
50501025	&quot;I am a bit hungry, actually.&quot;
50501026	Speak to Etomar.&#xA;[Talk to Nerinder, who’s near {@linkcreature:63#1604#Maius}, to get to the Velika Banquet.]
50501027	Traditional Bleakfields BBQ
50501028	Freeholds Flame Salad
50501029	Bleak Wings
50501030	All this dancing has worked up an appetite. &lt;br&gt;Speak to Eritomar.&#xA;[Talk to Nerinder, who’s near {@linkcreature:63#1604#Maius}, to get to the Velika Banquet.]
50501031	&quot;I can hardly wait.&quot;
50501032	&quot;This smells wonderful!&quot;
50501033	Take your meal.&#xA;[Talk to Nerinder, who’s near {@linkcreature:63#1604#Maius}, to get to the Velika Banquet.]
50501034	&quot;Mmm...looks tasty!&quot;
50501035	Take your meal.&#xA;[Talk to Nerinder, who’s near {@linkcreature:63#1604#Maius}, to get to the Velika Banquet.]
50501036	&quot;Ah, nice and spicy!&quot;
50501037	Take your meal.&#xA;[Talk to Nerinder, who’s near {@linkcreature:63#1604#Maius}, to get to the Velika Banquet.]
50501038	Eat the Traditional Bleakfields BBQ.&#xA;[Talk to Nerinder, who’s near {@linkcreature:63#1604#Maius}, to get to the Velika Banquet.]
50501039	Eat the Freeholds Flame Salad.&#xA;[Talk to Nerinder, who’s near {@linkcreature:63#1604#Maius}, to get to the Velika Banquet.]
50501040	Eat the Bleak Wings.&#xA;[Talk to Nerinder, who’s near {@linkcreature:63#1604#Maius}, to get to the Velika Banquet.]
50501041	&quot;Okay. Thanks.&quot;
50501042	Speak to Eritomar.&#xA;[Talk to Nerinder, who’s near {@linkcreature:63#1604#Maius}, to get to the Velika Banquet.]
50501043	&quot;Just pick one, eh?&quot;
50501044	Speak to Carbest.&#xA;[Talk to Nerinder, who’s near {@linkcreature:63#1604#Maius}, to get to the Velika Banquet.]
50501045	Use the key to open one of the four boxes.&#xA;[Talk to Nerinder, who’s near {@linkcreature:63#1604#Maius}, to get to the Velika Banquet.]
50501046	&quot;Sure, I can see that.&quot;
50501047	Obtain the Velika Banquet Coin from the lucky box.&#xA;[Talk to Nerinder, who’s near {@linkcreature:63#1604#Maius}, to get to the Velika Banquet.]
50501048	Speak to Carbest.&#xA;[Talk to Nerinder, who’s near {@linkcreature:63#1604#Maius}, to get to the Velika Banquet.]
50501049	&quot;Why, thank you!&quot;
50501050	Speak to Meren.&#xA;[Talk to Nerinder, who’s near {@linkcreature:63#1604#Maius}, to get to the Velika Banquet.]
50502001	[Apex] Uninvited Guests
50502002	Stage
50502003	Seir is about to deliver his speech.
50502004	It’s time for the speech. &lt;br&gt;Go to the stage.&#xA;[Talk to Nerinder, who’s near {@linkcreature:63#1604#Maius}, to get to the Velika Banquet.]
50502005	Congratulate Seir.&#xA;[Talk to Nerinder, who’s near {@linkcreature:63#1604#Maius}, to get to the Velika Banquet.]
50502006	&quot;Questions later! We need to evacuate the survivors.&quot;
50502007	Talk to Seir.&#xA;[Talk to Nerinder, who’s near {@linkcreature:63#1604#Maius}, to get to the Velika Banquet.]
50502008	&quot;We're evacuating. Seir will lead you out.&quot;
50502009	Direct the survivors to go with Seir.&#xA;[Talk to Nerinder, who’s near {@linkcreature:63#1604#Maius}, to get to the Velika Banquet.]
50502010	&quot;Halran, go with Seir.&quot;
50502011	Evacuate Halran.&#xA;[Talk to Nerinder, who’s near {@linkcreature:63#1604#Maius}, to get to the Velika Banquet.]
50502012	&quot;I'm on it...but it doesn't look good.&quot;
50502013	Talk to Seir.&#xA;[Talk to Nerinder, who’s near {@linkcreature:63#1604#Maius}, to get to the Velika Banquet.]
50502014	Search and Rescue
50502015	The Dance Floor is torn to shreds.
50502016	Search the area for more &lt;font color='#2478FF'&gt;&lt;A href=&quot;markmap:loc=9505#-36945,9066,2173&amp;type=1&amp;name=survivors&quot;&gt;survivors&lt;/A&gt;&lt;/font&gt;.&#xA;[Talk to Nerinder, who’s near {@linkcreature:63#1604#Maius}, to get to the Velika Banquet.]
50502017	There have to be more survivors!
50502018	You might have missed someone. Search again.
50502019	Search the &lt;font color='#2478FF'&gt;&lt;A href=&quot;markmap:loc=9505#-36945,9066,2173&amp;type=1&amp;name=Dance Floor&quot;&gt;Dance Floor&lt;/A&gt;&lt;/font&gt;.&#xA;[Talk to Nerinder, who’s near {@linkcreature:63#1604#Maius}, to get to the Velika Banquet.]
50502020	&quot;She's gone.&quot;
50502021	Speak with the survivor.
50502022	There have to be more survivors!
50502023	There are no more survivors...
50502024	Speak with the survivors.&#xA;[Talk to Nerinder, who’s near {@linkcreature:63#1604#Maius}, to get to the Velika Banquet.]
50502025	ROOOAAARR!
50502026	Defeat the Dragon in the banquet hall.&#xA;[Talk to Nerinder, who’s near {@linkcreature:63#1604#Maius}, to get to the Velika Banquet.]
50502027	&quot;What Black Dragon? Verdas?&quot;
50502028	Go see if Verdas is still alive.&#xA;[Talk to Nerinder, who’s near {@linkcreature:63#1604#Maius}, to get to the Velika Banquet.]
50502029	Velika
50502030	&quot;Velika was completely destroyed... how could this be?&quot;
50502031	Use the Fate Shard.
50502032	You feel something in your pocket. Open your inventory and use the Velika Banquet Coin. 
50502033	It's the lucky coin from the guessing game. But what about the people?
50502034	&quot;I must have... gone back in time?&quot;
50502035	Ask the Guard what happened to the banquet.
50511001	[Apex] 72 Hours Earlier
50511002	&quot;I'll go. I think they need me.&quot;
50511003	Talk to Seir.
50511004	&quot;Consider it done.&quot;
50511005	Speak to Maius.
50511006	&quot;I'll do what I can.&quot;
50511007	Speak to Bellenun.
50511008	Elenea
50511009	Find Verdas, and send the troops back to Velika.
50511010	Talk to Bellenun to teleport to Elenea.
50511011	&quot;I'll take a look. Thanks.&quot;
50511012	Ask Lossina about Verdas and the Velika troops.
50512001	[Apex] Impending Doom
50512002	&quot;Okay. Thanks for the advice.&quot;
50512003	Ask Fabavan about Verdas.&#xA;[You can enter the quest location via Bellenun, who’s next to {@linkcreature:63#1009#Adela}.]
50512004	&quot;Velika is in grave danger!&quot;
50512005	&quot;I'll take care of the dragons myself, then.&quot;
50512006	&quot;You have to trust me!&quot;
50512007	Speak to Cerenon.&#xA;[You can enter the quest location via Bellenun, who’s next to {@linkcreature:63#1009#Adela}.]
50512008	&quot;Fine. I guess I'll just have to hurry.&quot;
50512009	&quot;I'll kill some of the green dracoloths.&quot;
50512010	&quot;I'll kill some of the red dracoloths.&quot;
50512011	Speak to Cerenon.&#xA;[You can enter the quest location via Bellenun, who’s next to {@linkcreature:63#1009#Adela}.]
50512012	&quot;I've got this.&quot;
50512013	Defeat the dracoloths.&#xA;[You can enter the quest location via Bellenun, who’s next to {@linkcreature:63#1009#Adela}.]
50512014	Defeat the red dracoloths.&#xA;[You can enter the quest location via Bellenun, who’s next to {@linkcreature:63#1009#Adela}.]
50512015	The Wrecked Wagon
50512016	That must be Geiran's supply wagon.
50512017	Protect the soldiers located near the destroyed wagon.&#xA;[You can enter the quest location via Bellenun, who’s next to {@linkcreature:63#1009#Adela}.]
50512018	&quot;Geiran? Oh. He's gone.&quot;
50512019	Speak with Geiran.&#xA;[You can enter the quest location via Bellenun, who’s next to {@linkcreature:63#1009#Adela}.]
50512020	&quot;Yes, I've seen one...recently.&quot;
50512021	&quot;You've seen it, too?&quot;
50512022	&quot;Sounds like the one I'm looking for.&quot;
50512023	Talk to Verdas.&#xA;[You can enter the quest location via Bellenun, who’s next to {@linkcreature:63#1009#Adela}.]
50512024	&quot;I'm going to kill it.&quot;
50512025	Where the Black Dragon Soars
50512026	The Black Dragon appears high in the sky.
50512027	Go to the Black Dragon’s Lair. You’ll find dragons and suspects there.&#xA;[You can enter the quest location via Bellenun, who’s next to {@linkcreature:63#1009#Adela}.]
50512028	Where the Black Dragon Soared
50512029	The Black Dragon vanished!
50512030	Go to the Black Dragon’s Lair, where you’ll find the Black Dragon and Vergos cultists.&#xA;[You can enter the quest location via Bellenun, who’s next to {@linkcreature:63#1009#Adela}.]
50512031	&quot;It's not important. Let's go!&quot;
50512032	&quot;Vergos was the first dragon.&quot;
50512033	&quot;Yes, it does. How about you?&quot;
50512034	Talk to Verdas.&#xA;[You can enter the quest location via Bellenun, who’s next to {@linkcreature:63#1009#Adela}.]
50512035	&quot;I agree. Let's go.&quot;
50512036	Wyrmgorge Entrance
50512037	Investigate the strange plant.
50512038	Go to the Wyrmgorge entrance.&#xA;[You can enter the quest location via Bellenun, who’s next to {@linkcreature:63#1009#Adela}.]
50512039	Strange Plant
50512040	The plant suddenly begins thrashing frantically!
50512041	Approach the strange plant with Verdas.&#xA;[You can enter the quest location via Bellenun, who’s next to {@linkcreature:63#1009#Adela}.]
50512042	Defeat the dracoloth and the strange plant.&#xA;[You can enter the quest location via Bellenun, who’s next to {@linkcreature:63#1009#Adela}.]
50512043	&quot;Was the Plant warning us to stay away?&quot;
50512044	&quot;Maybe it's some kind of a trap.&quot;
50512045	&quot;Doesn't matter. Let's just kill the plants.&quot;
50512046	Talk to Verdas.&#xA;[You can enter the quest location via Bellenun, who’s next to {@linkcreature:63#1009#Adela}.]
50512047	&quot;That makes sense.&quot;
50512048	Wyrmgorge Entrance
50512049	The strange plant begins thrashing wildly!
50512050	Approach the entrance to the Wyrmgorge where the suspicious plants are.&#xA;[You can enter the quest location via Bellenun, who’s next to {@linkcreature:63#1009#Adela}.]
50512051	Defeat the dracoloths and the strange plant.&#xA;[You can enter the quest location via Bellenun, who’s next to {@linkcreature:63#1009#Adela}.]
50512052	&quot;Okay. Let's go.&quot;
50512053	Talk to Verdas.&#xA;[You can enter the quest location via Bellenun, who’s next to {@linkcreature:63#1009#Adela}.]
50512054	Inner Gorge
50512055	It's a Vergos cultist!
50512056	Go deeper into the Wyrmgorge.&#xA;[You can enter the quest location via Bellenun, who’s next to {@linkcreature:63#1009#Adela}.]
50512057	Defeat the Vergos cultists.&#xA;[You can enter the quest location via Bellenun, who’s next to {@linkcreature:63#1009#Adela}.]
50512058	Defeat the summoned dragon.&#xA;[You can enter the quest location via Bellenun, who’s next to {@linkcreature:63#1009#Adela}.]
50512059	Temporary Gorge Camp Approach
50512060	It's the same person who attacked Velik!
50512061	Find the Vergos cultist.
50512062	&quot;They want to take over the world.&quot;
50512063	&quot;They're planning to kill Velik.&quot;
50512064	&quot;What does it look like to you?&quot;
50512065	Talk to Verdas.&#xA;[You can enter the quest location via Bellenun, who’s next to {@linkcreature:63#1009#Adela}.]
50512066	&quot;I agree.&quot;
50512067	Temporary Gorge Camp
50512068	Dragons are swarming to the camp.
50512069	Go to the Firespine Outpost.&#xA;[You can enter the quest location via Bellenun, who’s next to {@linkcreature:63#1009#Adela}.]
50512070	Temporary Gorge Camp Approach
50512071	All the garrison's soldiers are dead. 
50512072	Go to the Firespine Outpost.&#xA;[You can enter the quest location via Bellenun, who’s next to {@linkcreature:63#1009#Adela}.]
50512073	&quot;He's gone.&quot;
50512074	Find and speak to the surviving soldier.&#xA;[You can enter the quest location via Bellenun, who’s next to {@linkcreature:63#1009#Adela}.]
50512075	&quot;Lead on.&quot;
50512076	Talk to Verdas.&#xA;[You can enter the quest location via Bellenun, who’s next to {@linkcreature:63#1009#Adela}.]
50512077	The Plant-Lined Path
50512078	The path is lined with the strange plants.
50512079	&lt;font color='#2478FF'&gt;Go to the &lt;A href=&quot;markmap:loc=9833#-129288,-4131,3828&amp;type=1&amp;name=Zaeltarazad Shrine&quot;&gt;Zaeltarazad Shrine&lt;/A&gt;&lt;/font&gt;.&#xA;[You can enter the quest location via Bellenun, who’s next to {@linkcreature:63#1009#Adela}.]
50512080	&quot;I'm ready when you are.&quot;
50512081	Talk to Verdas.&#xA;[You can enter the quest location via Bellenun, who’s next to {@linkcreature:63#1009#Adela}.]
50512082	The Plant-Lined Path
50512083	That Vergos cultist is up ahead!
50512084	&lt;font color='#2478FF'&gt;Go to the &lt;A href=&quot;markmap:loc=9833#-129258,-6937,3751&amp;type=1&amp;name=Zaeltarazad Shrine&quot;&gt;Zaeltarazad Shrine&lt;/A&gt;&lt;/font&gt;.&#xA;[You can enter the quest location via Bellenun, who’s next to {@linkcreature:63#1009#Adela}.]
50512085	Zaeltarazad Shrine Approach
50512086	There are prisoners at the top of the hill. 
50512087	&lt;font color='#2478FF'&gt;Run to the top of the &lt;A href=&quot;markmap:loc=9833#-130091,-9337,4130&amp;type=1&amp;name=hill&quot;&gt;hill&lt;/A&gt;&lt;/font&gt;.&#xA;[You can enter the quest location via Bellenun, who’s next to {@linkcreature:63#1009#Adela}.]
50512088	Defeat the dragon and free the soldiers from the cages.&#xA;[You can enter the quest location via Bellenun, who’s next to {@linkcreature:63#1009#Adela}.]
50512089	&quot;Consider it done.&quot;
50512090	Speak with the freed soldiers.&#xA;[You can enter the quest location via Bellenun, who’s next to {@linkcreature:63#1009#Adela}.]
50512091	&quot;What rumor?&quot;
50512092	&quot;But Vergos is dead.&quot; 
50512093	Talk to Verdas.&#xA;[You can enter the quest location via Bellenun, who’s next to {@linkcreature:63#1009#Adela}.]
50512094	&quot;Okay. I'm on it.&quot;
50512095	Defeat the dragon and free the soldiers from the cages.&#xA;[You can enter the quest location via Bellenun, who’s next to {@linkcreature:63#1009#Adela}.]
50512096	&quot;Consider it done.&quot;
50512097	Speak with the freed soldiers.&#xA;[You can enter the quest location via Bellenun, who’s next to {@linkcreature:63#1009#Adela}.]
50512098	Defeat the dragon and free the soldiers from the cages.&#xA;[You can enter the quest location via Bellenun, who’s next to {@linkcreature:63#1009#Adela}.]
50512099	&quot;It's okay. I'm here to help.&quot;
50512100	Rescue the imprisoned soldiers.&#xA;[You can enter the quest location via Bellenun, who’s next to {@linkcreature:63#1009#Adela}.]
50512101	Where the suspicious cultist disappeared
50512102	Strike now, before she escapes!
50512103	&lt;font color='#2478FF'&gt;Follow Verdas as he pursues the location of &lt;A href=&quot;markmap:loc=9833#-124380,-9644,4088&amp;type=1&amp;name=the Vergos cultists&quot;&gt;the Vergos cultists&lt;/A&gt;&lt;/font&gt;.&#xA;[You can enter the quest location via Bellenun, who’s next to {@linkcreature:63#1009#Adela}.]
50512104	Defeat the Vergos cultists.&#xA;[You can enter the quest location via Bellenun, who’s next to {@linkcreature:63#1009#Adela}.]
50512105	Examine the documents dropped by the Vergos cultists.&#xA;[You can enter the quest location via Bellenun, who’s next to {@linkcreature:63#1009#Adela}.]
50512106	&quot;So where are their troops?&quot;
50512107	&quot;We should help evacuate the village first.&quot;
50512108	&quot;I don't know that I trust that device.&quot;
50512109	Talk to Verdas.&#xA;[You can enter the quest location via Bellenun, who’s next to {@linkcreature:63#1009#Adela}.]
50512110	&quot;Let's do this.&quot;
50512111	Use the unknown device to teleport.&#xA;[You can enter the quest location via Bellenun, who’s next to {@linkcreature:63#1009#Adela}.]
50512112	Fyrmount
50512113	This is Fyrmount!
50512114	Use the device to teleport.
50512115	&quot;Let's get going.&quot;
50512116	Speak with Verdas.
50525001	[Apex] Following the Followers
50525002	&quot;Thanks. I'll need it.&quot;
50525003	Speak with Verdas.
50525004	Defeat the Shurian Summoners and their minions.
50525005	&quot;I understand. Thank you.&quot;
50525006	Speak with the Shurian Summoner Commander.
50525007	Defeat the Elite Dragons.
50525008	Up the Mountain
50525009	The federation troops have arrived!
50525010	Go &lt;font color='#2478FF'&gt;&lt;A href=&quot;markmap:loc=7004#117802,89058,6316&amp;type=1&amp;name=further up the mountain&quot;&gt;further up the mountain&lt;/A&gt;&lt;/font&gt;.
50525011	&quot;Thanks for coming.&quot;
50525012	Speak with Uriela.
50525013	&quot;...the end of the world.&quot;
50525014	Speak with Verdas.
50526001	[Apex] Between Worlds
50526002	&quot;I'm on it.&quot;
50526003	Speak with Verdas.
50526004	Use the teleportal device.
50526005	Location Unknown
50526006	You arrive in an unfamiliar, alien landscape.
50526007	Stay focused—anything could happen!&lt;BR&gt;(Use the Unknown Device at &lt;font color='#0080FF'&gt;&lt;A href=&quot;markmap:loc=7004#116221,91048,6445&amp;type=1&amp;name=Unknown Device&quot;&gt;{@Rgn:4013$$Edge of the Mountain}&lt;/A&gt;&lt;/font&gt; if you leave the quest area.)
50526008	Location Unknown - Outer Area
50526009	Something is coming.
50526010	Go up the stairs.&lt;BR&gt;(Use the Unknown Device at &lt;font color='#0080FF'&gt;&lt;A href=&quot;markmap:loc=7004#116221,91048,6445&amp;type=1&amp;name=Unknown Device&quot;&gt;{@Rgn:4013$$Edge of the Mountain}&lt;/A&gt;&lt;/font&gt; if you leave the quest area.)
50526011	Location Unknown - Center Area
50526012	The Black Dragon!
50526013	Confront the Black Dragon.&lt;BR&gt;(Use the Unknown Device at &lt;font color='#0080FF'&gt;&lt;A href=&quot;markmap:loc=7004#116221,91048,6445&amp;type=1&amp;name=Unknown Device&quot;&gt;{@Rgn:4013$$Edge of the Mountain}&lt;/A&gt;&lt;/font&gt; if you leave the quest area.)
50526014	Defeat Khemadia.&lt;BR&gt;(Use the Unknown Device at &lt;font color='#0080FF'&gt;&lt;A href=&quot;markmap:loc=7004#116221,91048,6445&amp;type=1&amp;name=Unknown Device&quot;&gt;{@Rgn:4013$$Edge of the Mountain}&lt;/A&gt;&lt;/font&gt; if you leave the quest area.)
50526015	Use Mystel's Aura. (You must be able to learn all new skills.)&lt;BR&gt;(Use the Unknown Device at &lt;font color='#0080FF'&gt;&lt;A href=&quot;markmap:loc=7004#116221,91048,6445&amp;type=1&amp;name=Unknown Device&quot;&gt;{@Rgn:4013$$Edge of the Mountain}&lt;/A&gt;&lt;/font&gt; if you leave the quest area.)
50526016	Soulscape
50526017	What...? Did the Black Dragon kill me?
50526018	Use Mystel's Aura to enter the Inner Abyss.&lt;BR&gt;(Use the Unknown Device at &lt;font color='#0080FF'&gt;&lt;A href=&quot;markmap:loc=7004#116221,91048,6445&amp;type=1&amp;name=Unknown Device&quot;&gt;{@Rgn:4013$$Edge of the Mountain}&lt;/A&gt;&lt;/font&gt; if you leave the quest area.)
50526019	Defeat your Inner Demons.&lt;BR&gt;(Use the Unknown Device at &lt;font color='#0080FF'&gt;&lt;A href=&quot;markmap:loc=7004#116221,91048,6445&amp;type=1&amp;name=Unknown Device&quot;&gt;{@Rgn:4013$$Edge of the Mountain}&lt;/A&gt;&lt;/font&gt; if you leave the quest area.)
50526020	&quot;I guess I have no choice.&quot;
50526021	Speak with Mystel.&lt;BR&gt;(Use the Unknown Device at &lt;font color='#0080FF'&gt;&lt;A href=&quot;markmap:loc=7004#116221,91048,6445&amp;type=1&amp;name=Unknown Device&quot;&gt;{@Rgn:4013$$Edge of the Mountain}&lt;/A&gt;&lt;/font&gt; if you leave the quest area.)
50527001	[Apex] Temper
50527002	&quot;I didn't ask to be a hero.&quot;
50527003	Look back on your path as a hero.&lt;BR&gt;(Use the Unknown Device at &lt;font color='#0080FF'&gt;&lt;A href=&quot;markmap:loc=7004#116221,91048,6445&amp;type=1&amp;name=Unknown Device&quot;&gt;{@Rgn:4013$$Edge of the Mountain}&lt;/A&gt;&lt;/font&gt; if you leave the quest area.)
50527004	Unleash your Temper! Let them behold your Wrath!
50527005	Speak with your memory and conquer your Temper.&lt;BR&gt;(Use the Unknown Device at &lt;font color='#0080FF'&gt;&lt;A href=&quot;markmap:loc=7004#116221,91048,6445&amp;type=1&amp;name=Unknown Device&quot;&gt;{@Rgn:4013$$Edge of the Mountain}&lt;/A&gt;&lt;/font&gt; if you leave the quest area.)
50528001	[Apex] Self-Doubt
50528002	&quot;Will my best ever be good enough?&quot;
50528003	Look back on the memories of your decisions.&lt;BR&gt;(Use the Unknown Device at &lt;font color='#0080FF'&gt;&lt;A href=&quot;markmap:loc=7004#116221,91048,6445&amp;type=1&amp;name=Unknown Device&quot;&gt;{@Rgn:4013$$Edge of the Mountain}&lt;/A&gt;&lt;/font&gt; if you leave the quest area.)
50528004	You can't do anything right!
50528005	Speak with your memory and face your Self-Doubt.&lt;BR&gt;(Use the Unknown Device at &lt;font color='#0080FF'&gt;&lt;A href=&quot;markmap:loc=7004#116221,91048,6445&amp;type=1&amp;name=Unknown Device&quot;&gt;{@Rgn:4013$$Edge of the Mountain}&lt;/A&gt;&lt;/font&gt; if you leave the quest area.)
50529001	[Apex] Guilt
50529002	&quot;It was them or me.&quot; 
50529003	Look back on your past failures.&lt;BR&gt;(Use the Unknown Device at &lt;font color='#0080FF'&gt;&lt;A href=&quot;markmap:loc=7004#116221,91048,6445&amp;type=1&amp;name=Unknown Device&quot;&gt;{@Rgn:4013$$Edge of the Mountain}&lt;/A&gt;&lt;/font&gt; if you leave the quest area.)
50529004	And you call yourself a hero?
50529005	Speak with your memory and face your Guilt.&lt;BR&gt;(Use the Unknown Device at &lt;font color='#0080FF'&gt;&lt;A href=&quot;markmap:loc=7004#116221,91048,6445&amp;type=1&amp;name=Unknown Device&quot;&gt;{@Rgn:4013$$Edge of the Mountain}&lt;/A&gt;&lt;/font&gt; if you leave the quest area.)
50530001	[Apex] Awakened
50530002	&quot;I'm ready now.&quot;
50530003	Speak with Mystel.&lt;BR&gt;(Use the Unknown Device at &lt;font color='#0080FF'&gt;&lt;A href=&quot;markmap:loc=7004#116221,91048,6445&amp;type=1&amp;name=Unknown Device&quot;&gt;{@Rgn:4013$$Edge of the Mountain}&lt;/A&gt;&lt;/font&gt; if you leave the quest area.)
50530004	Dragon World
50530005	Defeat Khemadia.&lt;BR&gt;(Use the Unknown Device at &lt;font color='#0080FF'&gt;&lt;A href=&quot;markmap:loc=7004#116221,91048,6445&amp;type=1&amp;name=Unknown Device&quot;&gt;{@Rgn:4013$$Edge of the Mountain}&lt;/A&gt;&lt;/font&gt; if you leave the quest area.)
50530006	Use Mystel's Aura and return to the Veil.&lt;BR&gt;(Use the Unknown Device at &lt;font color='#0080FF'&gt;&lt;A href=&quot;markmap:loc=7004#116221,91048,6445&amp;type=1&amp;name=Unknown Device&quot;&gt;{@Rgn:4013$$Edge of the Mountain}&lt;/A&gt;&lt;/font&gt; if you leave the quest area.)
50530007	There you are, you pathetic insect!
50530008	Defeat Khemadia.&lt;BR&gt;(Use the Unknown Device at &lt;font color='#0080FF'&gt;&lt;A href=&quot;markmap:loc=7004#116221,91048,6445&amp;type=1&amp;name=Unknown Device&quot;&gt;{@Rgn:4013$$Edge of the Mountain}&lt;/A&gt;&lt;/font&gt; if you leave the quest area.)
50530009	&quot;I will. I promise.&quot;
50530010	Speak with Mystel.&lt;BR&gt;(Use the Unknown Device at &lt;font color='#0080FF'&gt;&lt;A href=&quot;markmap:loc=7004#116221,91048,6445&amp;type=1&amp;name=Unknown Device&quot;&gt;{@Rgn:4013$$Edge of the Mountain}&lt;/A&gt;&lt;/font&gt; if you leave the quest area.)
50530011	&quot;Right. I remember.&quot;
50530012	Talk to Braga.
50531001	[Apex] One More Time
50531002	Use the invitation to teleport to Velika.
50531003	&quot;Thanks again.&quot;
50531004	Speak with Nerinder.
50531005	Velika Banquet Entrance
50531006	You arrived at the Banquet.
50531007	Talk to Nerinder and teleport to the Velika Banquet.
50531008	&quot;This should be much better than last time.&quot;
50531009	Talk to Verdas.&#xA;[Talk to Nerinder, who’s near {@linkcreature:63#1604#Maius}, to get to the Velika Banquet Redux.]
50531010	&quot;I hope we meet again soon.&quot;
50531011	Speak with Mystel.&#xA;[Talk to Nerinder, who’s near {@linkcreature:63#1604#Maius}, to get to the Velika Banquet Redux.]
50531012	&quot;Thanks. I'll go see him.&quot;
50531013	Speak with Kamilia.&#xA;[Talk to Nerinder, who’s near {@linkcreature:63#1604#Maius}, to get to the Velika Banquet Redux.]
50531014	Headquarters
50531015	
50531016	&quot;I’m looking for Seir.&quot;&lt;br&gt;Go to Headquarters.&#xA;[Talk to Nerinder, who’s near {@linkcreature:63#1604#Maius}, to get to the Velika Banquet Redux.]
50531017	&quot;It was a pleasure to meet you.&quot;
50531018	That man looks exactly like Verdas.&lt;br&gt;Talk to him.&#xA;[Talk to Nerinder, who’s near {@linkcreature:63#1604#Maius}, to get to the Velika Banquet Redux.]
50531019	&quot;Thank you, sir. You have fun, too.&quot;
50531020	Speak to Seir.&#xA;[Talk to Nerinder, who’s near {@linkcreature:63#1604#Maius}, to get to the Velika Banquet Redux.]
50531021	&quot;Not before? That's probably for the best.&quot;
50531022	Speak to Meren to get information about the celebration.&#xA;[Talk to Nerinder, who’s near {@linkcreature:63#1604#Maius}, to get to the Velika Banquet Redux.]
50531023	Stage
50531024	Watch the play.
50531025	Go to the theater in front of Headquarters.&#xA;[Talk to Nerinder, who’s near {@linkcreature:63#1604#Maius}, to get to the Velika Banquet Redux.]
50531026	Watch the play.&#xA;[Talk to Nerinder, who’s near {@linkcreature:63#1604#Maius}, to get to the Velika Banquet Redux.]
50531027	&quot;I'll be more than glad to see that.&quot;
50531028	Speak with Miriam.&#xA;[Talk to Nerinder, who’s near {@linkcreature:63#1604#Maius}, to get to the Velika Banquet Redux.]
50531029	&quot;I'm sure she's fine. Enjoy your meal!&quot;
50531030	Speak to the townsfolk you couldn’t save before.&#xA;[Talk to Nerinder, who’s near {@linkcreature:63#1604#Maius}, to get to the Velika Banquet Redux.]
50531031	Stage
50531032	Seir is about to deliver his speech.
50531033	It’s time for the speech. &lt;br&gt;Go to the stage.&#xA;[Talk to Nerinder, who’s near {@linkcreature:63#1604#Maius}, to get to the Velika Banquet Redux.]
50531034	&quot;I... thank you, sir.&quot;
50531035	Congratulate Seir.&#xA;[Talk to Nerinder, who’s near {@linkcreature:63#1604#Maius}, to get to the Velika Banquet Redux.]
50531036	&quot;I'm sure it will. Thank you!&quot;
50531037	Talk to Seir.
50532001	[Solo] Time Distortions
50532002	&quot;I'll get back to Meren now.&quot;
50532003	Find Seir at Velika Headquarters.
50532004	Obtain the Teleport Scroll.
50532005	Go to Meren in Velika Headquarters and check the lost and found.
50532006	Use Personal Teleport Scroll: Jovin to teleport to Arun Heights. [Press &lt;img src='img://__Icon_KeyboardShape.Keyboard_I' width='23' height='23' vspace='-6'/&gt; to open your inventory and select Personal Teleport Scroll: Jovin.]
50532007	&quot;On my way!&quot;
50532008	Show the pendant to Jovin.
50532009	Absorbing the Corrupted Mana
50532010	Defeat Brutal Naga Battlemaster, Brutal Iron Giant, and Brutal Onyx Hydrath to charge the Dimension Stabilizer.
50532011	
50532012	&quot;On my way!&quot;
50532013	Remove the time distortions.&lt;BR&gt;[Press F near the Time Distortions.]
50532014	Report to Meren.
50532015	Return to Jovin in the Arun Heights.
50532016	Claim reward.
50532017	Tell Meren you could not find the pendant's owner.
50533001	[Solo] A Gift for the Goddess
50533002	&quot;You can count on me.&quot;
50533003	Go to Meren in Highwatch.
50533004	The Shimmering Eternal Crown
50533005	Journey back in time to Castle Aranea and retrieve the Eternal Crown lying beneath the {@linkcreature:469#501#Anea's Crate}.&lt;br&gt;[Crown is retrieved when clearing Castle Aranea.]
50533006	Retrieve the Eternal Crown and go outside.
50533007	Highwatch
50533008	The Eternal Crown is covered in rust...!
50533009	Deliver the Eternal Crown to Meren in Highwatch.
50533010	&quot;I got it.&quot;
50533011	Speak with Meren in Highwatch.
50533012	&quot;I got it.&quot;
50533013	Show the rusted Eternal Crown to Halran in Erudar Command.
50533014	Empower the Eternal Crown with the Regeneration Stone. [Press &lt;img src='img://__Icon_KeyboardShape.Keyboard_I' width='23' height='23' vspace='-6'/&gt; key to open your inventory and select the Regeneration Stone.]
50533015	&quot;Thanks.&quot;
50533016	Talk to Halran again.
50533017	Claim reward.
50533018	Speak with Meren, near the Erudar Command.
50534001	[Solo] The Missing Supplier
50534002	&quot;Okay.&quot;
50534003	Speak with Meren in Highwatch and gather information about the Supplier.
50534004	&quot;Thank you.&quot;
50534005	Go to Tamarang and investigate Nimotz's Pegasus log.&lt;br&gt;&lt;BR&gt;[Press &lt;img src='img://__Icon_KeyboardShape.Keyboard_I' width='23' height='23' vspace='-6'/&gt; key to open inventory and right-click Island of Dawn Teleport Scroll to use.]
50534006	North Dock
50534007	There is luggage lying scattered on the ground. Those likely belong to Nimotz. 
50534008	Find Nimotz's belongings near the Dock.
50534009	Search Nimotz's belongings for clues to his whereabouts.
50534010	North Dock
50534011	There is a note in Nimotz's belongings. You see the words 'Northern Overwatch.'
50534012	
50534013	Note from Nimotz's Belongings
50534014	Find Nimotz in the Northern Overwatch area of the Island of Dawn.
50534015	&quot;Got it.&quot;
50534016	Ovoliths's Web
50534017	Basilisk Skin
50534018	Orisk Oil
50534019	Gather the materials and deliver them to Nimotz.&lt;br&gt;[Press &lt;img src='img://__Icon_KeyboardShape.Keyboard_I' width='23' height='23' vspace='-6'/&gt; key to open inventory and right-click the Personal Teleport Scroll: Nimotz.]
50534020	You obtained the Earth Stone.
50534021	Use the Earth Stone to empower the Eternal Crown. [Press &lt;img src='img://__Icon_KeyboardShape.Keyboard_I' width='23' height='23' vspace='-6'/&gt; key to open inventory and right-click the Earth Stone.]
50534022	&quot;Glad to help.&quot;
50534023	Report to Meren in Highwatch.
50535001	[Solo] The Celestial Warrior
50535002	&quot;Okay.&quot;
50535003	Go to Meren in Highwatch.
50535004	&quot;I'll get that stone by winning the challenge.&quot;
50535005	Speak with Bethania near the Celestial Arena Guide.
50535006	&quot;I accept your challenge.&quot;
50535007	Speak with Gaderong to enter the Celestial Arena and find Bethania.&#xA;
50535008	Speak with Gaderong and start the Celestial Arena.
50535009	Obtain the Celestial Stone.
50535010	Speak with Bethania in Highwatch.
50535011	Use the Celestial Stone to empower the Eternal Crown. [Press &lt;img src='img://__Icon_KeyboardShape.Keyboard_I' width='23' height='23' vspace='-6'/&gt; key to open inventory and right-click Celestial Stone to use.]
50535012	&quot;Glad to help.&quot;
50535013	Speak to Meren in Highwatch.
50536001	[Solo] Olivung's Beginner Cooking Class
50536002	&quot;Okay.&quot;
50536003	Go to Meren in Highwatch.
50536004	Use Personal Teleport Scroll: Olivung.&lt;br&gt;&lt;br&gt;[Press &lt;img src='img://__Icon_KeyboardShape.Keyboard_I' width='23' height='23' vspace='-6'/&gt; key to open inventory and right-click Personal Teleport Scroll: Olivung to use.]
50536005	Island of Dawn — Southern Checkpoint
50536006	The cooking aroma is giving you an appetite.
50536007	Approach Olivung at the Southern Checkpoint.
50536008	&quot;Okay.&quot;
50536009	Speak with Olivung at the Southern Checkpoint.
50536010	Bloodbound Teralith Core
50536011	Obtain a Brutal Bloodbound Teralith's Core and deliver it to Olivung.
50536012	Taste the Bloodbound Salad.
50536013	Try the Bloodbound Salad. [Press &lt;img src='img://__Icon_KeyboardShape.Keyboard_I' width='23' height='23' vspace='-6'/&gt; key to open your inventory, and select the Bloodbound Salad.]
50536014	Obtain the first piece of the Aspiration Stone.
50536015	Speak with Olivung at the Southern Checkpoint.
50536016	Use the first piece of the Aspiration Stone to empower the Eternal Crown. [Press &lt;img src='img://__Icon_KeyboardShape.Keyboard_I' width='23' height='23' vspace='-6'/&gt; key to open your inventory, and select the Aspiration Stone - First Piece.]
50536017	Claim reward.
50536018	Speak with Olivung at the Southern Checkpoint.
50537001	[Solo] Olivung's Intermediate Cooking Class
50537002	&quot;I'll help.&quot;
50537003	Find Olivung on the Island of Dawn.
50537004	Fimbrilisk's Durignite
50537005	Obtain a Cruel Fimbrilisk's Durignite and deliver it to Olivung.
50537006	Taste the Magma Ice Cream.
50537007	Taste the Magma Ice Cream. [Press &lt;img src='img://__Icon_KeyboardShape.Keyboard_I' width='23' height='23' vspace='-6'/&gt; key to open your inventory, and select the Magma Ice Cream.]
50537008	Obtain the second piece of the Aspiration Stone.
50537009	Speak with Olivung at the Southern Checkpoint.
50537010	Use the second piece of the Aspiration Stone to empower the Eternal Crown. [Press &lt;img src='img://__Icon_KeyboardShape.Keyboard_I' width='23' height='23' vspace='-6'/&gt; key to open your inventory, and select the Aspiration Stone - Second Piece.]
50537011	Claim reward.
50537012	Speak with Olivung at the Southern Checkpoint.
50538001	[Solo] Olivung's Expert Cooking Class
50538002	&quot;Just leave it to me.&quot;
50538003	Find Olivung on the Island of Dawn.
50538004	Searing Fangspawn's Fire Sac
50538005	Obtain the Brutal Searing Fangspawn's Fire Sac and deliver it to Olivung.
50538006	You try the Hell's Wings.
50538007	Try the Hell's Wings. [Press &lt;img src='img://__Icon_KeyboardShape.Keyboard_I' width='23' height='23' vspace='-6'/&gt; key to open inventory and right-click the Hell's Wings.]
50538008	&quot;Thanks.&quot;
50538009	Speak with Olivung in the Southern Checkpoint.
50538010	Use the last piece of the Aspiration Stone to empower the Eternal Crown. [Press &lt;img src='img://__Icon_KeyboardShape.Keyboard_I' width='23' height='23' vspace='-6'/&gt; key to open inventory and right-click the Aspiration Stone - Last Piece.]
50538011	Claim reward.
50538012	Deliver Olivung's Lunchbox to Meren in Highwatch.
50539001	[Solo] The Melancholy of a Designer
50539002	&quot;Okay.&quot;
50539003	Go to Meren in Highwatch.
50539004	&quot;I'll help.&quot;
50539005	Go to Clahk near the Training Ground in Highwatch.
50539006	Training Ground
50539007	Destroy the Priest Buff Stone or Mystic Buff Stone two times.&lt;BR&gt;The Training Ground is a dungeon for simulating your skills. You do not have to clear this dungeon.
50539008	Training Ground
50539009	Leave the dungeon after you simulate your skills at the training monsters.
50539010	Speak with Atpeman.
50539011	Obtain the Captivity Stone.
50539012	Speak with Clahk.
50539013	Use the Captivity Stone to empower the Eternal Crown. [Press &lt;img src='img://__Icon_KeyboardShape.Keyboard_I' width='23' height='23' vspace='-6'/&gt; key to open your inventory and select the Captivity Stone.]
50539014	&quot;Thank you.&quot;
50539015	Speak to Meren in Highwatch.
50540001	[Solo] Need a Rest
50540002	&quot;Okay.&quot;
50540003	Go to Meren in Highwatch.
50540004	&quot;Okay.&quot;
50540005	Use the Teleport Scroll to go to Launa. [Press &lt;img src='img://__Icon_KeyboardShape.Keyboard_I' width='23' height='23' vspace='-6'/&gt; key to open inventory and use a Bleakrock Teleport Scroll to teleport to Launa's location.]
50540006	Give Launa a hand by claiming 4 Guardian Legion Mission rewards.
50540007	&quot;Okay.&quot;
50540008	Return to Bleakrock and speak with Launa.
50540009	Use the Frost Stone to empower the Eternal Crown. [Press &lt;img src='img://__Icon_KeyboardShape.Keyboard_I' width='23' height='23' vspace='-6'/&gt; key to open inventory and use a Frost Stone.]
50540010	&quot;I should get going.&quot;
50540011	Talk to Launa again.
50540012	&quot;Glad to help.&quot;
50540013	Speak to Meren in Highwatch.
50541001	[Solo] The Finest Fireworks
50541002	&quot;I'll help.&quot;
50541003	Go to Meren in Highwatch.
50541004	Platinum
50541005	Passion Stone
50541006	Retrieve the Passion Stone and some Platinum from Lilith's Trial, and deliver them both to Meren.&lt;BR&gt;(Items drop at random.)
50541007	&quot;I got it.&quot;
50541008	Use the Passion Stone and complete the Eternal Crown.
50541009	Claim reward.
50541010	Deliver the completed Eternal Crown to Meren.
50545001	[Important] Skills and Glyphs
50545002	You can activate your new flying skill from the 'Ride' tab.
50545003	&quot;Thank you.&quot;
50545004	Go to Marmundam in Highwatch.
50546001	[Important] Guardian Legion Gear
50546002	Higher Item Level is always better!
50546003	&quot;Thank you!&quot;
50546004	Speak with Marmundam.
50546005	Marmundam's gift.&lt;br&gt;&lt;BR&gt;[Press &lt;img src='img://__Icon_KeyboardShape.Keyboard_I' width='23' height='23' vspace='-6'/&gt; key to open your inventory and select the Twistshard Weapon Box.]
50546006	Fantastic!.
50546007	&quot;Thank you!&quot;
50546008	Talk to Marmundam.
50547001	[Important] Accessories
50547002	You can change an accessory's enchantment effects with a Semi-Enigmatic Scroll! 
50547003	&quot;Thank you!&quot;
50547004	Go to Redorn.
50547005	Equip the Twistshard Belt.&lt;br&gt;&lt;BR&gt;[Press &lt;img src='img://__Icon_KeyboardShape.Keyboard_I' width='23' height='23' vspace='-6'/&gt; key to open your inventory and select the Twistshard Belt.]
50547006	It's perfect.
50547007	&quot;I'll try.&quot;
50547008	Speak with Redorn.
50548001	[Important] Finishing Touches
50548002	Circlets, Brooches, Innerwear...every piece matters! Your goal is 439!
50548003	&quot;Thank you!&quot;
50548004	Speak with Braga in Highwatch.
50548005	Equip the Bellum Circlet.&lt;br&gt;&lt;BR&gt;[Press &lt;img src='img://__Icon_KeyboardShape.Keyboard_I' width='23' height='23' vspace='-6'/&gt; key to open your inventory and select the Bellum Circlet.]
50548006	(Nods head.)
50548007	&quot;Thank you!&quot;
50548008	Talk to Braga again.
50601001	[Important] Velik's Dream
50601002	&quot;Okay.&quot;
50601003	Talk to Seir.
50601004	&quot;I'll try to find Tarua.&quot;
50601005	Speak with Getty.
50601006	&quot;Thank you!&quot;
50601007	Speak with Rumaia.
50601008	&quot;Let's hope so.&quot;
50601009	Speak with Cottrey.
50601010	Take Cottrey's medicine.
50601011	&quot;Bottoms up!&quot;
50601012	&quot;I need to see the goddess.&quot;
50601013	Tell Cottrey how you feel.
50601014	&quot;Good idea.&quot;
50601015	Speak with Kisha at Velik's Steps.
50601016	&quot;Okay, I'm ready when you are.&quot;
50601017	Ask Rimun for access to Hall of Knowledge.
50601018	Veritas Vault Bookshelf
50601019	Halran is absent. Ask Halran's assistant where Halran is.
50601020	Search for Halran near the Bookshelf in Veritas Vault.
50601021	&quot;Thank you.&quot;
50601022	Speak with Falim in Highwatch.
50601023	Read Halran's message.
50601024	The Fountain of Shara...near Seeker's Locus?
50601025	Go to Mystel's Arcana.
50601026	&quot;Thank you!&quot;
50601027	Speak with Falim.
50601028	Use the Tralion Teleport Scroll.
50601029	Fountain of Shara
50601030	This is a good place to consult Mystel's Aura.
50601031	Go to {@Rgn:26005$$Fountain of Shara}. ({@linkcreature:69#1005$$Teleport} to {@Rgn:26007$$Seekers' Locus} to travel quick)
50601032	Use Mystel's Aura.
50601033	You used Mystel's Aura.
50601034	&quot;Okay, I'll get started right away.&quot;
50601035	Speak with Mystel.
50601036	Collect the Overseer's Eyes from a Shadow Overseer.
50601037	Collect the Motes of Distortion from Oneiroliths.
50601038	Collect the Sanctuary Barriers from Rheumikumases.
50601039	Collect the Root of Resurrection from an Autumnal Giant.
50601040	&quot;Okay.&quot;
50601041	Return to Mystel with the materials.
50601042	Velik's Dream
50601043	You're inside Velik's dream!
50601044	Use the Recro Magnum in front of {@linkcreature:226#2000$$Mystel} to enter Velik's dream.
50601045	Interact with the devices to deal with the butterflies.
50601046	Observe Velik's pure dream.
50601047	I'll be ready.
50601048	Speak with Mystel.
50602001	[Important] Ill Deeds by Twilight
50602002	&quot;Okay.&quot;
50602003	You received a message from the federation.&lt;BR&gt;Speak with Laaran.
50602004	Woodstrider Point
50602005	Isobel is not in the camp. The soldiers might know where she is.
50602006	Go to Woodstrider Point.
50602007	&quot;I'm fine.&quot;
50602008	Speak with the soldier.
50602009	Near Isobel
50602010	Isobel is returning to camp. Find out what she saw.
50602011	Go meet Isobel.
50602012	&quot;Okay.&quot;
50602013	Speak with Isobel.
50602014	Sickly Warthog's Skin
50602015	Defeat Sickly Warthog.
50602016	Deliver the skins to Isobel in the Windwhistle Woods.
50602017	&quot;I got it.&quot;
50602018	Where the Raiders Appeared
50602019	You see a scout. Ask him about the raiders.
50602020	Meet the scout.
50602021	&quot;I got it.&quot;
50602022	Speak with the scout.
50602023	Seeliewood Entrance
50602024	What was that?
50602025	Follow the raiders and locate a wagon.
50602026	Defeat the raiders guarding the wagon.
50602027	Inspect the raider's wagon.
50602028	&quot;I see.&quot;
50602029	Use the Truth Needle on a Raider Officer.
50602030	Seeliewood Camp
50602031	Elleon and Jelena are here!
50602032	Scout the Dorana Outpost.
50602033	&quot;Okay.&quot;
50602034	Speak with Elleon.
50602035	Defeat the Raiders.
50602036	Startree Forest
50602037	&quot;Those things are going to slaughter us...&quot;
50602038	Meet with Elleon in Startree Forest.
50602039	Defeat the Forest Vulcans.
50602040	Use Elleon's Tracker.
50602041	Ally Location
50602042	You hear Jelena's voice.
50602043	Go to Elleon and Jelena.
50602044	Jelena is Nearby
50602045	Is that Hennika?
50602046	Go toward Jelena's voice.
50602047	&quot;Hennika...I...&quot;
50602048	Speak with Hennika.
50602049	Defeat the contaminated monsters.
50602050	&quot;Thanks.&quot;
50602051	Speak with Elleon.
50602052	Use Elleon's Safe Haven Teleport Scroll.
50602053	&quot;Okay.&quot;
50602054	Speak with Laaran.
50603001	[Important] The Crash
50603002	&quot;You can count on me.&quot;
50603003	Speak with Laaran.
50603004	&quot;Just the essentials, please.&quot;
50603005	&quot;You trained them. They'll do fine.&quot;
50603006	&quot;I couldn't agree more.&quot;
50603007	&quot;That's the spirit!&quot;
50603008	Get the villagers to board the transports.
50603009	&quot;I'll give them your orders.&quot;
50603010	Speak with Laaran.
50603011	&quot;It will be here when you get back.&quot;
50603012	Get Himmul on board.
50603013	&quot;Even if we have to rebuild it.&quot;
50603014	Get Erenya on board.
50603015	&quot;Well done, drillmaster. Now get them aboard.&quot;
50603016	Get Aurl on board.
50603017	&quot;No time like the present! All aboard.&quot;
50603018	Get Mannes on board.
50603019	&quot;Get going.&quot;
50603020	Tell the transports to depart.
50603021	&quot;We'll have to hurry to catch up.&quot;
50603022	Speak with Elleon.
50603023	&quot;I'm ready! Do it!&quot;
50603024	Speak with Laaran.
50603025	&quot;Okay.&quot;
50603026	Ask Velnen where the transports are.
50603027	Defeat the Contaminated Warthogs.
50603028	Camp Alpha
50603029	Elleon is already here.
50603030	Go to the Temporary Camp.
50603031	&quot;Good luck to you, too.&quot;
50603032	Speak with Elleon.
50603033	Repair the Teleportal.
50603034	&quot;You can count on me.&quot;
50603035	Speak with Hudere.
50603036	Defeat the Vulcans near Camp Beta.
50603037	Camp Beta
50603038	There's  a wrecked Teleportal.
50603039	Go to Camp Beta.
50603040	Repair the Teleportal.
50603041	&quot;I understand.&quot;
50603042	Speak with Hudere.
50603043	Start the engine.
50603044	Escort the siege weapon to Camp Gamma
50603045	&quot;Consider it done.&quot;
50603046	Speak with Jordal.
50603047	Gather the Contaminated Fangspawn's Teeth
50603048	Camp Delta
50603049	It appears Hudere has already arrived at Camp Delta.
50603050	Deliver the Contaminated Fangspawn's Teeth to Camp Delta.
50603051	&quot;I'm on my way.&quot;
50603052	Speak with Hudere.
50603053	&quot;Let's go.&quot;
50603054	Follow Jelena to the ridge and get her report.
50603055	Front of Stronghold of Blood
50603056	&quot;What is THAT?&quot;
50603057	Go to the Stronghold of Blood with Jelena.
50603058	&quot;Sounds good.&quot;
50603059	Speak with Jelena.
50603060	Stronghold of Blood Entrance
50603061	Soldiers are running toward you.
50603062	Go to the Stronghold of Blood and search for a crashed transport.
50603063	&quot;I'll get them out.&quot;
50603064	Ask the soldier about the camp.
50603065	Eliminate the Mournwings.
50603066	Stronghold of Blood
50603067	Someone is hiding behind a barricade.
50603068	Search for more crash survivors.
50603069	&quot;I'll send someone to get you.&quot;
50603070	Talk to Korey.
50603071	Defeat the butterflies.
50603072	Stronghold of Blood
50603073	A soldier calls out to you.
50603074	Search for more crash survivors.
50603075	&quot;You can count on me.&quot;
50603076	Speak with the soldier.
50603077	Stronghold of Blood
50603078	You here a strange sound.
50603079	Go deeper into the Fort.
50603080	&quot;I'm too late.&quot;
50603081	Help the soldier.
50603082	Stronghold of Blood
50603083	Butterflies are everywhere.
50603084	Go deeper into the stronghold.
50603085	&quot;Alright. Ready when you are.&quot;
50603086	Speak with Elleon.
50603087	Stronghold of Blood
50603088	You can see people hiding under the wreckage.
50603089	Go to the crash site.
50603090	Defeat the Murderwings.
50603091	Speak to the villager.
50603092	&quot;Let's get you to safety!&quot;
50603093	Escort the villager to Elleon.
50603094	&quot;I'm ready to teleport.&quot;
50603095	Speak with Elleon.
50603096	&quot;Always willing to help.&quot;
50603097	Speak with Velnen.
51010001	Mysterious Symptoms
51010002	&quot;Okay.&quot;
51010003	&quot;Okay.&quot;
51010004	Speak with Himmul.
51010005	Collect samples from Blackhoof Unicorns.
51010006	Collect samples from Smokepaw Timberwolves.
51010007	&quot;Okay.&quot;
51010008	Speak with Himmul.
51010009	Collect samples from Loamy Sporewalkers.
51010010	&quot;Okay.&quot;
51010011	Speak with Himmul.
51010012	&quot;Okay.&quot;
51010013	Speak with Laaran.
51011001	Stopping the Spread
51011002	&quot;Okay.&quot;
51011003	Check with the Raider.
51011004	Inspect the Amber Powder Box.
51011005	&quot;You can't have this!&quot;
51011006	&quot;Do..not...stop..us...&quot;
51011007	Defeat Raiders to retrieve Amber Powder.
51011008	&quot;Okay.&quot;
51011009	Talk to Jelena again.
51011010	Destroy the Amber Powder.
51011011	Your body becomes stiff.
51011012	&quot;Okay.&quot;
51011013	Talk to Jelena.
51012001	The Truth
51012002	&quot;Okay.&quot;
51012003	Hennika's Rendevous
51012004	It's a Raider flag.
51012005	Go to Hennika's rendevous.
51012006	(Examine another corpse.)
51012007	Examine the Raider corpse.
51012008	(Examine another corpse.)
51012009	Examine the Raider corpse.
51012010	Return to Hennika.
51012011	Examine the Raider corpse.
51012012	&quot;Okay.&quot;
51012013	Talk to Hennika.
51020001	Find My Daughter!
51020002	&quot;My daughter...please find her!&quot;
51020003	&quot;The missing airship...it's my last hope...&quot;
51020004	&quot;I'll look into it.&quot;
51020005	Possible witness
51020006	Look, up on the overwatch!
51020007	Search the area for possible witnesses.
51020008	&quot;Thank you.&quot;
51020009	Talk to Zeuk. (Hint: use a flying mount)
51020010	Airship Crash Scene
51020011	Is that her?
51020012	Crash site.
51020013	Collect the body.
51020014	Collect the body.
51020015	&quot;Got it.&quot;
51020016	Return to Haron.
51021001	For Essenia!
51021002	&quot;I've never been so busy!&quot;
51021003	&quot;Come whenever you want!&quot;
51021004	&quot;Got it.&quot;
51021005	&quot;I'm not sure if this is helping...&quot;
51021006	Gather Veridia Root.&#xA;(Obtainable from Wild Veridia.)
51021007	Talk to Zeuk.
51021008	&quot;Don't mind it.&quot;
51021009	Gather Plain Stone.
51021010	Talk to Zeihenne.
51021011	&quot;This better be good.&quot;
51021012	Gather Xermetal Ore.)
51021013	Talk to Kierhan.
51021014	&quot;Okay.&quot;
51021015	Return to Zeuk.
51022001	Butterfly Effect
51022002	&quot;Those butterflies are everywhere!&quot;
51022003	&quot;We need a closer look.&quot;
51022004	&quot;Okay.&quot;
51022005	Kierhan's observation post
51022006	Kierhan is on the Overwatch!
51022007	Go to Kierhan.
51022008	&quot;Okay.&quot;
51022009	Talk to Kierhan.
51022010	Hunt Mournwings and Murderwings.
51022011	&quot;Okay.&quot;
51022012	Report to Kierhan.
51022013	&quot;I'll take a look.&quot;
51022014	Deliver Kierhan's report.
51022015	Read Kierhan's report.
51022016	You don't know the exact location.
51022017	Suspicious Area
51022018	What is that!
51022019	Search the area.
51022020	&quot;Okay.&quot;
51022021	Report to Ziehenne.
51030001	Finding the Puppy
51030002	&quot;Please find my puppy!&quot;
51030003	&quot;Mom! I need a new doll!&quot;
51030004	&quot;I will.&quot;
51030005	&quot;Leave this to me.&quot;
51030006	Ask Ameldas where she threw the doll.
51030007	Where Ameldas threw the doll.
51030008	Blow Ameldas's dog whistle.
51030009	Look for the dog near where Ameldas threw the doll.
51030010	Use Ameldas's dog whistle.
51030011	You hear a dog barking, far away.
51030012	Where the barking came from
51030013	There's something on the ground.
51030014	Look for the dog at the location where you heard something.
51030015	Take the doll.
51030016	Inspect the doll.
51030017	Where the dog might be
51030018	Let's blow Ameldas's dog whistle.
51030019	The dog must be nearby. Search for it.
51030020	Use Ameldas's dog whistle.
51030021	Here's the dog!
51030022	&quot;Come on. Ameldas misses you.&quot;
51030023	Talk to Ameldas's dog.
51030024	&quot;Come on! Follow me!&quot;
51030025	Woof! Woof!
51030026	Take the dog to {@LinkCreature:38#117#Ameldas}, at the Isolation Camp.]
51030027	&quot;Glad to help.&quot;
51030028	Show Ameldas the torn doll.
51031001	Remembrancer
51031002	&quot;Okay.&quot;
51031003	&quot;Okay.&quot;
51031004	Ask Sammina about her plan.
51031005	Defeat Arbosk Enchanters.
51031006	Basilisk Blood
51031007	Defeat Desert Basilisks.
51031008	Deliver the ingredients to Sammina. 
51031009	&quot;Sounds easy enough.&quot;
51031010	&quot;Uh...I hope you're feeling better soon.&quot;
51031011	Administer the medicine and say &quot;fleabane&quot;.
51031012	&quot;So you took the fleabanes?&quot;
51031013	Administer the medicine and say &quot;fleabane&quot;.
51031014	Bowl
51031015	Show her the journal and bowl.
51031016	&quot;People could have died!&quot;
51031017	&quot;It's up to the Mysterium.&quot;
51031018	Explain the situation to Elysee.
51031019	&quot;Someone had to do it.&quot;
51031020	Tell Ryshan that you found the thief.
51032001	Ghost and Crystal
51032002	Put the journal away.
51032003	Read the journal.
51032004	Go back to the camp.
51032005	Gather some fleabanes for the treatment.
51032006	There's something odd about the Pile of Stones. Inspect it.
51032007	&quot;I understand.&quot;
51032008	Speak with the ghost.
51032009	Direction the Ghost Pointed
51032010	&quot;Straight to the Isolation Camp...&quot;
51032011	Go in the direction the ghost pointed.
51032012	&quot;Thanks.&quot;
51032013	Deliver the fleabane to Ryshan and show him the journal.
51032014	Take Ryshan's medicine.
51032015	It tastes awful. No wonder Ameldas didn't want to drink it.
51032016	&quot;Glad to help.&quot;
51032017	Talk to Ryshan again.
51032018	You feel stiff and itchy.
51040001	Iron and Steel
51040002	Pure Steel Ingot
51040003	Destroy Orcan's Loot Piles to retrieve Pure Steel Ingots.
51040004	Talk to {@LinkCreature:207#6000#Gazarun}.
51040005	Take to Gazarun.
51041001	Safety...No...Profit First!
51041002	&quot;Let's go.&quot;
51041003	Escort the Wagon to {@LinkCreature:207#6000#Gazarun} in Casidhe's Stand.
51041004	Talk to Gazarun.
51041005	Speak with {@LinkCreature:207#6000#Gazuarun}.
51042001	A Relic's Value
51042002	Gather Omphalos Relics.
51042003	Talk to Ozarun.
51042004	Deliver the Omphalos Relics to {@LinkCreature:207#6001#Ozarun}.
51050001	Missing? Impossible! 
51050002	&quot;Dead or alive, bring back our men!&quot;
51050003	&quot;I'm on it!&quot;
51050004	Search for the lost patrol.
51050005	Nod.
51050006	Talk to Dougal.
51050007	This soldier has passed out.
51051001	Medical Supplies for the Wounded
51051002	Go to High Elder Verikam in Highwatch.
51051003	&quot;Okay.&quot;
51051004	&quot;Okay.&quot;
51051005	Ask Verikam if he can provide medical supplies.
51051006	Gather 15 Hemostas Plants.
51051007	Gather 15 Blatherweed. 
51051008	&quot;I hope they get well soon.&quot;
51051009	Speak with Ryshan.
51052001	Good as New
51052002	&quot;I'm so angry!&quot;
51052003	&quot;I will.&quot;
51052004	Defeat Trihorn Dracoloths.
51052005	Defeat Darkflame Dracoloths and look for more Ruby Durignite.
51052006	&quot;I'm counting on you.&quot;
51052007	Talk to Titus.
55001001	Mastering Archery, Part I 
55001002	Accept
55001003	&quot;I'll do it.&quot;
55001004	Find Hamile in Velika.
55001005	&quot;I'll do my best.&quot;
55001006	Hamile will explain what to do.
55001007	Dungeon Clear
55001008	Clear two dungeons: &quot;Bastion of Lok&quot; and/or &quot;Sinestral Manor&quot;.
55001009	&quot;Okay.&quot;
55001010	Report to Hamile.
55002001	Mastering Archery, Part II 
55002002	&quot;Okay.&quot;
55002003	Find Hamile in Velika.
55002004	Dungeon Clear
55002005	Clear two dungeons: &quot;Saravash's Ascent&quot; and/or &quot;Cultists' Refuge&quot;.
55002006	&quot;Training is my life style.&quot;
55002007	Report to Hamile.
55003001	Mastering Archery, Part III
55003002	&quot;As ready as I'll ever be.&quot;
55003003	Find Hamile in Velika.
55003004	Dungeon Clear
55003005	Clear two dungeons: &quot;Necromancer Tomb&quot; and/or &quot;Golden Labyrinth&quot;.
55003006	&quot;I'll see it through to the end.&quot;
55003007	Report to Hamile.
55004001	Mastering Archery, Part IV
55004002	&quot;Yes, I'm ready.&quot;
55004003	Find Hamile in Velika.
55004004	Dungeon Clear
55004005	Clear two dungeons: &quot;Saleron's Sky Garden&quot;, and/or &quot;Labyrinth of Terror&quot;, or/and &quot;Ebon Tower&quot;.
55004006	&quot;Same here.&quot;
55004007	Report to Hamile.
55005001	Mastering Archery, Part V
55005002	&quot;I'm ready. Let's do this.&quot;
55005003	Find Hamile in Velika.
55005004	Dungeon Clear
55005005	Clear three dungeons: &quot;Manaya's Core&quot;, and/or &quot;Macellarius Catacombs&quot;, or/and &quot;Sabex Armory&quot;.
55005006	&quot;I'm feeling very confident.&quot;
55005007	Report to Hamile.
55007001	Challenge of the Masters
55007002	Accept
55007003	Begin your challenge.
55007004	Find Coldren in Velika.
55007005	Complete Vault of Kaprima and Shadow Sanguinary.
55007006	&quot;Okay.&quot;
55007007	Report to Coldren.
55008001	The Masters' Second Challenge
55008002	&quot;Okay.&quot;
55008003	
55008004	Complete Demokron Factory (Hard) and Lilith's Keep.
55008005	&quot;Okay.&quot;
55008006	Report to Coldren.
55011001	The Masters' Final Challenge
55011002	&quot;Okay.&quot;
55011003	
55011004	Complete Ruinous Manor and Ruinous Manor (Hard).
55011005	For the federation!
55011006	Report to Coldren.
55016001	[Event] Final Test for the Worthy Brawler
55016002	Defeat D'harniv in Fort Tenebris, Antaroth in Antaroth's Abyss, Nightmare Lachelith in Ruinous Manor (Hard), Nightmare RK-9 in RK-9 Kennel (Hard) once each.
55016003	&quot;Thank you.&quot;
55016004	Talk to Omeros in Highwatch.
55017001	[Event] Victory in Corsairs' Stronghold
55017002	Win 3 battles in Corsairs' Stronghold
55017003	
55017004	&quot;Thank you.&quot;
55017005	Talk to Omeros in Highwatch.
55018001	[Event] Victory in Fraywind Canyon
55018002	Win 3 battles in Fraywind Canyon
55018003	
55018004	&quot;Thank you.&quot;
55018005	Talk to Omeros in Highwatch.
55019001	[Event] A Guardian's Job 1
55019002	Complete 40 Guardian missions.
55019003	&quot;Thank you.&quot;
55019004	Talk to Omeros in Highwatch.
55020001	[Event] A Guardian's Job 2
55020002	Complete 40 Guardian missions.
55020003	&quot;Thank you.&quot;
55020004	Talk to Omeros in Highwatch.
55022001	
55022002	
55022003	
55022004	
55025001	To the Front Lines I
55025002	Defeat Nimistrix in Ravenous Gorge.&lt;br&gt;&lt;br&gt;(You can enter Ravenous Gorge by using Instance Matching, or &quot;Find Group&quot; in Vanguard Requests.)
55025003	&quot;Thanks.&quot;
55025004	Talk to Omeros in Highwatch.
55026001	To the Front Line II
55026002	Defeat 2 boss monsters in Ravenous Gorge.
55026003	&quot;Thank you!&quot;
55026004	Talk to Omeros in Highwatch.
55027001	To the Front Lines III
55027002	Redeem 20 Guardian Legion Rewards.&lt;br&gt;&lt;br&gt;(You can enter a Guardian Legion mission by activating Guardian Mode on the World Map.)
55027003	&quot;Thank you!&quot;
55027004	Talk to Omeros in Highwatch.
55028001	To the Front Lines IV
55028002	Redeem 20 Guardian Legion Rewards.&lt;br&gt;&lt;br&gt;(You can enter a Guardian Legion mission by activating Guardian Mode on the World Map.)
55028003	&quot;Thanks.&quot;
55028004	Talk to Omeros in Highwatch.
55029001	To the Front Lines V
55029002	Hunt 10 Brutal Fimbrilisks on the Island of Dawn.&lt;br&gt;&lt;br&gt;(You can teleport directly to a BAM-hunting area via the Vanguard Requests window.)
55029003	&quot;Thanks.&quot;
55029004	Talk to Omeros in Highwatch.
55030001	To the Front Lines VI
55030002	Hunt 10 Brutal Bloodbound Teraliths on the Island of Dawn.&lt;br&gt;&lt;br&gt;(You can teleport directly to a BAM-hunting area via the Vanguard Requests window.)
55030003	&quot;Thank you!&quot;
55030004	Talk to Omeros in Highwatch.
55031001	To the Front Lines VII
55031002	Hunt 10 Brutal Searing Fangspawns on the Island of Dawn.&lt;br&gt;&lt;br&gt;(You can teleport directly to a BAM-hunting area via the Vanguard Requests window.)
55031003	&quot;Thank you!&quot;
55031004	Talk to Omeros in Highwatch.
55032001	To the Front Lines VIII
55032002	Defeat Lilith 2 times in Lilith's Trial.&lt;br&gt;&lt;br&gt;(You can enter Ace Dungeons through Ace Dungeon Instructors, Instance Matching, or the Vanguard Requests window.)
55032003	&quot;Thanks.&quot;
55032004	Talk to Omeros in Highwatch.
55033001	Front Line Tactics I
55033002	Complete 2 rounds of Celestial Arena.&lt;br&gt;&lt;br&gt;(You can teleport directly to the Celestial Arena via the Vanguard Requests window.)
55033003	&quot;Thanks.&quot;
55033004	Talk to Omeros in Highwatch.
55034001	Front Line Tactics II
55034002	Defeat Ace Akasha 2 times in Akasha's Trial.&lt;br&gt;&lt;br&gt;(You can enter Ace Dungeons through Ace Dungeon Instructors, Instance Matching, or the Vanguard Requests window.).
55034003	&quot;Thank you!&quot;
55034004	Talk to Omeros in Highwatch.
55035001	Front Line Tactics III
55035002	Defeat Veldeg in Velik's Hold.
55035003	&quot;Thank you!&quot;
55035004	Talk to Omeros in Highwatch.
55036001	Front Line Tactics IV
55036002	Defeat Gaaruksalk in Thaumetal Refinery.
55036003	&quot;Thank you!&quot;
55036004	Talk to Omeros in Highwatch.
55037001	Front Line Tactics V
55037002	Defeat Lilith in Lilith's Keep.
55037003	&quot;Thanks.&quot;
55037004	Talk to Omeros in Highwatch.
55038001	Front Line Tactics VI
55038002	Defeat Argog in Red Refuge.
55038003	&quot;Thank you!&quot;
55038004	Talk to Omeros in Highwatch.
55039001	Front Line Tactics VII
55039002	Redeem 120 Guardian Legion rewards.
55039003	&quot;Thank you!&quot;
55039004	Talk to Omeros in Highwatch.
55040001	To the Front Lines I
55040002	Defeat Nimistrix in Ravenous Gorge.&lt;br&gt;&lt;br&gt;(You can enter Ravenous Gorge by using Instance Matching, or &quot;Find Group&quot; in Vanguard Requests.)
55040003	&quot;Thank you!&quot;
55040004	Talk to Omeros in Highwatch.
55041001	To the Front Line II
55041002	Defeat 2 boss monsters in Ravenous Gorge.
55041003	&quot;Thanks.&quot;
55041004	Talk to Omeros in Highwatch.
55042001	To the Front Lines III
55042002	Redeem 20 Guardian Legion Rewards.&lt;br&gt;&lt;br&gt;(You can enter a Guardian Legion mission by activating Guardian Mode on the World Map.)
55042003	&quot;Thanks.&quot;
55042004	Talk to Omeros in Highwatch.
55043001	To the Front Lines IV
55043002	Redeem 20 Guardian Legion Rewards.&lt;br&gt;&lt;br&gt;(You can enter a Guardian Legion mission by activating Guardian Mode on the World Map.)
55043003	&quot;Thanks.&quot;
55043004	Talk to Omeros in Highwatch.
55044001	To the Front Lines V
55044002	Hunt 10 Brutal Fimbrilisks on the Island of Dawn.&lt;br&gt;&lt;br&gt;(You can teleport directly to a BAM-hunting area via the Vanguard Requests window.)
55044003	&quot;Thanks.&quot;
55044004	Talk to Omeros in Highwatch.
55045001	To the Front Lines VI
55045002	Hunt 10 Brutal Bloodbound Teraliths on the Island of Dawn.&lt;br&gt;&lt;br&gt;(You can teleport directly to a BAM-hunting area via the Vanguard Requests window.)
55045003	&quot;Thanks.&quot;
55045004	Talk to Omeros in Highwatch.
55046001	To the Front Lines VII
55046002	Hunt 10 Brutal Searing Fangspawns on the Island of Dawn.&lt;br&gt;&lt;br&gt;(You can teleport directly to a BAM-hunting area via the Vanguard Requests window.)
55046003	&quot;Thanks.&quot;
55046004	Talk to Omeros in Highwatch.
55047001	To the Front Lines VIII
55047002	Defeat Lilith 2 times in Lilith's Trial.&lt;br&gt;&lt;br&gt;(You can enter Ace Dungeons through Ace Dungeon Instructors, Instance Matching, or the Vanguard Requests window.)
55047003	&quot;Thanks.&quot;
55047004	Talk to Omeros in Highwatch.
55048001	Front Line Tactics I
55048002	Complete 2 rounds of Celestial Arena.&lt;br&gt;&lt;br&gt;(You can teleport directly to the Celestial Arena via the Vanguard Requests window.)
55048003	&quot;Thanks.&quot;
55048004	Talk to Omeros in Highwatch.
55049001	Front Line Tactics II
55049002	Defeat Ace Akasha 2 times in Akasha's Trial.&lt;br&gt;&lt;br&gt;(You can enter Ace Dungeons through Ace Dungeon Instructors, Instance Matching, or the Vanguard Requests window.).
55049003	&quot;Thanks.&quot;
55049004	Talk to Omeros in Highwatch.
55050001	Front Line Tactics III
55050002	Defeat Argog in Red Refuge.
55050003	&quot;Thanks.&quot;
55050004	Talk to Omeros in Highwatch.
55051001	Front Line Tactics IV
55051002	Defeat Gaaruksalk in Thaumetal Refinery.
55051003	&quot;Thanks.&quot;
55051004	Talk to Omeros in Highwatch.
55052001	Front Line Tactics V
55052002	Defeat Lilith in Lilith's Keep.
55052003	&quot;Thanks.&quot;
55052004	Talk to Omeros in Highwatch.
55053001	Front Line Tactics VI
55053002	Defeat Argog in Red Refuge.
55053003	&quot;Thanks.&quot;
55053004	Talk to Omeros in Highwatch.
55054001	Front Line Tactics VII
55054002	Redeem 120 Guardian Legion rewards.
55054003	&quot;Thanks.&quot;
55054004	Talk to Omeros in Highwatch.
55055001	
55055002	
55055003	
55055004	
55056001	
55056002	
55056003	
55056004	
55057001	
55057002	
55057003	
55057004	
55058001	
55058002	
55058003	
55058004	
55059001	
55059002	
55059003	
55059004	
55060001	
55060002	
55060003	
55060004	
55061001	
55061002	
55061003	
55061004	
55062001	
55062002	
55062003	
55062004	
55063001	
55063002	
55063003	
55063004	
55064001	
55064002	
55064003	
55064004	
55065001	
55065002	
55065003	
55065004	
55066001	
55066002	
55066003	
55066004	
55067001	
55067002	
55067003	
55067004	
55068001	
55068002	
55068003	
55068004	
55069001	
55069002	
55069003	
55069004	
55070001	
55070002	
55070003	
55070004	
55071001	
55071002	
55071003	
55071004	
55072001	
55072002	
55072003	
55072004	
55073001	
55073002	
55073003	
55073004	
55074001	
55074002	
55074003	
55074004	
55075001	
55075002	
55075003	
55075004	
55076001	
55076002	
55076003	
55076004	
55077001	
55077002	
55077003	
55077004	
55078001	
55078002	
55078003	
55078004	
55079001	
55079002	
55079003	
55079004	
55080001	
55080002	
55080003	
55080004	
55081001	
55081002	
55081003	
55081004	
55082001	
55082002	
55082003	
55082004	
55083001	
55083002	
55083003	
55083004	
55084001	
55084002	
55084003	
55084004	
59901001	To Help by Gathering
59901002	&quot;Right. Okay.&quot;
59901003	Speak with Glennock at Tiaran's Root.
59901004	Collect a sample of Tiaran's bark.
59901005	Tiaran's Bark Sample
59901006	Deliver Tiaran's Bark Sample to Glennock.
59901007	&quot;What can I do next?&quot;
59902001	To Soothe a Crying Child
59902002	&quot;I'll see what's going on.&quot;
59902003	Speak to Anya.
59902004	&quot;Thank you for being honest, Niyum.&quot;
59902005	Ask Niyum about Anya's doll.
59902006	Search the bushes for Anya's doll.
59902007	&quot;Maybe I can repair the doll...?&quot;
59902008	Pick up Anya's doll from the grass near the bushes.
59902009	&quot;It's worth a try.&quot;
59902010	Ask Jerdan why he took Zo-Zo.
59902011	Gather sticky grass.
59902012	Use the needle and sticky grass to repair Anya's doll.&lt;BR&gt;&lt;BR&gt;[Press &lt;img src='img://__Icon_KeyboardShape.Keyboard_I' width='18' height='18' vspace='-6'/&gt; key to open the Inventory window, then right-click the needle.]
59902013	&quot;Okay, Anya.&quot;
59902014	Take Zo-Zo back to Anya.
59902015	
59902016	Play with Anya and Zo-Zo.
59902017	&quot;Okay.&quot;
59902018	Talk to Anya.
59903001	To Protect the Sorrow Tree
59903002	&quot;Okay, Anya. Don't get too close to them!&quot;
59903003	Talk to Anya.
59903004	Defeat Agitated Ghilliedhus.
59903005	&quot;How did they even get here?&quot;
59903006	Talk to Emun.
59904001	To Stop the Ghilliedhus
59904002	Defeat Varkas, the prime ghilliedhu.
59904003	&quot;I got it.&quot;
59904004	Report to Emun that you've defeated Varkas.
59904005	Shadetree Entrance
59904006	You have arrived at the village.
59904007	Move to the Shadetree.
59904008	Did something urgent happen?
59904009	Talk to Emun.
59905001	In the Name of Science
59905002	&quot;Okay.&quot;
59905003	Talk to Glennock.
59905004	Pour water on the Tiaran Sapling.
59906001	To Protect the Innocent
59906002	Ruins of Shadetree
59906003	Something suspicious is happening.
59906004	Enter the village and assess the situation.
59906005	&quot;Thank you.&quot;
59906006	Talk to Jalka, the injured guardian.
59906007	Help the guardians drive off the argon forces.
59906008	&quot;Okay.&quot;
59906009	Talk to Emun.
59906010	Battle with the Argon Predator.
59906011	&quot;I’ll go find them right away.&quot;
59906012	Talk to Walgrey.
59909001	For Anya's Sake
59909002	Receive the note.
59909003	Go to Dougal who’s waiting for you.
59909004	Read Captain Emun’s note.&lt;br&gt;&lt;br&gt;Press &lt;img src='img://__Icon_KeyboardShape.Keyboard_I' width='18' height='18' vspace='-6'/&gt; key to open up the Inventory window and right-click the note to read it.
59909005	&quot;Okay.&quot;
59909006	Show Emun’s Letter to Dougal.
59909007	&quot;Okay.&quot;
59909008	Talk to Bertell, who is tending the injured soldiers.
59910001	For the Children
59910002	Inner Temple Entrance
59910003	You found the Inner Temple Entrance.
59910004	Move to the &lt;font color='#2478FF'&gt;&lt;A href=&quot;markmap:loc=5#33417,9337,-1537&amp;type=1&amp;name=Inner Temple Entrance&quot;&gt;Inner Temple Entrance&lt;/A&gt;&lt;/font&gt;.
59910005	Open the gate.
59910006	Inside the Temple of the Tree
59910007	Go into the Temple of the Tree.
59910008	Go into the Temple of the Tree.
59910009	&quot;Anya must be close!&quot;
59910010	Pick up Anya's doll.
59910011	Receive the item.
59910012	Ask Emun what happened.
59910013	Use the items from Captain Emun.&lt;br&gt;&lt;br&gt;Press &lt;img src='img://__Icon_KeyboardShape.Keyboard_I' width='18' height='18' vspace='-6'/&gt; to open up the Inventory and use the &lt;img src='img://__Icon_Items.potion10_Tex' width='18' height='18' vspace='-6'/&gt;Bravery Potion and &lt;img src='img://__Icon_Items.Add_Extract_Potion_2_Tex' width='18' height='18' vspace='-6'/&gt;Minor Battle Solution.
59910014	&quot;Let’s go.&quot;
59910015	Talk to Dougal.
59910016	A path leading to the Heart of Sorrow
59910017	
59910018	Enter the &lt;font color='#2478FF'&gt;Heart of Sorrow&lt;/A&gt;&lt;/font&gt;.
59910019	Argon Predator
59910020	Defeat the Argon Predator.
59910021	Find a way to open Anya’s dream chamber.
59910022	&quot;There’s nothing for me here now…&quot;
59910023	Talk to Dougal.
59910024	Nod.
59910025	Talk to Walgrey.
59911001	For the Federation!
59911002	&quot;I won't let you down.&quot;
59911003	Talk to Emun.
59911004	&quot;Okay.&quot;
59911005	Tell Dougal you'll join the Valkyon Federation.
59911006	&quot;Until then.&quot;
59911007	Talk to Orbellus.
59911008	Velika Travel Control Office
59911009	Talk to Orbellus.
59911010	Use a pegasus to fly to Velika.&lt;br&gt;&lt;br&gt;Talk to {@LinkCreature:599#903}, click on the &lt;font color='#2478FF'&gt;Travel&lt;/A&gt;&lt;/font&gt; button to open a map and choose Velika.
59911011	&quot;Glad to help.&quot;
59911012	Provide Troius with proof of your identity.
59912001	For Valorous Service
59912002	The Temple of the Tree
59912003	
59912004	Enter the Temple of the Tree.
59912005	Defeat the Argon Soldiers.
59912006	The Whereabouts of Anya and the Guardians
59912007	You see Lacedir, one of the village guardians.
59912008	Ask about Anya and the guardians.
59912009	&quot;I'll find him. You stay here. Help the soldiers.&quot;
59912010	Ask Lacedir about Anya and the other children.
59912011	The Whereabouts of Anya and the Guardians
59912012	You can't see anything through all the argons.
59912013	Look for Deplen.
59912014	Defeat the Argon occupiers.
59912015	The Whereabouts of Anya and the Guardians
59912016	You see Deplen, lying wounded in the water.
59912017	Ask about Anya and the guardians.
59912018	&quot;I've got a better idea.&quot;
59912019	Talk to Deplen the Guardian.
59912020	Use the flare gun to call the Valkyon Federation soldiers to rescue Deplen.&lt;br&gt;&lt;br&gt;Press [&lt;img src='img://__Icon_KeyboardShape.Keyboard_I' width='18' height='18' vspace='-6'/&gt; key to open the Inventory window and right-click the Flare Gun.]
59912021	&quot;Rest easy. Help is on the way.&quot;
59912022	Talk to Deplen.
60101001	The Beatings Will Continue until Reliability Improves
60101002	Kick the blasted thing if you must, but get it working again.
60101003	Ah, sweet flow of data...
60101004	Operate the argon detector placed near {@Rgn:47006$$Field Base Lunacy}.
60101005	Operate the argon detector placed near {@Rgn:47007$$Blightroar Research Station}.
60101006	&quot;Glad I could help.&quot;
60101007	Report to {@LinkCreature:77#3001#Nithan} at {@Rgn:77001$$Pathfinder Post}.
60102001	Capping the Well
60102002	Without the cyasma distillers, the argons might starve.
60102003	If this works, we'll know one of their weaknesses.
60102004	Find and activate the first cyasma distiller.
60102005	Find and activate the second cyasma distiller.
60102006	Find and activate the third cyasma distiller.
60102007	&quot;A laudable goal.&quot;
60102008	Report to {@LinkCreature:77#3008} at {@Rgn:77001$$Pathfinder Post}.
60103001	The Dog Whimperer
60103002	This jerky might help with the dogs.
60103003	I have the cutest sweaters for them, too.
60103004	
60103005	
60103006	
60103007	
60103008	Speak with {@LinkCreature:77#3002#Paruru}.
60103009	&quot;I'll do my best.&quot;
60103010	&quot;There's a nice doggy.&quot;
60103011	Use the smoked jerky to lure {@LinkCreature:77#3015#Sweetie} home.
60103012	&quot;There's a nice doggy.&quot;
60103013	Use the smoked jerky to lure {@LinkCreature:77#3017#Sweetie} home.
60103014	&quot;There's a nice doggy.&quot;
60103015	Use the smoked jerky to lure {@LinkCreature:77#3018#Sweetie} home.
60103016	&quot;There's a nice doggy.&quot;
60103017	Use the smoked jerky to lure {@LinkCreature:77#3019#Sweetie} home.
60103018	
60103019	
60103020	
60103021	
60103022	
60103023	
60103024	Speak with {@LinkCreature:77#3002#Paruru}.
60103025	&quot;You're welcome.&quot;
60103026	&quot;Want some smoked meat? There's plenty more at home.&quot;
60103027	Use the smoked jerky to lure {@LinkCreature:245#3517#Prince} home.
60103028	&quot;Want some smoked meat? There's plenty more at home.&quot;
60103029	Use the smoked jerky to lure {@LinkCreature:245#3518#Prince} home.
60103030	&quot;Want some smoked meat? There's plenty more at home.&quot;
60103031	Use the smoked jerky to lure {@LinkCreature:245#3519#Prince} home.
60103032	&quot;Want some smoked meat? There's plenty more at home.&quot;
60103033	Use the smoked jerky to lure {@LinkCreature:247#3515#Prince} home.
60103034	&quot;Want some smoked meat? There's plenty more at home.&quot;
60103035	Use the smoked jerky to lure {@LinkCreature:247#3516#Prince} home.
60103036	&quot;Want some smoked meat? There's plenty more at home.&quot;
60103037	Use the smoked jerky to lure {@LinkCreature:247#3517#Prince} home.
60103038	&quot;Just keep an eye on your pets.&quot;
60103039	Report back to {@LinkCreature:77#3002#Paruru}.
60104001	Collating Data
60104002	I need all field research notes.
60104003	Excellent. Now we can put our hypotheses to the test.
60104004	
60104005	
60104006	Speak with {@LinkCreature:247#3509#Helvarian} at {@Rgn:47006$$Field Base Lunacy}.
60104007	&quot;I'll handle it.&quot;
60104008	&quot;Thanks. I'll head there next.&quot;
60104009	Get the report from {@LinkCreature:247#3506#Aymuk}.
60104010	&quot;Got it.&quot;
60104011	Get the report from {@LinkCreature:247#3503#Ahnive}.
60104012	
60104013	
60104014	Speak with {@LinkCreature:247#3510#Toray} at {@Rgn:47007$$Blightroar Research Station}.
60104015	&quot;Thank you.&quot;
60104016	&quot;I appreciate it.&quot;
60104017	Get the addendum from {@LinkCreature:247#3505#Cloense}.
60104018	&quot;Great!&quot;
60104019	Get the addendum from {@LinkCreature:247#3504#Marok}.
60104020	&quot;Great.&quot;
60104021	Deliver the reports to {@LinkCreature:77#3001#Nithan} at {@Rgn:77001$$Pathfinder Post}.
60104022	Deliver the reports to {@LinkCreature:77#3001#Nithan} at {@Rgn:77001$$Pathfinder Post}.
60105001	The Shape of Things to Come
60105002	If we can't counter the argons' designs, our world is doomed.
60105003	Let there be answers in here.
60105004	
60105005	
60105006	
60105007	
60105008	Meet {@LinkCreature:245#3501#Zkarak} at Field Base Reciprocity.
60105009	&quot;I'll do that, thanks.&quot;
60105010	&quot;Understood.&quot;.
60105011	Speak with {@LinkCreature:245#3501#Zkarak} again.
60105012	&quot;Understood.&quot;
60105013	Climb up the ladders and speak with {@LinkCreature:245#3502#Tenon}.
60105014	&quot;Understood.&quot;
60105015	Climb up the ladders and speak with {@LinkCreature:245#3504#Arvran}.
60105016	&quot;Understood.&quot;
60105017	Climb up the ladders and speak with {@LinkCreature:245#3505#Blasil}.
60105018	&quot;Glad I could help.&quot;
60105019	Deliver the report to {@LinkCreature:77#3001#Nithan}.
60105020	Deliver the report to {@LinkCreature:77#3001#Nithan}.
60106001	Grin and Bear It
60106002	Helvarian's research is too vital to interrupt. Help him however you can.
60106003	I'll let Elben know how helpful you were. Thanks.
60106004	
60106005	
60106006	
60106007	Speak with {@LinkCreature:247#3509} at {@Rgn:47006$$Field Base Lunacy}.
60106008	&quot;No problem.&quot;
60106009	Kill one {@linkcreature:47#1001#Tirkai Grizzly}, {@linkcreature:47#1002#Argonomorph Tirkai grizzly}, and {@linkcreature:47#1003#Argonomorph Mugato}.
60106010	Kill two {@linkcreature:47#1001#Tirkai Grizzlies}, {@linkcreature:47#1002#Argonomorph Tirkai Grizzlies}, and {@linkcreature:47#1003#Argonomorph Mugatos}.
60106011	Kill three {@linkcreature:47#1001#Tirkai Grizzlies}, {@linkcreature:47#1002#Argonomorph Tirkai Grizzlies}, and {@linkcreature:47#1003#Argonomorph Mugatos}.
60106012	&quot;Anytime.&quot;
60106013	Report back to Helvarian.
60107001	Research Vectors
60107002	I wonder what he's studying now?
60107003	Incredible. Who'd have thought?
60107004	
60107005	
60107006	
60107007	Speak with {@LinkCreature:247#3510#Toray} at {@Rgn:47007$$Blightroar Research Station}.
60107008	&quot;No problem.&quot;
60107009	Resonant Shard
60107010	Kill contaminated wendigos near {@Rgn:47007$$Blightroar Research Station} and collect their shards.
60107011	Deliver the shards to {@LinkCreature:247#3510#Toray}.
60107012	&quot;Good luck.&quot;
60107013	Augmented Hide
60107014	Kill argonomorph nagas near {@Rgn:47007$$Blightroar Research Station} and collect their hides.
60107015	Deliver the hides to {@LinkCreature:247#3510#Toray}.
60107016	&quot;Glad I could help.&quot;
60107017	Contaminated Yolk
60107018	Find the contaminated naga eggs in the well near {@Rgn:47007$$Blightroar Research Station} and collect the yolks.
60107019	Deliver the yolks to {@LinkCreature:247#3510#Toray}.
60107020	&quot;I wish you much success.&quot;
60108001	All in the Name of Science
60108002	See if you can assist Surdan.
60108003	Ah, fresh specimens! Excellent.
60108004	
60108005	
60108006	
60108007	Go see {@LinkCreature:245#3510#Surdan} at {@Rgn:45007$$Field Base Tenacity} in {@Rgn:45001$$Thrallhold}.
60108008	&quot;Sure thing.&quot;
60108009	Argonomorph Horntoad Ichor
60108010	Kill {@LinkCreature:45#2002#argonomorph horntoads} near the {@Rgn:45003$$Vale of the Reaper} and collect their ichor.
60108011	Deliver the ichor to {@LinkCreature:245#3510#Surdan} at {@Rgn:45007$$Field Base Tenacity}.
60108012	&quot;You're welcome.&quot;
60108013	Tainted Fiend Blood
60108014	Kill {@LinkCreature:45#2001#argonomorph blood fiends} around the {@Rgn:45003$$Vale of the Reaper} and collect their blood.
60108015	Deliver the blood samples to {@LinkCreature:245#3510#Surdan} at {@Rgn:45007$$Field Base Tenacity}.
60108016	&quot;Happy to help.&quot;
60108017	&quot;My pleasure.&quot;
60108018	Collect samples of duckweed growing in the {@Rgn:45003$$Vale of the Reaper}.
60108019	Deliver the duckweed to {@LinkCreature:245#3510#Surdan} at {@Rgn:45007$$Field Base Tenacity}.
60109001	Skirmishing for Science
60109002	Do what you can. The Invalesco appreciates your efforts.
60109003	{@LinkCreature:77#3005#Rahen} sent me the right soldier. Thanks.
60109004	
60109005	
60109006	
60109007	Report to {@LinkCreature:245#3509#Jehnsprin} at {@Rgn:45008$$Field Base Valiance}.
60109008	&quot;I'll do what I can.&quot;
60109009	Kill {@LinkCreature:45#3003#kelba rippers} near {@Rgn:45008$$Field Base Valiance}.
60109010	Kill the {@LinkCreature:45#3001#argonomorph Lokian archers} near {@Rgn:45008$$Field Base Valiance}.
60109011	Destroy the {@LinkCreature:245#3516#jurnagg column} near {@Rgn:45008$$Field Base Valiance}.
60109012	&quot;Just doing my part.&quot;
60109013	Report back to {@LinkCreature:245#3509#Jehnsprin}.
60110001	Curiosity Killed the Scientist's Assistant
60110002	Volvur's a good scientist. A tad eccentric, but good.
60110003	Your dedication to the Invalesco means a lot.
60110004	
60110005	
60110006	
60110007	Report to {@LinkCreature:245#3511#Volvur} at {@Rgn:45009}.
60110008	&quot;At your service.&quot;
60110009	Athakela Fang
60110010	Hunt {@LinkCreature:45#3004#athakela stalkers} around {@Rgn:45009} and collect their fangs.
60110011	Deliver the fangs to {@LinkCreature:245#3511#Volvur}.
60110012	&quot;Glad I could help.&quot;
60110013	Argonomorph Tuwangi Blood
60110014	Hunt {@LinkCreature:45#4002#argonomorph tuwangis} near {@Rgn:45009} and collect samples of their blood.
60110015	Deliver the blood to {@LinkCreature:245#3511#Volvur}.
60110016	&quot;Eww. Good luck.&quot;
60110017	&quot;Rock on, Volvur.&quot;
60110018	Collect argonite ore around the road south of {@Rgn:45009}.
60110019	Deliver the ore to {@LinkCreature:245#3511#Volvur}.
60111001	The Invalesco Strikes Back
60111002	The {@Rgn:46001$$Three Towers} are no place to relax. Watch your back.
60111003	While the argons lick their wounds, we'll continue our work.
60111004	
60111005	
60111006	
60111007	
60111008	Meet {@LinkCreature:246#3001#Hurun} at the {@Rgn:46001$$Three Towers} Research Base.
60111009	&quot;Understood.&quot;
60111010	Kill the {@LinkCreature:46#201#argonomorph kulkari crushers} near the {@Rgn:46003}.
60111011	Kill the {@LinkCreature:46#202#argonomorph kulkari shamans} near the {@Rgn:46002}.
60111012	Kill the {@LinkCreature:46#203#argonomorph Lokian slayers} near the {@Rgn:46004}.
60111013	Destroy the {@LinkCreature:246#3010#cyasma conduits} installed at the {@Rgn:46003}.
60111014	&quot;Victory for Valkyon!&quot;
60111015	Report back to {@LinkCreature:246#3001#Hurun}.
60112001	One-stop Shopping at Argon Depot
60112002	Some of our finest minds work out of the {@Rgn:46016$$Mindcrown Chamber}.
60112003	Now, let us see what we can see.
60112004	
60112005	
60112006	
60112007	Meet {@LinkCreature:246#3003#Ashinne} at the {@Rgn:46016$$Mindcrown Chamber}.
60112008	&quot;Consider it done.&quot;
60112009	Altered Sikandari Feather
60112010	Hunt {@LinkCreature:46#301#argonomorph sikandaris} near the {@Rgn:46008} and collect their feathers.
60112011	Deliver the feathers to {@LinkCreature:246#3003#Ashinne}.
60112012	&quot;Understood.&quot;
60112013	Tainted Fiend Heart
60112014	Hunt the {@LinkCreature:46#303#argonomorph blood fiends} that appeared in the {@Rgn:46006} and collect their hearts.
60112015	Deliver the hearts to {@LinkCreature:246#3003#Ashinne}.
60112016	&quot;I'm on it.&quot;
60112017	Argonified Fey Focus
60112018	Hunt {@LinkCreature:46#304#argonomorph jalmaraks} in the {@Rgn:46007$$Raga Evala Depths} and collect their foci.
60112019	Deliver the foci to {@LinkCreature:246#3003#Ashinne}.
60112020	&quot;My pleasure.&quot;
60113001	Heavy Metals
60113002	The {@Rgn:46017$$Shadowspark Chamber} is in the {@Rgn:46012$$Raga Kabash Spire}.
60113003	Let's get illuminating!
60113004	
60113005	
60113006	
60113007	Meet {@LinkCreature:246#3004#Arkant} in the {@Rgn:46017$$Shadowspark Chamber}.
60113008	&quot;I won't let you down.&quot;
60113009	Kill the {@LinkCreature:46#401#argonomorph ossugon warlords} near the {@Rgn:46017$$Shadowspark Chamber}.
60113010	Kill the {@LinkCreature:46#403#argonomorph iskaragards} located in the {@Rgn:46007$$Raga Evala Depths}.
60113011	Destroy the {@LinkCreature:246#3011#symbral amplifiers} to hurt the argon power grid.
60113012	&quot;It's an honor to serve.&quot;
60113013	Report back to {@LinkCreature:246#3004#Arkant}.
60114001	Bring 'Em Back Alive
60114002	We can't let the argons hold our people.
60114003	Words of gratitude seem inadequate to the miracle you wrought.
60114004	
60114005	
60114006	
60114007	Meet {@LinkCreature:246#3002#Arnan} at {@Rgn:46015$$Hexheart Chamber} in the {@Rgn:46002$$Raga Evala}.
60114008	&quot;As ordered.&quot;
60114009	{@LinkCreature:246#3002}
60114010	Teleport Scroll
60114011	Operate the transmogrification pod controls west of the camp to rescue the prisoner, and then use the teleport scroll.
60114012	&quot;This will get you to safety.&quot;
60114013	{@LinkCreature:246#3002}
60114014	Teleport Scroll
60114015	Operate the transmogrification pod controls west of the camp to rescue the prisoner, and then use the teleport scroll.
60114016	&quot;This will get you to safety.&quot;
60114017	{@LinkCreature:246#3002}
60114018	Teleport Scroll
60114019	Operate the transmogrification pod controls west of the camp to rescue the prisoner, and then use the teleport scroll.
60114020	&quot;This will get you to safety.
60114021	&quot;The honor is mine.&quot;
60114022	Speak to {@LinkCreature:246#3002#Arnan} in {@Rgn:46015$$Hexheart Chamber}.
60115001	Communal Mutant Gardens
60115002	{@LinkCreature:77#3008#Varaz} is a botanist without peer. We're lucky to have him.
60115003	I'll focus on studying these samples. Thank you.
60115004	
60115005	
60115006	
60115007	Meet {@LinkCreature:77#3008#Varaz} at {@Rgn:77001$$Pathfinder Post}.
60115008	&quot;Understood.&quot;
60115009	&quot;Certainly.&quot;
60115010	Collect mutated plants in the {@Rgn:46002$$Raga Evala}.
60115011	Deliver the plants to {@LinkCreature:77#3008#Varaz}.
60115012	&quot;My pleasure.&quot;
60115013	Collect mutated mushrooms in the {@Rgn:46007$$Raga Evala Depths}.
60115014	Deliver the mushrooms to {@LinkCreature:77#3008#Varaz}.
60115015	&quot;Glad I could help.&quot;
60115016	Collect mutated flowers in the {@Rgn:46010$$Raga Evala Spire}.
60115017	Deliver the flowers to {@LinkCreature:77#3008#Varaz}.
60116001	Bad Doggies
60116002	They leave the house so often. I may run out of smoked jerky. Hahaha.
60116003	Here is the smoked jerky {@LinkCreature:77#3008#Varaz} gave me. Try it! It's really good!
60116004	
60116005	
60116006	
60116007	
60116008	Speak with {@LinkCreature:77#3002#Paruru} at {@Rgn:77001$$Pathfinder Post}.
60116009	&quot;I'll do my best.&quot;
60116010	&quot;Let's get you home to Paruru.&quot;
60116011	Find {@LinkCreature:77#3002#Paruru}'s missing dog, {@LinkCreature:77#3015}, and lure it home with smoked jerky.
60116012	&quot;Let's get you home to Paruru.&quot;
60116013	Find {@LinkCreature:77#3002#Paruru}'s missing dog, {@LinkCreature:77#3017}, and lure it home with smoked jerky.
60116014	&quot;Let's get you home to Paruru.&quot;
60116015	Find {@LinkCreature:77#3002#Paruru}'s missing dog, {@LinkCreature:77#3018}, and lure it home with smoked jerky.
60116016	&quot;Let's get you home to Paruru.&quot;
60116017	Find {@LinkCreature:77#3002#Paruru}'s missing dog, {@LinkCreature:77#3019}, and lure it home with smoked jerky.
60116018	
60116019	
60116020	
60116021	
60116022	
60116023	
60116024	Speak with {@LinkCreature:77#3002#Paruru}.
60116025	&quot;That's a punishment?&quot;
60116026	&quot;Let's get you home to Paruru.&quot;
60116027	Find {@LinkCreature:77#3002#Paruru}'s missing dog, {@LinkCreature:245#3517}, and lure it home with smoked jerky.
60116028	&quot;Let's get you home to Paruru.&quot;
60116029	Find {@LinkCreature:77#3002#Paruru}'s missing dog, {@LinkCreature:245#3518}, and lure it home with smoked jerky.
60116030	&quot;Let's get you home to Paruru.&quot;
60116031	Find {@LinkCreature:77#3002#Paruru}'s missing dog, {@LinkCreature:245#3519}, and lure it home with smoked jerky.
60116032	&quot;Let's get you home to Paruru.&quot;
60116033	Find {@LinkCreature:77#3002#Paruru}'s missing dog, {@LinkCreature:245#3517}, and lure it home with smoked jerky.
60116034	&quot;Let's get you home to Paruru.&quot;
60116035	Find {@LinkCreature:77#3002#Paruru}'s missing dog, {@LinkCreature:245#3518}, and lure it home with smoked jerky.
60116036	&quot;Let's get you home to Paruru.&quot;
60116037	Find {@LinkCreature:77#3002#Paruru}'s missing dog, {@LinkCreature:245#3519}, and lure it home with smoked jerky.
60116038	&quot;Yeah, you're hard-core.&quot;
60116039	Return to {@LinkCreature:77#3002#Paruru}.
60117001	Gratitude of the Invalesco
60117002	Nithan's looking for you.
60117003	Please accept this with our thanks.
60117004	&quot;You're welcome.&quot;
60117005	Speak with {@LinkCreature:77#3001#Nithan}.
60118001	A Summons from the Invalesco
60118002	&quot;As do I.&quot;
60118003	Report to {@LinkCreature:77#3001#Nithan} at {@Rgn:77001$$Pathfinder Post}.
60201001	A Nightmare on My Street
60201002	Argons will corrupt anything, even abominations like corpsefiends.
60201003	Those things make my horns itch.
60201004	
60201005	
60201006	
60201007	Meet {@LinkCreature:78#3006} at the main gate of {@Rgn:78001$$Zulfikar Fortress}.
60201008	&quot;I'll handle it.&quot;
60201009	Kill the {@LinkCreature:48#29#argonomorph corpsefiends} in front of {@Rgn:78001$$Zulfikar Fortress}.
60201010	Kill the {@LinkCreature:48#29#argonomorph corpsefiends} in front of {@Rgn:78001$$Zulfikar Fortress}.
60201011	Kill the {@LinkCreature:48#29#argonomorph corpsefiends} in front of {@Rgn:78001$$Zulfikar Fortress}.
60201012	&quot;The pleasure's all mine.&quot;
60201013	Report back to {@LinkCreature:78#3006}.
60202001	Waste Not, Want Not
60202002	The foundry represents our best hope for victory on the Khanovar Front.
60202003	Good work out there. Thanks.
60202004	
60202005	
60202006	
60202007	
60202008	
60202009	
60202010	Head to the {@Rgn:48004$$Cyanocannon Foundry} and meet {@LinkCreature:248#3014#Damian}.
60202011	&quot;I'm on it.&quot;
60202012	&quot;Glad I could help.&quot;
60202013	Collect &lt;font color='#0080FF'&gt;&lt;A href=&quot;markmap:loc=8001#53502.3750,-7259.8418,-397.1198&amp;type=1&amp;name=Argon Components&quot;&gt;argon components&lt;/A&gt;&lt;/FONT&gt; on the {@Rgn:48001$$Khanovar Front}.
60202014	Deliver the components to {@LinkCreature:248#3014#Damian} at the {@Rgn:48004$$Cyanocannon Foundry}.
60202015	&quot;Glad I could help.&quot;
60202016	Collect &lt;font color='#0080FF'&gt;&lt;A href=&quot;markmap:loc=8001#59834.8281,-2551.6060,-539.6696&amp;type=1&amp;name=Siege Cannon Components&quot;&gt;siege weapon components&lt;/A&gt;&lt;/FONT&gt; on the {@Rgn:48001$$Khanovar Front}.
60202017	Deliver the components to {@LinkCreature:248#3014#Damian} at the {@Rgn:48004$$Cyanocannon Foundry}.
60202018	&quot;Glad I could help.&quot;
60202019	Collect &lt;font color='#0080FF'&gt;&lt;A href=&quot;markmap:loc=8001#53502.3750,-7259.8418,-397.1198&amp;type=1&amp;name=Argon Components&quot;&gt;argon components&lt;/A&gt;&lt;/FONT&gt; on the {@Rgn:48001$$Khanovar Front}.
60202020	Deliver the components to {@LinkCreature:248#3014#Damian} at the {@Rgn:48004$$Cyanocannon Foundry}.
60202021	&quot;Glad I could help.&quot;
60202022	Collect &lt;font color='#0080FF'&gt;&lt;A href=&quot;markmap:loc=8001#59834.8281,-2551.6060,-539.6696&amp;type=1&amp;name=Siege Cannon Components&quot;&gt;siege weapon components&lt;/A&gt;&lt;/FONT&gt; on the {@Rgn:48001$$Khanovar Front}.
60202023	Deliver the components to {@LinkCreature:248#3014#Damian} at the {@Rgn:48004$$Cyanocannon Foundry}.
60202024	&quot;Glad I could help.&quot;
60202025	Collect &lt;font color='#0080FF'&gt;&lt;A href=&quot;markmap:loc=8001#53502.3750,-7259.8418,-397.1198&amp;type=1&amp;name=Argon Components&quot;&gt;argon components&lt;/A&gt;&lt;/FONT&gt; on the {@Rgn:48001$$Khanovar Front}.
60202026	Deliver the components to {@LinkCreature:248#3014#Damian} at the {@Rgn:48004$$Cyanocannon Foundry}.
60202027	&quot;Glad I could help.&quot;
60202028	Collect &lt;font color='#0080FF'&gt;&lt;A href=&quot;markmap:loc=8001#59834.8281,-2551.6060,-539.6696&amp;type=1&amp;name=Siege Cannon Components&quot;&gt;siege weapon componenets&lt;/A&gt;&lt;/FONT&gt; on the {@Rgn:48001$$Khanovar Front}.
60202029	Deliver the components to {@LinkCreature:248#3014#Damian} at the {@Rgn:48004$$Cyanocannon Foundry}.
60203001	High-Value Targets
60203002	I hope they feel pain. Kaia grant me that wish.
60203003	Hah! That'll teach those wretches to mess with us!
60203004	
60203005	
60203006	
60203007	Meet {@LinkCreature:248#3003#Vikhonul} at {@Rgn:48002$$Khanovar Citadel}.
60203008	&quot;I like justice. Let's do it.&quot;
60203009	Hunt down and kill {@LinkCreature:48#25#Baruldur}.
60203010	Hunt down and kill {@LinkCreature:48#27#Nauti}.
60203011	Hunt down and kill {@LinkCreature:48#28$$Mogmolor}.
60203012	&quot;Victory for Valkyon!&quot;
60203013	Report back to {@LinkCreature:248#3003#Vikhonul} at {@Rgn:48002$$Khanovar Citadel}.
60203014	&quot;Victory for Valkyon!&quot;
60203015	Report back to {@LinkCreature:248#3003#Vikhonul} at {@Rgn:48002$$Khanovar Citadel}.
60203016	&quot;Victory for Valkyon!&quot;
60203017	Report back to {@LinkCreature:248#3003#Vikhonul} at {@Rgn:48002$$Khanovar Citadel}.
60204001	Fighting on an Empty Stomach
60204002	Soldiers can't fight without food. We need those rations in the field.
60204003	The Shariar thank you!
60204004	&quot;I'll get these to the fighters.&quot;
60204005	Meet {@LinkCreature:78#3008#Artur} at {@Rgn:78001$$Zulfikar Fortress} and collect the emergency rations.
60204006	
60204007	
60204008	Speak with {@LinkCreature:248#3003#Vikhonul} at {@Rgn:48002$$Khanovar Citadel}.
60204009	&quot;I won't fail you.&quot;
60204010	&quot;Some food to keep you in the fight!&quot;
60204011	Deliver the emergency rations to Dooran at {@Rgn:48006$$Carnage Vale}.
60204012	&quot;Some food to keep you in the fight!&quot;
60204013	Deliver the emergency rations to Kasadana at {@Rgn:48006$$Carnage Vale}.
60204014	&quot;Some food to keep you in the fight!&quot;
60204015	Deliver the emergency rations to Neiran at {@Rgn:48006$$Carnage Vale}.
60204016	&quot;Some food to keep you in the fight!&quot;
60204017	Deliver the emergency rations to Vatra at {@Rgn:48006$$Carnage Vale}.
60204018	&quot;Some food to keep you in the fight!&quot;
60204019	Deliver the emergency rations to {@LinkCreature:248#3010#Orveras} in {@Rgn:48003$$Peril Cavern}.
60204020	&quot;Some food to keep you in the fight!&quot;
60204021	Deliver the emergency rations to Akamak in {@Rgn:48003$$Peril Cavern}.
60204022	&quot;Glad I could help.&quot;
60204023	Report back to {@LinkCreature:248#3003#Vikhonul} at {@Rgn:48002$$Khanovar Citadel}.
60205001	Badge of Honor
60205002	All Shariar carry a badge. You should, too.
60205003	Now you look like a proper member of the Shariar.
60205004	
60205005	
60205006	
60205007	Speak to {@LinkCreature:248#3001#Naveld} at {@Rgn:48002$$Khanovar Citadel}.
60205008	&quot;I'm on it.&quot;
60205009	Mana Crystal
60205010	Kill {@LinkCreature:48#7#zariik dazzlers} around {@Rgn:48006$$Carnage Vale} and collect their mana crystals.
60205011	Deliver the mana crystals to {@LinkCreature:248#3001#Naveld} at {@Rgn:48002$$Khanovar Citadel}.
60205012	&quot;I'm honored.&quot;
60205013	Argon Core
60205014	Kill {@LinkCreature:48#5#hulrap bashers} around {@Rgn:48006$$Carnage Vale} and collect their cores.
60205015	Deliver the argon cores to {@LinkCreature:248#3001#Naveld} at {@Rgn:48002$$Khanovar Citadel}.
60205016	&quot;I'm honored.&quot;
60205017	Cyasma
60205018	Kill {@LinkCreature:48#13#syndrene dragoons} around {@Rgn:48006$$Carnage Vale} and collect their cyasma.
60205019	Deliver the cyasma to {@LinkCreature:248#3001#Naveld} at {@Rgn:48002$$Khanovar Citadel}.
60205020	&quot;I'm honored.
60206001	Swarms of Blue and Black
60206002	The only good argon's a dead argon.
60206003	You're damned good at killing things, my friend.
60206004	
60206005	
60206006	
60206007	
60206008	
60206009	
60206010	Speak with {@LinkCreature:248#3003#Vikhonul} at {@Rgn:48002$$Khanovar Citadel}.
60206011	&quot;I'll do my best.&quot;
60206012	Kill {@LinkCreature:48#15#kelba clawguards} in {@Rgn:48006$$Carnage Vale}.
60206013	Kill {@LinkCreature:48#17#chamas stabbers} in {@Rgn:48006$$Carnage Vale}.
60206014	Kill {@LinkCreature:48#10#athakela hunters} in {@Rgn:48006$$Carnage Vale}.
60206015	Kill {@LinkCreature:48#15#kelba clawguards} in {@Rgn:48006$$Carnage Vale}.
60206016	Kill {@LinkCreature:48#17#chamas stabbers} in {@Rgn:48006$$Carnage Vale}.
60206017	Kill {@LinkCreature:48#12#Zariik cyclopes} in {@Rgn:48006$$Carnage Vale}.
60206018	&quot;Happy to lend a hand.&quot;
60206019	Report back to {@LinkCreature:248#3003#Vikhonul} at {@Rgn:48002$$Khanovar Citadel}.
60207001	Strike First, Strike Hard
60207002	Head to {@Rgn:48003$$Peril Cavern} and crush the argons!
60207003	Outstanding! We need more fighters like you!
60207004	
60207005	
60207006	Report to {@LinkCreature:248#3010#Orveras} at {@Rgn:48003$$Peril Cavern}.
60207007	&quot;As ordered.&quot;
60207008	Kill {@LinkCreature:48#6#vulnaq threshers} in the {@Rgn:48007$$Argon Bulwark}.
60207009	Destroy the {@LinkCreature:48#400#zolnaj transporters} in {@Rgn:48005$$Valgurati Stronghold}.
60207010	&quot;Victory for Valkyon!&quot;
60207011	Report back to {@LinkCreature:248#3010#Orveras}.
60208001	Pull Tab to Open
60208002	We need to learn more about these red argons.
60208003	This should thrill the Invalesco researchers.
60208004	
60208005	
60208006	Speak with {@LinkCreature:248#3002#Drokhir} at {@Rgn:48002$$Khanovar Citadel}.
60208007	&quot;As ordered.&quot;
60208008	Enhanced Argon Plating
60208009	Operate the summoning console in Carnage Vale and kill {@LinkCreature:48#3001#strengthened razorcrest sharzas}.
60208010	Deliver the plating to {@LinkCreature:248#3002#Drokhir} at {@Rgn:48002$$Khanovar Citadel}.
60208011	&quot;We're in this together.&quot;
60208012	Enhanced Argon Plating
60208013	Operate the summoning console in Carnage Vale and kill {@LinkCreature:48#3001#strengthened razorcrest sharzas}.
60208014	Deliver the plating to {@LinkCreature:248#3002#Drokhir} at {@Rgn:48002$$Khanovar Citadel}.
60208015	&quot;We're in this together.&quot;
60209001	They Hate Me in That Tunnel
60209002	Head into the catacombs and root out the argons!
60209003	You fight like Kaia!
60209004	
60209005	
60209006	
60209007	
60209008	Use the &lt;font color='#0080FF'&gt;&lt;A href=&quot;markmap:loc=8001#53250,3806,253&amp;type=1&amp;name=Teleportal&quot;&gt;teleportal&lt;/A&gt;&lt;/font&gt; to report to Baruster in the Argon Catacombs.
60209009	&quot;I'll handle it.&quot;
60209010	Argon Plating
60209011	Kill the {@LinkCreature:418#1011#chamas reavers} and {@LinkCreature:418#1012#energized yusul slashers} and collect their plating.
60209012	Deliver the argon plating to {@LinkCreature:418#2001#Baruster}.
60209013	&quot;Thanks!&quot;
60209014	Argon Plating
60209015	Kill the {@LinkCreature:418#1021#manaathol sentinels} and {@LinkCreature:418#1022#energized manaathol sentinels} and collect their plating.
60209016	Deliver the argon plating to {@LinkCreature:418#2001#Baruster}.
60209017	&quot;Appreciate it.&quot;
60209018	Argon Plating
60209019	Speak with {@LinkCreature:418#2002$$Tibonel} to open the portal. Then kill {@LinkCreature:418#1061#hulrap miners} and collect their plating.
60209020	Deliver the argon plating to {@LinkCreature:418#2001#Baruster}.
60209021	&quot;Thanks.&quot;
60209022	Argon Plating
60209023	Kill the {@LinkCreature:418#1051#chamas reapers} and collect their plating.
60209024	Deliver the argon plating to {@LinkCreature:418#2001#Baruster}.
60209025	&quot;Appreciate it.&quot;
60210001	Tunnel Rats
60210002	This is an opportunity we can't pass up.
60210003	This victory could win us the catacombs!
60210004	
60210005	
60210006	Enter the {@Rgn:9018001$$Argon Catacombs} through the &lt;font color='#2244CC'&gt;&lt;A href=&quot;markmap:loc=8001#53250,3806,253&amp;type=1&amp;name=Teleportal&quot;&gt;teleportal&lt;/A&gt;&lt;/font&gt; and report to {@LinkCreature:418#2003#Arigma}.
60210007	&quot;Yes, sir.&quot;
60210008	Hunt down and slay {@LinkCreature:418#1031#Sarmamos} in the {@Rgn:9018001$$Argon Catacombs}.
60210009	Hunt down and slay {@LinkCreature:418#1041#Meharmat} of the {@Rgn:9018001$$Argon Catacombs}.
60210010	&quot;I'll drink to that.&quot;
60210011	Report back to {@LinkCreature:418#2003#Arigma}.
60211001	Fluxing the Capacitor
60211002	If you destroy the {@LinkCreature:418#2008#vendron capacitors}, that could cripple the argons.
60211003	You're unstoppable!
60211004	&quot;I can handle it.&quot;
60211005	Report to {@LinkCreature:418#2002#Tibonel} in the {@Rgn:9018001$$Argon Catacombs}.
60211006	Ask {@LinkCreature:418#2002$$Tibonel} to open the portal. Go through and destroy the vendron capacitors in the {@Rgn:9018001$$Argon Catacombs}.
60211007	&quot;For the federation!&quot;
60211008	Report back to {@LinkCreature:418#2002#Tibonel}.
60212001	Pullin' the Plug
60212002	What I'd give for a chance, just one chance, to hammer them...
60212003	With their war machines down, the argons are vulnerable!
60212004	&quot;I'll take it out.&quot;
60212005	Report to {@LinkCreature:418#2003#Arigma} in the {@Rgn:9018001$$Argon Catacombs}.
60212006	Destroy the {@LinkCreature:418#2009#cyasma catalyzer} in the Argon Catacombs.
60212007	&quot;Time to strike back!&quot;
60212008	Report back to {@LinkCreature:418#2003#Arigma}.
60213001	One Ring to Find Them
60213002	The ring of a Shariar is worthless...and priceless. Understand?
60213003	Thank you. These brave souls merit honorable treatment.
60213004	
60213005	
60213006	
60213007	Speak with {@LinkCreature:418#2001#Baruster} in the {@Rgn:9018001$$Argon Catacombs}.
60213008	&quot;Of course.&quot;
60213009	&quot;Understood.&quot;
60213010	Take Shariar rings off fallen Shariar inside the {@Rgn:9018001$$Argon Catacombs}.
60213011	Deliver the Shariar rings to {@LinkCreature:418#2001#Baruster} in the {@Rgn:9018001$$Argon Catacombs}.
60213012	&quot;Understood.&quot;
60213013	Take Shariar rings off fallen Shariar inside the {@Rgn:9018001$$Argon Catacombs}.
60213014	Deliver the Shariar rings to {@LinkCreature:418#2001#Baruster} in the {@Rgn:9018001$$Argon Catacombs}.
60213015	&quot;Understood.&quot;
60213016	Take Shariar rings off fallen Shariar inside the {@Rgn:9018001$$Argon Catacombs}.
60213017	Deliver the Shariar rings to {@LinkCreature:418#2001#Baruster} in the {@Rgn:9018001$$Argon Catacombs}.
60213018	{@LinkCreature:418#2001#Baruster}
60213019	Shariar Rings
60213020	Deliver the Shariar rings to {@LinkCreature:78#3007#Agrakh} at {@Rgn:78001$$Zulfikar Fortress}.
60213021	&quot;The honor is mine.&quot;
60213022	{@LinkCreature:418#2001#Baruster}
60213023	Shariar Rings
60213024	Deliver the Shariar rings to {@LinkCreature:78#3007#Agrakh} at {@Rgn:78001$$Zulfikar Fortress}.
60213025	&quot;The honor is mine.&quot;
60213026	{@LinkCreature:418#2001#Baruster}
60213027	Shariar Rings
60213028	Deliver the Shariar rings to {@LinkCreature:78#3007#Agrakh} at {@Rgn:78001$$Zulfikar Fortress}.
60213029	&quot;The honor is mine.&quot;
60214001	Myconic Toxicology
60214002	Scientists want the weirdest things.
60214003	Speedy assistants are the best kind.
60214004	
60214005	
60214006	
60214007	Speak with {@LinkCreature:78#3008#Artur} at {@Rgn:78001$$Zulfikar Fortress}.
60214008	&quot;I'll handle it.&quot;
60214009	&quot;I should hope not.&quot;
60214010	Collect cadmiel mushrooms growing near {@Rgn:78001$$Zulfikar Fortress}.
60214011	Deliver the mushrooms to {@LinkCreature:418#2006#Geik} in the {@Rgn:9018001$$Argon Catacombs}.
60214012	&quot;I should hope not.&quot;
60214013	Collect cadmiel mushrooms growing near {@Rgn:78001$$Zulfikar Fortress}.
60214014	Deliver the mushrooms to {@LinkCreature:418#2006#Geik} in the {@Rgn:9018001$$Argon Catacombs}.
60214015	&quot;I should hope not.&quot;
60214016	Collect cadmiel mushrooms growing near {@Rgn:78001$$Zulfikar Fortress}.
60214017	Deliver the mushrooms to {@LinkCreature:418#2006#Geik} in the {@Rgn:9018001$$Argon Catacombs}.
60215001	Forging the Next Generation
60215002	Show these recruits how a real soldier fights!
60215003	Fantastic. You showed a deft hand.
60215004	&quot;I'd be honored.&quot;
60215005	Speak with {@LinkCreature:248#3003#Vikhonul} at {@Rgn:48002$$Khanovar Citadel}.
60215006	
60215007	
60215008	
60215009	
60215010	
60215011	
60215012	
60215013	
60215014	Report to {@LinkCreature:248#3029#Kahel} at {@Rgn:48002$$Khanovar Citadel}.
60215015	&quot;Consider it done.&quot;
60215016	&quot;Don't eyeball me! Face front!&quot;
60215017	Train the recruits.
60215018	&quot;Stay focused!&quot;
60215019	Train the recruits.
60215020	&quot;Loosen your stance!&quot;
60215021	Train the recruits.
60215022	&quot;Keep going! There's no crying in warfare!&quot;
60215023	Train the recruits.
60215024	&quot;Pay attention!&quot;
60215025	Train the recruits.
60215026	&quot;Breathe. You're no good to us dead.&quot;
60215027	Train the recruits.
60215028	&quot;Flex your knees.&quot;
60215029	Train the recruits.
60215030	&quot;Move it, move it!&quot;
60215031	Train the recruits.
60215032	
60215033	
60215034	
60215035	
60215036	
60215037	
60215038	
60215039	
60215040	
60215041	Speak with Kahel.
60215042	&quot;Understood.&quot;
60215043	&quot;Sure thing.&quot;
60215044	Speak with Kahel.
60215045	&quot;Thank you for the privilege.&quot;
60215046	Report back to {@LinkCreature:248#3003#Vikhonul} at {@Rgn:48002$$Khanovar Citadel}.
60216001	No Fighting on an Empty Stomach
60216002	Soldiers can't fight without food. We need those rations in the field.
60216003	The Shariar thank you!
60216004	&quot;I'll get these to the fighters.&quot;
60216005	Meet {@LinkCreature:78#3008#Artur} at {@Rgn:78001$$Zulfikar Fortress} and collect the emergency rations.
60216006	
60216007	
60216008	Speak with {@LinkCreature:248#3003#Vikhonul} at {@Rgn:48002$$Khanovar Citadel}.
60216009	&quot;I won't fail you.&quot;
60216010	&quot;Some food to keep you in the fight!&quot;
60216011	Deliver the emergency rations to Dooran at {@Rgn:48006$$Carnage Vale}.
60216012	&quot;Some food to keep you in the fight!&quot;
60216013	Deliver the emergency rations to Kasadana at {@Rgn:48006$$Carnage Vale}.
60216014	&quot;Some food to keep you in the fight!&quot;
60216015	Deliver the emergency rations to Neiran at {@Rgn:48006$$Carnage Vale}.
60216016	&quot;Some food to keep you in the fight!&quot;
60216017	Deliver the emergency rations to Vatra at {@Rgn:48006$$Carnage Vale}.
60216018	&quot;Some food to keep you in the fight!&quot;
60216019	Deliver the emergency rations to {@LinkCreature:248#3010#Orveras} in {@Rgn:48003$$Peril Cavern}.
60216020	&quot;Some food to keep you in the fight!&quot;
60216021	Deliver the emergency rations to Akamak in {@Rgn:48003$$Peril Cavern}.
60216022	&quot;Glad I could help.&quot;
60216023	Report back to {@LinkCreature:248#3003#Vikhonul} at {@Rgn:48002$$Khanovar Citadel}.
60217001	On Behalf of the Shariar
60217002	Your name keeps coming up in conversations.
60217003	The Shariar will never forget you.
60217004	&quot;Thank you!&quot;
60217005	Report to {@LinkCreature:78#3002} at {@Rgn:78001$$Zulfikar Fortress}.
60218001	Call of the Shariar
60218002	&quot;I'd be honored to fight at your side.&quot;
60218003	Speak with {@LinkCreature:78#3002} at {@Rgn:78001$$Zulfikar Fortress}.
60301001	Beat the Brush
60301002	Never drop your guard, even for easy targets.
60301003	Same time tomorrow?
60301004	
60301005	
60301006	
60301007	Find {@LinkCreature:76#3010#Beiran} at the gate to {@Rgn:76001$$Kanstria}.
60301008	&quot;On my way.&quot;
60301009	Eliminate {@LinkCreature:49#13#kalash brutes} near {@Rgn:76001$$Kanstria}.
60301010	Eliminate {@LinkCreature:49#12#kalash protectors} near {@Rgn:76001$$Kanstria}.
60301011	Eliminate {@LinkCreature:49#10#kallan reavers} near the {@Rgn:49004$$Melgatol Portal} north of {@Rgn:76001$$Kanstria}.
60301012	&quot;Hits the spot!&quot;
60301013	Return to {@LinkCreature:76#3010#Beiran}.
60302001	Varmint Hunting
60302002	Kill all you want. They breed like mad!
60302003	Good hunting!
60302004	
60302005	
60302006	
60302007	Find {@LinkCreature:76#3010#Beiran} at {@Rgn:76001$$Kanstria}'s gate.
60302008	&quot;Wish me luck!&quot;
60302009	Eliminate {@LinkCreature:49#20#zariik workers} east of the {@Rgn:49004$$Melgatol Portal}.
60302010	Eliminate {@LinkCreature:49#19#zariik spodas} near the {@Rgn:49005$$Kassian Tree}.
60302011	Eliminate {@LinkCreature:49#15#yusul slashers} southeast of the {@Rgn:49005$$Kassian Tree}.
60302012	&quot;Very strange.&quot;
60302013	Report to {@LinkCreature:76#3010#Beiran} at the gate to {@Rgn:76001$$Kanstria}.
60303001	Gearstalker
60303002	Good hunting!
60303003	A shame I couldn't join you.
60303004	
60303005	
60303006	Find {@LinkCreature:76#3010#Beiran} at {@Rgn:76001$$Kanstria}'s gates.
60303007	&quot;Let's get going!&quot;
60303008	Hunt {@LinkCreature:49#16#zariik cyanowitches} in the {@Rgn:49003$$Agnurok Engine}.
60303009	Hunt {@LinkCreature:49#14#kalash defenders} in the {@Rgn:49003$$Agnurok Engine}.
60303010	&quot;I see why.&quot;
60303011	Return to {@LinkCreature:76#3001#Keinbara}.
60304001	Argonian Safari
60304002	By clear trails, I mean slay argons.
60304003	A pleasure to watch you work!
60304004	
60304005	
60304006	
60304007	Go to {@Rgn:50002$$Shroud Outpost} in {@Rgn:50001$$Granarkus} and find {@LinkCreature:250#3001#Derik}.
60304008	&quot;It'll be a pleasure.&quot;
60304009	Argon Hide
60304010	Hunt {@LinkCreature:50#5#athakela prowlers} around {@Rgn:50002$$Shroud Outpost} and collect their hides.
60304011	Bring argon hides to {@LinkCreature:250#3001#Derik}.
60304012	&quot;I suppose.&quot;
60304013	Argon Hide
60304014	Hunt {@LinkCreature:50#10#zomgul gatherers} in Granarkus and take their hides.
60304015	Bring argon hides to {@LinkCreature:250#3001#Derik}.
60304016	&quot;No thanks.&quot;
60304017	Argon Hide
60304018	Hunt {@LinkCreature:50#4#kalash devastators} north of {@Rgn:50002$$Shroud Outpost} and skin them.
60304019	Bring argon hides to {@LinkCreature:250#3001#Derik}.
60304020	&quot;Quite a few.&quot;
60305001	Shifting Wind
60305002	I bet it's more zariiks!
60305003	Finally! Someone worth the title of hunter. You've got a bright future with us.
60305004	
60305005	
60305006	Find {@LinkCreature:250#3002#Sunkuvil} in {@Rgn:50001$$Granarkus}.
60305007	&quot;Very much.&quot;
60305008	Eliminate {@LinkCreature:50#7#manaathol executors} southwest of {@Rgn:50003$$Helkir Grotto}.
60305009	Cull the {@LinkCreature:50#11#zariik spodas} southeast of {@Rgn:50003$$Helkir Grotto}.
60305010	&quot;Glad you shared.&quot;
60305011	Return to {@LinkCreature:250#3002#Sunkuvil}.
60306001	Wary Prey
60306002	Not our usual quarry.
60306003	I'll tell Keinbara you deserve a special bonus. Good job!
60306004	
60306005	
60306006	
60306007	Go to the {@Rgn:50003$$Underrock Camp} in {@Rgn:50001$$Granarkus} and meet {@LinkCreature:250#3002#Sunkuvil}.
60306008	&quot;It would be my pleasure!&quot;
60306009	Slaughter the {@LinkCreature:50#9#prismar watchers} east of {@Rgn:50003$$Helkir Grotto}.
60306010	Clear away {@LinkCreature:50#9#prismar watchers} east of {@Rgn:50003$$Helkir Grotto}.
60306011	Hunt {@LinkCreature:50#9#prismar watchers} east of {@Rgn:50003$$Helkir Grotto}.
60306012	&quot;It was nothing!&quot;
60306013	Report to {@LinkCreature:250#3002#Sunkuvil} at {@Rgn:50003$$Helkir Grotto}.
60307001	Bag the Limit
60307002	Derik doesn't usually share, either.
60307003	Nice work, my friend! You're getting better at this by the day!
60307004	
60307005	
60307006	
60307007	Go to the {@Rgn:50002$$Shroud Outpost} and find {@LinkCreature:250#3001#Derik}.
60307008	&quot;Good sportsmanship!&quot;
60307009	Argon Hide
60307010	Hunt {@LinkCreature:50#5#akathela prowlers} near {@Rgn:50002$$Shroud Outpost} and collect their hides.
60307011	Bring the argon hides to {@LinkCreature:250#3001#Derik}.
60307012	&quot;No doubt.&quot;
60307013	Argon Hide
60307014	Hunt {@LinkCreature:50#10#zomgul gatherers} around the {@Rgn:50007$$Dryuul Cyasma Infuser} and collect their hides.
60307015	Bring the argon hides to {@LinkCreature:250#3001#Derik}.
60307016	&quot;More than I expected.&quot;
60307017	Argon Hide
60307018	Hunt {@LinkCreature:50#4#kalash devastators} north of {@Rgn:50002$$Shroud Outpost} and collect their hides.
60307019	Bring the argon hides to {@LinkCreature:250#3001#Derik}.
60307020	&quot;Practice keeps me sharp.&quot;
60308001	Back at the Lodge
60308002	It sounded really urgent!
60308003	Good hunting, hero!
60308004	&quot;This means a lot. Thanks.&quot;
60308005	Go to {@LinkCreature:76#3001#Keinbara}.
60309001	Valsekyr Hunting Horns
60309002	&quot;Yes. Yes it does.&quot;
60309003	Meet {@LinkCreature:76#3001#Keinbara} in {@Rgn:76001$$Kanstria}.
60401001	Up the Creek
60401002	Done listening?
60401003	Feed 'em any time you want!
60401004	
60401005	
60401006	
60401007	Go see {@LinkCreature:71#3015#Umma} of the Hyderad Legacy near the river in {@Rgn:71001$$Bastion}.
60401008	&quot;That's it?&quot;
60401009	Activate the fish feeders in the streams outside {@Rgn:71001$$Bastion}.
60401010	Activate the fish feeders in the streams outside {@Rgn:71001$$Bastion}.
60401011	Activate the fish feeders in the streams outside {@Rgn:71001$$Bastion}.
60401012	&quot;It was restful.&quot;
60401013	Report back to {@LinkCreature:71#3015#Umma}.
60402001	Come Mister Valkyon
60402002	They're an invasive species. Kill 'em on sight.
60402003	Always am!
60402004	
60402005	
60402006	
60402007	Find {@LinkCreature:71#3014#Arura}.
60402008	&quot;This has to be a joke....&quot;
60402009	Collect bananas from {@WorkObject:75}s outside {@Rgn:71001$$Bastion}.
60402010	Collect bananas from {@WorkObject:75}s outside {@Rgn:71001$$Bastion}.
60402011	Collect bananas from {@WorkObject:75}s outside {@Rgn:71001$$Bastion}.
60402012	&quot;Aaah. Be careful.&quot;
60402013	Report to {@LinkCreature:71#3014#Arura} at the Hyderad Legacy Farming Group in {@Rgn:71001$$Bastion}.
60403001	Trying to Be the Shepherd
60403002	Done talking!
60403003	Enjoy the day, hero!
60403004	
60403005	
60403006	Find {@LinkCreature:71#3003#Ruma} in {@Rgn:71001$$Bastion}.
60403007	&quot;I'm on it!&quot;
60403008	Find and herd the sheep.
60403009	Baa! Baa!
60403010	Herd the {@LinkCreature:71#3016#sheep} to {@LinkCreature:71#3003#Ruma}.
60403011	Find and herd the sheep.
60403012	Baa! Baa!
60403013	Walk the {@LinkCreature:71#3016#sheep} to Ruma.
60403014	&quot;Thanks. Really, thanks.&quot;
60403015	Talk to {@LinkCreature:71#3003#Ruma}.
60404001	Scarier Crows
60404002	Holy relics, but troublesome ones.
60404003	Thank you. You'll be the first one to know if they ever rise again.
60404004	
60404005	
60404006	
60404007	Find {@LinkCreature:71#3007#Bakra} in {@Rgn:71001$$Bastion}.
60404008	&quot;Sit tight. I have this.&quot;
60404009	Find and destroy the {@LinkCreature:30#3001#krylar iskaragard}.
60404010	Find and destroy the {@LinkCreature:30#3002#strylik iskaragard}.
60404011	Find and destroy the {@LinkCreature:30#3003#veldraj iskaragard}.
60404012	&quot;That'd be good.&quot;
60404013	Report to {@LinkCreature:71#3007#Bakra}.
60404014	&quot;It was easy!&quot;
60404015	Return to {@LinkCreature:71#3007#Bakra}.
60404016	&quot;It was a good workout.&quot;
60404017	Talk to {@LinkCreature:71#3007#Bakra}.
60405001	Keep Off the Grass
60405002	Good you were here for this.
60405003	Real lucky you're around!
60405004	
60405005	
60405006	
60405007	Go to {@LinkCreature:230#3004#Kurda} at {@Rgn:30012$$Camp Curiosity}.
60405008	&quot;Leave it to me.&quot;
60405009	Destroy the malfunctioning {@LinkCreature:30#2004#brass warden}.
60405010	Stop the {@LinkCreature:30#3004#remorseless sentinel}.
60405011	Clear the {@LinkCreature:30#3005#argent soulkeeper} blocking the bridge by the Archive Stronghold.
60405012	&quot;A shame.&quot;
60405013	Return to {@LinkCreature:230#3004#Kurda}.
60405014	&quot;Glad to help.&quot;
60405015	Report to {@LinkCreature:230#3004#Kurda}.
60405016	&quot;Hard to believe.&quot;
60405017	Go back to {@LinkCreature:230#3004#Kurda}.
60406001	Killing Trees to Save Them
60406002	Anything to keep our mission going.
60406003	Until next time!
60406004	
60406005	
60406006	
60406007	
60406008	
60406009	
60406010	Find {@LinkCreature:71#3018#Meiga} in {@Rgn:71001$$Bastion}.
60406011	&quot;I'm on it.&quot;
60406012	&quot;Nice view!&quot;
60406013	Look for {@LinkCreature:230#3027#Bahab} near {@Rgn:30005$$Seren's Garden}.
60406014	&quot;I'll handle it.&quot;
60406015	Look for {@LinkCreature:230#3028#Romin} near the {@Rgn:30002$$High Vale}.
60406016	&quot;No doubt.&quot;
60406017	Look for {@LinkCreature:230#3029#Maahru} in the {@Rgn:30002$$High Vale}.
60406018	&quot;Uh...I'll mention that.&quot;
60406019	Look for {@LinkCreature:230#3030#Kuren} in the {@Rgn:30002$$High Vale}.
60406020	&quot;Mmmm, arkai omelettes!&quot;
60406021	Look for {@LinkCreature:230#3031#Ugru} in the {@Rgn:30018$$Arkai Perch}.
60406022	&quot;I'll just wait here.&quot;
60406023	Look for {@LinkCreature:230#3032#Simun} on the {@Rgn:30013$$Archive Grounds}.
60406024	Conservator
60406025	Conservator Report
60406026	Deliver the missing report to {@LinkCreature:71#3018#Meiga} in {@Rgn:71001$$Bastion}.
60406027	&quot;You'd be surprised.&quot;
60407001	First Chance to See
60407002	Nature smiles.
60407003	Aww! I think they like you!
60407004	
60407005	
60407006	Find {@LinkCreature:71#3018#Meiga} in {@Rgn:71001$$Bastion}.
60407007	&quot;On my way.&quot;
60407008	&quot;Sounds easy.&quot;
60407009	Find {@LinkCreature:230#3003#Eiru}.
60407010	&quot;I'll protect you!&quot;
60407011	Gree-eep! Gree-eep!
60407012	Safely guide a {@LinkCreature:230#3037#baby blue horn giant toad} from the stream back to {@LinkCreature:230#3003#Eiru}.
60407013	&quot;Sounds easy!&quot;
60407014	Find {@LinkCreature:230#3024#Raidun} near the waterfall below Seren's Garden.
60407015	&quot;You look healthy!&quot;
60407016	Search the stream for {@LinkCreature:230#3033#baby big tusk seals}.
60407017	&quot;Let's not upset your mom.&quot;
60407018	Search the stream for {@LinkCreature:230#3034#baby big tusk seals}.
60407019	&quot;How'd you get up here?&quot;
60407020	Search the stream for {@LinkCreature:230#3035#baby big tusk seals}.
60407021	&quot;Thanks!&quot;
60407022	Report to {@LinkCreature:230#3003#Eiru}.
60407023	&quot;Very true.&quot;
60407024	Report back to {@LinkCreature:230#3024#Raidun}.
60408001	Sun Worship
60408002	Done talking!
60408003	Enough is enough. I'm sick of being hassled by Aris!
60408004	&quot;Certainly!&quot;
60408005	Meet {@LinkCreature:230#3001#Semas}.
60408006	Find {@WorkObject:95} in the center of {@Rgn:30007$$Balder's Pavilion} and switch it back on.
60408007	&quot;Wow.&quot;
60408008	Return to {@LinkCreature:230#3001#Semas}.
60409001	A Chance of Sun
60409002	The lighthouses are vital! Please hurry!
60409003	Hope the Mysterium can repair this one soon.
60409004	&quot;Right away!&quot;
60409005	Find {@LinkCreature:230#3026#Lilis}.
60409006	Restart the {@WorkObject:77} at the top of the {@Rgn:9017001$$Sun Lighthouse}.
60409007	&quot;I'm glad I was!&quot;
60409008	Return to {@LinkCreature:230#3026#Lilis}.
60410001	Cleaning the Shed
60410002	We have to move the relics in the {@Rgn:9017001$$Sun Lighthouse} somewhere safe.
60410003	Seren watch over you.
60410004	
60410005	
60410006	
60410007	Meet {@LinkCreature:230#3025#Maun} in front of the {@Rgn:9017001$$Sun Lighthouse}.
60410008	&quot;I can do that.&quot;
60410009	&quot;Thank you!&quot;
60410010	Enter the {@Rgn:9017001$$Sun Lighthouse} and rescue ancient relics.
60410011	Deliver the ancient relics to {@LinkCreature:230#3025#Maun}.
60410012	&quot;It was nothing.&quot;
60410013	Enter the {@Rgn:9017001$$Sun Lighthouse} and rescue ancient relics.
60410014	Deliver the ancient relics to {@LinkCreature:230#3025#Maun}.
60410015	&quot;Thanks, Maun.&quot;
60410016	Enter the {@Rgn:9017001$$Sun Lighthouse} and rescue ancient relics.
60410017	Deliver the ancient relics to {@LinkCreature:230#3025#Maun}.
60411001	Time to Rest
60411002	It's all we can do until we learn to repair them.
60411003	We will continue their noble duty.
60411004	
60411005	
60411006	
60411007	Meet {@LinkCreature:230#3025#Maun} by the {@Rgn:9017001$$Sun Lighthouse}.
60411008	&quot;I'm on it.&quot;
60411009	Destroy {@LinkCreature:417#1001#old lighthouse managers} in the {@Rgn:9017001$$Sun Lighthouse}.
60411010	Destroy {@LinkCreature:417#1002#old lighthouse guardians} in the {@Rgn:9017001$$Sun Lighthouse}.
60411011	Destroy {@LinkCreature:417#1003#old bronze golems} in the {@Rgn:9017001$$Sun Lighthouse}.
60411012	&quot;Glad to help.&quot;
60411013	Report to {@LinkCreature:230#3025#Maun}.
60412001	You're Not on My List
60412002	Stay safe!
60412003	How'd I get by without you here?
60412004	&quot;Say no more.&quot;
60412005	Go to {@LinkCreature:230#3026#Lilis} by the {@Rgn:9017001$$Sun Lighthouse}.
60412006	Destroy the {@LinkCreature:417#2001#old keeper} on the sixth floor of the {@Rgn:9017001$$Sun Lighthouse}.
60412007	&quot;Good luck!&quot;
60412008	Return to {@LinkCreature:230#3026#Lilis}.
60413001	The Seed Vault
60413002	Good to see you again!
60413003	We work well together!
60413004	
60413005	
60413006	
60413007	Meet {@LinkCreature:230#3026#Lilis} by the {@Rgn:9017001$$Sun Lighthouse}.
60413008	&quot;Count on me!&quot;
60413009	Seed Pods
60413010	Destroy oak barrels to find ancient seed pods.
60413011	Deliver the pods to {@LinkCreature:230#3026#Lilis}.
60413012	&quot;Tell me if they do!&quot;
60413013	Seed Pods
60413014	Destroy oak barrels to find ancient seed pods.
60413015	Deliver the pods to {@LinkCreature:230#3026#Lilis}.
60413016	&quot;Useful!&quot;
60413017	Seed Pods
60413018	Destroy oak barrels to find ancient seed pods.
60413019	Deliver the pods to {@LinkCreature:230#3026#Lilis}.
60413020	&quot;I hope so.&quot;
60414001	Balder's Balm
60414002	Ask Ruma what he needs and bring the herbs to me.
60414003	If you're ever sick, swing by.
60414004	
60414005	
60414006	Find {@LinkCreature:71#3003#Ruma}.
60414007	&quot;Leave it to me.&quot;
60414008	&quot;You're welcome!&quot;
60414009	Gather moon shadow plants around {@Rgn:30005$$Seren's Garden}.
60414010	Deliver the moon shadow plants to {@LinkCreature:71#3005#Buran}.
60414011	&quot;Glad to help.&quot;
60414012	Gather moonlight lotuses around {@Rgn:30014$$Seren's Lake}.
60414013	Deliver the moonlight lotuses to {@LinkCreature:71#3005#Buran}.
60415001	The Pause that Refreshes
60415002	Now I'll have time to compound those potions!
60415003	Now, what was I doing again?
60415004	&quot;Okay. Must be good tea.&quot;
60415005	Find {@LinkCreature:230#3002#Ersilla}.
60415006	Collect flower seeds.
60415007	Find {@LinkCreature:230#3013#bellflowers} in the {@Rgn:30009$$Fallen Shrine Site} and collect their seeds.
60415008	Collect flower seeds.
60415009	Find {@LinkCreature:230#3014#silver bellflowers} and collect their seeds.
60415010	Collect flower seeds.
60415011	Find {@LinkCreature:230#3015#primroses} and collect their seeds.
60415012	&quot;I doubt it.&quot;
60415013	Deliver the flower seeds to {@LinkCreature:230#3002#Ersilla}.
60415014	Deliver the flower seeds to {@LinkCreature:230#3002#Ersilla}.
60416001	No Loafing
60416002	Enjoy the weather!
60416003	They came out perfect, too!
60416004	
60416005	
60416006	
60416007	Find {@LinkCreature:71#3015#Umma} in {@Rgn:71001$$Bastion}.
60416008	&quot;Sounds great!&quot;
60416009	Feed fish in the streams outside {@Rgn:71001$$Bastion}.
60416010	Feed fish in the streams outside {@Rgn:71001$$Bastion}.
60416011	Feed fish in the streams outside {@Rgn:71001$$Bastion}.
60416012	&quot;Oh, that looks good.&quot;
60416013	Meet with {@LinkCreature:71#3015#Umma}.
60417001	Nature's Perfect Food
60417002	Take your time today.
60417003	Don't take too many, though...
60417004	
60417005	
60417006	
60417007	Meet {@LinkCreature:71#3014#Arura} in {@Rgn:71001$$Bastion}.
60417008	&quot;No sweat.&quot;
60417009	Shake {@WorkObject:75}s and collect their fruit.
60417010	Shake {@WorkObject:75}s and collect their fruit.
60417011	Shake {@WorkObject:75}s and collect their fruit.
60417012	&quot;That does smell good.&quot;
60417013	Report to {@LinkCreature:71#3014#Arura}.
60418001	Peaceful Victor
60418002	It's all she ever wants!
60418003	You earned it, friend.
60418004	&quot;This means a lot.&quot;
60418005	Report to {@LinkCreature:71#3001#Arisel} in Bastion.
60419001	Peaceful Warriors
60419002	&quot;That actually sounds good.&quot;
60419003	Visit {@LinkCreature:71#3001#Arisel} in {@Rgn:71001$$Bastion}.
60501001	Stuff and Things
60501002	&quot;My pleasure.&quot;
60501003	
60501004	
60501005	Lend {@LinkCreature:63#3002#Taratia} a hand.
60501006	&quot;Happy to help.&quot;
60501007	&quot;Glad to help.&quot;
60501008	Deliver {@RawItem:206801} ×10 to {@linkcreature:63#3002#Taratia}.
60501009	
60501010	&quot;Glad to help.&quot;
60501011	Deliver {@RawItem:206802} ×10 to {@linkcreature:63#3002#Taratia}.
60501012	
60501013	&quot;Got it.&quot;
60501014	Deliver {@RawItem:206803} ×10 to {@linkcreature:63#3002#Taratia}.
60501015	
60501016	&quot;Got it.&quot;
60501017	Deliver {@RawItem:206804} ×10 to {@linkcreature:63#3002#Taratia}.
60501018	
60501019	&quot;Got it.&quot;
60501020	Deliver {@RawItem:206805} ×10 to {@linkcreature:63#3002#Taratia}.
60501021	
60501022	Claim your reward.
60501023	Talk to {@LinkCreature:63#3003#Elthienne}.
60502001	I Gather You Gather
60502002	&quot;I'll see what I can do.&quot;
60502003	
60502004	
60502005	Talk to {@LinkCreature:63#3002#Taratia} about her to-do list.
60502006	&quot;Your wish is my command.&quot;
60502007	&quot;Heh.&quot;
60502008	Deliver {@RawItem:206801} ×20 to {@linkcreature:63#3002#Taratia}.
60502009	
60502010	&quot;Heh.&quot;
60502011	Deliver {@RawItem:206802} ×20 to {@linkcreature:63#3002#Taratia}.
60502012	
60502013	&quot;Got it.&quot;
60502014	Deliver {@RawItem:206803} ×20 to {@linkcreature:63#3002#Taratia}.
60502015	
60502016	&quot;Got it.&quot;
60502017	Deliver {@RawItem:206804} ×20 to {@linkcreature:63#3002#Taratia}.
60502018	
60502019	&quot;Got it.&quot;
60502020	Deliver {@RawItem:206805} ×20 to {@linkcreature:63#3002#Taratia}.
60502021	
60502022	Claim your reward.
60502023	Talk to {@LinkCreature:63#3003#Elthienne}.
60503001	The Hands' Hands
60503002	&quot;Cephalo-what?&quot;
60503003	
60503004	
60503005	Speak to {@LinkCreature:63#3002#Taratia} about her shortage of appendages.
60503006	&quot;Off I go.&quot;
60503007	&quot;Thanks.&quot;
60503008	Deliver {@RawItem:206801} ×30 to {@linkcreature:63#3002#Taratia}.
60503009	
60503010	&quot;Thanks.&quot;
60503011	Deliver {@RawItem:206802} ×30 to {@linkcreature:63#3002#Taratia}.
60503012	
60503013	&quot;Got it.&quot;
60503014	Deliver {@RawItem:206803} ×30 to {@linkcreature:63#3002#Taratia}.
60503015	
60503016	&quot;Got it.&quot;
60503017	Deliver {@RawItem:206804} ×30 to {@linkcreature:63#3002#Taratia}.
60503018	
60503019	Got it.
60503020	Deliver {@RawItem:206805} ×30 to {@linkcreature:63#3002#Taratia}.
60503021	
60503022	Claim your reward.
60503023	Talk to {@LinkCreature:63#3003#Elthienne}.
60504001	I Made This
60504002	&quot;That I do.&quot;
60504003	
60504004	
60504005	Offer your services to {@LinkCreature:63#3002#Taratia}.
60504006	&quot;I'm a gathering fool.&quot;
60504007	&quot;Okay.&quot;
60504008	Deliver {@RawItem:206801} ×40 to {@linkcreature:63#3002#Taratia}.
60504009	
60504010	&quot;Okay.&quot;
60504011	Deliver {@RawItem:206802} ×40 to {@linkcreature:63#3002#Taratia}.
60504012	
60504013	&quot;Got it.&quot;
60504014	Deliver {@RawItem:206803} ×40 to {@linkcreature:63#3002#Taratia}.
60504015	
60504016	&quot;Got it.&quot;
60504017	Deliver {@RawItem:206804} ×40 to {@linkcreature:63#3002#Taratia}.
60504018	
60504019	&quot;Got it.&quot;
60504020	Deliver {@RawItem:206805} ×40 to {@linkcreature:63#3002#Taratia}.
60504021	
60504022	Claim your reward.
60504023	Talk to {@LinkCreature:63#3003#Elthienne}.
60505001	Gath-Master
60505002	&quot;Wow.&quot;
60505003	
60505004	
60505005	Ask {@LinkCreature:63#3002#Taratia} what she needs.
60505006	&quot;You know it.&quot;
60505007	&quot;Who's the gath-master now?&quot;
60505008	Deliver {@RawItem:206801} ×50 to {@linkcreature:63#3002#Taratia}.
60505009	
60505010	&quot;Who's the gath-master now?&quot;
60505011	Deliver {@RawItem:206802} ×50 to {@linkcreature:63#3002#Taratia}.
60505012	
60505013	&quot;Got it.&quot;
60505014	Deliver {@RawItem:206803} ×50 to {@linkcreature:63#3002#Taratia}.
60505015	
60505016	&quot;Got it.&quot;
60505017	Deliver {@RawItem:206804} ×50 to {@linkcreature:63#3002#Taratia}.
60505018	
60505019	&quot;Got it.&quot;
60505020	Deliver {@RawItem:206805} ×50 to {@linkcreature:63#3002#Taratia}.
60505021	
60505022	Claim your reward.
60505023	Talk to {@LinkCreature:63#3003#Elthienne}.
60506001	It's All Fun and Games
60506002	&quot;Wouldn't that be fun?&quot;
60506003	
60506004	
60506005	Pay {@LinkCreature:63#3002#Taratia} a visit.
60506006	&quot;I was only joking.&quot;
60506007	&quot;Heh.&quot;
60506008	Deliver {@RawItem:206818} ×10 to the Velika Crafting Guide, {@linkcreature:63#1098#Santia}.
60506009	
60506010	&quot;Heh.&quot;
60506011	Deliver {@RawItem:206819} ×10 to the Velika Crafting Guide, {@linkcreature:63#1098#Santia}.
60506012	
60506013	&quot;Got it.&quot;
60506014	Deliver {@RawItem:206820} ×10 to the Velika Crafting Guide, {@linkcreature:63#1098#Santia}.
60506015	
60506016	&quot;Got it.&quot;
60506017	Deliver {@RawItem:206821} ×10 to the Velika Crafting Guide, {@linkcreature:63#1098#Santia}.
60506018	
60506019	&quot;Got it.&quot;
60506020	Deliver {@RawItem:206822} ×10 to the Velika Crafting Guide, {@linkcreature:63#1098#Santia}.
60506021	
60506022	Claim your reward.
60506023	Return to {@LinkCreature:63#3002#Taratia}.
60507001	Great Expectations
60507002	&quot;I'll give her a hand.&quot;
60507003	
60507004	
60507005	Talk to {@LinkCreature:63#3002#Taratia}.
60507006	&quot;I can help.&quot;
60507007	&quot;Thanks.&quot;
60507008	Deliver {@RawItem:206818} ×20 to the Velika Crafting Guide, {@linkcreature:63#1098#Santia}.
60507009	
60507010	&quot;Thanks.&quot;
60507011	Deliver {@RawItem:206819} ×20 to the Velika Crafting Guide, {@linkcreature:63#1098#Santia}.
60507012	
60507013	&quot;Got it.&quot;
60507014	Deliver {@RawItem:206820} ×20 to the Velika Crafting Guide, {@linkcreature:63#1098#Santia}.
60507015	
60507016	&quot;Got it.&quot;
60507017	Deliver {@RawItem:206821} ×20 to the Velika Crafting Guide, {@linkcreature:63#1098#Santia}.
60507018	
60507019	&quot;Got it.&quot;
60507020	Deliver {@RawItem:206822} ×20 to the Velika Crafting Guide, {@linkcreature:63#1098#Santia}.
60507021	
60507022	Claim your reward.
60507023	Return to {@LinkCreature:63#3002#Taratia}.
60508001	Today, We Drink
60508002	&quot;On my way.&quot;
60508003	
60508004	
60508005	Try to find out what {@LinkCreature:63#3002#Taratia} is supposed to do today.
60508006	&quot;I'll just take that list of yours.&quot;
60508007	&quot;Glad I could help.&quot;
60508008	Deliver {@RawItem:206818} ×20 to the Velika Crafting Guide, {@linkcreature:63#1098#Santia}.
60508009	
60508010	&quot;Glad I could help.&quot;
60508011	Deliver {@RawItem:206819} ×20 to the Velika Crafting Guide, {@linkcreature:63#1098#Santia}.
60508012	
60508013	&quot;Got it.&quot;
60508014	Deliver {@RawItem:206820} ×30 to the Velika Crafting Guide, {@linkcreature:63#1098#Santia}.
60508015	
60508016	&quot;Got it.&quot;
60508017	Deliver {@RawItem:206821} ×30 to the Velika Crafting Guide, {@linkcreature:63#1098#Santia}.
60508018	
60508019	&quot;Got it.&quot;
60508020	Deliver {@RawItem:206822} ×30 to the Velika Crafting Guide, {@linkcreature:63#1098#Santia}.
60508021	
60508022	Claim your reward.
60508023	Return to {@LinkCreature:63#3002#Taratia}.
60509001	Things and Stuff
60509002	&quot;Thanks.&quot;
60509003	
60509004	
60509005	Talk to {@LinkCreature:63#3002#Taratia} about a job.
60509006	&quot;I'm here to serve.&quot;
60509007	&quot;Thank you.&quot;
60509008	Deliver {@RawItem:206818} ×40 to the Velika Crafting Guide, {@linkcreature:63#1098#Santia}.
60509009	
60509010	&quot;I got the goods.&quot;
60509011	Deliver {@RawItem:206819} ×40 to the Velika Crafting Guide, {@linkcreature:63#1098#Santia}.
60509012	
60509013	&quot;Got it.&quot;
60509014	Deliver {@RawItem:206820} ×40 to the Velika Crafting Guide, {@linkcreature:63#1098#Santia}.
60509015	
60509016	&quot;Got it.&quot;
60509017	Deliver {@RawItem:206821} ×40 to the Velika Crafting Guide, {@linkcreature:63#1098#Santia}.
60509018	
60509019	&quot;Got it.&quot;
60509020	Deliver {@RawItem:206822} ×40 to the Velika Crafting Guide, {@linkcreature:63#1098#Santia}.
60509021	
60509022	Claim your reward.
60509023	Return to {@LinkCreature:63#3002#Taratia}.
60510001	Taratia's Job
60510002	&quot;Okay...&quot;
60510003	
60510004	
60510005	Ask {@LinkCreature:63#3002#Taratia} about the job she has for you.
60510006	&quot;I'm on it.&quot;
60510007	&quot;Thanks.&quot;
60510008	Deliver {@RawItem:206818} ×50 to the Velika Crafting Guide, {@linkcreature:63#1098#Santia}.
60510009	
60510010	&quot;Thanks.&quot;
60510011	Deliver {@RawItem:206819} ×50 to the Velika Crafting Guide, {@linkcreature:63#1098#Santia}.
60510012	
60510013	&quot;Got it.&quot;
60510014	Deliver {@RawItem:206820} ×50 to the Velika Crafting Guide, {@linkcreature:63#1098#Santia}.
60510015	
60510016	&quot;Got it.&quot;
60510017	Deliver {@RawItem:206821} ×50 to the Velika Crafting Guide, {@linkcreature:63#1098#Santia}.
60510018	
60510019	&quot;Got it.&quot;
60510020	Deliver {@RawItem:206822} ×50 to the Velika Crafting Guide, {@linkcreature:63#1098#Santia}.
60510021	
60510022	Claim your reward.
60510023	Return to {@LinkCreature:63#3002#Taratia}.
60511001	Skin and Bones—and Claws
60511002	&quot;I love killing stuff.&quot;
60511003	
60511004	
60511005	
60511006	
60511007	Talk to {@LinkCreature:63#3003#Elthienne}.
60511008	&quot;Count me in.&quot;
60511009	Naga Parts
60511010	Hunt {@LinkCreature:10#8#naga battlemasters} on {@Rgn:10001#Serpentis Isle} and deliver collected parts to {@LinkCreature:63#3002#Taratia} in Velika.
60511011	
60511012	&quot;Here you go.&quot;
60511013	Naga Parts
60511014	Hunt {@LinkCreature:10#16#naga clawriders} on {@Rgn:10001#Serpentis Isle} and deliver collected parts to {@LinkCreature:63#3002#Taratia} in Velika.
60511015	
60511016	&quot;Here you go.&quot;
60511017	Naga Parts
60511018	Hunt {@LinkCreature:10#17#naga clawmasters} on {@Rgn:10001#Serpentis Isle} and deliver collected parts to {@LinkCreature:63#3002#Taratia} in Velika.
60511019	
60511020	&quot;Here you go.&quot;
60511021	Naga Parts
60511022	Hunt {@LinkCreature:10#18#naga leviathan} on {@Rgn:10001#Serpentis Isle} and deliver collected parts to {@LinkCreature:63#3002#Taratia} in Velika.
60511023	
60511024	&quot;Here you go.&quot;
60511025	&quot;See you soon.&quot;
60511026	Talk to {@LinkCreature:63#3003#Elthienne}.
60512001	Body Parts, Part Ew
60512002	&quot;An adventure?&quot;
60512003	
60512004	
60512005	Speak to {@LinkCreature:63#3003#Elthienne}.
60512006	&quot;Put me to work.&quot;
60512007	Lash Parts
60512008	Hunt {@LinkCreature:12#13#Red Lash clawriders} on {@Rgn:12001#Mistmoor Island} and deliver collected parts to {@LinkCreature:63#3002#Taratia} in Velika.
60512009	
60512010	&quot;Until next time.&quot;
60512011	Lash Parts
60512012	Hunt {@LinkCreature:12#17#Red Lash marauders} on {@Rgn:12001#Mistmoor Island} and deliver collected parts to {@LinkCreature:63#3002#Taratia} in Velika.
60512013	
60512014	&quot;Until next time.&quot;
60512015	&quot;But of course.&quot;
60512016	Return to {@LinkCreature:63#3003#Elthienne}.
60513001	The Big, the Bad, and the Ugly
60513002	&quot;You know me.&quot;
60513003	
60513004	
60513005	Speak to {@LinkCreature:63#3003#Elthienne}.
60513006	&quot;I'm ready.&quot;
60513007	Big Monster Parts
60513008	Hunt {@LinkCreature:18#17#ancient teraliths} in the {@Rgn:18001#Colossal Ruins}, and deliver collected items to {@LinkCreature:63#3002#Taratia} in Velika.
60513009	
60513010	&quot;Thanks.&quot;
60513011	Big Monster Parts
60513012	Take down {@LinkCreature:18#18#giant gladiators} in the {@Rgn:18001#Colossal Ruins}, and deliver collected items to {@LinkCreature:63#3002#Taratia} in Velika.
60513013	
60513014	&quot;Thanks.&quot;
60513015	&quot;Where, indeed?&quot;
60513016	Speak to {@LinkCreature:63#3003#Elthienne}.
60514001	A Time to Kill
60514002	&quot;I'm game.&quot;
60514003	
60514004	
60514005	
60514006	
60514007	Speak to {@LinkCreature:63#3003#Elthienne}.
60514008	&quot;Understood.&quot;
60514009	Body Parts
60514010	Hunt {@LinkCreature:21#1#vicious dusky basilisks} in {@Rgn:21001#Basilisk Crag} and deliver scales to {@LinkCreature:63#3002#Taratia} in Velika.
60514011	
60514012	&quot;Thanks.&quot;
60514013	Body Parts
60514014	Hunt {@LinkCreature:21#2#dusky basilisks} in {@Rgn:21001#Basilisk Crag} and deliver scales to {@LinkCreature:63#3002#Taratia} in Velika.
60514015	
60514016	&quot;Thanks.&quot;
60514017	Body Parts
60514018	Hunt {@LinkCreature:21#3#vicious orisks} in {@Rgn:21001#Basilisk Crag} and deliver claws to {@LinkCreature:63#3002#Taratia} in Velika.
60514019	
60514020	&quot;Thanks.&quot;
60514021	Body Parts
60514022	Hunt {@LinkCreature:21#4#brutal orisks} in {@Rgn:21001#Basilisk Crag} and deliver claws to {@LinkCreature:63#3002#Taratia} in Velika.
60514023	
60514024	&quot;Thanks.&quot;
60514025	&quot;Glad I could help.&quot;
60514026	Speak to {@LinkCreature:63#3003#Elthienne}.
60515001	Trophy Hunting
60515002	&quot;I accept.&quot;
60515003	
60515004	
60515005	
60515006	Speak to {@LinkCreature:63#3003#Elthienne}.
60515007	&quot;I'm on it.&quot;
60515008	Hunting Trophies
60515009	Hunt {@LinkCreature:23#9#molten fangspawns} near the {@Rgn:23001#Lake of Tears} and deliver their armor to {@LinkCreature:63#3002#Taratia} in Velika.
60515010	
60515011	&quot;Thanks.&quot;
60515012	Hunting Trophies
60515013	Hunt {@LinkCreature:23#13#searing fangspawns} near the {@Rgn:23001#Lake of Tears} and deliver their armor to {@LinkCreature:63#3002#Taratia} in Velika.
60515014	
60515015	&quot;Thanks.&quot;
60515016	Hunting Trophies
60515017	Hunt {@LinkCreature:23#14#lurking teraliths} near the {@Rgn:23001#Lake of Tears} and deliver their dust to {@LinkCreature:63#3002#Taratia} in Velika.
60515018	
60515019	&quot;Thanks.&quot;
60515020	&quot;It was my pleasure.&quot;
60515021	Speak to {@LinkCreature:63#3003#Elthienne}.
60516001	Hunting the Hostiles
60516002	&quot;Not yet.&quot;
60516003	
60516004	
60516005	
60516006	
60516007	Speak to {@LinkCreature:63#3003#Elthienne}.
60516008	&quot;I'd be happy to go.&quot;
60516009	Lizard Skin
60516010	Hunt {@LinkCreature:24#5#swift storm lizards} on {@Rgn:24001#Aurum Road} and deliver lizard skin to {@LinkCreature:63#3002#Taratia} in Velika.
60516011	
60516012	&quot;Thanks.&quot;
60516013	Useful Item
60516014	Hunt {@LinkCreature:24#9#desert lightning kumases} in {@Rgn:24001#Aurum Road} and deliver collected items to {@LinkCreature:63#3002#Taratia} in Velika.
60516015	
60516016	&quot;Thanks.&quot;
60516017	Useful Item
60516018	Hunt {@LinkCreature:24#12#covetous vulcans} in {@Rgn:24001#Aurum Road} and deliver collected items to {@LinkCreature:63#3002#Taratia} in Velika.
60516019	
60516020	&quot;Thanks.&quot;
60516021	Useful Item
60516022	Hunt {@LinkCreature:24#62#yearning vulcans} in {@Rgn:24001#Aurum Road} and deliver collected items to {@LinkCreature:63#3002#Taratia} in Velika.
60516023	
60516024	&quot;Thanks.&quot;
60516025	&quot;Thank you, kindly.&quot;
60516026	Visit {@LinkCreature:63#3003#Elthienne}.
60517001	Happy Hunting
60517002	&quot;Great, thanks.&quot;
60517003	
60517004	
60517005	
60517006	Go to {@LinkCreature:63#3003#Elthienne} at the Velika Merchant Guild.
60517007	&quot;You can count on me.&quot;
60517008	Hunting Proof
60517009	Hunt {@LinkCreature:4#1011#fangspawns} in {@Rgn:4001#Fyrmount} and deliver proof of their deaths to {@LinkCreature:63#3002#Taratia} in Velika.
60517010	
60517011	&quot;Thanks.&quot;
60517012	Hunting Proof
60517013	Hunt {@LinkCreature:4#1021#sulphurous groknars} in {@Rgn:4001#Fyrmount} and deliver proof of their deaths to {@LinkCreature:63#3002#Taratia} in Velika.
60517014	
60517015	&quot;Thanks.&quot;
60517016	Hunting Proof
60517017	Hunt {@LinkCreature:4#2011#voracious fangspawns} in {@Rgn:4001#Fyrmount} and deliver proof of their deaths to {@LinkCreature:63#3002#Taratia} in Velika.
60517018	
60517019	&quot;Thanks.&quot;
60517020	&quot;Thank you.&quot;
60517021	Speak to {@LinkCreature:63#3003#Elthienne}.
60518001	Monster Hunter
60518002	&quot;Will do.&quot;
60518003	
60518004	
60518005	
60518006	
60518007	Tell {@LinkCreature:63#3003#Elthienne} you want to help.
60518008	&quot;Sure thing.&quot;
60518009	Naga Meat
60518010	Hunt {@LinkCreature:7#1#naga mercenaries} in the {@Rgn:7001#Celestial Hills} and deliver their meat to {@LinkCreature:63#3002#Taratia} in Velika.
60518011	
60518012	&quot;Glad I could help.&quot;
60518013	Kumas Blubber
60518014	Hunt {@LinkCreature:7#3#indolent kumases} in the {@Rgn:7001#Celestial Hills} and deliver their blubber to {@LinkCreature:63#3002#Taratia} in Velika.
60518015	
60518016	&quot;Glad I could help.&quot;
60518017	Kumas Blubber
60518018	Hunt {@LinkCreature:7#4#torpid kumases} in the {@Rgn:7001#Celestial Hills} and deliver their blubber to {@LinkCreature:63#3002#Taratia} in Velika.
60518019	
60518020	&quot;Glad I could help.&quot;
60518021	Juggernaut Jerky
60518022	Hunt {@LinkCreature:7#23#juggernaut mercenaries} in {@Rgn:7001#Celestial Hills} and deliver jerky meat to {@LinkCreature:63#3002#Taratia} in Velika.
60518023	
60518024	&quot;Glad I could help.&quot;
60518025	&quot;Hang in there.&quot;
60518026	See {@LinkCreature:63#3003#Elthienne}.
60519001	All For One, Am I Right?
60519002	&quot;I'll talk to her.&quot;
60519003	
60519004	
60519005	Talk to {@LinkCreature:63#3003#Elthienne}.
60519006	&quot;I'll do my best.&quot;
60519007	Proof of Kill: Juggernauts
60519008	Thin out {@LinkCreature:9#1400#azarel's juggernauts} in {@Rgn:9002$$Azarel's Labyrinth} and deliver the proof to {@LinkCreature:63#3002#Taratia} in Velika.
60519009	
60519010	&quot;I hope this helps.&quot;
60519011	Proof of Kill: Stalkers
60519012	Hunt {@LinkCreature:9#1410#labyrinthine stalkers} in {@Rgn:9002$$Azarel's Labyrinth} and deliver the proof to {@LinkCreature:63#3002#Taratia} in Velika.
60519013	
60519014	&quot;I hope this helps.&quot;
60519015	&quot;Good luck.&quot;
60519016	Speak to {@LinkCreature:63#3003#Elthienne}.
60520001	Mental Health Day
60520002	&quot;Interesting...&quot;
60520003	
60520004	
60520005	
60520006	
60520007	Speak to {@LinkCreature:63#3003#Elthienne}.
60520008	&quot;I'm on it.&quot;
60520009	&quot;As requested.&quot;
60520010	Deliver {@RawItem:206812} ×1 to {@linkcreature:63#3001#Barian}.
60520011	
60520012	&quot;On my way.&quot;
60520013	Deliver {@RawItem:206813} ×1 to {@linkcreature:63#3001#Barian}.
60520014	
60520015	&quot;Sure thing.&quot;
60520016	Deliver {@RawItem:206814} ×1 to {@linkcreature:63#3001#Barian}.
60520017	
60520018	&quot;I'm craftastic!&quot;
60520019	Deliver {@RawItem:206815} ×1 to {@linkcreature:63#3001#Barian}.
60520020	
60520021	Got it.
60520022	Deliver {@RawItem:206816} ×1 to {@linkcreature:63#3001#Barian}.
60520023	
60520024	Claim your reward.
60520025	Claim your payment from {@LinkCreature:63#3002#Taratia}.
60521001	Craftania Kingdom
60521002	&quot;On my way.&quot;
60521003	
60521004	
60521005	
60521006	
60521007	Speak to {@LinkCreature:63#3003#Elthienne}.
60521008	&quot;Sure thing.&quot;
60521009	&quot;On it.&quot;
60521010	Deliver {@RawItem:206812} ×2 to {@linkcreature:63#3001#Barian}.
60521011	
60521012	&quot;On it.&quot;
60521013	Deliver {@RawItem:206813} ×2 to {@linkcreature:63#3001#Barian}.
60521014	
60521015	&quot;On it.&quot;
60521016	Deliver {@RawItem:206814} ×2 to {@linkcreature:63#3001#Barian}.
60521017	
60521018	&quot;On it.&quot;
60521019	Deliver {@RawItem:206815} ×2 to {@linkcreature:63#3001#Barian}.
60521020	
60521021	Got it.
60521022	Deliver {@RawItem:206816} ×2 to {@linkcreature:63#3001#Barian}.
60521023	
60521024	Claim your reward.
60521025	Claim your payment from {@LinkCreature:63#3002#Taratia}.
60522001	No One Appreciates Middle-Management
60522002	&quot;Will do.&quot;
60522003	
60522004	
60522005	
60522006	
60522007	Speak to {@LinkCreature:63#3003#Elthienne}.
60522008	&quot;Sure.&quot;
60522009	&quot;I'm on it.&quot;
60522010	Deliver {@RawItem:206812} ×3 to {@linkcreature:63#3001#Barian}.
60522011	
60522012	&quot;Sure thing.&quot;
60522013	Deliver {@RawItem:206813} ×3 to {@linkcreature:63#3001#Barian}.
60522014	
60522015	&quot;Sure thing.&quot;
60522016	Deliver {@RawItem:206814} ×3 to {@linkcreature:63#3001#Barian}.
60522017	
60522018	&quot;Sure thing.&quot;
60522019	Deliver {@RawItem:206815} ×3 to {@linkcreature:63#3001#Barian}.
60522020	
60522021	&quot;Got it.&quot;
60522022	Deliver {@RawItem:206816} ×3 to {@linkcreature:63#3001#Barian}.
60522023	
60522024	Claim your reward.
60522025	Claim your payment from {@LinkCreature:63#3002#Taratia}.
60523001	Ladies and Gentlemen, the Hands of Velika
60523002	&quot;Will do.&quot;
60523003	
60523004	
60523005	
60523006	
60523007	Speak to {@LinkCreature:63#3003#Elthienne}.
60523008	&quot;No problem.&quot;
60523009	&quot;Sure thing.&quot;
60523010	Deliver {@RawItem:206812} ×4 to {@linkcreature:63#3001#Barian}.
60523011	
60523012	&quot;I'm on it.&quot;
60523013	Deliver {@RawItem:206813} ×4 to {@linkcreature:63#3001#Barian}.
60523014	
60523015	&quot;Here I go.&quot;
60523016	Deliver {@RawItem:206814} ×4 to {@linkcreature:63#3001#Barian}.
60523017	
60523018	&quot;And...I'm off.&quot;
60523019	Deliver {@RawItem:206815} ×4 to {@linkcreature:63#3001#Barian}.
60523020	
60523021	&quot;Got it.&quot;
60523022	Deliver {@RawItem:206816} ×4 to {@linkcreature:63#3001#Barian}.
60523023	
60523024	Claim your reward.
60523025	Claim your payment from {@LinkCreature:63#3002#Taratia}.
60524001	No One Appreciates Middle-Management
60524002	&quot;You have my attention.&quot;
60524003	
60524004	
60524005	
60524006	
60524007	Ask {@LinkCreature:63#3003#Elthienne} how you can help the Hands of Velika.
60524008	&quot;Sure, I can do that.&quot;
60524009	&quot;Okay then.&quot;
60524010	Deliver {@RawItem:206812} ×5 to {@linkcreature:63#3001#Barian}.
60524011	
60524012	&quot;Okay then.&quot;
60524013	Deliver {@RawItem:206813} ×5 to {@linkcreature:63#3001#Barian}.
60524014	
60524015	&quot;Okay then.&quot;
60524016	Deliver {@RawItem:206814} ×5 to {@linkcreature:63#3001#Barian}.
60524017	
60524018	&quot;Okay then.&quot;
60524019	Deliver {@RawItem:206815} ×5 to {@linkcreature:63#3001#Barian}.
60524020	
60524021	&quot;Got it.&quot;
60524022	Deliver {@RawItem:206816} ×5 to {@linkcreature:63#3001#Barian}.
60524023	
60524024	Claim your reward.
60524025	Claim your payment from {@LinkCreature:63#3002#Taratia}.
60528001	Hands with Many Hats
60528002	&quot;I'll do what I can.&quot;
60528003	Find {@LinkCreature:63#3001#Barian} in Velika.
60601001	Puzzling Pieces
60601002	We must examine intact examples of this technology.
60601003	Excellent! Now we can puzzle out their function.
60601004	Nexus Teinocrons
60601005	Recover nexus teinocrons from creatures in the nexus.
60601006	Deliver the teinocrons to {@LinkCreature:1022#1002}.
60601007	&quot;For the federation!&quot;
60602001	One Monster's Garbage is Another's Treasure
60602002	Even broken teinocrons might prove useful.
60602003	Excellent work, my friend.
60602004	Damaged Nexus Teinocron
60602005	Recover damaged nexus teinocrons from creatures within the nexus.
60602006	Deliver the damaged teinocrons to {@LinkCreature:1022#1002}.
60602007	&quot;My pleasure.&quot;
60603001	Ominously Silent Spring
60603002	We must study the effects that a nexus has on the land.
60603003	Perhaps now we'll find our answers.
60603004	Enter a nexus and use the specimen jar to collect soil samples.
60603005	Soil sample collected.
60603006	
60603007	Soil Sample
60603008	Deliver the soil sample to {@LinkCreature:1022#1002}.
60603009	&quot;You better find a way to stop it.&quot;
60604001	What Could Possibly Go Wrong
60604002	The symbol only works on lesser nexus creatures. Probably.
60604003	Alas, back to the drawing slate.
60604004	Nexus Intruder
60604005	Use the symbol of distorted dimension on a lesser nexus creature.
60604006	&quot;Keep trying.&quot;
60604007	Report your results to {@LinkCreature:1022#1002}.
60605001	Echoes in the Stone
60605002	Please gather some nexulitic fragments. They're the key.
60605003	Thank you. I'll do my best not to betray your expectations.
60605004	&quot;I hope it pays off.&quot;
60605005	Collect nexulitic fragments across Val Kaeli.
60605006	Deliver the fragments to the {@LinkCreature:1022#1003} at Kanstria.
60606001	Technological Terrors
60606002	I've seen the argons wielding a strange device. I want it.
60606003	Now we'll learn the truth.
60606004	Sunya Emitter
60606005	Collect sunya emitters from {@Rgn:49001$$Argonea}, {@Rgn:50001$$Granarkus}, and the {@Rgn:48001$$Khanovar Front}.
60606006	Deliver the emitters to {@LinkCreature:1022#1002}.
60606007	&quot;Good luck with your research.&quot;
60701001	Starting at the Bottom
60701002	Cluttered lab, cluttered mind...
60701003	Janitorial work suits you!
60701004	&quot;Anything to help.&quot;
60701005	Pick up discarded research papers scattered around the Unified Field Lab.
60701006	Bring the discarded research to Fitae.
60702001	Borrowing a Book
60702002	Without the right reference materials, we're just guessing.
60702003	Thank you. You have no idea how helpful this is.
60702004	&quot;I hope this is the book!&quot;
60702005	Find the thaumaturgical book in Collegium Arcane.
60702006	&quot;You'll return this, right?&quot;
60702007	Deliver the book to Fitae at the Unified Field Lab.
60702008	Deliver the book to Fitae.
60703001	The Paper Chase
60703002	Hurry—every observation must be recorded!
60703003	That should be enough to start the papermaking process.
60703004	Lard Wood
60703005	Go to the dwarf instance dungeon and collect some lard wood from ghilliedhus.
60703006	Deliver lard wood to Klissa.
60703007	Just trying to be useful.
60704001	Delivering Papers
60704002	Safe journey, traveler!
60704003	
60704004	Magic Paper
60704005	Deliver magic paper to Lethaniel in Elenea.
60704006	&quot;Nothing like a short trip.&quot;
60705001	Pop Quiz
60705002	The history of magic is fascinating, no?
60705003	You're getting brighter.
60705004	Return the book to the shelf.
60705005	Read the Magic History Record on the shelf in Collegium Arcane.
60705006	
60705007	
60705008	
60705009	
60705010	Go to theoretician Fitae in the Unified Field Lab.
60705011	&quot;I'm ready for the test.&quot;
60705012	1. Serion
60705013	2. Elleon
60705014	3. Flower of Life
60705015	4. Fraya
60705016	Go to theoretician Fitae and take her test.
60705017	&quot;Understood.&quot;
60705018	1. Flower of Life
60705019	2. The Core
60705020	3. From me
60705021	4. Serion
60705022	Go to theoretician Fitae and take her test
60705023	&quot;Got it.&quot;
60705024	1. The Island of Dawn
60705025	2. Elleon
60705026	3. Allemantheia
60705027	4. Velika
60705028	Go to theoretician Fitae and take her test.
60705029	&quot;Right.&quot;
60705030	1. Fraya
60705031	2. Elleon
60705032	3. The Core
60705033	4. Flower of Life
60705034	Go to theoretician Fitae and take her test.
60705035	&quot;Understood.&quot;
60705036	&quot;An easy 'A.'&quot;
60705037	Claim your reward from Fitae.
60706001	Mechanics of Magic
60706002	Interested in mechanical engineering?
60706003	You're gifted in mechanics!
60706004	Return the book to the shelf.
60706005	Check Mechanical Engineering Record on the shelf in the Collegium Arcane.
60706006	
60706007	
60706008	
60706009	Go to theoretician Zerit in the Unified Field Lab.
60706010	&quot;Test me, Zerit!&quot;
60706011	1. Core studies
60706012	2. Kinetophysics
60706013	3. Thermodynamics
60706014	4. Material studies
60706015	Go to theoretician Zerit and take his test.
60706016	&quot;Got it.&quot;
60706017	1. Furniture science
60706018	2. Theory of mechanics
60706019	3. Acceleration
60706020	4. Mechanics
60706021	Go to theoretician Zerit and take his test.
60706022	&quot;Understood.&quot;
60706023	1. Velocity, acceleration, and, um, wait...
60706024	2. Velocity, psychokinesis, and...
60706025	3. Velocity, acceleration, and vibration.
60706026	4. Velocity, gravity, and torque.
60706027	Go to theoretician Zerit and take his test.
60706028	&quot;I get it.&quot;
60706029	&quot;These tests are easy.&quot;
60706030	Claim your reward from Zerit.
60707001	Fusion Confusion
60707002	Fusion is the future!
60707003	I've never met anyone so brilliant!
60707004	Return the book to the shelf.
60707005	Find the Fusion Science Record on the shelf in the Collegium Arcane.
60707006	
60707007	
60707008	
60707009	Go to theoretician Klissa in the Unified Field Lab.
60707010	&quot;Show me the future! Test me!&quot;
60707011	1. Fate
60707012	2. Love
60707013	3. Dreams
60707014	4. Magic
60707015	Go to theoretician Klissa and take her test.
60707016	&quot;Understood.&quot;
60707017	1. Speed and acceleration
60707018	2. Magic and machinery
60707019	3. Male and female
60707020	4. Action and reaction
60707021	Go to theoretician Klissa and take her test.
60707022	&quot;Got it.&quot;
60707023	1. Allemantheia
60707024	2. Pegasus travel
60707025	3. The Core
60707026	4. Magic stones
60707027	Go to theoretician Klissa and take her test.
60707028	&quot;I understand.&quot;
60707029	&quot;Fusion is easy!&quot;
60707030	Claim your reward from Klissa.
60708001	A Tiny Problem
60708002	Thank you in advance.
60708003	It fits perfectly!
60708004	Hunt forest guardians.
60708005	No big deal.
60708006	Go to the chief.
60708007	It was great fun.
60708008	Deliver the small cogwheel to Engineer Zerit at the Unified Field Lab.
60708009	
60709001	Fuelish Heart
60709002	I thank you, and the future thanks you.
60709003	It recharged the bot almost immediately!
60709004	Icereaver Giant Crystals
60709005	Collect three crystals from icereaver giants in Frost Reach.
60709006	Deliver the crystals to Zerit.
60709007	&quot;Anything for science.&quot;
60710001	Automated Delivery
60710002	Thank you for your help.
60710003	
60710004	
60710005	Talk to Klissa.
60710006	&quot;Understood.&quot;
60710007	&quot;Thanks. I'll take good care of it.&quot;
60710008	Go to Fitae.
60710009	&quot;Just what we were looking for.&quot;
60710010	Go to Zerit.
60710011	&quot;Hey, thanks.&quot;
60710012	Deliver the magic bot summoning controller to Engineer Veltor in Balder's Refuge.
60710013	
60710014	&quot;Thanks!&quot;
60710015	Deliver the magic bot summoning controller to Engineer Sindel in Balder's Refuge.
60710016	
60711001	Engineering the Outcome
60711002	&quot;I do my best.&quot;
60711003	Go to Rector Skeal in Allemantheia.
60801001	Back to the Beach
60801002	We're counting on you.
60801003	You're more capable than I thought.
60801004	Hunt five arachnen stalkers and five Red Lash enforcers.
60801005	&quot;Hey, some profit for me.&quot;
60801006	Claim your reward from Ebbra.
60802001	Hungry for Profits
60802002	Jax thanks you.
60802003	This is plenty, but we can always use more mushrooms.
60802004	&quot;I like profits, too.&quot;
60802005	Collect fragrant mushrooms in the woods west of Cutthroat Harbor.
60802006	
60803001	Market Research
60803002	Use teleport masters to move to camps that you have visited before.
60803003	Well done!
60803004	&quot;I get what you're saying.&quot;
60803005	Go to Tryphena.
60803006	&quot;How profitable.&quot;
60803007	Deliver the information to Rhales.
60804001	Cutting Expenses
60804002	We'll all profit!
60804003	The ledger looks better now.
60804004	Hunt three vulcans in Azarel's Labyrinth.
60804005	&quot;Another day, another bonus.&quot;
60804006	Claim your reward from Rhales.
60805001	Routine Delivery
60805002	Take the pegasus, and keep a low profile.
60805003	Thanks.
60805004	
60805005	Edahm's Package
60805006	Deliver the package to Edahm in Crescentia.
60805007	&quot;Mum's the word.&quot;
60806001	Urgent Delivery
60806002	The pegasus will get you there faster.
60806003	Thank you.
60806004	
60806005	Andersen's Package
60806006	Deliver the package to Andersen in Pora Elinu.
60806007	&quot;A simple 'Thank you' would be nice.&quot;
60807001	Human Resources
60807002	We need warm bodies, pure and simple. Don't get too hung up on the interview process.
60807003	Call it a referral fee.
60807004	&quot;Just head over to Loyek.&quot;
60807005	Find a hobo near Cutthroat Harbor.
60807006	&quot;Loyek's work may not go that far.&quot;
60807007	Find a hobo near Cutthroat Harbor.
60807008	&quot;I'm all about finding folks jobs.&quot;
60807009	Go to Loyek.
60808001	Dealing with Shrinkage
60808002	Hurry! This is a key client!
60808003	Thank you.
60808004	
60808005	Missing Package
60808006	Deliver the missing package to Jerelyn in Velika.
60808007	Hand over the missing package.
60809001	Gentle Reminders
60809002	Tardy employees don't last long in our organization.
60809003	Good job.
60809004	&quot;Just the ledger...today.&quot;
60809005	Go to Ebbra and get the updated ledger.
60809006	&quot;I will.&quot;
60809007	Go to Imesti and get the updated ledger.
60809008	&quot;I'll take that now.&quot;
60809009	Go to Rhales and get the updated ledger.
60809010	&quot;That wasn't so hard, was it?&quot;
60809011	Go to Loyek and get the updated ledger.
60809012	&quot;Here you go.&quot;
60809013	Deliver the ledgers to Jax.
60811001	Friend of the Family
60811002	&quot;Thanks for this.&quot;
60811003	Go to Jax, master of the Jax Trust.
60901001	Ways of Highwatch Guards
60901002	Highwatch Guards are the best!
60901003	Don't compare us with the Highwatch South Gate Guards!
60901004	&quot;Understood.&quot;
60901005	Train how the Highwatch Guards do.
60901006	&quot;It was a good workout.&quot;
60901007	Report to Marmundam.
61501001	[Important] Hatching a Partner
61501002	&quot;Okay.&quot;
61501003	Go to {@linkcreature:183#2064#Loomey} in Highwatch.
61501004	&quot;Okay.&quot;
61501005	Go to {@linkcreature:183#2064#Loomey} in Highwatch.
61501006	&quot;Okay.&quot;
61501007	Go to {@linkcreature:183#2065#Kuncun} in Highwatch.
61501008	Forest Essence
61501009	Defeat {@linkcreature:29#1024#Sickly Warthog}s to collect Forest Essences and deliver them to {@linkcreature:183#2065#Kuncun}.
61501010	
61501011	&quot;Okay.&quot;
61501012	&quot;Okay.&quot;
61501013	Collect 8 Legacy Essences and deliver them to {@linkcreature:183#2065#Kuncun}.
61501014	
61501015	&quot;Okay.&quot;
61501016	Go to {@linkcreature:183#2064#Loomey} and tell him that everything is ready for the spell.
61501017	&quot;I can do that.&quot;
61501018	Go to {@linkcreature:183#2064#Loomey} in Highwatch.
61502001	[Important] Hatching a Partner
61502002	&quot;Dragons? Really? Dragons?&quot;
61502003	Go to {@linkcreature:183#2064#Loomey} in Highwatch.
61502004	&quot;Dragons? Really? Dragons?&quot;
61502005	Go to {@linkcreature:183#2064#Loomey} in Highwatch.
61502006	&quot;Dragons? Really? Dragons?&quot;
61502007	Go to {@linkcreature:183#2065#Kuncun} in Highwatch.
61502008	Forest Essence
61502009	Defeat {@linkcreature:29#1024#Sickly Warthog}s to collect Forest Essences and deliver them to {@linkcreature:183#2065#Kuncun}.
61502010	
61502011	&quot;Dragons? Really? Dragons?&quot;
61502012	&quot;Dragons? Really? Dragons?&quot;
61502013	Receive the Legacy Essence from {@linkcreature:183#2065#Kuncun}.
61502014	
61502015	&quot;Dragons? Really? Dragons?&quot;
61502016	Go to {@linkcreature:183#2064#Loomey} and tell him that everything is ready for the spell.
61502017	&quot;Dragons? Really? Dragons?&quot;
61502018	Go to {@linkcreature:183#2064#Loomey} in Highwatch.
61801001	[Important] Kaia's Anvil
61801002	&quot;Got it.&quot;
61801003	Speak with {@linkcreature:84#1088#Yunari}.
61801004	&quot;Got it.&quot; 
61801005	Speak with {@LinkCreature:528#5005#Tamur} in Kaiator Command Center.&#xA;[Speak with {@LinkCreature:84#1088#Yunari} to enter the Kaiator Command Center.]
61801006	&quot;I am honored.&quot;
61801007	Speak with {@LinkCreature:528#5032#Goddess Kaia} in Kaiator Command Center.&#xA;[Speak with {@LinkCreature:84#1088#Yunari} to enter the Kaiator Command Center.]
61801008	Argon Weapon
61801009	Argon Core
61801010	Collect an Argon Core and an Argon Weapon at the Secret Base in Verrak Fortress.
61801011	Speak with {@LinkCreature:528#5032#Goddess Kaia} in Kaiator Command Center.&#xA;[Speak with {@LinkCreature:84#1088#Yunari} to enter the Kaiator Command Center.]
61801012	&quot;Got it.&quot;
61801013	&quot;Yes.&quot;
61801014	Speak with {@LinkCreature:411#5017#Fovarth} in Muhrak's Workshop in Habere.&#xA;[Use the {@LinkCreature:79#1501#Teleportal} to enter Muhrak's Workshop.]
61801015	&quot;Got it.&quot; 
61801016	Speak with {@LinkCreature:411#7000#Goddess Kaia} in Muhrak's Workshop  in Habere.&#xA;[Use the {@LinkCreature:79#1501#Teleportal} to enter Muhrak's Workshop.]
61801017	Defeat {@linkcreature:3026#1000$$Kelsaik} in Corrupted Skynest and collect a Black Core Nodule.
61801018	Speak with {@LinkCreature:411#7000#Goddess Kaia} in Muhrak’s Workshop in Habere.
61801019	&quot;Okay.&quot;
61801020	Speak with {@LinkCreature:411#5017#Fovarth} in Muhrak’s Workshop in Habere.&#xA;Use the {@LinkCreature:79#1501#Teleportal} to enter Muhrak’s Workshop.
61801021	Speak with {@LinkCreature:411#5017#Fovarth} in the Blacksmith’s Workshop in Habere.&#xA;[Use the {@LinkCreature:79#1501#Teleportal} to enter the Blacksmith’s Workshop.]
61901001	[Fishing] Let's Go Fishing
61901002	&quot;Okay.&quot;
61901003	Talk to {@linkcreature:183#2060#Waining} in Highwatch.
61901004	&quot;Let's go.&quot;
61901005	Speak with {@linkcreature:183#2060#Waining} and teleport to Muricai Fishery.
61901006	&quot;I got it.&quot;
61901007	Claim the reward.
61901008	Go to {@linkcreature:207#9904#Muten} in Muricai Fishery.
61901009	Try fishing.
61901010	&quot;I got it.&quot;
61901011	Catch a Crayfish at the Muricai Fishery.
61901012	
61902001	[Fishing] Let's Cook Some Fish
61902002	&quot;Let's go.&quot;
61902003	Speak with {@linkcreature:207#9904#Muten} and teleport to Cutthroat Harbor.
61902004	&quot;I will!&quot;
61902005	Receive the Cooking Recipe.
61902006	Go to {@linkcreature:62#9904#Cordi} in Cutthroat Harbor.
61902007	&quot;I got it.&quot;
61902008	Deliver Fish Fry x1 to {@linkcreature:62#9904#Cordi}.
61902009	
61903001	[Fishing] Let's Sell Some Fish
61903002	&quot;Let's go.&quot;
61903003	Speak with {@linkcreature:62#9904#Cordi} and teleport to the Lake of Tears Fishery.
61903004	&quot;Yes&quot;
61903005	&quot;Sure thing.&quot;
61903006	Go to {@linkcreature:223#9904#Lushan} at the Lake of Tears Fishery.
61903007	&quot;Let's do this!&quot;
61903008	Craft and deliver a Fish Crate I to {@linkcreature:223#9904#Lushan}.
61903009	
61903010	&quot;No problem.&quot;
61903011	Go to {@linkcreature:223#9905#Genn} at the Lake of Tears Fishery.
61903012	Lake of Tears
61903013	Seek out Genn.
61903014	
61903015	Complete delivery to Genn.
61903016	&quot;I got it.&quot;
61903017	Go to {@linkcreature:223#9925#Genn} at the Lake of Tears Fishery.
61903018	&quot;I got it.&quot;
61903019	Go to {@linkcreature:223#9904#Lushan} at the Lake of Tears Fishery.
61904001	[Fishing] Way of the Angler
61904002	&quot;I will.&quot;
61904003	&quot;Yes.&quot;
61904004	Speak with {@linkcreature:223#9904#Lushan} and teleport to the Vexatus Swamp Fishery.
61904005	&quot;I got it.&quot;
61904006	&quot;I got it.&quot;
61904007	Go to {@linkcreature:61#9904#Mayel} at the Vexatus Swamp Fishery.
61904008	&quot;I got it.&quot;
61904009	Catch a Crucian Carp at the Vexatus Swamp Fishery.
61904010	
61905001	[Fishing] Totally Safe. Totally.
61905002	&quot;I got it.&quot;
61905003	&quot;It was nothing.&quot;
61905004	Deliver Pickled Fish ×1 to {@linkcreature:207#1010#Meridien} in Sanctum Mysterium.
61905005	
61905006	&quot;I got it.&quot;
61905007	Go to {@linkcreature:207#1010#Meridien} in Sanctum Mysterium.
61905008	&quot;Here's the Experimental Elinum.&quot;
61905009	Retrieve three Experimental Elinum from the Muricai Fishery, using Celisium Fragments as bait.
61905010	
61906001	[Fishing] Catch a Giant Catfish
61906002	&quot;I got it.&quot;
61906003	Go to {@linkcreature:207#1001#Mattin} in Sanctum Mysterium.
61906004	&quot;I got it.&quot;
61906005	Go to {@linkcreature:207#9903#Duridine} at the Muricai Fishery.
61906006	&quot;Got the Giant Catfish.&quot;
61906007	Go to {@linkcreature:207#1001#Mattin} after catching a Giant Catfish at the Muricai Fishery.
61906008	
61906009	&quot;I got it.&quot;
61906010	Go to {@linkcreature:207#9903#Duridine} at the Muricai Fishery.
61907001	[Fishing] Something Fishy This Way Comes
61907002	&quot;Thanks for the design.&quot;
61907003	Go to {@linkcreature:62#1024#Dirken} in Cutthroat Harbor.
61907004	&quot;I got it.&quot;
61907005	Deliver Steamed Fish x1 to {@linkcreature:62#1024#Dirken}.
61907006	
61907007	&quot;I got it.&quot;
61907008	Go to {@linkcreature:62#1024#Dirken} in Cutthroat Harbor.
61907009	Investigate the Halluweed.
61907010	&quot;I got it.&quot;
61907011	Gather three Halluweed Petals.
61907012	
61907013	&quot;I got it.&quot;
61907014	Catch three Funky Fresh Fish at the Cutthroat Harbor Fishery, using Halluweed as bait.
61907015	
61907016	&quot;Let's go.&quot;
61907017	Go to {@linkcreature:62#1026#Zaira} in Cutthroat Harbor.
61907018	&quot;I got it.&quot;
61907019	&quot;I got it.&quot;
61907020	Go to {@linkcreature:62#1043#Zaira} in Southern Cutthroat Harbor.
61907021	Place the Funky Fresh Fish on the altar.
61907022	&quot;Wait...that smell...&quot;
61907023	Aaaaghhh!
61907024	&quot;Leave these pirates to me.&quot;
61907025	&quot;I got it.&quot;
61907026	Go to {@linkcreature:62#1043#Zaira} in Southern Cutthroat Harbor.
61907027	Claim the reward.
61907028	Go to {@linkcreature:62#1024#Dirken} in Cutthroat Harbor.
61908001	[Fishing] Fishy Frittery Goodness
61908002	&quot;I got it.&quot;
61908003	Deliver a Fish Fritter to {@linkcreature:223#9906#Paparong} at the Lake of Tears Fishery.
61908004	
61908005	Hand over the fish.
61908006	Deliver two Freshwater Eels to {@linkcreature:223#9906#Paparong} at the Lake of Tears Fishery.
61908007	
61909001	[Fishing] Big-Ass Fish Story
61909002	&quot;I got it.&quot;
61909003	Claim the reward.
61909004	Catch a Fairy Snakehead for {@linkcreature:223#9906#Paparong} at the Lake of Tears Fishery.
61909005	
61910001	[Fishing] Legendary Angler
61910002	&quot;I got it.&quot;
61910003	Deliver a Fish Steak to {@linkcreature:61#9908#Graidrem} in Vexatus Swamp.
61910004	
61910005	&quot;I got it.&quot;
61910006	Go to {@linkcreature:61#9908#Graidrem} in Vexatus Swamp.
61910007	Investigate the White Bones in the Hungry Caverns.
61910008	&quot;I got it.&quot;
61910009	Gather three Broken Bone Lures and return to {@linkcreature:61#9908#Graidrem} in Vexatus Swamp.
61910010	
61910011	Hand over the Sludge Fish.
61910012	Catch three Sludge Fish and deliver them to {@linkcreature:61#9908#Graidrem} in Vexatus Swamp.
61910013	
61911001	[Fishing] Casting for Gold
61911002	&quot;I got it.&quot;
61911003	Claim the reward.
61911004	Catch a Golden Shark and deliver it to {@linkcreature:61#9908#Graidrem} in Vexatus Swamp.
61911005	
61912001	[Fishing] When It's Time To Relax I
61912002	Hand over the Fish Soup.
61912003	Deliver Fish Soup to {@linkcreature:83#9905#Ainve} at the Celsian Lake Fishery.
61912004	
61912005	&quot;I got it.&quot;
61912006	Go to {@linkcreature:83#9905#Ainve} at the Celsian Lake Fishery.
61912007	Ice Trail
61912008	You see a Crane Flower. Gather it.
61912009	Go to the northern side of the Celsian Lake Fishery and find the Crane Flower.
61912010	Gather the Crane Flower.
61912011	
61912012	Crane Flower
61912013	Deliver the Crane Flower to {@linkcreature:83#9905#Ainve} at the Celsian Lake Fishery.
61912014	Hand over the Crane Flower.
61912015	Hand over the Silver Trout.
61912016	Deliver Silver Trout ×3 to {@linkcreature:83#9905#Ainve} at the Celsian Lake Fishery.
61912017	
61912018	Claim the reward.
61912019	Go to {@linkcreature:83#9905#Ainve} in Celsian Lake.
61913001	[Fishing] When It's Time to Relax II
61913002	Hand over the fish.
61913003	Deliver a Queen Salmon to {@linkcreature:83#9905#Ainve} at the Celsian Lake Fishery.
61913004	
61913005	Claim the reward.
61913006	Go to {@linkcreature:83#9905#Ainve} at the Celsian Lake Fishery.
61914001	[Fishing] Octopus’ Garden Salad
61914002	&quot;I got it.&quot;
61914003	Go to {@linkcreature:230#1043#Naiya} at the Seren's Lake Fishery.
61914004	&quot;I got it.&quot;
61914005	Deliver a Seafood Mushroom Salad to {@linkcreature:230#1043#Naiya} at the Seren's Lake Fishery.
61914006	
61914007	Inspect the Starlight Lotus.
61914008	&quot;I got it.&quot;
61914009	Talk to the {@linkcreature:230#9906#Lake Fairy}.
61914010	Claim the reward.
61914011	Deliver a Golden Octopus to the {@linkcreature:230#9906#Lake fae}.
61914012	
70101001	[Event] Holy Responsibilities
70101002	Welcome to the Festival of the Sun.
70101003	&quot;Thank you for inviting me.&quot;
70101004	Talk to Renmi.
70102001	[Event] Attending Services
70102002	&quot;Thank you so much.&quot;
70102003	Show some interest.
70102004	&quot;Okay, I got it.&quot;
70102005	Talk to Renmi.
70102006	Squalid Temple
70102007	
70102008	Enter the Squalid Temple through the &lt;font color='#0000FF'&gt;&lt;A href=&quot;markmap:loc=7015#-8755.4922,78572.0859,-1232.7169&amp;type=1&amp;name=teleportal&quot;&gt;teleportal&lt;/A&gt;&lt;/font&gt;.
70102009	&quot;I'm here to help.&quot;
70102010	Ask Davor how you can help.
70102011	Use the controller to activate PEST-B-GON 8000.
70102012	Eliminate the sloths.
70102013	&quot;I'll get them working again.&quot;
70102014	Talk to Nahad.
70102015	Repair broken garden golems.
70102016	Get rid of the massive ghilliedhus.
70102017	&quot;Okay, I'll talk to Kodar.&quot;
70102018	Talk to Nahad.
70102019	&quot;I'll take care of it.&quot;
70102020	Talk to Kodar.
70102021	Speak to Karu about catching snakes.
70102022	&quot;All in a day's work. Thank you.&quot;
70102023	Exit through a Dimensional Mirror and talk to Renmi.
70103001	[Event] Keep the Fires Burning
70103002	May the light of Balder be with everyone who comes here.
70103003	Let's try to be grateful all the time.
70103004	&quot;I got it.&quot;
70103005	&quot;The Flame of Sacrifice is burning brightly.&quot;
70103006	&quot;The Flame of Honor is burning properly.&quot;
70103007	&quot;The Flame of Mercy is burning warmly.&quot;
70103008	Ensure that each flame is burning.
70103009	&quot;It was my honor to help.&quot;
70103010	Talk to Modan.
70104001	[Event] Ice to Meet You
70104002	Thank you in advance!
70104003	Come for cool sarberry ice.
70104004	&quot;I think I understand.&quot;
70104005	&quot;I'll...tell her that.&quot;
70104006	Get ice from Luman.
70104007	&quot;You're very...kind.&quot;
70104008	Get sarberries from Luman.
70104009	&quot;Okay, I'm on it.&quot;
70104010	Talk to Lilan.
70104011	Put the chunk of ice in the ice shaver.
70104012	&quot;That seems easy enough.&quot;
70104013	Get shaved ice.
70104014	Talk to Trilyn.
70104015	Make a sarberry ice.
70104016	You have made a sarberry ice.
70104017	&quot;It's been very...interesting.&quot;
70104018	Make a sarberry ice.
70104019	Take sarberry ice to Lilan.
70105001	[Event—Daily] Combating Sloth
70105002	Squalid Temple
70105003	
70105004	Enter the Squalid Temple.
70105005	Dispose of sloth droppings.
70105006	Pull weeds.
70105007	Clean the fountain.
70105008	Talk to Davor.
70105009	&quot;I suppose someone has to do it.&quot;
70105010	Put waste in receptacle.
70105011	Get rid of the sloth droppings.
70105012	Dispose of waste.
70105013	Put waste in receptacle.
70105014	Pull weeds.
70105015	Dispose of waste.
70105016	Clean the fountain.
70105017	&quot;Perhaps I'll help again tomorrow.&quot;
70105018	Talk to Renmi.
70106001	[Event—Daily] Taking Out the Trash
70106002	Squalid Temple
70106003	
70106004	Enter the Squalid Temple.
70106005	Pick up trash.
70106006	Clean graffiti off the reliquaries.
70106007	Drive the vampirs away.
70106008	Talk to Nahad.
70106009	&quot;I'll take care of it, Nahad.&quot;
70106010	Put trash in receptacle.
70106011	Pick up trash.
70106012	Dispose of trash.
70106013	Clean graffiti off the reliquaries.
70106014	Drive the vampirs away.
70106015	&quot;You're very welcome.&quot;
70106016	Talk to Renmi.
70107001	[Event—Daily] Dust Never Sleeps
70107002	Squalid Temple
70107003	
70107004	Enter the Squalid Temple.
70107005	Clean the dusty mirrors.
70107006	Add incense to the burner.
70107007	Get rid of the snakes.
70107008	Talk to Kodar.
70107009	&quot;I'll take care of it.&quot;
70107010	Clean the dusty mirrors.
70107011	Add incense to the burner.
70107012	Help Karu remove the snakes.
70107013	&quot;I'll help again tomorrow, if I can.&quot;
70107014	Talk to Renmi.
70108001	[Event—Daily] Icing on the Cake
70108002	Deliver sarberry ice to Morun.
70108003	Deliver sarberry ice to Tanith.
70108004	Deliver sarberry ice to Hayden.
70108005	Get a sarberry ice from Trilyn and deliver it.
70108006	&quot;I'll see that it gets delivered.&quot;
70108007	Morun
70108008	Sarberry Ice
70108009	Deliver sarberry ice to Morun.
70108010	&quot;I've always thought so. Enjoy.&quot;
70108011	Tanith
70108012	Sarberry Ice
70108013	Deliver sarberry ice to Tanith.
70108014	&quot;I couldn't agree more. Enjoy.&quot;
70108015	Hayden
70108016	Sarberry Ice
70108017	Deliver sarberry ice to Hayden.
70108018	&quot;Done. Enjoy your sarberry ice.&quot;
70108019	&quot;Seeing you all again is reward enough.&quot;
70108020	Talk to Lilan.
70109001	[Event—Daily] Skyrockets in Flight
70109002	Always with reverence in your heart…
70109003	Balder will protect you.
70109004	&quot;I got it.&quot;
70109005	Flame of Sacrifice
70109006	Before you is the Flame of Sacrifice.
70109007	Go to the Flame of Sacrifice.
70109008	Use a Remembrance Rocket.
70109009	You set off a Remembrance Rocket.
70109010	Flame of Honor
70109011	Before you is the Flame of Honor.
70109012	Go to the Flame of Honor.
70109013	Use a Remembrance Rocket.
70109014	You set off a Remembrance Rocket.
70109015	Flame of Mercy
70109016	Before you is the Flame of Mercy.
70109017	Go to the Flame of Mercy.
70109018	Use a Remembrance Rocket.
70109019	You set off a Remembrance Rocket.
70109020	&quot;Thanks. Perhaps I'll see you again tomorrow.&quot;
70109021	Talk to Modan.
70111001	[Event] Carnival of Carnivores
70111002	Accept
70111003	Talk to Harun.
70111004	Banquet of Blood
70111005	
70111006	Travel through the &lt;font color='#0000FF'&gt;&lt;A href=&quot;markmap:loc=7015#-8939.5840,77251.9063,-1192.7500&amp;type=1&amp;name=teleportal&quot;&gt;teleportal&lt;/A&gt;&lt;/font&gt; to reach the Banquet of Blood.
70111007	&quot;You can depend on me.&quot;
70111008	Get new Balder's Gift skills from Harun.
70111009	Use a spell to destroy the door.
70111010	Close the coffin of the vampirs.
70111011	Put a potion in the blood feast.
70111012	Destroy the altar in the Ceremonial Room.
70111013	&quot;And I will help whenever I can.&quot;
70111014	Talk to Harun.
70112001	[Event—Daily] Off the Menu
70112002	&quot;I'll rescue those villagers.&quot;
70112003	Banquet of Blood
70112004	
70112005	Enter the Banquet of Blood.
70112006	&quot;You're safe now, but you should go.&quot;
70112007	&quot;Go home quickly, now—your family is worried.&quot;
70112008	Rescue kidnapped villagers.
70112009	&quot;Let me know if you need my help again.&quot;
70112010	Talk to Harun.
70113001	[Event—Daily] The Party's Over
70113002	&quot;You can depend on me.&quot;
70113003	Banquet of Blood
70113004	
70113005	Enter the Banquet of Blood.
70113006	Disrupt the Banquet of Blood.
70113007	&quot;With any luck, that's the last of them.&quot;
70113008	Talk to Harun.
70114001	[Event—Daily] The Party. Is. Over.
70114002	Banquet of Blood
70114003	
70114004	Enter the Banquet of Blood.
70114005	Destroy the altar in the Ceremonial Room.
70114006	&quot;Ha! I'm honored, but no need.&quot;
70114007	Talk to Harun.
70115001	[Event] Life's a Beach
70115002	Now, let me show you how to enjoy the festival.
70115003	&quot;This...could be fun.&quot;
70115004	Go meet Elesa, the owner of the West Beach Tavern on Serpentis Isle.
70116001	[Event] Would You Like to Play a Game
70116002	Go meet Langon, who you see in front of the tavern over there.
70116003	Now, enjoy the festival as much as you want.
70116004	&quot;Sure, I can do that.&quot;
70116005	Go meet the little popori 'Langon' in front of the West Beach Tavern.
70116006	Collect sand from sand piles near the water and make 3 sand castles.
70116007	Used construction sand to build a sand castle. (1/3)
70116008	Use construction sand to build sand castles.
70116009	Used construction sand to build a sand castle. (2/3)
70116010	Use construction sand to build sand castles.
70116011	Used construction sand to build a sand castle. (3/3)
70116012	&quot;That actually does look like fun.&quot;
70116013	Go meet the little popori 'Langon' in front of the West Beach Tavern.
70116014	&quot;Sure, I'll try that.&quot;
70116015	Find Wahmel, the manager of the melon bash game area.
70116016	Talk to Wahmel to participate in the melon bash game.
70116017	&quot;Sounds pretty easy.&quot;
70116018	Go to Wahmel, the manager of the melon bash game area.
70116019	&quot;This could be fun. I'm in.&quot;
70116020	Go to Chelton, the manager of the splash cannon game area.
70116021	Talk to Chelton to participate in the splash cannon shooting game.
70116022	&quot;Okay, I'll play!&quot;
70116023	Talk to Chelton, the manager of the splash cannon game area.
70116024	&quot;Okay, I'm in!&quot;
70116025	Go see Stefanna on the other side of the beach.
70116026	&quot;I'm on my way.&quot;
70116027	Go meet Dolme the horn carver in a hut on the east coast.
70116028	Warthog Molar
70116029	Get a molar of a baykun warthog on Serpentis Isle.
70116030	Deliver the molar you got to Dolme.
70116031	&quot;Sounds good.&quot;
70116032	
70116033	Popori Statue
70116034	Take the popori statue to Ramsay, the owner of the East Beach Tavern.
70116035	&quot;Thanks. It's been a blast so far.&quot;
70117001	[Event—Daily] Splash Cannon Mini-Game
70117002	Now! Become the world's best cannon shooter!
70117003	Come visit again! 
70117004	Talk to Chelton to start the mini game of splash cannon shooting.
70117005	&quot;Thanks. I'll treasure it all day!&quot;
70117006	Go to Chelton, the manager of the splash cannon.
70118001	[Event—Daily] Melon Bash Mini-Game
70118002	Find the watermelon with the eyes of your mind.
70118003	Haha, it is more fun to watch you than to play the game myself.
70118004	Talk to Wahmel to participate in the melon bash mini-game.
70118005	&quot;Thanks. See you tomorrow, I hope!&quot;
70118006	Go meet Wahmel, who runs the Blind Melon Bash.
70119001	[Event—Daily] Sand Castles in The Sand
70119002	Like this! Like this!
70119003	Hehehe! Best thing ever, right?
70119004	Collect sand from sand piles and make 3 sand castles.
70119005	Used construction sand to build sand castles. (1/3)
70119006	Use construction sand to build sand castles.
70119007	Used construction sand to build sand castles. (2/3)
70119008	Use construction sand to build sand castles.
70119009	Used construction sand to build sand castles. (3/3)
70119010	&quot;I wish I could do this every day!&quot;
70119011	Go meet the little popori 'Langon' in front of the West Beach Tavern.
70120001	[Event—Daily] The Horn Carver's Concerns
70120002	This is the horn of an arachnen. Yes, I said arachnen.
70120003	Try it on.
70120004	Arachnen Horn
70120005	Get arachnen horns from Serpentis Isle.
70120006	Deliver the arachnen horns to Dolme.
70120007	&quot;Thanks. This is quite a helmet!&quot;
70121001	[Event—Daily] Beauty at the Beach
70121002	Ah, thank you.
70121003	It was too much work for me. Thank you.
70121004	
70121005	
70121006	
70121007	
70121008	Ask Stefanna which customer needs tanning oil.
70121009	&quot;I'll take care of it.&quot;
70121010	
70121011	Tanning Oil
70121012	Deliver tanning oil to Stefanna's client.
70121013	&quot;Here's your tanning oil.&quot;
70121014	
70121015	Tanning Oil
70121016	Deliver tanning oil to Stefanna's client.
70121017	&quot;Special delivery from Stefanna.&quot;
70121018	
70121019	Tanning Oil
70121020	Deliver tanning oil to Stefanna's client.
70121021	&quot;Is this your tanning oil?&quot;
70121022	
70121023	Tanning Oil
70121024	Deliver tanning oil to Stefanna's client.
70121025	&quot;I'm supposed to give this to you.&quot;
70121026	&quot;Yes, I'll take a break. Thanks.&quot;
70121027	Return to Stefanna and report a successful delivery.
70122001	[Event] Ramsay's New Hobby
70122002	Thanks for offering to help!
70122003	Don't drink too much. It's very strong.
70122004	&quot;Thank you, Ramsay. To your health!&quot;
70122005	Participate in the melon bash or splash cannon on Serpentis Isle to collect horn statues.
70122006	Take the statue to Ramsay, the owner of the East Beach Tavern.
70201001	[Rootstock] Going to the Fair
70201002	&quot;I was glad to help.&quot;
70201003	Talk to Melsa in the Freeholds.
70202001	[Rootstock] Get Back to Your Roots
70202002	Pepper Field
70202003	Spicy pepper plants grow here and there.
70202004	Search the pepper field.
70202005	Cobseed Field
70202006	Stalks of cobseed grow here and there.
70202007	Look around the cobseed field.
70202008	Taproot Field
70202009	The tops of taproots poke up through the soil.
70202010	Look around the taproot field.
70202011	Hand over the mudroot.
70202012	Dig up a mudroot.
70202013	Take the mudroot to Melsa.
70202014	&quot;Sounds like...fun?&quot;
70202015	Get ingredients and a recipe from Millia.
70202016	Make a dish using the mudroot salad recipe.
70202017	You've finished making a mudroot salad. Take it to Melsa.
70202018	Hand over the mudroot salad.
70202019	Make a dish, using the mudroot salad recipe.
70202020	Take the mudroot salad to Melsa.
70202021	&quot;I got it.&quot;
70202022	Talk to Lein at the Bamarama.
70202023	&quot;I'm on it.&quot;
70202024	Talk to Digory at Digory's Farmstead.
70202025	Start the kick-bale mini-game.
70202026	&quot;I understand.&quot;
70202027	Talk to Digory again.
70202028	&quot;Thank you!&quot;
70202029	Talk to Rachlae.
70203001	[Rootstock] Create a Farmer's Almanac
70203002	&quot;Sure, I can help.&quot;
70203003	Collect &lt;font color='#0080FF'&gt;&lt;A href=&quot;markmap:loc=7003#-23358.7695,-25439.4316,266.081&amp;type=1&amp;name=floretta&quot;&gt;floretta&lt;/A&gt;&lt;/font&gt; and fill the first page of the Farmer's Almanac.
70203004	You've completed page 1. To complete the next page, you need a taproot.
70203005	Collect a &lt;font color='#0080FF'&gt;&lt;A href=&quot;markmap:loc=7003#-23199.4590,-23587.4688,207.3273&amp;type=1&amp;name=taproot&quot;&gt;taproot&lt;/A&gt;&lt;/font&gt; and fill up the next page.
70203006	You've completed page 2. To complete the next page, you need a mudroot.
70203007	Collect a &lt;font color='#0080FF'&gt;&lt;A href=&quot;markmap:loc=7003#-23657.0664,-22062.9102,304.2303&amp;type=1&amp;name=mudroot&quot;&gt;mudroot&lt;/A&gt;&lt;/font&gt; and fill up the next page.
70203008	You've completed page 3. To complete the next page, you need a moongourd.
70203009	Collect a &lt;font color='#0080FF'&gt;&lt;A href=&quot;markmap:loc=7003#-24357.5859,-21846.6113,294.7825&amp;type=1&amp;name=moongourd&quot;&gt;moongourd&lt;/A&gt;&lt;/font&gt; and fill up the next page.
70203010	You've completed page 4. To complete the next page, you need a flame pepper.
70203011	Collect a &lt;font color='#0080FF'&gt;&lt;A href=&quot;markmap:loc=7003#-24324.5938,-23385.0801,226.1874&amp;type=1&amp;name=flame pepper&quot;&gt;flame pepper&lt;/A&gt;&lt;/font&gt; and fill up the next page.
70203012	You've completed page 5. To complete the next page, you need cobseed.
70203013	Collect &lt;font color='#0080FF'&gt;&lt;A href=&quot;markmap:loc=7003#-24106.0762,-24709.1855,227.5103&amp;type=1&amp;name=cobseed&quot;&gt;cobseed&lt;/A&gt;&lt;/font&gt; and fill up the next page.
70203014	You've completed page 6. To complete the next page, you need a shevranberry.
70203015	Collect a &lt;font color='#0080FF'&gt;&lt;A href=&quot;markmap:loc=7003#-21661.3770,-25126.4727,471.4922&amp;type=1&amp;name=shevranberry&quot;&gt;shevranberry&lt;/A&gt;&lt;/font&gt; and fill up the next page.
70203016	You've completed page 7. To complete the next page, you need a sky lotus.
70203017	Collect a &lt;font color='#0080FF'&gt;&lt;A href=&quot;markmap:loc=7003#-19529.4902,-26976.9277,2274.5364&amp;type=1&amp;name=sky lotus&quot;&gt;sky lotus&lt;/A&gt;&lt;/font&gt; and fill up the next page.
70203018	You've completed the Farmer's Almanac! Take it to Millia.
70203019	Hand over the Farmer's Almanac.
70203020	Take the completed Farmer's Almanac to Millia.
70203021	Take the completed Farmer's Almanac to Millia.
70204001	[Rootstock] Down on the Farm
70204002	&quot;I got it.&quot;
70204003	&quot;Thanks.&quot;
70204004	Talk to Karadus.
70204005	&quot;Okay, I will.&quot;
70204006	Talk to Shepherd Tagun.
70204007	Bring in the sheep.
70204008	Baaa-aah! Baaah!
70204009	Herd the sheep into {@linkcreature:219#7002#Tagun's Pen}. 
70204010	&quot;Thanks.&quot;
70204011	Talk to Shepherd Tagun.
70204012	&quot;Right. Okay.&quot;
70204013	Talk to Filton at the Free Range for Oxen.
70204014	Hyena
70204015	Kill horned war hyenas and/or battle hyenas.
70204016	&quot;Thanks.&quot;
70204017	Talk to Filton.
70204018	&quot;I got it.&quot;
70204019	Talk to Trichi.
70204020	&quot;Here's your struthio egg.&quot;
70204021	Find a struthio egg.
70204022	Take the struthio egg to Tippani.
70204023	Start the Pigling Rodeo mini-game.
70204024	&quot;Thanks.&quot;
70204025	Talk to Tippani.
70204026	&quot;Sure, I got it.&quot;
70204027	Talk to Melsa.
70204028	&quot;Glad to be of service.&quot;
70204029	Make a dish using the grilled pigling recipe.
70204030	Take the grilled pigling to Melsa.
70205001	[Rootstock—Daily] Dish Delivery
70205002	&quot;What can I do?&quot;
70205003	Make popped cobseed.
70205004	Make mudroot salad.
70205005	Make grilled pigling.
70205006	Talk to Melsa.
70205007	&quot;I'll help.&quot;
70205008	&quot;Anytime.&quot;
70205009	Make popped cobseed. (Melsa has a recipe.)
70205010	Take the completed dish to Melsa.
70205011	&quot;Anytime.&quot;
70205012	Make mudroot salad. (Melsa has a recipe.)
70205013	Take the completed dish to Melsa.
70205014	&quot;Anytime.&quot;
70205015	Make grilled pigling. (Melsa has a recipe.)
70205016	Take the completed dish to Melsa.
70206001	[Rootstock—Daily] Kick-Bale
70206002	&quot;I'll give it a shot.&quot;
70206003	Start the Kick-Bale mini-game.
70206004	&quot;Okay, thanks.&quot;
70206005	Talk to Digory.
70207001	[Rootstock—Daily] Sheep Herding
70207002	Herd Tagun's sheep.
70207003	Baa-aah! Baah. Baaaaaah!
70207004	Herd the sheep into {@linkcreature:219#7002#Tagun's Pen}. 
70207005	&quot;Thanks, Tagun.&quot;
70207006	Talk to Shepherd Tagun.
70208001	[Rootstock—Daily] Ranch Management
70208002	&quot;I got you covered.&quot;
70208003	Hyena
70208004	Kill a hungry hyena.
70208005	&quot;For Valkyon.&quot;
70208006	Talk to Filton.
70209001	[Rootstock—Daily] Higgledy-Piggledy
70209002	Start the Pigling Rodeo mini-game.
70209003	Start the Pigling Rodeo mini-game.
70209004	&quot;Much appreciated!&quot;
70209005	Talk to Tippani.
70211001	[Pond Faire] Pond Life
70211002	&quot;Sounds intriguing.&quot;
70211003	&quot;Sounds intriguing.&quot;
70211004	Talk to Krumu
70212001	[Pond Faire] Prepare for the Faire
70212002	I will.
70212003	&quot;I like drums.&quot;
70212004	Talk to Haroso, the shaman.
70212005	Good Hiding Spot
70212006	You found a likely hiding spot.
70212007	Search for the frightened tuwangi.
70212008	Play Haroso's drum to give the young tuwangi the courage to come out.
70212009	The young tuwangi came out of hiding!
70212010	&quot;Don't be afraid.&quot;
70212011	Talk to the frightened tuwangi.
70212012	&quot;Dragons? Really? Dragons?&quot;
70212013	Return to Haroso.
70212014	Hunt bubu dragons and collect their meat.
70212015	Burning Frog Altar
70212016	This is hot enough. Skewer the meat and grill it.
70212017	Approach the fire of Burning Frog Altar.
70212018	&quot;I hope you like it.&quot;
70212019	Skewer the meat and grill it at the altar.
70212020	Take the dragon on a stick to Haroso.
70213001	[Pond Faire] Lilies and Drums
70213002	&quot;On my way.&quot;
70213003	&quot;I can do that.&quot;
70213004	Talk to Vedobo.
70213005	Hand over the flowers.
70213006	Collect pond lilies.
70213007	Take the flowers to Vedobo.
70213008	&quot;I can do that, too.&quot;
70213009	Talk to Kukuta.
70213010	Play the Drum Away mini-game.
70213011	&quot;That was almost music.&quot;
70213012	Talk to Kukuta.
70214001	[Pond Faire—Daily] Hide-n-Seek
70214002	&quot;Where do you think he could be?&quot;
70214003	Find the hiding tuwangi.
70214004	Find the hiding tuwangi.
70214005	Find the hiding tuwangi.
70214006	Find the hiding tuwangi.
70214007	Talk to Haroso.
70214008	&quot;Got it.&quot;
70214009	Good Hiding Spot
70214010	You found a likely hiding spot.
70214011	Search for the frightened tuwangi.
70214012	Good Hiding Spot
70214013	You found a likely hiding spot.
70214014	Search for the frightened tuwangi.
70214015	Good Hiding Spot
70214016	You found a likely hiding spot.
70214017	Search for the frightened tuwangi.
70214018	Good Hiding Spot
70214019	You found a likely hiding spot.
70214020	Search for the frightened tuwangi.
70214021	Play Haroso's drum to get the young tuwangi courage to come out.
70214022	The young tuwangi came out of hiding!
70214023	Play Haroso's drum to get the young tuwangi courage to come out.
70214024	The young tuwangi came out of hiding!
70214025	Play Haroso's drum to get the young tuwangi courage to come out.
70214026	The young tuwangi came out of hiding!
70214027	Play Haroso's drum to get the young tuwangi courage to come out.
70214028	The young tuwangi came out of hiding!
70214029	&quot;Don't be afraid.&quot;
70214030	Talk to the frightened tuwangi.
70214031	&quot;Yes, but first you have to come out.&quot;
70214032	Talk to the frightened tuwangi.
70214033	&quot;Yes, let's go find the drums.&quot;
70214034	Talk to the frightened tuwangi.
70214035	&quot;Yes, it is. But don't be afraid.&quot;
70214036	Talk to the frightened tuwangi.
70214037	&quot;Glad to help.&quot;
70214038	Talk to Haroso.
70215001	[Pond Faire—Daily] Slay the Dragons
70215002	&quot;Not exactly equitable work there.&quot;
70215003	Hunt bubu dragons and collect their meat.
70215004	&quot;Just call me dragonslayer.&quot;
70215005	Return to the bonfire, skewer and cook the meat.
70215006	Take the dragon on a stick to Haroso.
70216001	[Pond Faire—Daily] Drumline
70216002	&quot;Just hit the drums, hm?&quot;
70216003	Play the Drum Away mini-game.
70216004	&quot;Who knew music had such power?&quot;
70216005	Talk to Kukuta.
70217001	[Pond Faire—Daily] Floral Attraction
70217002	&quot;Sounds simple.&quot;
70217003	Hand over the flowers.
70217004	Collect pond lilies.
70217005	Take the flowers to Vedobo.
70218001	[Pond Faire—Daily] And the Beat Goes On
70218002	&quot;Okay.&quot;
70218003	Toad Skin
70218004	Hunt miretoads and get their skin.
70218005	Take the toad skin to Haroso.
70218006	&quot;No problem.&quot;
70219001	[Rootstock] Freeholds Specialty
70219002	&quot;Got it.&quot;
70219003	Talk to Melsa in the Freeholds.
70219004	Drink the Freeholds Specialty drink. (The item will be deleted after 3 minutes.)
70219005	It didn't make you dizzy, and it's actually refreshing!
70219006	&quot;Thanks.&quot;
70219007	Talk to Melsa in the Freeholds.
70220001	[Rootstock-Daily] Freeholds Specialty
70220002	&quot;Got it.&quot;
70220003	Talk to Melsa in the Freeholds.
70220004	Prepare a Moongourd Muffin for Haroso.
70220005	Prepare some Popped Cobseed for Haroso.
70220006	Prepare a Mudroot Salad for Haroso.
70220007	Prepare some Grilled Pigling for Haroso.
70220008	Prepare a Shevranberry Cookie for Haroso.
70220009	Talk to Haroso in Tuwangi Mire.
70220010	&quot;What would you like?&quot;
70220011	&quot;Enjoy.&quot;
70220012	Prepare a Moongourd Muffin for Haroso.
70220013	Deliver the Moongourd Muffin to Haroso.
70220014	&quot;Enjoy.&quot;
70220015	Prepare Popped Cobseed for Haroso.
70220016	Deliver the Popped Cobseed to Haroso.
70220017	&quot;Enjoy.&quot;
70220018	Prepare a Mudroot Salad for Haroso.
70220019	Deliver the Mudroot Salad to Haroso.
70220020	&quot;Enjoy.&quot;
70220021	Prepare Grilled Pigling for Haroso.
70220022	Deliver the Grilled Pigling to Haroso.
70220023	&quot;Enjoy.&quot;
70220024	Prepare a Shevranberry Cookie for Haroso.
70220025	Deliver the Shevranberry Cookie to Haroso.
70220026	Prepare a Traditional Bleakfields BBQ for Haroso.
70220027	Prepare a Freeholds Flame Salad for Haroso.
70220028	Prepare a Bleak Wings for Haroso.
70220029	Talk to Haroso in Tuwangi Mire.
70220030	&quot;What would you like?&quot;
70220031	&quot;Thanks.&quot;
70220032	Prepare a Traditional Bleakfields BBQ for Haroso.
70220033	Deliver the Traditional Bleakfields BBQ to Haroso.
70220034	&quot;Thanks.&quot;
70220035	Prepare a Freeholds Flame Salad for Haroso.
70220036	Deliver the Freeholds Flame Salad to Haroso.
70220037	&quot;Thanks.&quot;
70220038	Prepare a Bleak Wings for Haroso.
70220039	Deliver the Bleak Wings to Haroso.
71101001	Archetype Weapons
71101002	&quot;A really good weapon?&quot;
71101003	Go to Muhrak.
80101001	Investigating Nexus Traverse
80101002	Please examine the monsters in the Nexus Traverse. You're the only one who can get to the truth.
80101003	Thank you. You exceeded my expectations.
80101004	Sovereign's Core
80101005	Enter the Nexus Traverse and retrieve the sovereign's core.
80101006	Report back to the Inquisitor.
80101007	&quot;A hard lesson learned.&quot;
80902001	Clean up Macellarius Catacombs I
80902002	Defeat a boss monster in Macellarius Catacombs.&lt;br&gt;&lt;br&gt;(You can enter Macellarius Catacombs by using Instance Matching, or &quot;Find Group&quot; in Vanguard Requests.)
80902003	&quot;Thanks.&quot;
80902004	Talk to Omeros in Highwatch.
80903001	Clean up Macellarius Catacombs II
80903002	Defeat a boss monster in Macellarius Catacombs.&lt;br&gt;&lt;br&gt;(You can enter Macellarius Catacombs by using Instance Matching, or &quot;Find Group&quot; in Vanguard Requests.)
80903003	&quot;Thanks.&quot;
80903004	Talk to Omeros in Highwatch.
80904001	Clean up Macellarius Catacombs III
80904002	Defeat a boss monster in Macellarius Catacombs.&lt;br&gt;&lt;br&gt;(You can enter Macellarius Catacombs by using Instance Matching, or &quot;Find Group&quot; in Vanguard Requests.)
80904003	&quot;Thanks.&quot;
80904004	Talk to Omeros in Highwatch.
80905001	Clean up Macellarius Catacombs IV
80905002	Defeat a boss monster in Macellarius Catacombs.&lt;br&gt;&lt;br&gt;(You can enter Macellarius Catacombs by using Instance Matching, or &quot;Find Group&quot; in Vanguard Requests.)
80905003	&quot;Thanks.&quot;
80905004	Talk to Omeros in Highwatch.
90112001	Hello, Sweetie!
90112002	[Kumasylum] Win in Kumasylum.
90112003	
90112004	&quot;I'll do my best.&quot;
90112005	Find Surah at the Valkyon Headquarters in Velika.
99999001	Unavailable Quest
99999002	Okay.
99999003	Go to Chief of Staff Dougal at Velika Headquarters.
102201001	Operation: Overwatch
102201002	Stay within the boundary of the Dreamstorm, or your participation in Operation: Overwatch will be nullified.
102201003	Protect the Oneiric Generator and Focusing Array until the Dreamstorm ends.
102221001	The Mysterious Nexus
102221002	If you go too far away, you won't be able to help us here.
102221003	Eliminate all monsters from the nexus.
102222001	The Mysterious Nexus
102222002	Eliminate all monsters from the nexus.
102223001	The Mysterious Nexus
102223002	Eliminate all monsters from the nexus.
102224001	The Mysterious Nexus
102224002	If you go too far away, you won't be able to help us here.
102224003	Eliminate all monsters from the nexus.
102225001	The Mysterious Nexus
102225002	Eliminate all monsters from the nexus.
102226001	The Mysterious Nexus
102226002	Eliminate all monsters from the nexus.
102227001	The Mysterious Nexus
102227002	If you go too far away, you won't be able to help us here.
102227003	Eliminate all monsters from the nexus.
102228001	The Mysterious Nexus
102228002	Eliminate all monsters from the nexus.
102229001	The Mysterious Nexus
102229002	Eliminate all monsters from the nexus.
102230001	The Mysterious Nexus
102230002	If you go too far away, you won't be able to help us here.
102230003	Eliminate all monsters from the nexus.
102231001	The Mysterious Nexus
102231002	Eliminate all monsters from the nexus.
102232001	The Mysterious Nexus
102232002	Eliminate all monsters from the nexus.
102233001	The Mysterious Nexus
102233002	If you go too far away, you won't be able to help us here.
102233003	Eliminate all monsters from the nexus.
102234001	The Mysterious Nexus
102234002	Eliminate all monsters from the nexus.
102235001	The Mysterious Nexus
102235002	Eliminate all monsters from the nexus.
102236001	The Mysterious Nexus
102236002	If you go too far away, you won't be able to help us here.
102236003	Eliminate all monsters from the nexus.
102237001	The Mysterious Nexus
102237002	Eliminate all monsters from the nexus.
102238001	The Mysterious Nexus
102238002	Eliminate all monsters from the nexus.
102239001	The Mysterious Nexus
102239002	If you go too far away, you won't be able to help us here.
102239003	Eliminate all monsters from the nexus.
102240001	The Mysterious Nexus
102240002	Eliminate all monsters from the nexus.
102241001	The Mysterious Nexus
102241002	Eliminate all monsters from the nexus.
102242001	The Mysterious Nexus
102242002	If you go too far away, you won't be able to help us here.
102242003	Eliminate all monsters from the nexus.
102243001	The Mysterious Nexus
102243002	Eliminate all monsters from the nexus.
102244001	The Mysterious Nexus
102244002	Eliminate all monsters from the nexus.
102301001	Card Sharp—Fluffy Squad
102301003	Here you go.
102301004	Gather Card Dust for a reward!
102301005	Return to Haones for your reward.
102302001	Card Sharp—Rideable Lutino
102302003	Here you go.
102302004	Gather Card Dust for a reward!
102302005	Return to Haones for your reward.
102303001	Card Sharp—Lighter Than Air
102303003	Here you go.
102303004	Gather Card Dust for a reward!
102303005	Return to Haones for your reward.
102304001	Card Sharp—Scales and Flames
102304003	Here you go.
102304004	Gather Card Dust for a reward!
102304005	Return to Haones for your reward.
102305001	Card Sharp—Honor and Glory
102305003	Here you go.
102305004	Gather Card Dust for a reward!
102305005	Return to Haones for your reward.
102306001	Card Sharp—Lakan's Legacy
102306003	Here you go.
102306004	Gather Card Dust for a reward!
102306005	Return to Haones for your reward.
102307001	
102307002	
102307003	
102307004	
102308001	
102308002	
102308003	
102308004	
102309001	
102309002	
102309003	
102309004	
118301001	Old Book
118301002	Close the book.
118301003	Investigate the {@linkcreature:183#2207#Old Book}.
118302001	[Valkyrie] A New Story
118302002	&quot;I'll try to find it.&quot;
118302003	Go to {@linkcreature:183#1015#Omeros} in Highwatch.
118302004	Read the book that Omeros gave you.
118302005	&quot;Okay.&quot;
118302006	Go to {@linkcreature:183#1015#Omeros} in Highwatch.
200001001	[Important] The Way to Exodor
200001002	&quot;I'll take a look at it.&quot;
200001003	Speak with Ryshan in Spring Valley.
200001004	Read Amarre's Report. 
200001005	&quot;That's a good idea.&quot; 
200001006	Speak with Ryshan.
200001007	&quot;I'll get them now.&quot; 
200001008	Speak with Amarre in Stronghold of Blood.
200001009	Pheromone
200001010	Defeat the Mournwings and collect pheromones.
200001011	Deliver the pheromones to Amarre.
200001012	&quot;Let's go.&quot;
200001013	Use the Pheromone Concentrate in your inventory at {@LinkCreature:27#1184#the hill nearby Stronghold of Blood Camp Delta} to lure the Murderwings.
200001014	Capture the first Murderwing.
200001015	Capture a Murderwing.
200001016	Capture the second Murderwing.
200001017	Capture another Murderwing.
200001018	Capture the third Murderwing.
200001019	Capture another Murderwing.
200001020	&quot;Okay.&quot;
200001021	Deliver the Murderwings to Amarre.
200001022	Transport the Murderwings to {@LinkCreature:182#6074#Parthian Overwatch} and release them near Ryshan.
200001023	&quot;Me? Of course, it's me.&quot;
200001024	Speak with Ryshan.
200001025	&quot;He's the best in the land.&quot;
200001026	Speak with Amarre.
200001027	&quot;Let's go.&quot;
200001028	Speak with Titus.
200001029	Exodor
200001030	Speak with Ryshan and ride the Murderwing to Exodor.
200001031	&quot;Let's do so.&quot;
200001032	Speak with Amarre in Exodor.
200002001	[Important] Exploring Exodor
200002002	&quot;Don't go far!&quot;
200002003	Speak with Amarre by the fallen Murderwing in Crystal Canyon.
200002004	&quot;All right.&quot;
200002005	Find Amarre next to a butterfly corpse.
200002006	Defeat the Red Crabbers and collect samples.
200002007	&quot;Which way?&quot;
200002008	Speak with Amarre in Crystal Canyon.
200002009	Crystal Canyon Exit
200002010	Someone is standing near the end of the canyon.
200002011	Go to the Crystal Canyon Exit where Amarre directed.
200002012	&quot;I can help, Elleon.&quot;
200002013	Speak with Elleon in Crystal Canyon.
200002014	Defeat Spiny Eyestalkers in Crystal Canyon.
200002015	Elleon's meeting place
200002016	Meet Elleon past the creatures.
200002017	&quot;Okay.&quot; 
200002018	Speak with Elleon. 
200002019	&quot;All right.&quot; 
200002020	Speak with Jelena near Rogash's Garden.
200003001	[Important] The Rescue
200003002	&quot;No problem.&quot;
200003003	Speak with Elleon at Rogash's Garden Entrance.
200003004	&quot;Good. Stay safe.&quot;
200003005	Speak with Amarre at Rogash's Garden Entrance. 
200003006	Glory to Our Mother!
200003007	
200003008	Defeat the Naga Guides and Naga Throwers.
200003009	&quot;I'll get that tag.&quot;
200003010	Find Elleon in Rogash's Garden.
200003011	Draakon Identification Tag
200003012	Who's there?
200003013	Argh!
200003014	Defeat a Naga Knight and obtain the Draakon Identification Tag.
200003015	Deliver the Draakon Identification Tag to Elleon.
200003016	&quot;Let's go in.&quot;
200003017	Inside Rogash's Manor
200003018	Speak with {@linkcreature:2000#20105#Elleon} and enter Rogash's Manor.
200003019	Defeat the Naga Fighters in Rogash's Manor.
200003020	Prison Key
200003021	Who are you! Are you after the key!?
200003022	Defeat the Draakon Sniper and obtain the Prison Key.
200003023	Deliver the Prison Key to Elleon.
200003024	&quot;Here's the key.&quot;
200003025	&quot;Go find what you need.&quot;
200003026	Speak with Titus.
200003027	&quot;I'll do what I can.&quot;
200003028	Speak with Aurl in the cell.
200003029	&quot;You should save everything for later.&quot;
200003030	Speak with Titus in Rogash's Mansion.
200003031	&quot;Let's go outside.&quot;
200003032	Speak with Elleon in Rogash's Mansion.
200003033	Rogash's Manor Back Gate
200003034	You've found Jelena.
200003035	Find Jelena by Rogash's Manor Back Gate.
200003036	&quot;We could split up.&quot;
200003037	Speak with Jelena by Rogash's Manor Back Gate.
200003038	Follow Jelena.
200003039	Speak with Jelena by Rogash's Manor Back Gate.
200003040	&quot;Let's head down.&quot;
200003041	Speak with Jelena at the Larvae Hatchery Entrance.
200003042	Larvae Hatchery
200003043	You've infiltrated the Larvae Hatchery.
200003044	Use the platform to enter the Larvae Hatchery.
200003045	&quot;I'll follow you.&quot;
200003046	Speak with Jelena.
200003047	Where the sound came from
200003048	You found the captured villagers.
200003049	Go to where the sound came from.
200003050	&quot;Okay, I will.&quot;
200003051	Speak with Tina in the Larvae Hatchery.
200003052	Where Tina said Airene was
200003053	You found Airene.
200003054	Go find Airene.
200003055	Carefully lay her down.
200003056	Check on Airene.
200003057	&quot;I will do my best.&quot;
200003058	Comfort Aurl in the Larvae Hatchery.
200003059	Defeat Naga Foremen and Naga Throwers in the Larvae Hatchery.
200003060	Larvae Hatchery Exit
200003061	You've found Titus.
200003062	Join Titus at the Larvae Hatchery Exit.
200003063	&quot;Agreed.&quot;
200003064	Speak with Titus by the Larvae Hatchery Exit.
200003065	&quot;Okay.&quot;
200003066	Speak with Titus by the Larvae Hatchery Entrance.
200003067	&quot;Okay.&quot;
200003068	Speak with Elleon at the Platform - Rogash's Garden.
200020001	Research Activity I
200020002	&quot;I suppose.&quot;
200020003	
200020004	
200020005	Jewel Gland
200020006	Hunt Mournwings in Crystal Canyon and collect their Jewel Glands.
200020007	Speak with Amarre.
200020008	&quot;All right.&quot;
200021001	Research Activity II
200021002	&quot;If you say so.&quot;
200021003	
200021004	
200021005	Thorny Stinger
200021006	Hunt Spiny Eyestalkers and Thorny Eyestalkers and collect their thorny stingers.
200021007	Speak with Amarre.
200021008	&quot;Okay.&quot;
200022001	Research Activity III
200022002	&quot;All right.&quot;
200022003	
200022004	
200022005	Red-Flecked Crab Shell
200022006	Hunt Red Crabbers and collect their shells.
200022007	Speak with Amarre.
200022008	&quot;All right.&quot;
200023001	[Daily Quest] Clear Rogash's Garden
200023002	&quot;[Rogash's Garden] Defeat 100 monsters in the inner island area. (You cannot obtain Credits until you complete all Exodor [Important] quests).&quot;
200023003	Clear Rogash's Garden
200023004	&quot;Claim your reward! (You cannot obtain Credits until you complete all [Important] quests).&quot;
200101001	[Important] Help from a Stranger
200101002	&quot;Okay.&quot;
200101003	Speak with Elleon at the Platform - Rogash's Garden.
200101004	&quot;I'll have a word with Elleon.&quot;
200101005	Speak with Titus at the Platform - Exodor Farmlands.
200101006	&quot;Yes, let's talk about this together.&quot; 
200101007	Speak with Elleon at the Platform - Exodor Farmlands.
200101008	&quot;I'm ready.&quot; 
200101009	Speak with Elleon.
200101010	&quot;Let's hurry.&quot;
200101011	Speak with Elleon on the path to Azura Farm.
200101012	Jelena's Scouting Area
200101013	You've found Jelena.
200101014	Search Jelena's Scouting Area with Elleon.
200101015	&quot;I'm on it.&quot;
200101016	Speak with Jelena.
200101017	Camp Nagas
200101018	Defeat the Camp Nagas.
200101019	Camp where the villagers are captured
200101020	You see the captured villagers.
200101021	Go to where the villagers are captured.
200101022	&quot;Interesting.&quot; 
200101023	Speak with the villagers in the Naga Camp.
200101024	&quot;Okay.&quot;
200101025	Speak with the captured naga in the Naga Camp.
200101026	Free Exodor Base Southeast Passage
200101027	Go to the Free Exodor Base Southeast Passage.
200101028	Activate the Signal Device and send a signal to the naga.
200101029	Follow Regarn.
200101030	Vogzu is at the Square.
200101031	Follow Regarn inside the Free Exodor Base.
200101032	Cave Square
200101033	You arrived at the Cave Square.
200101034	You found Elleon and Jelena.
200101035	&quot;Give me more details.&quot;
200101036	Speak with Vogzu in the square.
200101037	&quot;Thanks.&quot;
200101038	Speak with Vogzu in the square.
200101039	&quot;Having allies is good.&quot; 
200101040	Speak with Elleon in the Free Exodor Base.
200102001	[Important] Secret of the Crystals
200102002	&quot;Okay.&quot;
200102003	Speak with Elleon at the Free Exodor Base Square.
200102004	&quot;Ready.&quot;
200102005	Speak with Jelena in the square.
200102006	Free Exodor Base Path
200102007	Ascend the Free Exodor Base Path.
200102008	Base South Passage
200102009	Exit the Base South Passage.
200102010	&quot;Will do.&quot;
200102011	Speak with Jelena outside the Free Exodor Base.
200102012	Where the flare came from
200102013	Amarre is in trouble.
200102014	Quickly go to where the flare came from.
200102015	Defeat the Naga Fighters.
200102016	&quot;Let's check with Jelena.&quot;
200102017	Speak with Amarre.
200102018	&quot;Okay.&quot;
200102019	Speak with Amarre near Crystal Mine.
200102020	&quot;Always researching, huh?&quot;
200102021	Speak with Amarre at the Crystal Mine Entrance.
200102022	Inspect the small blue crystals in Crystal Mine.
200102023	Blue Crystal
200102024	Kill the Crystal Mine Fighters, Scouts, and Throwers and collect their crystals.
200102025	Deliver the Blue Crystals to Amarre.
200102026	&quot;Agreed.&quot;
200103001	[Important] The Attack
200103002	&quot;Sounds good.&quot;
200103003	Speak with Amarre in Crystal Mine East Exit.
200103004	Temporary Camp
200103005	Go to the Temporary Camp.
200103006	&quot;You take good care of these people.&quot; 
200103007	Speak with Aurl in Temporary Camp.
200103008	&quot;I'll get Titus.&quot; 
200103009	Speak with Amarre.
200103010	&quot;Let's go.&quot;
200103011	Speak with Titus.
200103012	Free Exodor Temporary Camp
200103013	Go to the Free Exodor Temporary Camp.
200103014	&quot;Where's Jelena?&quot; 
200103015	Speak with Vogzu in the Free Exodor Temporary Camp.
200103016	&quot;I'll go with you.&quot;
200103017	Speak with Vogzu in the Free Exodor Temporary Camp.
200103018	Larvae Farm 
200103019	Jelena is injured.
200103020	Go to the Larvae Farm.
200103021	Calm Jelena.
200103022	Speak with Jelena at the Larvae Farm.
200103023	&quot;I can do that.&quot;
200103024	Speak with Vogzu at the Larvae Farm entrance.
200103025	Cure
200103026	Kill Crystal Storage Executioners, Crystal Storage Foremen, Crystal Storage Scouts, and Crystal Storage Throwers to obtain the cure.
200103027	Deliver the cure to Vogzu.
200103028	&quot;Where?&quot;
200103029	Center of Exodor Farmlands
200103030	Follow Vogzu to the Center of Exodor Farmlands.
200103031	&quot;Okay.&quot;
200103032	Follow Vogzu to the Center of Exodor Farmlands.
200103033	&quot;Okay.&quot;
200103034	Speak with Vogzu at the Beast Farm entrance.
200103035	Kill the Spectral Spiders and Jewel Lizards to secure the road through the Beast Farm.
200103036	Road to the Defense Camp
200103037	Follow the road to the Defense Camp.
200103038	Defense Camp Entrance
200103039	Go to the Defense Camp Entrance.
200103040	&quot;Okay.&quot; 
200103041	Defeat the enemies in Defense Camp and talk to Chenitz.
200103042	&quot;Thanks.&quot;
200103043	Speak with Vogzu.
200103044	Platform - Iridian Wetlands
200103045	Go to the Platform to Iridian Wetlands.
200103046	&quot;All right.&quot;
200103047	Speak with Titus.
200120001	Securing Supplies
200120002	&quot;I'll hunt 'em down.&quot;
200120003	
200120004	
200120005	Fennec Leather
200120006	Fennec Meat
200120007	Hunt the Exodor Fennecs and Exodor Fennec Vixens and collect their meat and leather.
200120008	Speak with Aurl.
200120009	&quot;All right.&quot;
200121001	Weapon Supplies
200121002	&quot;I'll get some weapons for you.&quot;
200121003	
200121004	
200121005	Naga Weapon
200121006	
200121007	Kill the Crystal Mine Fighters, Scouts, and Throwers and collect their weapons.
200121008	Speak with Aurl.
200121009	&quot;Be careful.&quot;
200122001	The Revenge Begins
200122002	&quot;I'll help.&quot;
200122003	
200122004	
200122005	How dare you!
200122006	Lagos!
200122007	Die!
200122008	I can't believe...
200122009	Kill Crystal Storage Executioners and Crystal Storage Foremen.
200122010	&quot;Leave it to me.&quot;
200122011	Return to Aurl.
200123001	[Daily Quest] Clear Exodor Farmlands
200123002	&quot;[Exodor Farmlands] Defeat 100 monsters in the inner island area.&quot;
200123003	Clear Exodor Farmlands
200123004	&quot;Claim your reward! (You cannot obtain Credits until you complete all [Important] quests).&quot;
200201001	[Important] Iridian Wetlands
200201002	&quot;Okay.&quot;
200201003	Go to Iridian Wetlands and ask Kurna what to do.
200201004	Canyon Trail
200201005	You see naga corpses everywhere.
200201006	Pass through the Iridian Wetlands  Valley.
200201007	&quot;Thank you.&quot;
200201008	Ask Manark what happened.
200201009	Canyon Trail
200201010	You followed the trail of what seems to be Elleon.
200201011	Follow the canyon trail and head to where Manark sent you.
200201012	Search for traces of Elleon.
200201013	&quot;Okay.&quot;
200201014	Ask Basheek in Iridian Wetlands about Elleon.
200201015	&quot;Will do.&quot;
200201016	Collect Iridian Poison Plants and deliver them to Basheek deep in the cave.
200201017	Defeat the nearby Naga Marauders.
200201018	&quot;Meet you there.&quot;
200201019	Speak with Basheek in the Abandoned Camp.
200201020	Defeat Naga Punishers in the Abandoned Camp.
200201021	&quot;Okay.&quot;
200201022	Speak with Basheek at the Vortex Zone.
200201023	Flexis Talon
200201024	Kill Flexis Hunters in the Vortex Zone and collect their talons.
200201025	Deliver the materials to Basheek.
200201026	&quot;Oh, no.&quot;
200201027	&quot;Let's think about that.&quot;
200201028	Speak with Amarre by the path to the prison.
200202001	[Important] Rescue Mission
200202002	&quot;Stay safe.&quot;
200202003	Speak with Amarre at the path to the prison.
200202004	Prison
200202005	You see Naga Knights as you cross the bridge.
200202006	Go to the prison.
200202007	Defeat the Naga Knights on your way to the prison.
200202008	&quot;Okay.&quot;
200202009	Speak with the villager at the prison.
200202010	Defeat the Draakon Lieutenant in the prison.
200202011	&quot;Okay.&quot;
200202012	Speak with the frightened villager at the prison.
200202013	Prison Hill
200202014	You see a very calm villager.
200202015	Go to the Prison Hill.
200202016	&quot;Okay.&quot;
200202017	Speak with the calm villager.
200202018	Defeat the Draakon Pursuers in the prison.
200202019	Go inside the prison.
200202020	Prison Entrance
200202021	Elleon is surrounded by nagas.
200202022	Enter the Interrogation Center.
200202023	Defeat the Naga Knights and Naga Assassins.
200202024	&quot;Okay.&quot;
200202025	Speak with Elleon in the prison.
200202026	Defeat the Draakon Pursuers, Draakon Lieutenant, and Draakon Ravagers.
200202027	&quot;Let's go.&quot;
200202028	Speak with Titus in the prison.
200202029	Prison Exit
200202030	Elleon's traces are blocked by boulders.
200202031	Jump in the hole next to Titus and find the prison exit.
200202032	Remove the boulders and escape.
200202033	&quot;Yes.&quot;
200202034	Speak with Titus in the Dazzling Garden.
200203001	[Important] Pursuit
200203002	&quot;Let's do so.&quot;
200203003	Speak with Titus in Dazzling Garden.
200203004	Dazzling Garden
200203005	Someone is injured.
200203006	Search the Dazzling Garden.
200203007	Stop searching.
200203008	Inspect the naga corpse.
200203009	&quot;We must hurry.&quot;
200203010	Speak with Titus in Dazzling Garden.
200203011	Dazzling Garden
200203012	A black aura emanates from the nagas' wounds.
200203013	Examine Dazzling Garden.
200203014	&quot;Something's wrong with Elleon.&quot;
200203015	Inspect the naga corpse.
200203016	&quot;I'll carry your belongings.&quot;
200203017	Speak with the wounded naga in Dazzling Garden.
200203018	Search for the wounded naga's belongings.
200203019	&quot;I'll lead the way.&quot;
200203020	Escort the wounded naga out of the Dazzling Garden.
200203021	&quot;I'll send help.&quot;
200203022	Speak with the wounded naga in Dazzling Garden.
200203023	&quot;Okay.&quot;
200203024	Speak with Vogzu at the far end of the Dazzling Garden.
200203025	Canyon Trail
200203026	You've been found by a Naga Assassin.
200203027	Go to the Beast Plains and search for Jelena.
200203028	Defeat Naga Assassins guarding the Beast Plains.
200203029	Inspect Jelena's first set of tracks.
200203030	Inspect Jelena's second set of tracks.
200203031	&quot;Let's go to the platform.&quot;
200203032	Speak with Jelena in the Beast Plains.
200203033	&quot;All right.&quot;
200203034	Speak with Basheek in the Beast Plains.
200203035	Kill the Draakon Ravager on patrol.
200203036	&quot;Okay.&quot;
200203037	Speak with Basheek near the Fortress Platform.
200203038	&quot;Okay.&quot;
200203039	Speak with Vogzu.
200203040	&quot;Okay.&quot;
200203041	Speak with Basheek at the fortress.
200220001	For the Cure
200220002	&quot;I'll help.&quot;
200220003	
200220004	
200220005	
200220006	
200220007	Defeat the Draakon Dominators in Iridian Wetlands.
200220008	&quot;All right.&quot;
200220009	Speak with Amarre.
200221001	Ingredients
200221002	&quot;Alright.&quot;
200221003	
200221004	
200221005	Flexis Talon
200221006	Defeat Flexis Hunters and collect their talons.
200221007	Speak with Amarre.
200221008	&quot;I will.&quot;
200222001	Handling Disturbance
200222002	&quot;All right.&quot;
200222003	
200222004	
200222005	
200222006	
200222007	Kill Azart Molochs at the Beast Farm.
200222008	&quot;Will do.&quot;
200222009	Speak with Basheek.
200223001	[Daily Quest] Clear Iridian Wetlands
200223002	&quot;[Iridian Wetlands] Defeat 100 monsters in the inner island area!&quot;
200223003	Clear Iridian Wetlands
200223004	&quot;Claim your reward! (You cannot obtain Credits until you complete all [Important] quests).&quot;
200301001	[Important] To the Fortress
200301002	&quot;I'm on my way.&quot;
200301003	Speak with Basheek.
200301004	Control Center Hall
200301005	You've found the Control Center Hall that Basheek mentioned.
200301006	Follow the path that Basheek told you and go to the Control Center.
200301007	Control Center
200301008	You are spotted by a Naga Guard.
200301009	Enter the Control Center.
200301010	An intruder? How dare you!
200301011	Lagos...!
200301012	Lagos watches everything!
200301013	Lagos...!
200301014	Defeat Naga Executioners and Naga Priests in the Control Center.
200301015	&quot;I'll get the materials.&quot; 
200301016	Speak with Vogzu.
200301017	Exodor Metal Fragment
200301018	Rotted Mucus
200301019	Kill the Flexis Hunters and Elite Nagas and collect the materials.
200301020	Deliver the materials to Vogzu.
200301021	&quot;Okay.&quot;
200301022	How dare you step foot here!
200301023	Urgh!
200301024	Intruders! Intruders!
200301025	Lagos...!
200301026	Defeat Naga Punishers and Naga Assassins at the Dark Path Entrance.
200301027	Dark Path Entrance
200301028	Someone is standing in front of the gate.
200301029	Go to the Dark Path Entrance.
200301030	&quot;I think the female disguise would be better.&quot;
200301031	&quot;Let's go with male disguise.&quot;
200301032	Speak with Titus at the Dark Path Entrance.
200301033	&quot;Come on...&quot;
200301034	&quot;Come on already...&quot;
200301035	Speak with Titus again.
200301036	&quot;Okay.&quot;
200301037	Speak with Titus again.
200301038	Use the Disguise Kit in your inventory to become an Azart.
200301039	Use the Disguise Kit in your inventory to become an Azart.
200301040	Fortress Entrance
200301041	You see a fighter standing guard.
200301042	Follow the Dark Path after using the Disguise Kit.
200301043	&quot;Right. Okay.&quot;
200301044	Speak with the Azart Fighter at the center of the Dark Path.
200301045	Fortress Entrance
200301046	You were caught by a draakon.
200301047	Follow the Dark Path and go to Verrak Fortress Entrance.
200301048	You! You smell like a stranger! Reveal yourself!
200301049	Master Lumikan!
200301050	Defeat Draakon Destroyers in the Dark Path.
200301051	&quot;I'm ready.&quot;
200301052	Speak with Jelena in Verrak Fortress.
200302001	[Important] To the Engine Room
200302002	&quot;Ready.&quot;
200302003	Speak with Jelena.
200302004	Activate the alarm to distract the enemy.
200302005	You insignificant worm...
200302006	You stop here!
200302007	Defeat the Draakon Lieutenant in Verrak Fortress. 
200302008	Aheaf's Hideout.
200302009	Someone is whispering your name.
200302010	Go to the upper level of Verrak Fortress and find Aheaf's Hideout.
200302011	&quot;Thanks.&quot;
200302012	Speak with Aheaf in the upper level of Verrak Fortress.
200302013	Rogash will be pleased to see your body!
200302014	Lagos...!
200302015	Defeat the Draakon Ravagers in the upper level of Verrak Fortress.
200302016	&quot;Okay.&quot;
200302017	Speak with Jelena.
200302018	Square 
200302019	There too many of them.
200302020	Go downstairs.
200302021	Defeat Draakon Dominators and Draakon Watchers in Verrak Fortress Depths.
200302022	&quot;Stay safe.&quot;
200302023	Speak with Jelena.
200302024	Defeat the Draakon Pursuer in Verrak Fortress Depths.
200302025	Cloistered Corridor
200302026	Aheaf appeared.
200302027	Go to the Cloistered Corridor.
200302028	&quot;Thank you.&quot;
200302029	Speak with Aheaf in the Abyss Corridor.
200302030	&quot;Yes.&quot;
200302031	Speak with Jelena in front of the Engine Room.
200303001	[Important] Engine Shutdown
200303002	&quot;Let's do this.&quot;
200303003	Speak with Jelena by the Engine Room door.
200303004	Use the teleportal to go to the Engine Room.
200303005	Engine Room Control System
200303006	You found the Control System.
200303007	Find the Control System in the Engine Room.
200303008	&quot;I'll go left.&quot;
200303009	Speak with Jelena in the Engine Room.
200303010	Engine Room
200303011	The enemy are here.
200303012	Search how to go upstairs.
200303013	Defeat the Draakon guards.
200303014	Search how to go upstairs.
200303015	Defeat the Azart guards.
200303016	&quot;Let's destroy the control system.&quot;
200303017	Use the {@LinkCreature:2103#5000#teleportal} to go upstairs and speak with Jelena.
200303018	Stop one of the Core control systems.
200303019	Canyon Trail
200303020	Elleon has arrived.
200303021	Go to the main control system.
200303022	&quot;Exactly.&quot;
200303023	Speak with Elleon.
200303024	Help Titus plant the bomb.
200303025	Canyon Trail
200303026	You hear an explosion.
200303027	Use the {@LinkCreature:2103#5001#teleportal} to go upstairs and to the center of the engine room.
200303028	&quot;Don't strain yourself.&quot;
200303029	Check on Jelena.
200303030	Defeat Kalligar.
200303031	Shake his shoulder.
200303032	Check on Elleon.
200303033	Escape the Engine Room with Titus.
200303034	Speak with Titus.
200303035	Nod.
200303036	Talk to Titus in Velika.
200303037	Speak with Jelena.
200303038	(You're speechless.)
200303039	Report to Seir.
200304001	[Important] The Hero Returns
200304002	&quot;I will.&quot;
200304003	Go to Seir.
200304004	Comfort Sinoeta
200304005	Check on the funeral with Sinoeta.
200304006	&quot;Okay.&quot;
200304007	Speak with Seir.
200304008	&quot;Okay, I will.&quot;
200304009	Speak with Seir again.
200304010	Elleon Memorial
200304011	Jelena already arrived.
200304012	Go to the Memorial.
200304013	&quot;If you insist.&quot;
200304014	Speak with Jelena.
200304015	Elleon Memorial
200304016	You dedicate the monument of Elleon.
200304017	Enter the Memorial.
200304018	Erect the statue in the Memorial Hall.
200304019	&quot;Right. Okay.&quot;
200304020	Talk to Seir.
200304021	&quot;I wish to see you again.&quot;
200304022	Speak with Jelena.
200305001	[Important] Exodor Advance Base
200305002	&quot;Yes, sir.&quot;
200305003	Talk to Seir.
200305004	&quot;Yes.&quot;
200305005	&quot;Okay.&quot;
200305006	Speak with Jerelyn in Freedom Plaza and Albi in Plaza of the Huntress.
200305007	&quot;All right.&quot;
200305008	Talk to Seir.
200305009	&quot;I will.&quot;
200305010	Speak with Gulan.
200305011	&quot;Okay.&quot;
200305012	Speak with Varlon in Highwatch.
200305013	&quot;Okay.&quot;
200305014	Speak with {@LinkCreature:183#5000#Varlon} in Highwatch, and then travel to Exodor and meet {@LinkCreature:2000#50000#Dougal} in the Federation Reliquary Station.&#xA;[If you complete the quest, reach level 70 and equipment level 463, you can start [Dungeon - 463] Vogzu’s Summon and [Dungeon - 463] Hidden Enemy. Afterwards, the quest [Important] Kaia’s Anvil will be activated automatically.]
200320001	Punishment for Betrayal I
200320002	&quot;I can do that.&quot;
200320003	
200320004	
200320005	Poison Sac
200320006	Defeat Flexis Hunters and collect their poison sacs.
200320007	Speak with Vogzu in the Free Exodor Temporary Camp.
200320008	&quot;I'll be going now.&quot;
200321001	Punishment for Betrayal II
200321002	&quot;Olay.&quot;
200321003	
200321004	
200321005	
200321006	
200321007	Defeat Naga Punishers and Naga Assassins along the Dark Path Entrance.
200321008	&quot;All right.&quot;
200321009	Speak with Vogzu in the Free Exodor Temporary Camp.
200322001	Internal Maneuver I
200322002	&quot;Okay.&quot;
200322003	
200322004	
200322005	
200322006	
200322007	Defeat Draakon Destroyers in Verrak Fortress.
200322008	&quot;Ready when you are.&quot;
200322009	Speak with Aheaf in Verrak Fortress.
200323001	Internal Maneuver II
200323002	&quot;I'm going.&quot;
200323003	
200323004	
200323005	
200323006	
200323007	Defeat Draakon Watchers.
200323008	&quot;What is it?&quot;
200323009	Speak with Aheaf.
200324001	Internal Maneuver III
200324002	&quot;Consider it done.&quot;
200324003	
200324004	
200324005	
200324006	
200324007	Defeat the Draakon Pursuers.
200324008	&quot;So go on.&quot;
200324009	Speak with Aheaf.
200325001	[Daily Quest] Clear Verrak Fortress
200325002	&quot;[Verrak Fortress] Defeat 100 monsters in the inner island area.&quot;
200325003	Clear Verrak Fortress
200325004	&quot;Claim your reward! (You cannot obtain Credits until you complete all [Important] quests).&quot;
210501001	[Important] A Hidden Passage
210501002	&quot;Okay.&quot;
210501003	Speak with Dougal.
210501004	&quot;Okay.&quot;
210501005	Speak with Jelena.
210501006	Draakon Code Book
210501007	Kill Draakons and collect their code books.
210501008	Speak with Jelena.
210501009	&quot;Okay.&quot;
210501010	&quot;Okay.&quot;
210501011	Speak with Dougal.
210501012	&quot;I'll be there right away.&quot;
210501013	Speak with Titus.
210501014	Restricted Area Corridor
210501015	You found Jelena's tracks. Follow her into the corridor
210501016	Enter the Restricted Area Corridor.
210501017	Abyss Entrance
210501018	You found Jelena's tracks. Follow her into the Engine Room
210501019	Go to the Abyss Entrance in Verrak Fortress.
210501020	Verrak Fortress Cloistered Corridor
210501021	Go to the Engine Room
210501022	Go to the Verrak Fortress Cloistered Corridor.
210501023	&quot;Let's take a look.&quot;
210501024	Speak with Jelena in Verrak Fortress.
210502001	[Important] The Azart Commander
210502002	&quot;Okay.&quot;
210502003	Speak with Jelena in Verrak Fortress.
210502004	&quot;Okay.&quot;
210502005	Speak with Jelena in the Draakon Arena.
210502006	Training Center
210502007	Go to the Training Center.
210502008	Defeat {@LinkCreature:2105#2000#Kalligar} in {@Rgn:2105$$Draakon Arena}.
210502009	Defeat {@LinkCreature:2105#1000#transformed Kalligar}.
210502010	&quot;Okay.&quot;
210502011	Speak with Jelena in the Draakon Arena.
210502012	&quot;Okay.&quot; 
210502013	Speak with Dougal.
250001001	Another World
250001002	Square Entrance
250001003	You’ve arrived at the new area.
250001004	Move to the Square Entrance.
250001005	&quot;Okay.&quot;
250001006	Approach Anya and press F to speak.
250001007	World Tree Bridge
250001008	Move to the World Tree Bridge.
250001009	&quot;Let's do so.&quot;
250001010	Talk to Anya.
250011001	A New Threat
250011002	Sealed Area Entrance
250011003	Use the {@LinkCreature:2500#2501#Manahan Seal Site Teleportal} and move to the {@LinkTerritory:2501#250100023#Seal Entrance}.
250011004	Talk to Lok and help him.
250011005	Inside the Sealed Area
250011006	Enter the Sealed Area.
250011007	Traces of evil energy.
250011008	Go to the place brimming with evil energy.
250011009	Defeat {@LinkCreature:2501#1101#Dark Steel Golem}.
250011010	Look for other places brimming with evil energy.
250011011	Defeat {@LinkCreature:2501#1000#Flame Steel Golem}.
250011012	Old Site
250011013	Move to the Old Site.
250011014	Defeat {@LinkCreature:2501#1100#Dark} and {@LinkCreature:2501#1001#Flame Steel Golems}.
250011015	Check the Warded Area.
250011016	I'll kill you!
250011017	Defeat Thulsa’s Shade.
250012001	Dangerous Presence
250012002	Warded Area Entrance
250012003	Use the {@LinkCreature:2500#2502#Forest of the Fallen Teleportal} or the {@LinkCreature:2501#1502#Teleportal} to reach the {@LinkTerritory:2502#250200001#Forest of the Fallen}.
250012004	Listen to Lok, and then follow him.
250012005	Defeat summoned golems.
250012006	Warded Area
250012007	Move to the Warded Area.
250012008	Where Lok Indicated
250012009	Go where Lok asked you to.
250012010	Defeat {@LinkCreature:2502#502#Corrupted Divine Guardian} and {@LinkCreature:2502#500#Corrupted Divine Guardian}.
250012011	Enter the ward and help Lok.
250012012	I'll kill you!
250012013	Defeat Thulsa.
250012014	&quot;Okay.&quot;
250012015	Talk to Lok.
250021001	You, join me on this task!
250021002	&quot;Okay.&quot;
250021003	Dakuryon's Sanctum
250021004	You've reached Dakuryon's Sanctum.
250021005	Talk to {@LinkCreature:2500#2503#Paesyn} and move to Trellum Consurgo in another world.
250021006	Defeat the Archdevas.
250021007	Defeat Zolyn.
250021008	You're angering me!
250021009	Power... I need more power...
250021010	Defeat Dakuryon.
250021011	&quot;Okay.&quot;
250021012	Talk to Paesyn.
250021013	&quot;I'm happy, too.&quot;
250021014	Talk to Paesyn.
250022001	Destroy Exodor
250022002	&quot;Okay.&quot;
250022003	Engine Room 1st Floor
250022004	You've reached the 1st floor of the Engine Room.
250022005	Talk to {@LinkCreature:2500#2504#Elleon} and move to {@LinkTerritory:2504#250400051#Engine Room 1st Floor}.
250022006	Join Titus and Elleon and follow their instructions.
250022007	Find a way to move to the second floor.
250022008	Go to Engine Room 2nd Floor and follow Elleon's instructions.
250022009	Control and destroy the Core Control System.
250022010	Where Elleon Went
250022011	You see Elleon and Titus.
250022012	Follow Elleon.
250022013	Control System
250022014	Move to the control system.
250022015	Operate Titus's Bomb.
250022016	Engine Room 3rd Floor
250022017	You've reached the 3rd floor of the Engine Room. Find Elleon quickly.
250022018	Use the Teleportal and move to Engine Room 3rd Floor.
250022019	Elleon
250022020	
250022021	Go where Elleon is fighting.
250022022	Fight Kalligar in Elleon's place.
250022023	“You’ll become strong.&quot;
250022024	Exit the Exodor Engine Room and talk to Elleon.
250031001	[Party] Perfect Basics and Great Skills
250031002	This is my Shadow Warrior, who won’t give you an easy time of it.
250031003	Soldiers! Did you see that!?
250031004	Use {@WorkObject:250001} to summon the Shadow Warrior.
250031005	Defeat {@LinkCreature:2500#30000} as a party.
300101001	Jumpstart: Bastion of Lok (solo)
300101002	Defeat the final boss in Bastion of Lok (Solo).&lt;br&gt;&lt;br&gt;Bastion of Lok (Solo) can be entered through a teleportal. To teleport to the entry use Vanguard Initiative UI.
300101003	&quot;Thanks.&quot;
300101004	Talk to Uriela in Velika.
300201001	Jumpstart: Sinestral Manor (Solo)
300201002	Defeat the final boss in Sinestral Manor (Solo).&lt;br&gt;&lt;br&gt;Sinestral Manor (Solo) can be entered through a teleportal. To teleport to the entry use Vanguard Initiative UI.
300201003	&quot;Thanks.&quot;
300201004	Talk to Uriela in Velika.
300301001	Jumpstart: Cultists' Refuge (Solo)
300301002	Defeat the final boss in Cultists' Refuge (Solo).&lt;br&gt;&lt;br&gt;Cultists' Refuge (Solo) can be entered through a teleportal. To teleport to the entry use Vanguard Initiative UI.
300301003	&quot;Thanks.&quot;
300301004	Talk to Uriela in Velika.
300401001	Jumpstart: Necromancer Tomb (Solo)
300401002	Defeat the final boss in Necromancer Tomb (Solo).&lt;br&gt;&lt;br&gt;Necromancer Tomb (Solo) can be entered through a teleportal. To teleport to the entry use Vanguard Initiative UI.
300401003	&quot;Thanks.&quot;
300401004	Talk to Uriela in Velika.
300601001	Jumpstart: Akasha's Hideout (Solo)
300601002	Defeat the final boss in Akasha's Hideout (Solo).&lt;br&gt;&lt;br&gt;Akasha's Hideout (Solo) can be entered through a teleportal. To teleport to the entry use Vanguard Initiative UI.
300601003	&quot;Thanks.&quot;
300601004	Talk to Uriela in Velika.
300701001	Jumpstart: Saleron's Sky Garden (Solo)
300701002	Defeat the final boss in Saleron's Sky Garden (Solo).&lt;br&gt;&lt;br&gt;Saleron's Sky Garden (Solo) can be entered through a teleportal. To teleport to the entry use Vanguard Initiative UI.
300701003	&quot;Thanks.&quot;
300701004	Talk to Uriela in Velika.
300901001	Jumpstart: Ebon Tower (Solo)
300901002	Defeat the final boss in Ebon Tower (Solo).&lt;br&gt;&lt;br&gt;Ebon Tower (Solo) can be entered through a teleportal. To teleport to the entry use Vanguard Initiative UI.
300901003	&quot;Thanks.&quot;
300901004	Talk to Uriela in Velika.
302301001	[Dungeon - 463] Vogzu’s Summons
302301002	&quot;All right.&quot; 
302301003	Find Vogzu in the Verrak Fortress.&#xA;[If you complete the quest [Dungeon - 463] Hidden Enemy, the quest [Important] Kaia’s Anvil will be activated automatically.]
302302001	[Dungeon - 463] Hidden Enemy
302302002	&quot;Okay.&quot; 
302302003	Speak with Aheaf in Verrak Fortress.
302302004	Akalath Quarantine
302302005	You feel something familiar.
302302006	Enter Akalath Quarantine through the {@LinkCreature:2003#1501#teleportal}.
302302007	Defeat {@LinkCreature:3023#1000#Akalath Travan}.
302302008	Defeat {@LinkCreature:3023#2000#Akalath Kashir}.
302302009	&quot;All right.&quot; 
302302010	Speak with Aheaf in Verrak Fortress.&#xA;[If you complete the quest, the quest [Important] Kaia’s Anvil will be activated automatically.]
302401001	Clean up Azart Hatchery I
302401002	Defeat a boss monster in Azart Hatchery 1 time.&lt;br&gt;&lt;br&gt;Azart Hatchery can be entered randomly on defeating level 65-68 hunting zone monsters.
302401003	&quot;Thanks.&quot;
302401004	Talk to Omeros in Highwatch.
302402001	Clean up Azart Hatchery II
302402002	Defeat a boss monster in Azart Hatchery 1 time.&lt;br&gt;&lt;br&gt;Azart Hatchery can be entered randomly on defeating level 65-68 hunting zone monsters.
302402003	&quot;Thanks.&quot;
302402004	Talk to Omeros in Highwatch.
302501001	Clean up Azart Hatchery III
302501002	Defeat a boss monster in Azart Hatchery 1 time.&lt;br&gt;&lt;br&gt;Azart Hatchery can be entered randomly on defeating level 65-68 hunting zone monsters.
302501003	&quot;Thanks.&quot;
302501004	Talk to Omeros in Highwatch.
302502001	Clean up Azart Hatchery IV
302502002	Defeat a boss monster in Azart Hatchery 1 time.&lt;br&gt;&lt;br&gt;Azart Hatchery can be entered randomly on defeating level 65-68 hunting zone monsters.
302502003	&quot;Thanks.&quot;
302502004	Talk to Omeros in Highwatch.
302601001	[Dungeon - 473] Argon Plot
302601002	&quot;Got it.&quot;
302601003	&quot;Got it.&quot;
302601004	Go to the Federation Reliquary Station in Exodor and speak with Dougal.
302601005	Read Virienne's letter.
302601006	&quot;Got it.&quot;
302601007	Speak with Dougal again.
302601008	Verrak Fountain Fishery
302601009	You arrived at the fishery. Ask Nailon about this place.
302601010	Go to the Search Area in Verrak Fortress Southern Outskirt.
302601011	&quot;I'll check it out, thanks.&quot;
302601012	Speak with Nailon.
302601013	Suspicious Island
302601014	You see Jelena standing under a strange device.
302601015	Go to the suspicious island that Nailon told you about.
302601016	&quot;Got it.&quot;
302601017	Speak with Jelena.
302601018	Defeat {@linkcreature:3026#1000$$Kelsaik} in Corrupted Skynest.
302601019	&quot;Got it.&quot;
302601020	Speak with Dougal at the Federation Reliquary Station.
302701001	[Dungeon - 473] Past is Prologue
302701002	&quot;Got it.&quot;
302701003	Speak with Verdas in Wyvern Watch.
302701004	Search for the white wolf.
302701005	This must be the place.
302701006	Go to where the {@LinkCreature:38#2002#White Wolf} was probably heading.
302701007	&quot;Got it.&quot; 
302701008	Speak with Halrath in Thunder Hold.
302701009	Use the scroll to summon Halrath to {@LinkCreature:38#2003#the top of the Ruined Tower}.
302701010	&quot;I will.&quot;
302701011	Speak with Halrath at {@LinkCreature:38#2003#the top of the Ruined Tower}.
302701012	Investigate the Forbidden Arena.
302701013	&quot;Got it.&quot; 
302701014	Speak with Halrath at {@LinkCreature:38#2003#the top of the Ruined Tower}.
302701015	&quot;Got it.&quot;
302701016	Speak with Verdas in Wyvern Watch.
303101001	[Field PvP] Conquer the Outer Core District
303101002	[Outer Core District] Defeat monsters in the Outer Core District. (The Outer Core District is a PvP area.)
303101003	Conquer the Outer Core District
303101004	Claim your reward!
303501001	Velik's Call
303501002	&quot;Okay.&quot;
303501003	&quot;Okay.&quot;
303501004	Talk to Velik
303501005	After using the Level 70 Jumpstart Ticket and equipping all your new gear, use the Echo: [Apex] The Two Banquets item to proceed to the next stage.
303502001	Velik's Call
303502002	&quot;Okay.&quot;
303502003	&quot;Okay.&quot;
303502004	Talk to Velik
303502005	After completing EP and Glyph settings, use the Echo: Tiarania item to proceed to the next stage.
303502006	&quot;Okay.&quot;
303502007	Talk to Velik
303502008	After completing Skill Advancement, use the Echo: Valkyon Wants You item to proceed to the next stage.
303502009	&quot;Understood.&quot;
303502010	Talk to Velik
303502011	After completing the Companion tutorial, use the Echo: Cultists' Conspiracy item to proceed to the next stage
303502012	&quot;Understood.&quot;
303502013	Talk to Velik
303502014	&quot;Okay.&quot;
303502015	Prepare for battle and talk to Velik.
303502016	Defeat Azart’s Shade.
303502017	Defeat Clawrider’s Shade
303502018	&quot;Okay.&quot;
303502019	Talk to Velik
303503001	Velik's Call
303503002	&quot;Okay.&quot;
303503003	&quot;Okay.&quot;
303503004	Use the ‘Reset Instances’ button in your Profile (P) to return and talk to Velik in Velika
310101001	[Dungeon - 463] Dawn of the Butterflies
310101002	&quot;Okay.&quot; 
310101003	Speak with Amarre in Stronghold of Blood Camp Delta.
310101004	&quot;Okay.&quot; 
310101005	Ask Kailey what happened.
310101006	Close the book.
310101007	Read the crystallization Research Journal. 
310101008	&quot;Okay.&quot; 
310101009	Speak with Barurung in Stronghold of Blood Camp Delta.
310101010	&quot;Okay.&quot; 
310101011	Speak with Amarre.
310101012	Entrance
310101013	You see Mournwings swarming the Stronghold of Blood.
310101014	Go to the Stronghold of Blood Entrance.
310101015	&quot;That's fine.&quot; 
310101016	Speak with Barurung in the Stronghold of Blood Entrance.
310101017	Defeat the Mournwings and clear the entry path to Stronghold of Blood. 
310101018	Abandoned Camp
310101019	Barurung and Amarre are running to catch up with you.
310101020	Go deeper into the Stronghold of Blood.
310101021	&quot;Let's go.&quot; 
310101022	Speak with Barurung.
310101023	The site of the largest concentration of butterflies
310101024	Elleon should be here already.
310101025	Go to where the butterflies are gathered.
310101026	&quot;Sounds good.&quot; 
310101027	Speak with Elleon.
310101028	A new location
310101029	The thorns have a strange aura. What could it be?
310101030	Go to the place that Elleon discovered.
310101031	&quot;Let's check it out.&quot; 
310101032	Speak with Amarre.
310101033	&quot;You can count on me.&quot; 
310101034	Speak with Elleon.
310102001	[Dungeon - 463] Gossamer Vault (Easy)
310102002	Gossamer Vault (Hard)
310102003	This place seems to be artificial. How could such a place exist?
310102004	Enter Gossamer Vault (Hard) through the {@LinkCreature:27#3201#teleportal}.
310102005	Extraction Chamber Entrance
310102006	The cave is full of nectar with a peculiar, azure glow.
310102007	Jump down and go to the Extraction Chamber.
310102008	Defeat the Hellgrammite.
310102009	Processing Room Entrance
310102010	You feel a shock wave coming from the Processing Room.
310102011	Go to the Processing Room Entrance.
310102012	Regent's Vault Entrance
310102013	There's no sign of any butterflies...just eggs.
310102014	Escape the Processing Room and go to the Regent's Vault.
310102015	Destroy the eggs and defeat the Nightmare Gossamer Regent.
310102016	&quot;Okay.&quot; 
310102017	Use the {@LinkCreature:3201#1501#Teleportal} to escape Gossamer Vault (Hard) and speak with Elleon.
310102018	&quot;Okay.&quot; 
310102019	Speak with Amarre.
700008001	
700008002	
700008003	
700009001	
700009002	
700009003	
700010001	
700010002	
700010003	
700013001	Complete Akasha's Trial
700013002	[Akasha's Trial] Defeat Ace Akasha!
700013003	Claim your reward!
700014001	Complete Baracos' Trial
700014002	[Baracos' Trial] Defeat Ace Baracos in Baracos' Trial.
700014003	Claim your reward!
700019001	
700019002	
700019003	
700023001	
700023002	
700023003	
700024001	
700024002	
700024003	
700027001	Complete Velik's Hold
700027002	[Velik's Hold] Defeat Veldeg!
700027003	Claim your reward!
700029001	Complete Velik's Sanctuary
700029002	[Velik's Sanctuary] Defeat Lakan!
700029003	Claim your rewards!
700030001	
700030002	
700030003	
700035001	Complete the Thaumetal Refinery
700035002	[Thaumetal Refinery] Defeat Gaaruksalk!
700035003	&quot;Claim your reward!&quot;
700038001	
700038002	
700038003	
700040001	Complete the RK-9 Kennel
700040002	[RK-9 Kennel] Defeat RK-9!
700040003	Claim your reward!
700041001	
700041002	
700041003	
700042001	Complete the Red Refuge
700042002	[Red Refuge] Defeat Argog!
700042003	Claim your reward!
700044001	
700044002	
700044003	
700045001	Conquer Antaroth’s Abyss (Hard)
700045002	[Antaroth's Abyss (Hard)] Defeat Nightmare Antaroth!
700045003	Claim your reward!
700046001	
700046002	
700046003	
700048001	
700048002	
700048003	
700049001	Conquer the Grotto of Lost Souls (Hard)
700049002	[Grotto of Lost Souls (Hard)] Defeat Nightmare Kylos!
700049003	Claim your reward!
700050001	Complete Bahaar’s Sanctum
700050002	[Bahaar's Sanctum] Defeat Bahaar!
700050003	Claim your reward!
700051001	Complete Lilith's Keep
700051002	[Lilith's Keep] Defeat Lilith!
700051003	Claim your reward!
700055001	
700055002	
700055003	
700056001	Complete Gossamer Vault (Hard)
700056002	[Gossamer Vault (Hard)] Defeat Nightmare Gossamer Regent!
700056003	&quot;Claim your reward!&quot;
700057001	Conquer Verrak Fortress
700057002	[Verrak Fortress] Defeat Akalath Kashir in the Akalath Quarantine!
700057003	Claim your reward!
700058001	Complete Corrupted Skynest
700058002	[Corrupted Skynest] Defeat Kelsaik!
700058003	&quot;Claim your reward!&quot;
700059001	Conquer Corrupted Skynest (Hard)
700059002	[Corrupted Skynest] Defeat Kelsaik!
700059003	&quot;Claim your reward!&quot;
700060001	Forbidden Arena Challenge: Hagufna
700060002	[Forbidden Arena] Defeat Hagufna in the Forbidden Arena!
700060003	&quot;Claim your reward!&quot;
700061001	Complete Draakon Arena
700061002	[Draakon Arena] Defeat Commander Kalligar!
700061003	Claim your reward!
700062001	Complete Draakon Arena (Hard)
700062002	[Draakon Arena (Hard)] Defeat Nightmare Commander Kalligar!
700062003	Claim your reward!
700063001	Complete Kezzel's Gorge
700063002	[Kezzel's Gorge] Defeat Kezzel!
700063003	&quot;Claim your reward!&quot;
700064001	Complete Commander’s Residence [Fri/Sat/Weekend]
700064002	&quot;Join forces with your comrades and research Commander’s Residence!&quot;
700064003	&quot;Claim your reward!&quot;
700064004	Azart Commander
700065001	Complete Rampaging RK-9 Kennel
700065002	[Rampaging RK-9 Kennel] Defeat RK-9!
700065003	&quot;Claim your reward!&quot;
700066001	Forbidden Arena Challenge: [Undying Warlord]
700066002	[Forbidden Arena] Defeat the Undying Warlord!
700066003	&quot;Claim your reward!&quot;
700067001	Forbidden Arena Challenge: [Nightmare Undying Warlord]
700067002	[Forbidden Arena] Defeat the Nightmare Undying Warlord!
700067003	&quot;Claim your reward!&quot;
700068001	Complete Sky Cruiser (Hard)
700068002	[Sky Cruiser (Hard)] Defeat Darkan!
700068003	Claim your reward!
700108001	
700108002	
700108003	
700109001	
700109002	
700109003	
700110001	
700110002	
700110003	
700113001	Complete Akasha's Trial
700113002	[Akasha's Trial] Defeat Ace Akasha!
700113003	Claim your reward!
700114001	Complete Baracos' Trial
700114002	[Baracos' Trial] Defeat Ace Baracos in Baracos' Trial.
700114003	Claim your reward!
700119001	
700119002	
700119003	
700123001	
700123002	
700123003	
700124001	
700124002	
700124003	
700127001	Complete Velik's Hold
700127002	[Velik's Hold] Defeat Veldeg!
700127003	Claim your reward!
700129001	Complete Velik's Sanctuary
700129002	[Velik's Sanctuary] Defeat Lakan!
700129003	Claim your rewards!
700130001	
700130002	
700130003	
700134001	Conquer Forsaken Island (Hard)
700134002	[Forsaken Island (Hard)] Defeat Nightmare Desolarus!
700134003	Claim your reward!
700135001	Complete the Thaumetal Refinery
700135002	[Thaumetal Refinery] Defeat Gaaruksalk!
700135003	&quot;Claim your reward!&quot;
700138001	
700138002	
700138003	
700140001	Complete the RK-9 Kennel
700140002	[RK-9 Kennel] Defeat RK-9!
700140003	Claim your reward!
700141001	Conquer the RK-9 Kennel (Hard)
700141002	[RK-9 Kennel (Hard)] Defeat Nightmare RK-9!
700141003	Claim your reward!
700142001	Complete the Red Refuge
700142002	[Red Refuge] Defeat Argog!
700142003	Claim your reward!
700144001	
700144002	
700144003	
700145001	Complete Antaroth’s Abyss (Hard)
700145002	[Antaroth's Abyss (Hard)] Defeat Nightmare Antaroth!
700145003	Claim your reward!
700148001	
700148002	
700148003	
700149001	Conquer the Grotto of Lost Souls (Hard)
700149002	[Grotto of Lost Souls (Hard)] Defeat Nightmare Kylos!
700149003	Claim your reward!
700150001	Complete Bahaar’s Sanctum
700150002	[Bahaar's Sanctum] Defeat Bahaar!
700150003	Claim your reward!
700151001	Complete Lilith's Keep
700151002	[Lilith's Keep] Defeat Lilith!
700151003	Claim your reward!
700153001	Conquer Antaroth's Abyss (7-person)
700153002	[Antaroth's Abyss (7-person)] Defeat Nightmare Antaroth!
700153003	Claim your reward!
700155001	
700155002	
700155003	
700156001	Complete Gossamer Vault (Hard)
700156002	[Gossamer Vault (Hard)] Defeat Nightmare Gossamer Regent!
700156003	&quot;Claim your reward!&quot;
700157001	Conquer Verrak Fortress
700157002	[Verrak Fortress] Defeat Akalath Kashir in the Akalath Quarantine!
700157003	Claim your reward!
700158001	Complete Corrupted Skynest
700158002	[Corrupted Skynest] Defeat Kelsaik!
700158003	&quot;Claim your reward!&quot;
700159001	Corrupted Skynest (Hard)
700159002	[Corrupted Skynest] Defeat Kelsaik!
700159003	&quot;Claim your reward!&quot;
700160001	Forbidden Arena Challenge: Hagufna
700160002	[Forbidden Arena] Defeat Hagufna in the Forbidden Arena!
700160003	&quot;Claim your reward!&quot;
700161001	Complete Draakon Arena
700161002	[Draakon Arena] Defeat Commander Kalligar!
700161003	Claim your reward!
700162001	Complete Draakon Arena (Hard)
700162002	[Draakon Arena (Hard)] Defeat Nightmare Commander Kalligar!
700162003	Claim your reward!
700163001	Complete Kezzel's Gorge
700163002	[Kezzel's Gorge] Defeat Kezzel!
700163003	&quot;Claim your reward!&quot;
700164001	Complete Commander’s Residence [Fri/Sat/Weekend]
700164002	&quot;Join forces with your comrades and research Commander’s Residence!&quot;
700164003	&quot;Claim your reward!&quot;
700164004	Azart Commander
700165001	Complete Rampaging RK-9 Kennel
700165002	[Rampaging RK-9 Kennel] Defeat RK-9!
700165003	&quot;Claim your reward!&quot;
700166001	Forbidden Arena Challenge: [Undying Warlord]
700166002	[Forbidden Arena] Defeat the Undying Warlord!
700166003	&quot;Claim your reward!&quot;
700167001	Forbidden Arena Challenge: [Nightmare Undying Warlord]
700167002	[Forbidden Arena] Defeat the Nightmare Undying Warlord!
700167003	&quot;Claim your reward!&quot;
700168001	Complete Sky Cruiser (Hard)
700168002	[Sky Cruiser (Hard)] Defeat Darkan!
700168003	Claim your reward!
800001001	Complete the Bastion of Lok!
800001002	[Bastion of Lok] Defeat Murdranak!
800001003	Claim your reward!
800002001	Complete Sinestral Manor!
800002002	[Sinestral Manor] Defeat Malgarios!
800002003	Claim your reward!
800003001	Complete Saravash's Ascent!
800003002	[Saravash's Ascent] Defeat Saravash!
800003003	Claim your reward!
800004001	Complete the Cultists' Refuge!
800004002	[Cultists' Refuge] Defeat Bhaozurbas!
800004003	Claim your reward!
800005001	Complete the Necromancer Tomb!
800005002	[Necromancer Tomb] Defeat Vedilith!
800005003	Claim your reward!
800006001	Complete the Golden Labyrinth!
800006002	[Golden Labyrinth] Defeat Baracos!
800006003	Claim your reward!
800007001	Complete Akasha's Hideout
800007002	[Akasha's Hideout] Defeat Akasha!
800007003	Claim your reward!
800008001	Complete Saleron's Sky Garden
800008002	[Saleron's Sky Garden] Defeat Striktryssir!
800008003	Striktryssir
800008004	Claim your reward!
800009001	Complete the Labyrinth of Terror!
800009002	[Labyrinth of Terror] Defeat Killian!
800009003	Claim your reward!
800010001	Complete the Ebon Tower
800010002	[Ebon Tower] Defeat Thulsa!
800010003	Claim your reward!
800012001	Complete the Timescape
800012002	[Timescape] Defeat Valona!
800012003	Claim your reward!
800014001	Conquer the Abscess (7-person)
800014002	[The Abscess (7-person)] Defeat Nightmare Krakatox!
800014003	Claim your reward!
800015001	Complete the Timescape
800015002	[Timescape] Defeat Valona!
800015003	Claim your reward!
800016001	Win in Corsair's Stronghold
800016002	[Corsairs' Stronghold] Seize victory in Corsairs' Stronghold!
800016003	Claim your reward!
800017001	Win in Gridiron
800017002	[Gridiron] Seize victory in Gridiron!
800017003	Claim your reward!
800018001	Win in Kumasylum
800018002	[Kumasylum] Seize victory in Kumasylum!
800018003	Claim your reward!
800030001	Hunt Basilisks
800030002	[Oblivion Woods] Hunt basilisks in the Bestial Vale.
800030003	Basilisks
800030004	Claim your reward!
800031001	Clean Up Godric's Farm
800031002	[Celestial Hills] Hunt enemies in the Omphalos Plains and Cardovek Remnants.
800031003	Godric's Farm monsters
800031004	Claim your reward!
800033001	Hunt Juggernaut Mercenaries
800033002	[Celestial Hills] Hunt juggernaut mercenaries in the Celestial Hills.
800033003	Juggernaut Mercenaries
800033004	Claim your reward!
800034001	Hunt Fimbrilisks
800034002	[Cliffs of Insanity] Hunt fimbrilisks in the Knoll of Screams.
800034003	Fimbrilisks
800034004	Claim your reward!
800035001	Hunt Ovoliths
800035002	[Vale of the Fang] Hunt ovoliths around Sinestral Manor.
800035003	Ovoliths
800035004	Claim your reward!
800036001	Hunt Dusky Basilisks
800036002	[Basilisk Crag] Hunt dusky basilisks in the Vale of Graves.
800036003	Dusky Basilisks
800036004	Claim your reward!
800037001	Hunt Labyrinth Denizens
800037002	[Azarel's Labyrinth] Hunt Azarel's juggernauts and labyrinthine stalkers on the second floor.
800037003	Denizens
800037004	Claim your reward!
800038001	Hunt Lurking Teraliths
800038002	[Lake of Tears] Hunt lurking teraliths in the Blessed Woods.
800038003	Lurking Teraliths
800038004	Claim your reward!
800039001	Hunt Giant Gladiators
800039002	[Colossal Ruins] Hunt giant gladiators in the Arena of the Exalted.
800039003	Giant Gladiators
800039004	Claim your reward!
800040001	Hunt Desert Lightning Kumases
800040002	[Sandwalker Refuge] Hunt desert lightning kumases in Sandwalker Refuge.
800040003	Desert Lightning Kumases
800040004	Claim your reward!
800041001	Hunt Patient Lithikumases
800041002	[Blessing Basin] Hunt patient lithikumases in Celestus Rest.
800041003	Patient Lithikumases
800041004	Claim your reward!
800042001	Hunt Onyx Hydraths
800042002	[Tempest Reach] Hunt onyx hydraths in Icefang Inlet.
800042003	Onyx Hydraths
800042004	Claim your reward!
800043001	Hunt Ravenous Basilisks
800043002	[Feral Valley] Hunt ravenous basilisks in the northern reach of Feral Valley.
800043003	Ravenous Basilisks
800043004	Claim your reward!
800044001	Hunt Naga Battlemasters
800044002	[Serpentis Isle] Hunt naga battlemasters on Kerozen Isle.
800044003	Naga Battlemasters
800044004	Claim your reward!
800045001	Hunt Naga Leviathans
800045002	[Serpentis Isle] Hunt naga leviathans in Dagon's Tomb.
800045003	Naga Leviathans
800045004	Claim your reward!
800046001	Clean up the Hatchery
800046002	[Amena Quatla] Defeat ebon fimbrilisks and akalath warlords in the Hatchery.
800046003	Invaders
800046004	Claim your reward!
800047001	Hunt Sandlurker Lizards
800047002	[Tor Exsul] Hunt sandlurker lizards in the Raintree Oasis.
800047003	Sandlurker Lizard
800047004	Claim your reward!
800050001	Win in Kumas Royale
800050002	[Kumas Royale] Seize victory in Kumas Royale!
800050003	Claim your reward!
800051001	Win in Kumas Royale
800051002	[Kumas Royale] Seize victory in Kumas Royale!
800051003	Claim your reward!
800052001	Win in Kumas Royale
800052002	[Kumas Royale] Seize victory in Kumas Royale!
800052003	Claim your reward!
800053001	Win in Kumas Royale
800053002	[Kumas Royale] Seize victory in Kumas Royale!
800053003	Claim your reward!
800054001	Win in Kumas Royale
800054002	[Kumas Royale] Seize victory in Kumas Royale!
800054003	Claim your reward!
800055001	Win in Kumas Royale
800055002	[Kumas Royale] Seize victory in Kumas Royale!
800055003	Claim your reward!
800056001	Win in Kumas Royale
800056002	[Kumas Royale] Seize victory in Kumas Royale!
800056003	Claim your reward!
800057001	Win in Kumas Royale
800057002	[Kumas Royale] Seize victory in Kumas Royale!
800057003	Claim your reward!
800058001	Win in Kumas Royale
800058002	[Kumas Royale] Seize victory in Kumas Royale!
800058003	Claim your reward!
800059001	Hunt Devas
800059002	[Susurrus Woods] Hunt devas in Dakonan Junction.
800059003	Devas
800059004	Claim your reward!
800060001	Hunt Runekeepers
800060002	[Susurrus Woods] Hunt runekeepers in the Nightwood.
800060003	Runekeepers
800060004	Claim your reward!
800061001	Hunt Tirkai Grizzlies
800061002	[Tirkai Forest] Hunt tirkai grizzlies in the Whitefrost Forest.
800061003	Tirkai Grizzlies
800061004	Claim your reward!
800062001	Hunt the Argonomorphs!
800062002	[Thrallhold] Hunt argonomorphs in the Vale of the Reaper.
800062003	Argonomorphs
800062004	Claim your reward!
800063001	Clean up the Twisted Plains
800063002	[Vale of the Fang] Hunt creatures on the Twisted Plains.
800063003	Twisted Plains Invaders
800063004	Claim your reward!
800064001	Clean up the Cardovek Remnants
800064002	[Celestial Hills] Hunt lokians in the Cardovek Remnants.
800064003	Lokians
800064004	Claim your reward!
800065001	Clean up the Shattered City
800065002	[Aurum Road] Hunt brainwashed soldiers in the Shattered City.
800065003	Brainwashed Soldiers
800065004	Claim your reward!
800066001	Clean up the Bloodblades
800066002	[Mount Tyrannas] Clear out the Bloodblade mercenary camp.
800066003	Mercenaries
800066004	Claim your reward!
800067001	Hunt Kamaras
800067002	[Serpentis Isle] Hunt kamaras on Kerozen Isle.
800067003	Kamaras
800067004	Claim your reward!
800068001	Hunt Prion Njalvars
800068002	[Sienna Canyon] Hunt prion njalvars!
800068003	Prion Njalvars
800068004	&quot;Claim your reward!&quot;
800069001	Clean up Mags Tohopka
800069002	[Basilisk Crag] Hunt beasts in Mags Tohopka.
800069003	Mags Tohopka Beasts
800069004	Claim your reward!
800070001	Hunt Noruks
800070002	[Lake of Tears] Hunt mooncrest noruks and gather their antlers.
800070003	Antlers
800070004	Claim your reward!
800071001	Hunt Wendigos
800071002	[Vale of Spires] Hunt dominated wendigos near Icebase Defiance
800071003	Dominated Wendigos
800071004	Claim your reward!
800101001	Clean up the Fey Forest
800101002	[Fey Forest] Defeat beasts, monsters, and sorcerers.
800101003	Fey Forest Invaders
800101004	Claim your reward!
800104001	Clean up the Celestial Hills
800104002	[Celestial Hills] Defeat the Red Fang orcans and their allies.
800104003	Red Fang Invaders
800104004	Claim your reward!
800105001	Clean up the Cliffs of Insanity
800105002	[Cliffs of Insanity] Eliminate crazed beasts and mutants.
800105003	Insane Monsters
800105004	Claim your reward!
800106001	Clean up the Vale of the Fang
800106002	[Vale of the Fang] Defeat the vampirs and their allies.
800106003	Vampirs
800106004	Claim your reward!
800107001	Clean up the Tenebrous Mines
800107002	[Tenebrous Mines] Defeat mercenaries and skeletons.
800107003	Shadow Soldiers
800107004	Claim your reward!
800108001	Clean up Mistmoor Island
800108002	[Mistmoor Island] Defeat the Kazuur syndicate and their allies.
800108003	Mistmoor Invaders
800108004	Claim your reward!
800109001	Clean up Azarel's Labyrinth
800109002	[Azarel's Labyrinth] Defeat gulas and alzarin imps.
800109003	Maze Runners
800109004	Claim your reward!
800110001	Clean up the Lake of Tears
800110002	[Lake of Tears] Defeat the conspirators and their allies.
800110003	Rebel Army
800110004	Claim your reward!
800111001	Clean up the Colossal Ruins
800111002	[Colossal Ruins] Defeat the Desert Fire kulkari and their allies.
800111003	Desert Fire Invaders
800111004	Claim your reward!
800112001	Clean up Aurum Road
800112002	[Aurum Road] Defeat the Sand Wind kulkari and their allies.
800112003	Sand Wind Invaders
800112004	Claim your reward!
800113001	Clean up the Dark Cathedral
800113002	[Dark Cathedral] Defeat the devan cultists and their allies.
800113003	Cultists
800113004	Claim your reward!
800114001	Clean up Essenian Crest
800114002	[Essenian Crest] Defeat the Brogar Legion and their allies.
800114003	Brogar Legion
800114004	Claim your reward!
800115001	Clean up the Blightwood
800115002	[Blightwood] Eliminate corrupted beasts.
800115003	Corrupted Beasts
800115004	Claim your reward!
800116001	Clean up the Timeless Woods
800116002	[Timeless Woods] Defeat the lokians and their allies.
800116003	Timeless Woods Invaders
800116004	Claim your reward!
800117001	Clean up Tempest Reach
800117002	[Tempest Reach] Defeat the drowned gulas and their allies.
800117003	Maelstrom Invaders
800117004	Claim your reward!
800118001	Clean up Mount Tyrannus
800118002	[Mount Tyrannas] Defeat the Stalker Company and their allies.
800118003	Tyrant's Army
800118004	Claim your reward!
800119001	Clean up the Citadel of Torment
800119002	[Citadel of Torment] Defeat the Blood Guards and their allies.
800119003	Blood Guard Invaders
800119004	Claim your reward!
800120001	Clean up the Quarantine Zone
800120002	[Quarantine Zone] Defeat the mutants and their monstrous allies.
800120003	Quarantined Monsters
800120004	Claim your reward!
800121001	Clean up Arachnaea
800121002	[Arachnaea] Defeat Atel Akaad and their allies.
800121003	Arachnen Invaders
800121004	Claim your reward!
800122001	Clean up the Feral Valley
800122002	[Feral Valley] Defeat the Black Claw orcans and their allies.
800122003	Feral Valley Invaders
800122004	Claim your reward!
800123001	Clean up the Temple of Dagon
800123002	[Temple of Dagon] Defeat the forces occupying the temple.
800123003	Dagon Servants
800123004	Claim your reward!
800124001	Clean up Fyrmount
800124002	[Fyrmount] Defeat shurians and mutated creatures.
800124003	Fyrmount Invaders
800124004	Claim your reward!
800125001	Clean up the Hungry Caverns
800125002	[Hungry Caverns] Defeat the Kaazur Syndicate and their allies.
800125003	Syndicate Operatives
800125004	Claim your reward!
800126001	Clean up the Darkquaver Woods
800126002	[Darkquaver Woods] Defeat the Ksharan Shadow Army and their allies.
800126003	Shadow Army
800126004	Claim your reward!
800127001	Clean up the Susurrus Woods
800127002	[Susurrus Woods] Defeat the Bleakrock Legion and their allies.
800127003	Susurrus Invaders
800127004	Claim your reward!
800128001	Clean up Tor Exsul
800128002	[Tor Exsul] Defeat the Tenebrara Legion and their allies.
800128003	Tenebrara Invaders
800128004	Claim your reward!
800129001	Clean up the Doomcrypt
800129002	[Doomcrypt] Defeat the prion forces and their allies.
800129003	Crypt Invaders
800129004	Claim your reward!
800130001	Clean up the Plain of the Damned
800130002	[Plain of the Damned] Defeat the Cursed Legion and their allies.
800130003	Ksharan Army
800130004	Claim your reward!
800131001	Clean up the Vale of Spires
800131002	[Vale of Spires] Defeat the wendigos and their allies.
800131003	Lorcadan Invaders
800131004	Claim your reward!
800132001	Clean up Tirkai Forest
800132002	[Tirkai Forest] Defeat argonomorphs and beasts.
800132003	Cyasmic Invaders
800132004	Claim your reward!
800133001	Clean up Thrallhold
800133002	[Thrallhold] Defeat argonomorph invaders.
800133003	Argonomorph Invaders
800133004	Claim your reward!
800134001	Clean up the Three Towers
800134002	[Three Towers] Destroy experimental argonomorphs.
800134003	Failed Experiment
800134004	Claim your reward!
800135001	Clean up the Khanovar Front
800135002	[Khanovar Front] Defeat argon invaders and their allies.
800135003	Argon Invaders
800135004	Claim your reward!
800136001	Clean up Argonea
800136002	[Argonea] Defeat the argon invaders.
800136003	Argon Invaders
800136004	Claim your reward!
800137001	Hunt Stonebeaks
800137002	[Oblivion Woods] Kill stonebeaks in Oblivion Woods.
800137003	Stonebeaks
800137004	Claim your rewards!
800138001	Hunt Devan Scouts
800138002	[Oblivion Woods] Defeat devan scouts in Oblivion Woods.
800138003	Devan Scouts
800138004	Claim your rewards!
800139001	Collect Stolen Money Bags
800139002	[Oblivion Woods] Get the stolen money bags back from devan ruffians in Oblivion Woods.
800139003	Stolen Money Bag
800139004	Claim your rewards!
800140001	Hunt Agitated Sporewalkers
800140002	[Oblivion Woods] Defeat agitated sporewalkers in Oblivion Woods.
800140003	Claim your rewards!
800141001	Hunt Fallen Defenders
800141002	[Oblivion Woods] Defeat fallen defenders and gather their bones.
800141003	Fallen Defenders
800141004	Claim your rewards!
800142001	Hunt Devan Raiders
800142002	[Oblivion Woods] Defeat devan raiders in Oblivion Woods.
800142003	Devan Raiders
800142004	Claim your rewards!
800143001	Hunt Lok Believers
800143002	[Oblivion Woods] Defeat Lok Believers to disrupt their alliance with the devas.
800143003	Lok Believers
800143004	Claim your rewards!
800144001	Hunt Mossy Ghilliedhus
800144002	[Oblivion Woods] Kill mossy ghilliedhus in Oblivion Woods.
800144003	Claim your rewards!
810001001	Complete the Bastion of Lok
810001002	[Bastion of Lok] Eliminate Murdranak!
810001003	Claim your reward!
810002001	Complete Sinestral Manor
810002002	[Sinestral Manor] Defeat Malgarios!
810002003	Claim your reward!
810003001	Complete Saravash's Ascent
810003002	[Saravash's Ascent] Defeat Saravash!
810003003	Claim your reward!
810004001	Complete the Cultists' Refuge
810004002	[Cultists' Refuge] Defeat Bhaozurbas!
810004003	Claim your reward!
810005001	Complete the Necromancer Tomb!
810005002	[Necromancer Tomb] Defeat Vedilith!
810005003	Claim your reward!
810006001	Complete the Golden Labyrinth
810006002	[Golden Labyrinth] Defeat Baracos!
810006003	Claim your reward!
810007001	Complete Akasha's Hideout
810007002	[Akasha's Hideout] Defeat Akasha!
810007003	Claim your reward!
810008001	Complete Saleron's Sky Garden!
810008002	[Saleron's Sky Garden] Defeat Striktryssir!
810008003	Striktryssir
810008004	Claim your reward!
810009001	Complete the Labyrinth of Terror
810009002	[Labyrinth of Terror] Defeat Killian!
810009003	Claim your reward!
810010001	Complete the Ebon Tower
810010002	[Ebon Tower] Defeat Thulsa!
810010003	Claim your reward!
810012001	Complete the Timescape
810012002	[Timescape] Defeat Valona!
810012003	Claim your rewards!
810030001	Hunt Basilisks
810030002	[Oblivion Woods] Hunt basilisks in the Bestial Vale.
810030003	Basilisks
810030004	Claim your reward!
810031001	Clean up Godric's Farm
810031002	[Celestial Hills] Eliminate enemies in the Omphalos Plains and Cardovek Remnants.
810031003	Godric's Farm monsters
810031004	Claim your reward!
810033001	Hunt Juggernaut Mercenaries
810033002	[Celestial Hills] Hunt juggernaut mercenaries in the Celestial Hills.
810033003	Juggernaut Mercenaries
810033004	Claim your reward!
810034001	Hunt Fimbrilisks
810034002	[Cliffs of Insanity] Hunt fimbrilisks in the Knoll of Screams.
810034003	Fimbrilisks
810034004	Claim your reward!
810035001	Hunt Ovoliths
810035002	[Vale of the Fang] Hunt ovoliths around Sinestral Manor.
810035003	Ovoliths
810035004	Claim your reward!
810036001	Hunt Dusky Basilisks
810036002	[Basilisk Crag] Hunt dusky basilisks in the Vale of Graves.
810036003	Essence of Dusky Basilisk
810036004	Claim your reward!
810037001	Hunt Labyrinth Denizens
810037002	[Azarel's Labyrinth] Hunt Azarel's juggernauts and labyrinthine stalkers on the second floor.
810037003	Azarel's Juggernauts
810037004	Claim your reward!
810038001	Hunt Lurking Teraliths
810038002	[Lake of Tears] Hunt lurking teraliths in the Blessed Woods.
810038003	Lurking Teraliths
810038004	Claim your reward!
810039001	Hunt Giant Gladiators
810039002	[Colossal Ruins] Hunt giant gladiators in the Arena of the Exalted.
810039003	Giant Gladiators
810039004	Claim your reward!
810040001	Hunt Desert Lightning Kumases
810040002	[Sandwalker Refuge] Hunt desert lightning kumases in Sandwalker Refuge.
810040003	Desert Lightning Kumases
810040004	Claim your reward!
810041001	Hunt Patient Lithikumases
810041002	[Blessing Basin] Hunt patient lithikumases in Celestus Rest.
810041003	Patient Lithikumases
810041004	Claim your reward!
810042001	Hunt Onyx Hydraths
810042002	[Tempest Reach] Hunt onyx hydraths in Icefang Inlet.
810042003	Onyx Hydraths
810042004	Claim your reward!
810043001	Hunt Ravenous Basilisks
810043002	[Feral Valley] Hunt ravenous basilisks in the northern reach of Feral Valley.
810043003	Ravenous Basilisks
810043004	Claim your reward!
810044001	Hunt Naga Battlemasters
810044002	[Serpentis Isle] Hunt naga battlemasters on Kerozen Isle.
810044003	Naga Battlemasters
810044004	Claim your reward!
810045001	Hunt Naga Leviathans
810045002	[Serpentis Isle] Hunt naga leviathans in Dagon's Tomb.
810045003	Naga Leviathans
810045004	Claim your reward!
810046001	Clean up the Hatchery
810046002	[Amena Quatla] Defeat ebon fimbrilisks and akalath warlords in the Hatchery.
810046003	Invaders
810046004	Claim your reward!
810047001	Hunt Sandlurker Lizards
810047002	[Tor Exsul] Hunt sandlurker lizards in the Raintree Oasis.
810047003	Sandlurker Lizards
810047004	Claim your reward!
810050001	Win in Kumas Royale
810050002	[Kumas Royale] Seize victory in Kumas Royale!
810050003	Claim your reward!
810051001	Win in Kumas Royale
810051002	[Kumas Royale] Seize victory in Kumas Royale!
810051003	Claim your reward!
810052001	Win in Kumas Royale
810052002	[Kumas Royale] Seize victory in Kumas Royale!
810052003	Claim your reward!
810053001	Win in Kumas Royale
810053002	[Kumas Royale] Seize victory in Kumas Royale!
810053003	Claim your reward!
810054001	Win in Kumas Royale
810054002	[Kumas Royale] Seize victory in Kumas Royale!
810054003	Claim your reward!
810055001	Win in Kumas Royale
810055002	[Kumas Royale] Seize victory in Kumas Royale!
810055003	Claim your reward!
810056001	Win in Kumas Royale
810056002	[Kumas Royale] Seize victory in Kumas Royale!
810056003	Claim your reward!
810057001	Win in Kumas Royale
810057002	[Kumas Royale] Seize victory in Kumas Royale!
810057003	Claim your reward!
810058001	Win in Kumas Royale
810058002	[Kumas Royale] Seize victory in Kumas Royale!
810058003	Claim your reward!
810059001	Hunt Devas
810059002	[Susurrus Woods] Hunt devas in Dakonan Junction.
810059003	Devas
810059004	Claim your reward!
810060001	Hunt Runekeepers
810060002	[Susurrus Woods] Hunt runekeepers in the Nightwood.
810060003	Runekeepers
810060004	Claim your reward!
810061001	Hunt Tirkai Grizzlies
810061002	[Tirkai Forest] Hunt tirkai grizzlies in the Whitefrost Forest.
810061003	Tirkai Grizzlies
810061004	Claim your reward!
810062001	Hunt Argonomorphs!
810062002	[Thrallhold] Hunt argonomorphs in the Vale of the Reaper.
810062003	Argonomorphs
810062004	Claim your reward!
810063001	Clean up the Twisted Plains
810063002	[Vale of the Fang] Hunt creatures on the Twisted Plains.
810063003	Twisted Plains Invaders
810063004	Claim your reward!
810064001	Clean up the Cardovek Remnants
810064002	[Celestial Hills] Hunt lokians in the Cardovek Remnants.
810064003	Lokians
810064004	Claim your reward!
810065001	Clean up the Shattered City
810065002	[Aurum Road] Hunt brainwashed soldiers in the Shattered City.
810065003	Brainwashed Soldiers
810065004	Claim your reward!
810066001	Clean up the Bloodblades
810066002	[Mount Tyrannas] Clear out the Bloodblade mercenary Camp.
810066003	Mercenaries
810066004	Claim your reward!
810067001	Hunt Kamaras
810067002	[Serpentis Isle] Hunt kamaras on Kerozen Isle.
810067003	Kamaras
810067004	Claim your reward!
810068001	Hunt Prion Njalvars
810068002	[Sienna Canyon] Hunt prion njalvars!
810068003	Prion Njalvars
810068004	Claim your reward!
810069001	Clean up Mags Tohopka
810069002	[Basilisk Crag] Hunt beasts in Mags Tohopka.
810069003	Mags Tohopka Beasts
810069004	Claim your reward!
810070001	Hunt Noruks
810070002	[Lake of Tears] Hunt mooncrest noruks and gather their antlers.
810070003	Antlers
810070004	Claim your reward!
810071001	Hunt Wendigos
810071002	[Vale of Spires] Hunt dominated wendigos near Icebace Defiance.
810071003	Dominated Wendigos
810071004	Claim your reward!
810101001	Clean up the Fey Forest
810101002	[Fey Forest] Defeat beasts, faeries, and sorcerers.
810101003	Fey Forest Invaders
810101004	Claim your reward!
810104001	Clean up the Celestial Hills
810104002	[Celestial Hills] Defeat the Red Fang orcans and their allies.
810104003	Red Fang Invaders
810104004	Claim your reward!
810105001	Clean up the Cliffs of Insanity
810105002	[Cliffs of Insanity] Eliminate crazed beasts and mutants.
810105003	Insane Monsters
810105004	Claim your reward!
810106001	Clean up the Vale of the Fang
810106002	[Vale of the Fang] Defeat the vampirs and their allies.
810106003	Vampirs
810106004	Claim your reward!
810107001	Clean up the Tenebrous Mines
810107002	[Tenebrous Mines] Defeat mercenaries and skeletons.
810107003	Shadow Soldiers
810107004	Claim your reward!
810108001	Clean up Mistmoor Island
810108002	[Mistmoor Island] Defeat the Kazuur syndicate and their allies.
810108003	Mistmoor Invaders
810108004	Claim your reward!
810109001	Clean up Azarel's Labyrinth
810109002	[Azarel's Labyrinth] Defeat gulas and alzarin imps.
810109003	Maze Runners
810109004	Claim your reward!
810110001	Clean up the Lake of Tears
810110002	[Lake of Tears] Defeat the conspirators and their allies.
810110003	Rebel Army
810110004	Claim your reward!
810111001	Clean up the Colossal Ruins
810111002	[Colossal Ruins] Defeat the Desert Fire kulkari and their allies.
810111003	Desert Fire Invaders
810111004	Claim your reward!
810112001	Clean up Aurum Road
810112002	[Aurum Road] Defeat the Sand Wind kulkari and their allies.
810112003	Sand Wind Invaders
810112004	Claim your reward!
810113001	Clean up the Dark Cathedral
810113002	[Dark Cathedral] Defeat the devan cultists and their allies.
810113003	Cultists
810113004	Claim your reward!
810114001	Clean up Essenian Crest
810114002	[Essenian Crest] Defeat the Brogar Legion and their allies.
810114003	Brogar Legion
810114004	Claim your reward!
810115001	Clean up the Blightwood
810115002	[Blightwood] Eliminate corrupted beasts.
810115003	Corrupted Beasts
810115004	Claim your reward!
810116001	Clean up the Timeless Woods
810116002	[Timeless Woods] Defeat the lokians and their allies.
810116003	Timeless Woods Invaders
810116004	Claim your reward!
810117001	Clean up Tempest Reach
810117002	[Tempest Reach] Defeat the drowned gulas and their allies.
810117003	Maelstrom Invaders
810117004	Claim your reward!
810118001	Clean up Mount Tyrannas
810118002	[Mount Tyrannas] Defeat the Stalker Company and their allies.
810118003	Tyrant's Army
810118004	Claim your reward!
810119001	Clean up the Citadel of Torment
810119002	[Citadel of Torment] Defeat the Blood Guards and their allies.
810119003	Blood Guard Invaders
810119004	Claim your reward!
810120001	Clean up the Quarantine Zone
810120002	[Quarantine Zone] Defeat the mutants and their monstrous allies.
810120003	Quarantined Monsters
810120004	Claim your reward!
810121001	Clean up Arachnaea
810121002	[Arachnaea] Defeat Atel Akaad and their allies.
810121003	Arachnen Invaders
810121004	Claim your reward!
810122001	Clean up the Feral Valley
810122002	[Feral Valley] Defeat the Black Claw orcans and their allies.
810122003	Feral Valley Invaders
810122004	Claim your reward!
810123001	Clean up the Temple of Dagon
810123002	[Temple of Dagon] Defeat the forces occupying the temple.
810123003	Dagon Servants
810123004	Claim your reward!
810124001	Clean up Fyrmount
810124002	[Fyrmount] Defeat shurians and mutated creatures.
810124003	Fyrmount Invaders
810124004	Claim your reward!
810125001	Clean up the Hungry Caverns
810125002	[Hungry Caverns] Defeat the Kaazur Syndicate and their allies.
810125003	Syndicate Operatives
810125004	Claim your reward!
810126001	Clean up the Darkquaver Woods
810126002	[Darkquaver Woods] Defeat the Ksharan Shadow Army and their allies.
810126003	Shadow Army
810126004	Claim your reward!
810127001	Clean up the Susurrus Woods
810127002	[Susurrus Woods] Defeat the Bleakrock Legion and their allies.
810127003	Susurrus Invaders
810127004	Claim your reward!
810128001	Clean up Tor Exsul
810128002	[Tor Exsul] Defeat the Tenebrara Legion and their allies.
810128003	Tenebrara Invaders
810128004	Claim your reward!
810129001	Clean up the Doomcrypt
810129002	[Doomcrypt] Defeat the prion forces and their allies.
810129003	Crypt Invaders
810129004	Claim your reward!
810130001	Clean up the Plain of the Damned
810130002	[Plain of the Damned] Defeat the Cursed Legion and their allies.
810130003	Ksharan Army
810130004	Claim your reward!
810131001	Clean up the Vale of Spires
810131002	[Vale of Spires] Defeat the wendigos and their allies.
810131003	Lorcadan Invaders
810131004	Claim your reward!
810132001	Clean up Tirkai Forest
810132002	[Tirkai Forest] Defeat argonomorphs and beasts.
810132003	Cyasmic Invaders
810132004	Claim your reward!
810133001	Clean up Thrallhold
810133002	[Thrallhold] Defeat argonomorph invaders.
810133003	Argonomorph Invaders
810133004	Claim your reward!
810134001	Clean up the Three Towers
810134002	[Three Towers] Destroy experimental argonomorphs.
810134003	Failed Experiment
810134004	Claim your reward!
810135001	Clean up the Khanovar Front
810135002	[Khanovar Front] Defeat argon invaders and their allies.
810135003	Argon Invaders
810135004	Claim your reward!
810136001	Clean up Argonea
810136002	[Argonea] Defeat the argon invaders.
810136003	Argon Invaders
810136004	Claim your reward!
810137001	Hunt Stonebeaks
810137002	[Oblivion Woods] Kill stonebeaks in Oblivion Woods.
810137003	Stonebeaks
810137004	Claim your rewards!
810138001	Hunt Devan Scouts
810138002	[Oblivion Woods] Defeat devan scouts in Oblivion Woods.
810138003	Devan Scouts
810138004	Claim your rewards!
810139001	Collect Stolen Money Bags
810139002	[Oblivion Woods] Get the stolen money bags back from devan ruffians in Oblivion Woods.
810139003	Stolen Money Bag
810139004	Claim your rewards!
810140001	Hunt Agitated Sporewalkers
810140002	[Oblivion Woods] Defeat agitated sporewalkers in Oblivion Woods.
810140003	Claim your rewards!
810141001	Hunt Fallen Defenders
810141002	[Oblivion Woods] Defeat fallen defenders and gather their bones.
810141003	Fallen Defenders
810141004	Claim your rewards!
810142001	Hunt Devan Raiders
810142002	[Oblivion Woods] Defeat devan raiders in Oblivion Woods.
810142003	Devan Raiders
810142004	Claim your rewards!
810143001	Hunt Lok Believers
810143002	[Oblivion Woods] Defeat Lok Believers to disrupt their alliance with the devas.
810143003	Lok Believers
810143004	Claim your rewards!
810144001	Hunt Mossy Ghilliedhus
810144002	[Oblivion Woods] Kill mossy ghilliedhus in Oblivion Woods.
810144003	Claim your rewards!
970010001	Win in Shore Hold.
970010002	[Shore Hold] Seize victory in Shore Hold.
970010003	Claim your rewards!
970011001	Win in Kumas Royale
970011002	[Kumas Royale] Seize victory in Kumas Royale!
970011003	Claim your rewards!
970012001	It's Time for Wintera Snowfield!
970012002	[Wintera Snowfield] Seize victory in Wintera Snowfield!
970012003	Claim your rewards!
970110001	[Personal Equipment] Gain Victory in Shore Hold.
970110002	[Shore Hold] Seize victory in the Battleground.
970110003	Claim your rewards!
970111001	Win in Kumas Royale
970111002	[Kumas Royale] Seize victory in Kumas Royale!
970111003	Claim your rewards!
970112001	It's Time for Wintera Snowfield!
970112002	[Wintera Snowfield] Seize victory in Wintera Snowfield!
970112003	Claim your rewards!
980051001	Win in the Iron Battleground
980051002	[Iron Battleground] Seize victory in Iron Battleground!
980051003	Claim your reward!
980052001	Win in the Iron Battleground
980052002	[Iron Battleground] Seize victory in Iron Battleground!
980052003	Claim your reward!
980053001	Win in the Iron Battleground
980053002	[Iron Battleground] Seize victory in Iron Battleground!
980053003	Claim your reward!
980054001	Win in the Iron Battleground
980054002	[Iron Battleground] Seize victory in Iron Battleground!
980054003	Claim your reward!
980055001	Win in the Iron Battleground
980055002	[Iron Battleground] Seize victory in Iron Battleground!
980055003	Claim your reward!
980056001	Win in the Iron Battleground
980056002	[Iron Battleground] Seize victory in Iron Battleground!
980056003	Claim your reward!
980057001	Win in the Iron Battleground
980057002	[Iron Battleground] Seize victory in Iron Battleground!
980057003	Claim your reward!
980058001	Win in the Iron Battleground
980058002	[Iron Battleground] Seize victory in Iron Battleground!
980058003	Claim your reward!
980059001	Win in the Iron Battleground
980059002	[Iron Battleground] Seize victory in Iron Battleground!
980059003	Claim your reward!
981051001	Win in the Iron Battleground
981051002	[Iron Battleground] Seize victory in Iron Battleground!
981051003	Claim your reward!
981052001	Win in the Iron Battleground
981052002	[Iron Battleground] Seize victory in Iron Battleground!
981052003	Claim your reward!
981053001	Win in the Iron Battleground
981053002	[Iron Battleground] Seize victory in Iron Battleground!
981053003	Claim your reward!
981054001	Win in the Iron Battleground
981054002	[Iron Battleground] Seize victory in Iron Battleground!
981054003	Claim your reward!
981055001	Win in the Iron Battleground
981055002	[Iron Battleground] Seize victory in Iron Battleground!
981055003	Claim your reward!
981056001	Win in the Iron Battleground
981056002	[Iron Battleground] Seize victory in Iron Battleground!
981056003	Claim your reward!
981057001	Win in the Iron Battleground
981057002	[Iron Battleground] Seize victory in Iron Battleground!
981057003	Claim your reward!
981058001	Win in the Iron Battleground
981058002	[Iron Battleground] Seize victory in Iron Battleground!
981058003	Claim your reward!
981059001	Win in the Iron Battleground
981059002	[Iron Battleground] Seize victory in Iron Battleground!
981059003	Claim your reward!
983001001	Win in Celestial Arena
983001002	[Celestial Arena] Seize victory in the arena!
983001003	Won a match!
983001004	Claim your rewards!
983002001	Win in Celestial Arena
983002002	[Celestial Arena] Seize victory in the arena!
983002003	Won a match!
983002004	Claim your rewards!
983101001	Complete Echoes of Aranea
983101002	[Echoes of Aranea] Journey back in time to Castle Aranea and restore the Echo Arcana!
983101003	Restored Echo Arcana
983101004	Claim your reward!
983102001	Complete Echoes of Aranea
983102002	[Echoes of Aranea] Journey back in time to Castle Aranea and restore the Echo Arcana!
983102003	Restored Echo Arcana
983102004	Claim your reward!
983201001	Complete the Pit of Petrax
983201002	[Pit of Petrax] Defeat Petrax and the archdevan researcher!
983201003	Petrax
983201004	Claim your reward!
983202001	Complete the Pit of Petrax
983202002	[Pit of Petrax] Defeat Petrax and the archdevan researcher!
983202003	Petrax
983202004	Claim your reward!
983302001	Complete Guardian Legion Missions I
983302002	[Guardian Legion] Complete “Shadow of the Gutrends” or “Escape from Balder’s Refuge” mission and claim a Guardian Legion Reward!
983302003	Claim Guardian Legion reward.
983302004	Claim your reward!
983303001	Complete Guardian Legion Missions II
983303002	[Guardian Legion Mission] Complete 'Eyes Wide Open' or 'Crack the Crustacean' and claim 100,000 points.
983303003	Claim Guardian Legion reward.
983303004	Claim your reward!
983304001	Complete Guardian Legion Missions III
983304002	[Guardian Legion Mission] Complete 'Tuwangi Reflexes Training' or 'Bad Day at Bleakrock' and claim 100,000 points.
983304003	Claim Guardian Legion reward.
983304004	Claim your reward!
983402001	Dominate the Skies
983402002	[Guardian Legion (Flight)] Complete 'The Rhapsody of Wind and Fire' or 'Search and Destroy' and claim a Guardian Legion reward.
983402003	Guardian Legion Flight Mission Interaction
983402004	Claim your reward!
983501001	Fishing! So much fun!
983501002	Try fishing in a fishery. Waining can help you to get to a fishery.
983501003	Claim Daily Fishing Reward
983501004	Claim your rewards!
999601001	Hunt Brutal Basilisks
999601002	[Island of Dawn] Hunt brutal basilisks and collect basilisk eyes.
999601003	Basilisk Eye
999601004	Claim your reward!
999602001	Hunt Brutal Orisks
999602002	[Island of Dawn] Hunt brutal orisks and collect orisk tusks.
999602003	Orisk Tusk
999602004	Claim your reward!
999603001	Hunt Brutal Ovoliths
999603002	[Island of Dawn] Hunt brutal ovoliths and collect poison sacs.
999603003	Poison Sac
999603004	Claim your reward!
999604001	Hunt Brutal Bloodbound Teraliths
999604002	[Island of Dawn] Hunt brutal bloodbound teraliths and collect bloodbound shards.
999604003	Bloodbound Shard
999604004	Claim your reward!
999605001	Hunt Brutal Fimbrilisks
999605002	[Island of Dawn] Hunt brutal fimbrilisks and collect fimbrilisk claws.
999605003	Fimbrilisk Claw
999605004	Claim your reward!
999606001	Hunt Brutal Searing Fangspawns
999606002	[Island of Dawn] Hunt brutal searing fangspawns and collect fangspawn horns.
999606003	Fangspawn Horn
999606004	Claim your reward!
999607001	Hunt Brutal Naga Battlemasters
999607002	[Island of Dawn] Hunt brutal naga battlemasters and collect battlemaster scales.
999607003	Battlemaster Scale
999607004	Claim your reward!
999608001	Hunt Brutal Iron Giants
999608002	[Island of Dawn] Hunt brutal iron giants and collect iron rings.
999608003	Iron Giant Rings
999608004	Claim your reward!
999609001	Hunt Brutal Onyx Hydraths
999609002	[Island of Dawn] Hunt brutal onyx hydraths and collect onyx thorns.
999609003	Onyx Thorn
999609004	Claim your reward!
999610001	Conquer Blessing Basin
999610002	[Blessing Basin] Defeat Oneiroliths, Rheumikumases, Resurrected Trees, and Shadow Overseers 100 times!
999610003	Blessing Basin Monsters
999610004	Claim your reward!
999611001	Conquer Essenian Crest
999611002	[Essenian Crest] Defeat Contaminated Hellmouth Fangspawns, Mournwings, and Murderwings 100 times!
999611003	Essenian Crest Monsters
999611004	Claim your reward!
999612001	Conquer Sienna Canyon
999612002	[Sienna Canyon] Defeat Desert Basilisks, Darkflame Dracoloths, and Trihorn Dracoloths 100 times!
999612003	Sienna Canyon Monsters
999612004	Claim your reward!
999701001	Hunt Brutal Basilisks
999701002	[Island of Dawn] Hunt brutal basilisks and collect basilisk eyes.
999701003	Basilisk Eye
999701004	Claim your reward!
999702001	Hunt Brutal Orisks!
999702002	[Island of Dawn] Hunt brutal orisks and collect orisk tusks.
999702003	Orisk Tusk
999702004	Claim your reward!
999703001	Hunt Brutal Ovoliths
999703002	[Island of Dawn] Hunt brutal ovoliths and collect poison sacs.
999703003	Poison Sac
999703004	Claim your reward!
999704001	Hunt Brutal Bloodbound Teraliths
999704002	[Island of Dawn] Hunt brutal bloodbound teraliths and collect bloodbound shards.
999704003	Bloodbound Shard
999704004	Claim your reward!
999705001	Hunt Brutal Fimbrilisks
999705002	[Island of Dawn] Hunt brutal fimbrilisks and collect fimbrilisk claws.
999705003	Fimbrilisk Claw
999705004	Claim your reward!
999706001	Hunt Brutal Searing Fangspawns
999706002	[Island of Dawn] Hunt brutal searing fangspawns and collect fangspawn horns.
999706003	Fangspawn Horn
999706004	Claim your reward!
999707001	Hunt Brutal Naga Battlemasters
999707002	[Island of Dawn] Hunt brutal naga battlemasters and collect battlemaster scales.
999707003	Battlemaster Scale
999707004	Claim your reward!
999708001	Hunt Brutal Iron Giants
999708002	[Island of Dawn] Hunt brutal iron giants and collect iron rings.
999708003	Iron Ring
999708004	Claim your reward!
999709001	Hunt Brutal Onyx Hydraths
999709002	[Island of Dawn] Hunt brutal onyx hydraths and collect onyx thorns.
999709003	Onyx Thorn
999709004	Claim your reward!
999710001	Conquer Blessing Basin
999710002	[Blessing Basin] Defeat Oneiroliths, Rheumikumases, Resurrected Trees, and Shadow Overseers 100 times!
999710003	Blessing Basin Monsters
999710004	Claim your reward!
999711001	Conquer Essenian Crest
999711002	[Essenian Crest] Defeat Contaminated Hellmouth Fangspawns, Mournwings, and Murderwings 100 times!
999711003	Essenian Crest Monsters
999711004	Claim your reward!
999712001	Conquer Sienna Canyon
999712002	[Sienna Canyon] Defeat Desert Basilisks, Darkflame Dracoloths, and Trihorn Dracoloths 100 times!
999712003	Sienna Canyon Monsters
999712004	Claim your reward!
999805001	Complete Manaya's Core
999805002	[Manaya's Core] Defeat Shandra Manaya!
999805003	Claim your reward!
999809001	Dungeon Raiders
999809002	Apply for Dungeon Raiders and finish a mission!
999809003	Claim your reward!
999811001	Clean up the Velika Outskirts
999811002	[Velika Outskirts] Gather timbers by killing leafgarb ghilliedhus and rotbough mycanars.
999811003	Useful Timber
999811004	Claim your reward!
999812001	Hunt Mandrills
999812002	[Savage Reach] Hunt kobifrill mandrills to help secure the road to Boscan Terrace.
999812003	Claim your reward!
999813001	Hunt Guwangis
999813002	[Savage Reach] Protect our Khirian allies by killing guwangis.
999813003	Guwangi
999813004	Claim your reward!
999814001	Clean up Mendara Cavern
999814002	[Savage Reach] Help the Khirians by killing guwangi hunters and cavern ovoliths.
999814003	Guwangi Hunters and Cavern Ovoliths
999814004	Claim your reward!
999815001	Clean up the Pools of Zurusuru
999815002	[Savage Reach] Kill Parthian bashers and needlers and collect their sashes.
999815003	Parthian Sash
999815004	Claim your reward!
999816001	Collect Engine Pieces
999816002	[Savage Reach] Collect engine pieces to help Paesyn try to repair Intrepid.
999816003	Engine Piece
999816004	Claim your reward!
999816005	Engine Piece
999818001	Clean up the Yaldaru Hills
999818002	[Savage Reach] Kill Parthian adepts and snipers before they uncover Intrepid's secrets.
999818003	Parthian Adepts and Snipers
999818004	Claim your reward!
999819001	Collect Moaloth Eggs
999819002	[Ex Prima] Gather moaloth eggs for Mysterium research.
999819003	Moaloth Egg
999819004	Claim your reward!
999819005	Moaloth Egg
999820001	Hunt Starving Velika Bears
999820002	[Velika Outskirts] Eliminate starving Velika bears before they eat all the supplies.
999820003	Claim your reward!
999821001	Hunt Orisks
999821002	[Spring Valley] Kill orisks in the Emerald Hills.
999821003	Claim your reward!
999822001	Hunt Demokron Thralls
999822002	[Spring Valley] Kill demokron thralls in the Emerald Hills.
999822003	Demokron Thrall
999822004	Claim your reward!
999823001	Clean up Spring Valley
999823002	[Spring Valley] Kill Spring Valley Intruders and collect their talismans.
999823003	Mysterious Talisman
999823004	Claim your reward!
999824001	Collect Lime Deposits
999824002	[Spring Valley] Gather lime from deposits around the Hina Hot Springs.
999824003	Lime Deposit
999824004	Claim your reward!
999824005	Lime Deposit
999825001	Clean up the Hina Hot Springs
999825002	[Spring Valley] Kill hot springs starfish and hot springs kamaras.
999825003	Hot Springs starfish and kamaras
999825004	Claim your reward!
999826001	Hunt the Archdevan Imperial Army
999826002	[Spring Valley] Defeat Archdevan Imperial Army forces.
999826003	Archdevan Imperial Army
999826004	Claim your reward!
999827001	Clean up Kazan's Ridge
999827002	[Spring Valley] Hunt valley mugatos and valley grizzlies and collect their bones.
999827003	Spring Valley Animal Bones
999827004	Claim your reward!
999828001	Collect Vanguard Supply Crates
999828002	[Savage Reach] Keep the Vanguard Initiative going by recovering supply crates near the Jungle Pool.
999828003	Vanguard Supply Crate
999828004	Claim your reward!
999828005	Vanguard Supply Crate
999829001	Hunt Jungle Arachnens
999829002	[Savage Reach] Hunt jungle arachnens near Khirian Outpost.
999829003	Jungle Arachnen
999829004	Claim your reward!
999830001	Hunt Spring Valley Invaders
999830002	[Spring Valley] Kill Spring Valley Invaders and collect their talismans.
999830003	Mysterious Talisman
999830004	Claim your reward!
999831001	Hunt Demokron Shock Troopers
999831002	[Ex Prima] Kill demokron shock troopers harrying Qeldar Station!
999831003	Demokron Shock Trooper
999831004	Claim your reward!
999832001	Hunt Ruins Guardians
999832002	[Ex Prima] Kill ruins guardians in the Ruins of Shalek.
999832003	Claim your reward!
999833001	Collect Reflective Roots
999833002	[Ex Prima] Gather reflective roots near Havenstone Ruins.
999833003	Reflective Root
999833004	Claim your reward!
999833005	Reflective Root
999834001	Hunt Deformed Fangspawns
999834002	[Ex Prima] Kill deformed fangspawns to secure the area around Havenstone Ruins.
999834003	Claim your reward!
999835001	Collect Soul Fragments
999835002	[Ex Prima] Free the souls of murdered baraka near Havenstone Ruins.
999835003	Murdered Souls
999835004	Claim your reward!
999835005	Murdered Souls
999836001	Clean up Diranas Quarry
999836002	[Ex Prima] Kill Moaloths and Magmaras in Diranas Quarry.
999836003	Diranas Quarry BAMs
999836004	Claim your reward!
999837001	Hunt Mutating Parthians
999837002	[Ex Prima] Kill mutating Parthians.
999837003	Mutating Parthian
999837004	Claim your reward!
999838001	Hunt Archdevan Imperial Officers
999838002	[Ex Prima] Kill archdevan imperial officers in the Verdantfire Rift.
999838003	Archdevan Imperial Officers
999838004	Claim your reward!
999840001	Hunt Goblin Brigands
999840002	[Highwatch Outskirts] Defeat goblin brigands.
999840003	Claim your reward!
999841001	Clean up Frostvale
999841002	[Arx Umbra] Kill devans and their beasts in Frostvale.
999841003	Archdevan Forces
999841004	Claim your reward!
999842001	Collect Boxes of Parts
999842002	[Arx Umbra] Gather boxes of parts for the Vanguard engineers.
999842003	Box of Parts
999842004	Claim your reward!
999842005	Box of Parts
999843001	Hunt Snowfall Sabertooths
999843002	[Arx Umbra] Kill snowfall sabertooths to protect our forces in the Mingor Cliffs.
999843003	Snowfall Sabertooth
999843004	Claim your reward!
999844001	Hunt Frostclaw Hyenas
999844002	[Arx Umbra] Kill frostclaw hyenas to protect Tempest Outpost.
999844003	Frostclaw Hyena
999844004	Claim your reward!
999845001	Hunt the Bloodthrall Corps
999845002	[Arx Umbra] Hunt down the Parthian Bloodthrall Corps and take their sigils.
999845003	Parthian Sigil
999845004	Claim your reward!
999846001	Hunt Lesser Demokrons
999846002	[Arx Umbra] Hunt quadrilars and siculas on the Delvias Front.
999846003	Demokron Swarm
999846004	Claim your reward!
999847001	Hunt Furyguards
999847002	[Arx Umbra] Kill Furyguards in and around Trellum Consurgo to weaken the archdevas' defenses.
999847003	Mark of Fury
999847004	Claim your reward!
999848001	Hunt Parthian Brutes
999848002	[Savage Reach] Kill Parthian brutes and bloodclaws on the road to Spring Valley to protect the Vanguard Initiative.
999848003	Parthian Brutes and Bloodclaws
999848004	Claim your reward!
999849001	Hunt Demokron Thralls
999849002	[Spring Valley] Kill demokron thralls in the Emerald Hills.
999849003	Demokron Thrall
999849004	Claim your reward!
999850001	Clean up the Delvias Front
999850002	[Arx Umbra] Hunt barbed lacerases and vicious alvusks on the Delvias Front.
999850003	Demokron Swarm
999850004	Claim your reward!
999851001	[Unified Gear] Gain Victory in Corsairs' Stronghold.
999851002	[Corsairs' Stronghold] Seize victory in Corsairs' Stronghold!
999851003	Claim your reward!
999853001	[Personal Equipment] Gain Victory in Fraywind Canyon.
999853002	[Fraywind Canyon] Seize victory in Fraywind Canyon!
999853003	Claim your reward!
999854001	[Unified Gear] Gain Victory in Champions' Skyring.
999854002	[Champions' Skyring] Seize victory in Champions' Skyring (Ranked: Solo).
999854003	Claim your reward!
999855001	Hunt Onyx Jungle Sabertooths
999855002	[Savage Reach] Hunt onyx jungle sabertooths in the Pools of Zurusuru.
999855003	Claim your reward!
999856001	Collect Blatherweed
999856002	[Spring Valley] Gather blatherweed.
999856003	Blatherweed
999856004	Claim your reward!
999856005	Blatherweed
999857001	Hunt Greater Demokrons
999857002	[Arx Umbra] Kill hulking salcatas and rapacious oculoids to weaken the archdevas' defense on the Delvias Front.
999857003	Demokron Swarm
999857004	Claim your reward!
999861001	Complete Macellarius Catacombs
999861002	[Macellarius Catacombs] Defeat Demokraxus!
999861003	Claim your rewards!
999864001	Complete Rift's Edge
999864002	[Rift's Edge] Defeat Koleogg!
999864003	&quot;Claim your reward!&quot;
999865001	Hunt Valley Noruks
999865002	[Spring Valley] Defeat valley noruks and collect their antlers.
999865003	Valley Noruk Antler
999865004	Claim your reward!
999875001	Clean up Boscan Terrace
999875002	[Savage Reach] Kill guwangi hunters and jungle arachnens to aid the Khirians.
999875003	Guwangi Hunters and Jungle Arachnens
999875004	Claim your reward!
999876001	Hunt Parthian Bowmen
999876002	[Spring Valley] Kill Parthian bowmen and collect their talismans.
999876003	Mysterious Talisman
999876004	Claim your reward!
999877001	Hunt Archdevan Imperial Officers
999877002	[Ex Prima] Kill archdevan imperial officers in the Verdantfire Rift.
999877003	Archdevan Imperial Officers
999877004	Claim your reward!
999878001	Hunt Lesser Demokrons
999878002	[Arx Umbra] Hunt quadrilars and siculas on the Delvias Front.
999878003	Demokron Swarm
999878004	Claim your reward!
999879001	Collect Engine Pieces
999879002	[Savage Reach] Collect engine pieces to help Paesyn try to repair Intrepid.
999879003	Engine Piece
999879004	Claim your reward!
999879005	Engine Piece
999880001	Collect Lime Deposits
999880002	[Spring Valley] Gather lime from deposits around the Hina Hot Springs.
999880003	Lime Deposit
999880004	Claim your reward!
999880005	Lime Deposit
999881001	Collect Reflective Roots
999881002	[Ex Prima] Gather reflective roots near Havenstone Ruins.
999881003	Reflective Root
999881004	Claim your reward!
999881005	Reflective Root
999882001	Collect Soul Fragments
999882002	[Ex Prima] Free the souls of murdered baraka near Havenstone Ruins.
999882003	Murdered Souls
999882004	Claim your reward!
999882005	Murdered Souls
999883001	Collect Boxes of Parts
999883002	[Arx Umbra] Gather boxes of parts for the Vanguard engineers.
999883003	Box of Parts
999883004	Claim your reward!
999883005	Box of Parts
999884001	Collect Sarberries
999884002	[Festival of the Sun] If you get me sarberries, I will give you condensed milk.
999884003	Sarberry
999884004	Claim your reward!
999884005	Sarberry
999885001	Collect Construction Sand
999885002	[Castanica Beach Party] Find perfect spots and build sandcastles on the beach.
999885003	Sandcastle
999885004	Claim your reward!
999885005	Sandcastle
999886001	Collect Construction Sand
999886002	[Castanica Beach Party] Find perfect spots and build sandcastles on the beach.
999886003	Sandcastle
999886004	Claim your reward!
999886005	Sandcastle
999888001	Collect Taproots
999888002	[Harvest Festival] Collect taproots for tuwangi lunchboxes.
999888003	Taproot
999888004	Claim your reward!
999888005	Taproot
999889001	
999889002	
999889003	
999892001	Win during Bamarama
999892002	[Bamarama] Place a bet and win during Bamarama.
999892003	Claim your reward!
999897001	Clean up the Mingor Cliffs
999897002	[Arx Umbra] Eliminate demokron experiments in the Mingor Cliffs.
999897003	Failed Experiments and Corroded Experiments
999897004	Claim your reward!
999898001	[Unified Gear] Win in Gridiron
999898002	[Gridiron] Seize victory in the Gridiron!
999898003	Claim your reward!
999899001	Win in Kumas Royale
999899002	[Kumas Royale] Seize victory in Kumas Royale!
999899003	Claim your reward!
999903001	Clear Argon Corpus
999903002	[Argon Corpus] Defeat Meldita!
999903003	Claim your rewards!
999904001	Suppression Orders: Guardian of the Relic
999904002	[Balder's Temple] Eliminate the Guardians of the Relic!
999904003	Claim your rewards!
999905001	Complete Manaya's Core
999905002	[Manaya's Core] Defeat Shandra Manaya!
999905003	Claim your reward!
999909001	Apply for Dungeon Raiders!
999909002	&quot;Apply for Dungeon Raiders and finish your mission with your allies!&quot;
999909003	Claim your reward!
999911001	Clean up the Velika Outskirts
999911002	[Velika Outskirts] Gather timbers by killing leafgarb ghilliedhus and rotbough mycanars.
999911003	Useful Timber
999911004	Claim your reward!
999912001	Hunt Mandrills
999912002	[Savage Reach] Hunt kobifrill mandrills on the Eerie Rise to help secure the road to Boscan Terrace.
999912003	Claim your reward!
999913001	Hunt Guwangis
999913002	[Savage Reach] Protect our Khirian allies by killing guwangis.
999913003	Guwangis
999913004	Claim your reward!
999914001	Clean up Mendara Cavern
999914002	[Savage Reach] Help the Khirians by killing guwangi hunters and cavern ovoliths.
999914003	Guwangi Hunters and Cavern Ovoliths
999914004	Claim your reward!
999915001	Clean up the Pools of Zurusuru
999915002	[Savage Reach] Kill Parthian bashers and needlers and collect their sashes.
999915003	Parthian Sash
999915004	Claim your reward!
999916001	Collect Engine Pieces
999916002	[Savage Reach] Collect engine pieces to help Paesyn try to repair Intrepid.
999916003	Engine Piece
999916004	Claim your reward!
999916005	Engine Piece
999918001	Clean up the Yaldaru Hills
999918002	[Savage Reach] Kill Parthian adepts and snipers before they uncover Intrepid's secrets.
999918003	Parthian Adepts and Snipers
999918004	Claim your reward!
999919001	Collect Moaloth Eggs
999919002	[Ex Prima] Gather moaloth eggs for Mysterium research.
999919003	Moaloth Egg
999919004	Claim your reward!
999919005	Moaloth Egg
999920001	Hunt Starving Velika Bears
999920002	[Velika Outskirts] Eliminate starving Velika bears before they eat all the supplies.
999920003	Claim your reward!
999921001	Hunt Orisks
999921002	[Spring Valley] Kill orisks in the Emerald Hills.
999921003	Claim your reward!
999922001	Hunt Demokron Thralls
999922002	[Spring Valley] Kill demokron thralls in the Emerald Hills.
999922003	Demokron Thrall
999922004	Claim your reward!
999923001	Clean up Spring Valley
999923002	[Spring Valley] Kill Spring Valley Intruders and collect their talismans.
999923003	Mysterious Talisman
999923004	Claim your reward!
999924001	Collect Lime Deposits
999924002	[Spring Valley] Gather lime from deposits around the Hina Hot Springs.
999924003	Lime Deposit
999924004	Claim your reward!
999924005	Lime Deposit
999925001	Clean up the Hina Hot Springs
999925002	[Spring Valley] Kill hot springs starfish and hot springs kamaras.
999925003	Hot Springs starfish and kamaras
999925004	Claim your reward!
999926001	Hunt the Archdevan Imperial Army
999926002	[Spring Valley] Defeat Archdevan Imperial Army forces.
999926003	Archdevan Imperial Army
999926004	Claim your reward!
999927001	Clean up Kazan's Ridge
999927002	[Spring Valley] Hunt valley mugatos and valley grizzlies and collect their bones.
999927003	Spring Valley Animal Bones
999927004	Claim your reward!
999928001	Collect Vanguard Supply Crates
999928002	[Savage Reach] Keep the Vanguard Initiative going by recovering its supply cratesnear the Jungle Pool.
999928003	Vanguard Supply Crate
999928004	Claim your reward!
999928005	Vanguard Supply Crate
999929001	Hunt Jungle Arachnens
999929002	[Savage Reach] Hunt jungle arachnens near Khirian Outpost.
999929003	Jungle Arachnen
999929004	Claim your reward!
999930001	Hunt Spring Valley Invaders
999930002	[Spring Valley] Kill Spring Valley Invaders and collect their talismans.
999930003	Mysterious Talisman
999930004	Claim your reward!
999931001	Hunt Demokron Shock Troopers
999931002	[Ex Prima] Kill demokron shock troopers harrying Qeldar Station!
999931003	Demokron Shock Trooper
999931004	Claim your reward!
999932001	Hunt Ruins Guardians
999932002	[Ex Prima] Kill ruins guardians in the Ruins of Shalek.
999932003	Claim your reward!
999933001	Collect Reflective Roots
999933002	[Ex Prima] Gather reflective roots near Havenstone Ruins.
999933003	Reflective Roots
999933004	Claim your reward!
999933005	Reflective Root
999934001	Hunt Deformed Fangspawns
999934002	[Ex Prima] Kill deformed fangspawns to secure the area around Havenstone Ruins.
999934003	Claim your reward!
999935001	Collect Soul Fragments
999935002	[Ex Prima] Free the souls of murdered baraka near Havenstone Ruins.
999935003	Murdered Souls
999935004	Claim your reward!
999935005	Murdered Souls
999936001	Clean up Diranas Quarry
999936002	[Ex Prima] Kill moaloths and magmaras in Diranas Quarry.
999936003	Diranas Quarry BAMs
999936004	Claim your reward!
999937001	Hunt Mutating Parthians
999937002	[Ex Prima] Kill mutating Parthians.
999937003	Mutating Parthians
999937004	Claim your reward!
999938001	Hunt Archdevan Imperial Officers
999938002	[Ex Prima] Kill archdevan imperial officers in the Verdantfire Rift.
999938003	Archdevan Imperial Officers
999938004	Claim your reward!
999940001	Hunt Goblin Brigands
999940002	[Highwatch Outskirts] Defeat goblin brigands.
999940003	Claim your reward!
999941001	Clean up Frostvale
999941002	[Arx Umbra] Kill devans and their beasts in Frostvale.
999941003	Archdevan Forces
999941004	Claim your reward!
999942001	Collect Boxes of Parts
999942002	[Arx Umbra] Gather boxes of parts for the Vanguard engineers.
999942003	Box of Parts
999942004	Claim your reward!
999942005	Box of Parts
999943001	Hunt Snowfall Sabertooths
999943002	[Arx Umbra] Kill snowfall sabertooths to protect our forces in the Mingor Cliffs.
999943003	Snowfall Sabertooth
999943004	Claim your reward!
999944001	Hunt Frostclaw Hyenas
999944002	[Arx Umbra] Kill frostclaw hyenas to protect Tempest Outpost.
999944003	Frostclaw Hyena
999944004	Claim your reward!
999945001	Hunt the Bloodthrall Corps
999945002	[Arx Umbra] Hunt down the Parthian Bloodthrall Corps and take their sigils.
999945003	Parthian Sigil
999945004	Claim your reward!
999946001	Hunt Lesser Demokrons
999946002	[Arx Umbra] Hunt quadrilars and siculas on the Delvias Front.
999946003	Demokron Swarm
999946004	Claim your reward!
999947001	Hunt Furyguards
999947002	[Arx Umbra] Kill the Furyguards in and around Trellum Consurgo to weaken the archdevas' defenses.
999947003	Mark of Fury
999947004	Claim your reward!
999948001	Hunt Parthian Brutes
999948002	[Savage Reach]Kill Parthian brutes and bloodclaws on the road to Spring Valley to protect the Vanguard Initiative.
999948003	Parthian Brutes and Bloodclaws
999948004	Claim your reward!
999949001	Hunt Demokron Thralls
999949002	[Spring Valley] Kill demokron thralls in the Emerald Hills.
999949003	Demokron Thrall
999949004	Claim your reward!
999950001	Clean up the Delvias Front
999950002	[Arx Umbra] Hunt barbed lacerases and vicious alvusks on the Delvias Front.
999950003	Demokron Swarm
999950004	Claim your reward!
999951001	[Unified Gear] Win in Corsairs' Stronghold.
999951002	[Corsairs' Stronghold] Seize victory in Corsairs' Stronghold!
999951003	Claim your reward!
999953001	[Personal Equipment] Gain Victory in Fraywind Canyon.
999953002	[Fraywind Canyon] Seize victory in Fraywind Canyon!
999953003	Claim your reward!
999954001	[Unified Gear] Gain Victory in Champions' Skyring.
999954002	[Champions' Skyring] Seize victory in Champions' Skyring (Ranked: Solo).
999954003	Claim your reward!
999955001	Hunt Onyx Jungle Sabertooths
999955002	[Savage Reach] Hunt onyx jungle sabertooths in the Pools of Zurusuru.
999955003	Claim your reward!
999956001	Collect Blatherweed
999956002	[Spring Valley] Gather blatherweed.
999956003	Blatherweed
999956004	Claim your reward!
999956005	Blatherweed
999957001	Hunt Greater Demokrons
999957002	[Arx Umbra] Kill hulking salcatas and rapacious oculoids to weaken the archdevas' defense on the Delvias Front.
999957003	Demokron Swarm
999957004	Claim your reward!
999961001	 Complete Macellarius Catacombs
999961002	[Macellarius Catacombs] Defeat Demokraxus!
999961003	Claim your rewards!
999964001	Complete Rift's Edge
999964002	[Rift's Edge] Defeat Koleogg!
999964003	&quot;Claim your reward!&quot;
999965001	Hunt Valley Noruks
999965002	[Spring Valley] Defeat valley noruks and collect their antlers.
999965003	Valley Noruk Antler
999965004	Claim your reward!
999975001	Clean up Boscan Terrace
999975002	[Savage Reach] Kill guwangi hunters and jungle arachnens to aid the Khirians.
999975003	Guwangi Hunters and Jungle Arachnens
999975004	Claim your reward!
999976001	Hunt Parthian Bowmen
999976002	[Spring Valley] Kill Parthian bowmen and collect their talismans.
999976003	Mysterious Talisman
999976004	Claim your reward!
999977001	Hunt Archdevan Imperial Officers
999977002	[Ex Prima] Kill archdevan imperial officers in the Verdantfire Rift.
999977003	Archdevan Imperial Officers
999977004	Claim your reward!
999978001	Hunt Lesser Demokrons
999978002	[Arx Umbra] Hunt quadrilars and siculas on the Delvias Front.
999978003	Demokron Swarm
999978004	Claim your reward!
999979001	Collect Engine Pieces
999979002	[Savage Reach] Collect engine pieces to help Paesyn try to repair Intrepid.
999979003	Engine Piece
999979004	Claim your reward!
999979005	Engine Piece
999980001	Collect Lime Deposits
999980002	[Spring Valley] Gather lime from deposits around the Hina Hot Springs.
999980003	Lime Deposit
999980004	Claim your reward!
999980005	Lime Deposit
999981001	Collect Reflective Roots
999981002	[Ex Prima] Gather reflective roots near Havenstone Ruins.
999981003	Reflective Root
999981004	Claim your reward!
999981005	Reflective Root
999982001	Collect Soul Fragments
999982002	[Ex Prima] Free the souls of murdered baraka near Havenstone Ruins.
999982003	Murdered Souls
999982004	Claim your reward!
999982005	Murdered Souls
999983001	Collect Boxes of Parts
999983002	[Arx Umbra] Gather boxes of parts for the Vanguard engineers.
999983003	Box of Parts
999983004	Claim your reward!
999983005	Box of Parts
999984001	Collect Sarberries
999984002	[Festival of the Sun] If you get me sarberries, I will give you condensed milk.
999984003	Sarberry
999984004	Claim your reward!
999984005	Sarberry
999985001	Collect Construction Sand
999985002	[Castanica Beach Party] Find perfect spots and build sandcastles on the beach.
999985003	Sandcastle
999985004	Claim your reward!
999985005	Sandcastle
999986001	Collect Construction Sand
999986002	[Castanica Beach Party] Find perfect spots and build sandcastles on the beach.
999986003	Sandcastle
999986004	Claim your reward!
999986005	Sandcastle
999988001	Collect Taproots
999988002	[Harvest Festival] Collect taproots for tuwangi lunchboxes.
999988003	Taproot
999988004	Claim your reward!
999988005	Taproot
999989001	
999989002	
999989003	
999990001	Win in Wintera Snowfield
999990002	[Wintera Snowfield] Seize victory in Wintera Snowfield!
999990003	Claim your reward!
999997001	Clean up the Mingor Cliffs
999997002	[Arx Umbra] Eliminate demokron experiments in the Mingor Cliffs.
999997003	Failed Experiments and Corroded Experiments
999997004	Claim your reward!
999998001	[Unified Gear] Win in Gridiron
999998002	[Gridiron] Seize victory in the Gridiron!
999998003	Claim your reward!
999999001	Win in Kumas Royale
999999002	[Kumas Royale] Seize victory in Kumas Royale!
999999003	Claim your reward!
