id	class	gender	race	name
8881001	Common	Common	Common	Convergence
8881002	Common	Common	Common	Battle Will
8881003	Common	Common	Common	Impregnable
4999	Common	Common	Common	Self-Destruct
10100	Archer	Common	Common	Arrow I
10100	Assassin	Common	Common	Combo Attack I
10100	Berserker	Common	Common	Combo Attack I
10100	Elementalist	Common	Common	Sharan Bolt I
10100	Engineer	Common	Common	Blast I
10100	Fighter	Common	Common	Punch I
10100	Glaiver	Common	Common	Slash I
10100	Lancer	Common	Common	Combo Attack I
10100	Priest	Common	Common	Divine Radiance I
10100	Slayer	Common	Common	Combo Attack I
10100	Sorcerer	Common	Common	Fireball I
10100	Soulless	Common	Common	Spiral Barrage I
10100	Warrior	Common	Common	Combo Attack I
10101	Fighter	Common	Common	Punch I
10101	Glaiver	Common	Common	Slash I
10101	Soulless	Common	Common	Spiral Barrage I
10102	Fighter	Common	Common	Punch I
10102	Glaiver	Common	Common	Slash I
10102	Soulless	Common	Common	Spiral Barrage I
10103	Fighter	Common	Common	Punch I
10103	Glaiver	Common	Common	Slash I
10103	Soulless	Common	Common	Spiral Barrage I
10104	Soulless	Common	Common	Spiral Barrage I
10105	Soulless	Common	Common	Spiral Barrage I
10130	Glaiver	Common	Common	Slash I
10199	Glaiver	Common	Common	Slash I
10200	Archer	Common	Common	Arrow II
10200	Assassin	Common	Common	Combo Attack II
10200	Berserker	Common	Common	Combo Attack II
10200	Elementalist	Common	Common	Sharan Bolt II
10200	Engineer	Common	Common	Blast II
10200	Fighter	Common	Common	Punch II
10200	Glaiver	Common	Common	Slash II
10200	Lancer	Common	Common	Combo Attack II
10200	Priest	Common	Common	Divine Radiance II
10200	Slayer	Common	Common	Combo Attack II
10200	Sorcerer	Common	Common	Fireball II
10200	Soulless	Common	Common	Spiral Barrage II
10200	Warrior	Common	Common	Combo Attack II
10201	Fighter	Common	Common	Punch II
10201	Glaiver	Common	Common	Slash II
10201	Soulless	Common	Common	Spiral Barrage II
10202	Fighter	Common	Common	Punch II
10202	Glaiver	Common	Common	Slash II
10202	Soulless	Common	Common	Spiral Barrage II
10203	Fighter	Common	Common	Punch II
10203	Glaiver	Common	Common	Slash II
10203	Soulless	Common	Common	Spiral Barrage II
10204	Soulless	Common	Common	Spiral Barrage II
10205	Soulless	Common	Common	Spiral Barrage II
10230	Glaiver	Common	Common	Slash II
10299	Glaiver	Common	Common	Slash II
10300	Archer	Common	Common	Arrow III
10300	Assassin	Common	Common	Combo Attack III
10300	Berserker	Common	Common	Combo Attack III
10300	Elementalist	Common	Common	Sharan Bolt III
10300	Engineer	Common	Common	Blast III
10300	Fighter	Common	Common	Punch III
10300	Glaiver	Common	Common	Slash III
10300	Lancer	Common	Common	Combo Attack III
10300	Priest	Common	Common	Divine Radiance III
10300	Slayer	Common	Common	Combo Attack III
10300	Sorcerer	Common	Common	Fireball III
10300	Soulless	Common	Common	Spiral Barrage III
10300	Warrior	Common	Common	Combo Attack III
10301	Fighter	Common	Common	Punch III
10301	Glaiver	Common	Common	Slash III
10301	Soulless	Common	Common	Spiral Barrage III
10302	Fighter	Common	Common	Punch III
10302	Glaiver	Common	Common	Slash III
10302	Soulless	Common	Common	Spiral Barrage III
10303	Fighter	Common	Common	Punch III
10303	Glaiver	Common	Common	Slash III
10303	Soulless	Common	Common	Spiral Barrage III
10304	Soulless	Common	Common	Spiral Barrage III
10305	Soulless	Common	Common	Spiral Barrage III
10330	Glaiver	Common	Common	Slash III
10399	Glaiver	Common	Common	Slash III
10400	Archer	Common	Common	Arrow IV
10400	Assassin	Common	Common	Combo Attack IV
10400	Berserker	Common	Common	Combo Attack IV
10400	Elementalist	Common	Common	Sharan Bolt IV
10400	Engineer	Common	Common	Blast IV
10400	Fighter	Common	Common	Punch IV
10400	Glaiver	Common	Common	Slash IV
10400	Lancer	Common	Common	Combo Attack IV
10400	Priest	Common	Common	Divine Radiance IV
10400	Slayer	Common	Common	Combo Attack IV
10400	Sorcerer	Common	Common	Fireball IV
10400	Warrior	Common	Common	Combo Attack IV
10401	Fighter	Common	Common	Punch IV
10401	Glaiver	Common	Common	Slash IV
10402	Fighter	Common	Common	Punch IV
10402	Glaiver	Common	Common	Slash IV
10403	Fighter	Common	Common	Punch IV
10403	Glaiver	Common	Common	Slash IV
10430	Glaiver	Common	Common	Slash IV
10499	Glaiver	Common	Common	Slash IV
10500	Archer	Common	Common	Arrow V
10500	Assassin	Common	Common	Combo Attack V
10500	Berserker	Common	Common	Combo Attack V
10500	Elementalist	Common	Common	Sharan Bolt V
10500	Engineer	Common	Common	Blast V
10500	Fighter	Common	Common	Punch V
10500	Glaiver	Common	Common	Slash V
10500	Lancer	Common	Common	Combo Attack V
10500	Priest	Common	Common	Divine Radiance V
10500	Slayer	Common	Common	Combo Attack V
10500	Sorcerer	Common	Common	Fireball V
10500	Warrior	Common	Common	Combo Attack V
10501	Fighter	Common	Common	Punch V
10501	Glaiver	Common	Common	Slash V
10502	Fighter	Common	Common	Punch V
10502	Glaiver	Common	Common	Slash V
10503	Fighter	Common	Common	Punch V
10503	Glaiver	Common	Common	Slash V
10530	Glaiver	Common	Common	Slash V
10599	Glaiver	Common	Common	Slash V
10600	Archer	Common	Common	Arrow VI
10600	Assassin	Common	Common	Combo Attack VI
10600	Berserker	Common	Common	Combo Attack VI
10600	Elementalist	Common	Common	Sharan Bolt VI
10600	Engineer	Common	Common	Blast VI
10600	Fighter	Common	Common	Punch VI
10600	Glaiver	Common	Common	Slash VI
10600	Lancer	Common	Common	Combo Attack VI
10600	Priest	Common	Common	Divine Radiance VI
10600	Slayer	Common	Common	Combo Attack VI
10600	Sorcerer	Common	Common	Fireball VI
10600	Warrior	Common	Common	Combo Attack VI
10601	Fighter	Common	Common	Punch VI
10601	Glaiver	Common	Common	Slash VI
10602	Fighter	Common	Common	Punch VI
10602	Glaiver	Common	Common	Slash VI
10603	Fighter	Common	Common	Punch VI
10603	Glaiver	Common	Common	Slash VI
10630	Glaiver	Common	Common	Slash VI
10699	Glaiver	Common	Common	Slash VI
10700	Archer	Common	Common	Arrow VII
10700	Assassin	Common	Common	Combo Attack VII
10700	Berserker	Common	Common	Combo Attack VII
10700	Elementalist	Common	Common	Sharan Bolt VII
10700	Engineer	Common	Common	Blast VII
10700	Fighter	Common	Common	Punch VII
10700	Glaiver	Common	Common	Slash VII
10700	Lancer	Common	Common	Combo Attack VII
10700	Priest	Common	Common	Divine Radiance VII
10700	Slayer	Common	Common	Combo Attack VII
10700	Sorcerer	Common	Common	Fireball VII
10700	Warrior	Common	Common	Combo Attack VII
10701	Fighter	Common	Common	Punch VII
10701	Glaiver	Common	Common	Slash VII
10702	Fighter	Common	Common	Punch VII
10702	Glaiver	Common	Common	Slash VII
10703	Fighter	Common	Common	Punch VII
10703	Glaiver	Common	Common	Slash VII
10730	Glaiver	Common	Common	Slash VII
10799	Glaiver	Common	Common	Slash VII
10800	Archer	Common	Common	Arrow VIII
10800	Assassin	Common	Common	Combo Attack VIII
10800	Berserker	Common	Common	Combo Attack VIII
10800	Elementalist	Common	Common	Sharan Bolt VIII
10800	Engineer	Common	Common	Blast VIII
10800	Fighter	Common	Common	Punch VIII
10800	Glaiver	Common	Common	Slash VIII
10800	Lancer	Common	Common	Combo Attack VIII
10800	Priest	Common	Common	Divine Radiance VIII
10800	Slayer	Common	Common	Combo Attack VIII
10800	Sorcerer	Common	Common	Fireball VIII
10800	Warrior	Common	Common	Combo Attack VIII
10801	Fighter	Common	Common	Punch VIII
10801	Glaiver	Common	Common	Slash VIII
10802	Fighter	Common	Common	Punch VIII
10802	Glaiver	Common	Common	Slash VIII
10803	Fighter	Common	Common	Punch VIII
10803	Glaiver	Common	Common	Slash VIII
10830	Glaiver	Common	Common	Slash VIII
10899	Glaiver	Common	Common	Slash VIII
10900	Archer	Common	Common	Arrow IX
10900	Assassin	Common	Common	Combo Attack IX
10900	Berserker	Common	Common	Combo Attack IX
10900	Elementalist	Common	Common	Sharan Bolt IX
10900	Engineer	Common	Common	Blast IX
10900	Fighter	Common	Common	Punch IX
10900	Glaiver	Common	Common	Slash IX
10900	Lancer	Common	Common	Combo Attack IX
10900	Priest	Common	Common	Divine Radiance IX
10900	Slayer	Common	Common	Combo Attack IX
10900	Sorcerer	Common	Common	Fireball IX
10900	Warrior	Common	Common	Combo Attack IX
10901	Fighter	Common	Common	Punch IX
10901	Glaiver	Common	Common	Slash IX
10902	Fighter	Common	Common	Punch IX
10902	Glaiver	Common	Common	Slash IX
10903	Fighter	Common	Common	Punch IX
10903	Glaiver	Common	Common	Slash IX
10930	Glaiver	Common	Common	Slash IX
10999	Glaiver	Common	Common	Slash IX
11000	Archer	Common	Common	Arrow X
11000	Assassin	Common	Common	Combo Attack X
11000	Berserker	Common	Common	Combo Attack X
11000	Elementalist	Common	Common	Sharan Bolt X
11000	Engineer	Common	Common	Blast X
11000	Fighter	Common	Common	Punch X
11000	Glaiver	Common	Common	Slash X
11000	Lancer	Common	Common	Combo Attack X
11000	Priest	Common	Common	Divine Radiance X
11000	Slayer	Common	Common	Combo Attack X
11000	Sorcerer	Common	Common	Fireball X
11000	Warrior	Common	Common	Combo Attack X
11001	Fighter	Common	Common	Punch X
11001	Glaiver	Common	Common	Slash X
11002	Fighter	Common	Common	Punch X
11002	Glaiver	Common	Common	Slash X
11003	Fighter	Common	Common	Punch X
11003	Glaiver	Common	Common	Slash X
11030	Glaiver	Common	Common	Slash X
11099	Glaiver	Common	Common	Slash X
11100	Archer	Common	Common	Arrow XI
11100	Assassin	Common	Common	Combo Attack XI
11100	Berserker	Common	Common	Combo Attack XI
11100	Elementalist	Common	Common	Sharan Bolt XI
11100	Engineer	Common	Common	Blast XI
11100	Fighter	Common	Common	Punch XI
11100	Glaiver	Common	Common	Slash XI
11100	Lancer	Common	Common	Combo Attack XI
11100	Priest	Common	Common	Divine Radiance XI
11100	Slayer	Common	Common	Combo Attack XI
11100	Sorcerer	Common	Common	Fireball XI
11100	Warrior	Common	Common	Combo Attack XI
11101	Fighter	Common	Common	Punch XI
11101	Glaiver	Common	Common	Slash XI
11102	Fighter	Common	Common	Punch XI
11102	Glaiver	Common	Common	Slash XI
11103	Fighter	Common	Common	Punch XI
11103	Glaiver	Common	Common	Slash XI
11130	Glaiver	Common	Common	Slash XI
11199	Glaiver	Common	Common	Slash XI
11200	Archer	Common	Common	Arrow XII
11200	Assassin	Common	Common	Combo Attack XII
11200	Berserker	Common	Common	Combo Attack XII
11200	Elementalist	Common	Common	Sharan Bolt XII
11200	Engineer	Common	Common	Blast XII
11200	Fighter	Common	Common	Punch XII
11200	Glaiver	Common	Common	Slash XII
11200	Lancer	Common	Common	Combo Attack XII
11200	Priest	Common	Common	Divine Radiance XII
11200	Slayer	Common	Common	Combo Attack XII
11200	Sorcerer	Common	Common	Fireball XII
11200	Warrior	Common	Common	Combo Attack XII
11201	Fighter	Common	Common	Punch XII
11201	Glaiver	Common	Common	Slash XII
11202	Fighter	Common	Common	Punch XII
11202	Glaiver	Common	Common	Slash XII
11203	Fighter	Common	Common	Punch XII
11203	Glaiver	Common	Common	Slash XII
11230	Glaiver	Common	Common	Slash XII
11299	Glaiver	Common	Common	Slash XII
15100	Glaiver	Common	Common	Slash I
15101	Glaiver	Common	Common	Slash I
15102	Glaiver	Common	Common	Slash I
15103	Glaiver	Common	Common	Slash I
15130	Glaiver	Common	Common	Slash I
15200	Glaiver	Common	Common	Slash II
15201	Glaiver	Common	Common	Slash II
15202	Glaiver	Common	Common	Slash II
15203	Glaiver	Common	Common	Slash II
15230	Glaiver	Common	Common	Slash II
15300	Glaiver	Common	Common	Slash III
15301	Glaiver	Common	Common	Slash III
15302	Glaiver	Common	Common	Slash III
15303	Glaiver	Common	Common	Slash III
15330	Glaiver	Common	Common	Slash III
15400	Glaiver	Common	Common	Slash IV
15401	Glaiver	Common	Common	Slash IV
15402	Glaiver	Common	Common	Slash IV
15403	Glaiver	Common	Common	Slash IV
15430	Glaiver	Common	Common	Slash IV
15500	Glaiver	Common	Common	Slash V
15501	Glaiver	Common	Common	Slash V
15502	Glaiver	Common	Common	Slash V
15503	Glaiver	Common	Common	Slash V
15530	Glaiver	Common	Common	Slash V
15600	Glaiver	Common	Common	Slash VI
15601	Glaiver	Common	Common	Slash VI
15602	Glaiver	Common	Common	Slash VI
15603	Glaiver	Common	Common	Slash VI
15630	Glaiver	Common	Common	Slash VI
15700	Glaiver	Common	Common	Slash VII
15701	Glaiver	Common	Common	Slash VII
15702	Glaiver	Common	Common	Slash VII
15703	Glaiver	Common	Common	Slash VII
15730	Glaiver	Common	Common	Slash VII
15800	Glaiver	Common	Common	Slash VIII
15801	Glaiver	Common	Common	Slash VIII
15802	Glaiver	Common	Common	Slash VIII
15803	Glaiver	Common	Common	Slash VIII
15830	Glaiver	Common	Common	Slash VIII
15900	Glaiver	Common	Common	Slash IX
15901	Glaiver	Common	Common	Slash IX
15902	Glaiver	Common	Common	Slash IX
15903	Glaiver	Common	Common	Slash IX
15930	Glaiver	Common	Common	Slash IX
16000	Glaiver	Common	Common	Slash X
16001	Glaiver	Common	Common	Slash X
16002	Glaiver	Common	Common	Slash X
16003	Glaiver	Common	Common	Slash X
16030	Glaiver	Common	Common	Slash X
16100	Glaiver	Common	Common	Slash XI
16101	Glaiver	Common	Common	Slash XI
16102	Glaiver	Common	Common	Slash XI
16103	Glaiver	Common	Common	Slash XI
16130	Glaiver	Common	Common	Slash XI
16200	Glaiver	Common	Common	Slash XII
16201	Glaiver	Common	Common	Slash XII
16202	Glaiver	Common	Common	Slash XII
16203	Glaiver	Common	Common	Slash XII
16230	Glaiver	Common	Common	Slash XII
20100	Archer	Common	Common	Arrow Volley I
20100	Assassin	Common	Common	Shadow Jump
20100	Berserker	Common	Common	Axe Block I
20100	Elementalist	Common	Common	Corruption Ring I
20100	Engineer	Common	Common	Bombardment I
20100	Fighter	Common	Common	Counter I
20100	Glaiver	Common	Common	Overhead Slash I
20100	Lancer	Common	Common	Stand Fast I
20100	Priest	Common	Common	Regeneration Circle I
20100	Slayer	Common	Common	Knockdown Strike I
20100	Sorcerer	Common	Common	Frost Sphere I
20100	Warrior	Common	Common	Evasive Roll
20101	Fighter	Common	Common	Counter I
20101	Slayer	Common	Common	Knockdown Strike I
20102	Fighter	Common	Common	Counter I
20102	Slayer	Common	Common	Knockdown Strike I
20103	Fighter	Common	Common	Counter I
20104	Fighter	Common	Common	Counter I
20110	Archer	Common	Common	Arrow Volley I
20112	Elementalist	Common	Common	Infusion Ring I
20130	Glaiver	Common	Common	Overhead Slash I
20130	Slayer	Common	Common	Knockdown Strike I
20199	Glaiver	Common	Common	Overhead Slash I
20200	Archer	Common	Common	Arrow Volley II
20200	Berserker	Common	Common	Axe Block II
20200	Elementalist	Common	Common	Corruption Ring II
20200	Engineer	Common	Common	Bombardment II
20200	Fighter	Common	Common	Counter II
20200	Glaiver	Common	Common	Overhead Slash II
20200	Lancer	Common	Common	Stand Fast II
20200	Priest	Common	Common	Regeneration Circle II
20200	Slayer	Common	Common	Knockdown Strike II
20200	Sorcerer	Common	Common	Frost Sphere II
20201	Fighter	Common	Common	Counter II
20201	Slayer	Common	Common	Knockdown Strike II
20202	Fighter	Common	Common	Counter II
20202	Slayer	Common	Common	Knockdown Strike II
20203	Fighter	Common	Common	Counter II
20204	Fighter	Common	Common	Counter II
20210	Archer	Common	Common	Arrow Volley II
20212	Elementalist	Common	Common	Infusion Ring II
20230	Glaiver	Common	Common	Overhead Slash II
20230	Slayer	Common	Common	Knockdown Strike II
20299	Glaiver	Common	Common	Overhead Slash II
20300	Archer	Common	Common	Arrow Volley III
20300	Elementalist	Common	Common	Corruption Ring III
20300	Engineer	Common	Common	Bombardment III
20300	Fighter	Common	Common	Counter III
20300	Glaiver	Common	Common	Overhead Slash III
20300	Priest	Common	Common	Regeneration Circle III
20300	Slayer	Common	Common	Knockdown Strike III
20300	Sorcerer	Common	Common	Frost Sphere III
20301	Fighter	Common	Common	Counter III
20301	Slayer	Common	Common	Knockdown Strike III
20302	Fighter	Common	Common	Counter III
20302	Slayer	Common	Common	Knockdown Strike III
20303	Fighter	Common	Common	Counter III
20304	Fighter	Common	Common	Counter III
20310	Archer	Common	Common	Arrow Volley III
20312	Elementalist	Common	Common	Infusion Ring III
20330	Glaiver	Common	Common	Overhead Slash III
20330	Slayer	Common	Common	Knockdown Strike III
20399	Glaiver	Common	Common	Overhead Slash III
20400	Archer	Common	Common	Arrow Volley IV
20400	Elementalist	Common	Common	Corruption Ring IV
20400	Engineer	Common	Common	Bombardment IV
20400	Fighter	Common	Common	Counter IV
20400	Glaiver	Common	Common	Overhead Slash IV
20400	Priest	Common	Common	Regeneration Circle IV
20400	Slayer	Common	Common	Knockdown Strike IV
20400	Sorcerer	Common	Common	Frost Sphere IV
20401	Fighter	Common	Common	Counter IV
20401	Slayer	Common	Common	Knockdown Strike IV
20402	Fighter	Common	Common	Counter IV
20402	Slayer	Common	Common	Knockdown Strike IV
20403	Fighter	Common	Common	Counter IV
20404	Fighter	Common	Common	Counter IV
20410	Archer	Common	Common	Arrow Volley IV
20412	Elementalist	Common	Common	Infusion Ring IV
20430	Glaiver	Common	Common	Overhead Slash IV
20430	Slayer	Common	Common	Knockdown Strike IV
20499	Glaiver	Common	Common	Overhead Slash IV
20500	Archer	Common	Common	Arrow Volley V
20500	Elementalist	Common	Common	Corruption Ring V
20500	Engineer	Common	Common	Bombardment V
20500	Fighter	Common	Common	Counter V
20500	Glaiver	Common	Common	Overhead Slash V
20500	Priest	Common	Common	Regeneration Circle V
20500	Slayer	Common	Common	Knockdown Strike V
20500	Sorcerer	Common	Common	Frost Sphere V
20501	Fighter	Common	Common	Counter V
20501	Slayer	Common	Common	Knockdown Strike V
20502	Fighter	Common	Common	Counter V
20502	Slayer	Common	Common	Knockdown Strike V
20503	Fighter	Common	Common	Counter V
20504	Fighter	Common	Common	Counter V
20510	Archer	Common	Common	Arrow Volley V
20512	Elementalist	Common	Common	Infusion Ring V
20530	Glaiver	Common	Common	Overhead Slash V
20530	Slayer	Common	Common	Knockdown Strike V
20599	Glaiver	Common	Common	Overhead Slash V
20600	Archer	Common	Common	Arrow Volley VI
20600	Elementalist	Common	Common	Corruption Ring VI
20600	Engineer	Common	Common	Bombardment VI
20600	Fighter	Common	Common	Counter VI
20600	Glaiver	Common	Common	Overhead Slash VI
20600	Priest	Common	Common	Regeneration Circle VI
20600	Slayer	Common	Common	Knockdown Strike VI
20600	Sorcerer	Common	Common	Frost Sphere VI
20601	Fighter	Common	Common	Counter VI
20601	Slayer	Common	Common	Knockdown Strike VI
20602	Fighter	Common	Common	Counter VI
20602	Slayer	Common	Common	Knockdown Strike VI
20603	Fighter	Common	Common	Counter VI
20604	Fighter	Common	Common	Counter VI
20610	Archer	Common	Common	Arrow Volley VI
20612	Elementalist	Common	Common	Infusion Ring VI
20630	Glaiver	Common	Common	Overhead Slash VI
20630	Slayer	Common	Common	Knockdown Strike VI
20699	Glaiver	Common	Common	Overhead Slash VI
20700	Archer	Common	Common	Arrow Volley VII
20700	Elementalist	Common	Common	Corruption Ring VII
20700	Fighter	Common	Common	Counter VII
20700	Glaiver	Common	Common	Overhead Slash VII
20700	Priest	Common	Common	Regeneration Circle VII
20700	Slayer	Common	Common	Knockdown Strike VII
20700	Sorcerer	Common	Common	Frost Sphere VII
20701	Fighter	Common	Common	Counter VII
20701	Slayer	Common	Common	Knockdown Strike VII
20702	Fighter	Common	Common	Counter VII
20702	Slayer	Common	Common	Knockdown Strike VII
20703	Fighter	Common	Common	Counter VII
20704	Fighter	Common	Common	Counter VII
20710	Archer	Common	Common	Arrow Volley VII
20712	Elementalist	Common	Common	Infusion Ring VII
20730	Glaiver	Common	Common	Overhead Slash VII
20730	Slayer	Common	Common	Knockdown Strike VII
20799	Glaiver	Common	Common	Overhead Slash VII
20800	Archer	Common	Common	Arrow Volley VIII
20800	Elementalist	Common	Common	Corruption Ring VIII
20800	Fighter	Common	Common	Counter VIII
20800	Priest	Common	Common	Regeneration Circle VIII
20800	Slayer	Common	Common	Knockdown Strike VIII
20800	Sorcerer	Common	Common	Frost Sphere VIII
20801	Fighter	Common	Common	Counter VIII
20801	Slayer	Common	Common	Knockdown Strike VIII
20802	Fighter	Common	Common	Counter VIII
20802	Slayer	Common	Common	Knockdown Strike VIII
20803	Fighter	Common	Common	Counter VIII
20804	Fighter	Common	Common	Counter VIII
20810	Archer	Common	Common	Arrow Volley VIII
20812	Elementalist	Common	Common	Infusion Ring VIII
20830	Slayer	Common	Common	Knockdown Strike VIII
20900	Archer	Common	Common	Arrow Volley IX
20900	Elementalist	Common	Common	Corruption Ring IX
20900	Fighter	Common	Common	Counter IX
20900	Priest	Common	Common	Regeneration Circle IX
20900	Slayer	Common	Common	Knockdown Strike IX
20900	Sorcerer	Common	Common	Frost Sphere IX
20901	Fighter	Common	Common	Counter IX
20901	Slayer	Common	Common	Knockdown Strike IX
20902	Fighter	Common	Common	Counter IX
20902	Slayer	Common	Common	Knockdown Strike IX
20903	Fighter	Common	Common	Counter IX
20904	Fighter	Common	Common	Counter IX
20910	Archer	Common	Common	Arrow Volley IX
20912	Elementalist	Common	Common	Infusion Ring IX
20930	Slayer	Common	Common	Knockdown Strike IX
21000	Archer	Common	Common	Arrow Volley X
21000	Elementalist	Common	Common	Corruption Ring X
21000	Fighter	Common	Common	Counter X
21000	Slayer	Common	Common	Knockdown Strike X
21000	Sorcerer	Common	Common	Frost Sphere X
21001	Fighter	Common	Common	Counter X
21001	Slayer	Common	Common	Knockdown Strike X
21002	Fighter	Common	Common	Counter X
21002	Slayer	Common	Common	Knockdown Strike X
21003	Fighter	Common	Common	Counter X
21004	Fighter	Common	Common	Counter X
21010	Archer	Common	Common	Arrow Volley X
21012	Elementalist	Common	Common	Infusion Ring X
21030	Slayer	Common	Common	Knockdown Strike X
21100	Archer	Common	Common	Arrow Volley XI
21100	Fighter	Common	Common	Counter XI
21100	Slayer	Common	Common	Knockdown Strike XI
21101	Fighter	Common	Common	Counter XI
21101	Slayer	Common	Common	Knockdown Strike XI
21102	Fighter	Common	Common	Counter XI
21102	Slayer	Common	Common	Knockdown Strike XI
21103	Fighter	Common	Common	Counter XI
21104	Fighter	Common	Common	Counter XI
21130	Slayer	Common	Common	Knockdown Strike XI
21200	Fighter	Common	Common	Counter XII
21201	Fighter	Common	Common	Counter XII
21202	Fighter	Common	Common	Counter XII
21203	Fighter	Common	Common	Counter XII
21204	Fighter	Common	Common	Counter XII
25100	Glaiver	Common	Common	Overhead Slash I
25130	Glaiver	Common	Common	Overhead Slash I
25200	Glaiver	Common	Common	Overhead Slash II
25230	Glaiver	Common	Common	Overhead Slash II
25300	Glaiver	Common	Common	Overhead Slash III
25330	Glaiver	Common	Common	Overhead Slash III
25400	Glaiver	Common	Common	Overhead Slash IV
25430	Glaiver	Common	Common	Overhead Slash IV
25500	Glaiver	Common	Common	Overhead Slash V
25530	Glaiver	Common	Common	Overhead Slash V
25600	Glaiver	Common	Common	Overhead Slash VI
25630	Glaiver	Common	Common	Overhead Slash VI
25700	Glaiver	Common	Common	Overhead Slash VII
25730	Glaiver	Common	Common	Overhead Slash VII
30100	Archer	Common	Common	Radiant Arrow I
30100	Assassin	Common	Common	Leaves on the Wind I
30100	Berserker	Common	Common	Thunder Strike I
30100	Elementalist	Common	Common	Titanic Wrath I
30100	Engineer	Common	Common	Scattershot I
30100	Fighter	Common	Common	Divine Wrath I
30100	Glaiver	Common	Common	Glaive Strike I
30100	Lancer	Common	Common	Onslaught I
30100	Priest	Common	Common	Healing Circle I
30100	Slayer	Common	Common	Whirlwind I
30100	Sorcerer	Common	Common	Lightning Trap I
30100	Soulless	Common	Common	Double Shear I
30100	Warrior	Common	Common	Torrent of Blows I
30130	Glaiver	Common	Common	Glaive Strike I
30130	Lancer	Common	Common	Onslaught I
30130	Priest	Common	Common	Healing Circle I
30199	Glaiver	Common	Common	Glaive Strike I
30200	Archer	Common	Common	Radiant Arrow II
30200	Assassin	Common	Common	Leaves on the Wind II
30200	Berserker	Common	Common	Thunder Strike II
30200	Elementalist	Common	Common	Titanic Wrath II
30200	Engineer	Common	Common	Scattershot II
30200	Fighter	Common	Common	Divine Wrath II
30200	Glaiver	Common	Common	Glaive Strike II
30200	Lancer	Common	Common	Onslaught II
30200	Priest	Common	Common	Healing Circle II
30200	Slayer	Common	Common	Whirlwind II
30200	Sorcerer	Common	Common	Lightning Trap II
30200	Soulless	Common	Common	Double Shear II
30200	Warrior	Common	Common	Torrent of Blows II
30230	Glaiver	Common	Common	Glaive Strike II
30230	Lancer	Common	Common	Onslaught II
30230	Priest	Common	Common	Healing Circle II
30299	Glaiver	Common	Common	Glaive Strike II
30300	Archer	Common	Common	Radiant Arrow III
30300	Assassin	Common	Common	Leaves on the Wind III
30300	Berserker	Common	Common	Thunder Strike III
30300	Elementalist	Common	Common	Titanic Wrath III
30300	Engineer	Common	Common	Scattershot III
30300	Glaiver	Common	Common	Glaive Strike III
30300	Priest	Common	Common	Healing Circle III
30300	Slayer	Common	Common	Whirlwind III
30300	Sorcerer	Common	Common	Lightning Trap III
30300	Soulless	Common	Common	Double Shear III
30300	Warrior	Common	Common	Torrent of Blows III
30330	Glaiver	Common	Common	Glaive Strike III
30330	Priest	Common	Common	Healing Circle III
30399	Glaiver	Common	Common	Glaive Strike III
30400	Archer	Common	Common	Radiant Arrow IV
30400	Assassin	Common	Common	Leaves on the Wind IV
30400	Berserker	Common	Common	Thunder Strike IV
30400	Engineer	Common	Common	Scattershot IV
30400	Glaiver	Common	Common	Glaive Strike IV
30400	Priest	Common	Common	Healing Circle IV
30400	Slayer	Common	Common	Whirlwind IV
30430	Glaiver	Common	Common	Glaive Strike IV
30430	Priest	Common	Common	Healing Circle IV
30499	Glaiver	Common	Common	Glaive Strike IV
30500	Archer	Common	Common	Radiant Arrow V
30500	Assassin	Common	Common	Leaves on the Wind V
30500	Berserker	Common	Common	Thunder Strike V
30500	Engineer	Common	Common	Scattershot V
30500	Glaiver	Common	Common	Glaive Strike V
30500	Priest	Common	Common	Healing Circle V
30500	Slayer	Common	Common	Whirlwind V
30530	Glaiver	Common	Common	Glaive Strike V
30530	Priest	Common	Common	Healing Circle V
30599	Glaiver	Common	Common	Glaive Strike V
30600	Archer	Common	Common	Radiant Arrow VI
30600	Assassin	Common	Common	Leaves on the Wind VI
30600	Berserker	Common	Common	Thunder Strike VI
30600	Engineer	Common	Common	Scattershot VI
30600	Glaiver	Common	Common	Glaive Strike VI
30600	Priest	Common	Common	Healing Circle VI
30600	Slayer	Common	Common	Whirlwind VI
30630	Glaiver	Common	Common	Glaive Strike VI
30630	Priest	Common	Common	Healing Circle VI
30699	Glaiver	Common	Common	Glaive Strike VI
30700	Archer	Common	Common	Radiant Arrow VII
30700	Assassin	Common	Common	Leaves on the Wind VII
30700	Berserker	Common	Common	Thunder Strike VII
30700	Engineer	Common	Common	Scattershot VII
30700	Glaiver	Common	Common	Glaive Strike VII
30700	Priest	Common	Common	Healing Circle VII
30700	Slayer	Common	Common	Whirlwind VII
30730	Glaiver	Common	Common	Glaive Strike VII
30730	Priest	Common	Common	Healing Circle VII
30799	Glaiver	Common	Common	Glaive Strike VII
30800	Archer	Common	Common	Radiant Arrow VIII
30800	Assassin	Common	Common	Leaves on the Wind VIII
30800	Berserker	Common	Common	Thunder Strike VIII
30800	Engineer	Common	Common	Scattershot VIII
30800	Glaiver	Common	Common	Glaive Strike VIII
30800	Slayer	Common	Common	Whirlwind VIII
30830	Glaiver	Common	Common	Glaive Strike VIII
30899	Glaiver	Common	Common	Glaive Strike VIII
30900	Archer	Common	Common	Radiant Arrow IX
30900	Berserker	Common	Common	Thunder Strike IX
30900	Engineer	Common	Common	Scattershot IX
30900	Glaiver	Common	Common	Glaive Strike IX
30900	Slayer	Common	Common	Whirlwind IX
30930	Glaiver	Common	Common	Glaive Strike IX
30999	Glaiver	Common	Common	Glaive Strike IX
31000	Archer	Common	Common	Radiant Arrow X
31000	Berserker	Common	Common	Thunder Strike X
31000	Engineer	Common	Common	Scattershot X
31000	Slayer	Common	Common	Whirlwind X
31100	Archer	Common	Common	Radiant Arrow XI
31100	Berserker	Common	Common	Thunder Strike XI
31100	Engineer	Common	Common	Scattershot XI
31100	Slayer	Common	Common	Whirlwind XI
31101	Slayer	Common	Common	Whirlwind XI
31102	Slayer	Common	Common	Whirlwind XI
31130	Slayer	Common	Common	Whirlwind XI
35100	Glaiver	Common	Common	Glaive Strike I
35130	Glaiver	Common	Common	Glaive Strike I
35200	Glaiver	Common	Common	Glaive Strike II
35230	Glaiver	Common	Common	Glaive Strike II
35300	Glaiver	Common	Common	Glaive Strike III
35330	Glaiver	Common	Common	Glaive Strike III
35400	Glaiver	Common	Common	Glaive Strike IV
35430	Glaiver	Common	Common	Glaive Strike IV
35500	Glaiver	Common	Common	Glaive Strike V
35530	Glaiver	Common	Common	Glaive Strike V
35600	Glaiver	Common	Common	Glaive Strike VI
35630	Glaiver	Common	Common	Glaive Strike VI
35700	Glaiver	Common	Common	Glaive Strike VII
35730	Glaiver	Common	Common	Glaive Strike VII
35800	Glaiver	Common	Common	Glaive Strike VIII
35830	Glaiver	Common	Common	Glaive Strike VIII
35900	Glaiver	Common	Common	Glaive Strike IX
35930	Glaiver	Common	Common	Glaive Strike IX
40100	Archer	Common	Common	Penetrating Arrow I
40100	Assassin	Common	Common	Jagged Path I
40100	Berserker	Common	Common	Flatten I
40100	Elementalist	Common	Common	Ancient Binding I
40100	Engineer	Common	Common	Point Blank I
40100	Fighter	Common	Common	Ground Pounder I
40100	Glaiver	Common	Common	Charge I
40100	Lancer	Common	Common	Challenging Shout I
40100	Slayer	Common	Common	Evasive Roll
40100	Sorcerer	Common	Common	Arcane Pulse I
40100	Soulless	Common	Common	Sundering Strike I
40100	Warrior	Common	Common	Rain of Blows I
40110	Glaiver	Common	Common	Charge I
40111	Glaiver	Common	Common	Charge I
40130	Lancer	Common	Common	Challenging Shout I
40130	Soulless	Common	Common	Sundering Strike I
40199	Glaiver	Common	Common	Charge I
40200	Archer	Common	Common	Penetrating Arrow II
40200	Assassin	Common	Common	Jagged Path II
40200	Berserker	Common	Common	Flatten II
40200	Elementalist	Common	Common	Ancient Binding II
40200	Engineer	Common	Common	Point Blank II
40200	Fighter	Common	Common	Ground Pounder II
40200	Glaiver	Common	Common	Charge II
40200	Lancer	Common	Common	Challenging Shout II
40200	Slayer	Common	Common	Evasive Roll II
40200	Sorcerer	Common	Common	Arcane Pulse II
40200	Soulless	Common	Common	Sundering Strike II
40200	Warrior	Common	Common	Rain of Blows II
40210	Glaiver	Common	Common	Charge II
40211	Glaiver	Common	Common	Charge II
40230	Lancer	Common	Common	Challenging Shout II
40230	Slayer	Common	Common	Evasive Roll II
40230	Soulless	Common	Common	Sundering Strike II
40299	Glaiver	Common	Common	Charge II
40300	Archer	Common	Common	Penetrating Arrow III
40300	Assassin	Common	Common	Jagged Path III
40300	Berserker	Common	Common	Flatten III
40300	Engineer	Common	Common	Point Blank III
40300	Fighter	Common	Common	Ground Pounder III
40300	Glaiver	Common	Common	Charge III
40300	Lancer	Common	Common	Challenging Shout III
40300	Sorcerer	Common	Common	Arcane Pulse III
40300	Soulless	Common	Common	Sundering Strike III
40300	Warrior	Common	Common	Rain of Blows III
40310	Glaiver	Common	Common	Charge III
40311	Glaiver	Common	Common	Charge III
40330	Lancer	Common	Common	Challenging Shout III
40330	Soulless	Common	Common	Sundering Strike III
40331	Soulless	Common	Common	Enhanced Sundering Strike
40361	Soulless	Common	Common	Enhanced Sundering Strike
40399	Glaiver	Common	Common	Charge III
40400	Archer	Common	Common	Penetrating Arrow IV
40400	Assassin	Common	Common	Jagged Path IV
40400	Berserker	Common	Common	Flatten IV
40400	Engineer	Common	Common	Point Blank IV
40400	Fighter	Common	Common	Ground Pounder IV
40400	Glaiver	Common	Common	Charge IV
40400	Lancer	Common	Common	Challenging Shout IV
40400	Sorcerer	Common	Common	Arcane Pulse IV
40400	Warrior	Common	Common	Rain of Blows IV
40410	Glaiver	Common	Common	Charge IV
40411	Glaiver	Common	Common	Charge IV
40430	Lancer	Common	Common	Challenging Shout IV
40499	Glaiver	Common	Common	Charge IV
40500	Archer	Common	Common	Penetrating Arrow V
40500	Assassin	Common	Common	Jagged Path V
40500	Berserker	Common	Common	Flatten V
40500	Engineer	Common	Common	Point Blank V
40500	Fighter	Common	Common	Ground Pounder V
40500	Glaiver	Common	Common	Charge V
40500	Lancer	Common	Common	Challenging Shout V
40500	Sorcerer	Common	Common	Arcane Pulse V
40500	Warrior	Common	Common	Rain of Blows V
40510	Glaiver	Common	Common	Charge V
40511	Glaiver	Common	Common	Charge V
40530	Lancer	Common	Common	Challenging Shout V
40599	Glaiver	Common	Common	Charge V
40600	Archer	Common	Common	Penetrating Arrow VI
40600	Assassin	Common	Common	Jagged Path VI
40600	Berserker	Common	Common	Flatten VI
40600	Engineer	Common	Common	Point Blank VI
40600	Fighter	Common	Common	Ground Pounder VI
40600	Glaiver	Common	Common	Charge VI
40600	Lancer	Common	Common	Challenging Shout VI
40600	Sorcerer	Common	Common	Arcane Pulse VI
40600	Warrior	Common	Common	Rain of Blows VI
40610	Glaiver	Common	Common	Charge VI
40611	Glaiver	Common	Common	Charge VI
40630	Lancer	Common	Common	Challenging Shout VI
40699	Glaiver	Common	Common	Charge VI
40700	Archer	Common	Common	Penetrating Arrow VII
40700	Assassin	Common	Common	Jagged Path VII
40700	Berserker	Common	Common	Flatten VII
40700	Engineer	Common	Common	Point Blank VII
40700	Fighter	Common	Common	Ground Pounder VII
40700	Glaiver	Common	Common	Charge VII
40700	Lancer	Common	Common	Challenging Shout VII
40700	Sorcerer	Common	Common	Arcane Pulse VII
40700	Warrior	Common	Common	Rain of Blows VII
40710	Glaiver	Common	Common	Charge VII
40711	Glaiver	Common	Common	Charge VII
40730	Lancer	Common	Common	Challenging Shout VII
40799	Glaiver	Common	Common	Charge VII
40800	Archer	Common	Common	Penetrating Arrow VIII
40800	Assassin	Common	Common	Jagged Path VIII
40800	Berserker	Common	Common	Flatten VIII
40800	Engineer	Common	Common	Point Blank VIII
40800	Fighter	Common	Common	Ground Pounder VIII
40800	Glaiver	Common	Common	Charge VIII
40800	Lancer	Common	Common	Challenging Shout VIII
40800	Sorcerer	Common	Common	Arcane Pulse VIII
40800	Warrior	Common	Common	Rain of Blows VIII
40810	Glaiver	Common	Common	Charge VIII
40811	Glaiver	Common	Common	Charge VIII
40830	Lancer	Common	Common	Challenging Shout VIII
40899	Glaiver	Common	Common	Charge VIII
40900	Archer	Common	Common	Penetrating Arrow IX
40900	Assassin	Common	Common	Jagged Path IX
40900	Berserker	Common	Common	Flatten IX
40900	Fighter	Common	Common	Ground Pounder IX
40900	Glaiver	Common	Common	Charge IX
40900	Lancer	Common	Common	Challenging Shout IX
40900	Sorcerer	Common	Common	Arcane Pulse IX
40900	Warrior	Common	Common	Rain of Blows IX
40910	Glaiver	Common	Common	Charge IX
40911	Glaiver	Common	Common	Charge IX
40930	Lancer	Common	Common	Challenging Shout IX
40999	Glaiver	Common	Common	Charge IX
41000	Archer	Common	Common	Penetrating Arrow X
41000	Assassin	Common	Common	Jagged Path X
41000	Fighter	Common	Common	Ground Pounder X
41000	Glaiver	Common	Common	Charge X
41000	Sorcerer	Common	Common	Arcane Pulse X
41010	Glaiver	Common	Common	Charge X
41011	Glaiver	Common	Common	Charge X
41099	Glaiver	Common	Common	Charge X
41100	Archer	Common	Common	Penetrating Arrow XI
41100	Assassin	Common	Common	Jagged Path XI
41100	Fighter	Common	Common	Ground Pounder XI
41100	Sorcerer	Common	Common	Arcane Pulse XI
41200	Archer	Common	Common	Penetrating Arrow XII
41200	Sorcerer	Common	Common	Arcane Pulse XII
45100	Glaiver	Common	Common	Charge I
45110	Glaiver	Common	Common	Charge I
45200	Glaiver	Common	Common	Charge II
45210	Glaiver	Common	Common	Charge II
45300	Glaiver	Common	Common	Charge III
45310	Glaiver	Common	Common	Charge III
45400	Glaiver	Common	Common	Charge IV
45410	Glaiver	Common	Common	Charge IV
45500	Glaiver	Common	Common	Charge V
45510	Glaiver	Common	Common	Charge V
45600	Glaiver	Common	Common	Charge VI
45610	Glaiver	Common	Common	Charge VI
45700	Glaiver	Common	Common	Charge VII
45710	Glaiver	Common	Common	Charge VII
45800	Glaiver	Common	Common	Charge VIII
45810	Glaiver	Common	Common	Charge VIII
45900	Glaiver	Common	Common	Charge IX
45910	Glaiver	Common	Common	Charge IX
46000	Glaiver	Common	Common	Charge X
46010	Glaiver	Common	Common	Charge X
50100	Archer	Common	Common	Rain of Arrows I
50100	Assassin	Common	Common	Impact Bomb I
50100	Berserker	Common	Common	Dash I
50100	Elementalist	Common	Common	Titanic Favor I
50100	Engineer	Common	Common	Burst Fire I
50100	Fighter	Common	Common	Bull Rush I
50100	Glaiver	Common	Common	Maelstrom I
50100	Lancer	Common	Common	Shield Bash
50100	Priest	Common	Common	Blessing of Shakan I
50100	Slayer	Common	Common	Dash I
50100	Sorcerer	Common	Common	Mana Infusion I
50100	Soulless	Common	Common	Grim Strike I
50100	Warrior	Common	Common	Battle Cry I
50101	Lancer	Common	Common	Shield Bash I
50102	Lancer	Common	Common	Shield Bash I
50110	Elementalist	Common	Common	Titanic Favor I
50130	Glaiver	Common	Common	Maelstrom I
50130	Lancer	Common	Common	Shield Bash
50130	Soulless	Common	Common	Grim Strike I
50199	Glaiver	Common	Common	Maelstrom I
50200	Archer	Common	Common	Rain of Arrows II
50200	Assassin	Common	Common	Impact Bomb II
50200	Berserker	Common	Common	Dash II
50200	Elementalist	Common	Common	Titanic Favor II
50200	Engineer	Common	Common	Burst Fire II
50200	Fighter	Common	Common	Bull Rush II
50200	Glaiver	Common	Common	Maelstrom II
50200	Priest	Common	Common	Blessing of Shakan II
50200	Slayer	Common	Common	Dash II
50200	Sorcerer	Common	Common	Mana Infusion II
50200	Soulless	Common	Common	Grim Strike II
50200	Warrior	Common	Common	Battle Cry II
50210	Elementalist	Common	Common	Titanic Favor II
50230	Glaiver	Common	Common	Maelstrom II
50230	Soulless	Common	Common	Grim Strike II
50299	Glaiver	Common	Common	Maelstrom II
50300	Archer	Common	Common	Rain of Arrows III
50300	Assassin	Common	Common	Impact Bomb III
50300	Elementalist	Common	Common	Titanic Favor III
50300	Engineer	Common	Common	Burst Fire III
50300	Fighter	Common	Common	Bull Rush III
50300	Glaiver	Common	Common	Maelstrom III
50300	Priest	Common	Common	Blessing of Shakan III
50300	Slayer	Common	Common	Dash III
50300	Soulless	Common	Common	Grim Strike III
50300	Warrior	Common	Common	Battle Cry III
50310	Elementalist	Common	Common	Titanic Favor III
50330	Glaiver	Common	Common	Maelstrom III
50330	Soulless	Common	Common	Grim Strike III
50331	Soulless	Common	Common	Grim Strike III
50332	Soulless	Common	Common	Grim Strike III
50399	Glaiver	Common	Common	Maelstrom III
50400	Archer	Common	Common	Rain of Arrows IV
50400	Assassin	Common	Common	Impact Bomb IV
50400	Elementalist	Common	Common	Titanic Favor IV
50400	Engineer	Common	Common	Burst Fire IV
50400	Fighter	Common	Common	Bull Rush IV
50400	Glaiver	Common	Common	Maelstrom IV
50410	Elementalist	Common	Common	Titanic Favor IV
50430	Glaiver	Common	Common	Maelstrom IV
50499	Glaiver	Common	Common	Maelstrom IV
50500	Archer	Common	Common	Rain of Arrows V
50500	Assassin	Common	Common	Impact Bomb V
50500	Elementalist	Common	Common	Titanic Favor V
50500	Engineer	Common	Common	Burst Fire V
50500	Fighter	Common	Common	Bull Rush V
50500	Glaiver	Common	Common	Maelstrom V
50510	Elementalist	Common	Common	Titanic Favor V
50530	Glaiver	Common	Common	Maelstrom V
50599	Glaiver	Common	Common	Maelstrom V
50600	Archer	Common	Common	Rain of Arrows VI
50600	Assassin	Common	Common	Impact Bomb VI
50600	Elementalist	Common	Common	Titanic Favor VI
50600	Engineer	Common	Common	Burst Fire VI
50600	Fighter	Common	Common	Bull Rush VI
50610	Elementalist	Common	Common	Titanic Favor VI
50700	Archer	Common	Common	Rain of Arrows VII
50700	Assassin	Common	Common	Impact Bomb VII
50700	Elementalist	Common	Common	Titanic Favor VII
50700	Engineer	Common	Common	Burst Fire VII
50700	Fighter	Common	Common	Bull Rush VII
50710	Elementalist	Common	Common	Titanic Favor VII
50800	Archer	Common	Common	Rain of Arrows VIII
50800	Assassin	Common	Common	Impact Bomb VIII
50800	Elementalist	Common	Common	Titanic Favor VIII
50800	Engineer	Common	Common	Burst Fire VIII
50800	Fighter	Common	Common	Bull Rush VIII
50810	Elementalist	Common	Common	Titanic Favor VIII
50900	Archer	Common	Common	Rain of Arrows IX
50900	Assassin	Common	Common	Impact Bomb IX
50900	Elementalist	Common	Common	Titanic Favor IX
50900	Engineer	Common	Common	Burst Fire IX
50900	Fighter	Common	Common	Bull Rush IX
50910	Elementalist	Common	Common	Titanic Favor IX
51000	Archer	Common	Common	Rain of Arrows X
51000	Elementalist	Common	Common	Titanic Favor X
51000	Engineer	Common	Common	Burst Fire X
51010	Elementalist	Common	Common	Titanic Favor X
51020	Engineer	Common	Common	Targeted Burst Fire
51021	Engineer	Common	Common	Targeted Burst Fire
51031	Engineer	Common	Common	Targeted Burst Fire
51032	Engineer	Common	Common	Targeted Burst Fire
55100	Glaiver	Common	Common	Maelstrom I
55130	Glaiver	Common	Common	Maelstrom I
55200	Glaiver	Common	Common	Maelstrom II
55230	Glaiver	Common	Common	Maelstrom II
55300	Glaiver	Common	Common	Maelstrom III
55330	Glaiver	Common	Common	Maelstrom III
55400	Glaiver	Common	Common	Maelstrom IV
55430	Glaiver	Common	Common	Maelstrom IV
55500	Glaiver	Common	Common	Maelstrom V
55530	Glaiver	Common	Common	Maelstrom V
60100	Archer	Common	Common	Backstep
60100	Assassin	Common	Common	One Thousand Cuts I
60100	Berserker	Common	Common	Sweeping Strike I
60100	Elementalist	Common	Common	Shara's Lash
60100	Engineer	Common	Common	Time Bomb I
60100	Fighter	Common	Common	Haymaker I
60100	Glaiver	Common	Common	Leaping Slash I
60100	Priest	Common	Common	Arise I
60100	Slayer	Common	Common	Backstab I
60100	Sorcerer	Common	Common	Meteor Strike I
60100	Soulless	Common	Common	Death Spiral I
60101	Fighter	Common	Common	Haymaker I
60102	Fighter	Common	Common	Haymaker I
60130	Berserker	Common	Common	Sweeping Strike I
60130	Fighter	Common	Common	Haymaker I
60130	Glaiver	Common	Common	Leaping Slash I
60130	Soulless	Common	Common	Death Spiral I
60131	Fighter	Common	Common	Haymaker I
60131	Soulless	Common	Common	Death Spiral I
60199	Glaiver	Common	Common	Leaping Slash I
60200	Assassin	Common	Common	One Thousand Cuts II
60200	Berserker	Common	Common	Sweeping Strike II
60200	Engineer	Common	Common	Time Bomb II
60200	Fighter	Common	Common	Haymaker II
60200	Glaiver	Common	Common	Leaping Slash II
60200	Priest	Common	Common	Arise II
60200	Slayer	Common	Common	Backstab II
60200	Sorcerer	Common	Common	Meteor Strike II
60200	Soulless	Common	Common	Death Spiral II
60201	Fighter	Common	Common	Haymaker II
60202	Fighter	Common	Common	Haymaker II
60230	Berserker	Common	Common	Sweeping Strike II
60230	Fighter	Common	Common	Haymaker II
60230	Glaiver	Common	Common	Leaping Slash II
60230	Soulless	Common	Common	Death Spiral II
60231	Fighter	Common	Common	Haymaker II
60231	Soulless	Common	Common	Death Spiral II
60299	Glaiver	Common	Common	Leaping Slash II
60300	Assassin	Common	Common	One Thousand Cuts III
60300	Berserker	Common	Common	Sweeping Strike III
60300	Engineer	Common	Common	Time Bomb III
60300	Fighter	Common	Common	Haymaker III
60300	Glaiver	Common	Common	Leaping Slash III
60300	Sorcerer	Common	Common	Meteor Strike III
60301	Fighter	Common	Common	Haymaker III
60302	Fighter	Common	Common	Haymaker III
60330	Berserker	Common	Common	Sweeping Strike III
60330	Fighter	Common	Common	Haymaker III
60330	Glaiver	Common	Common	Leaping Slash III
60331	Fighter	Common	Common	Haymaker III
60399	Glaiver	Common	Common	Leaping Slash III
60400	Assassin	Common	Common	One Thousand Cuts IV
60400	Berserker	Common	Common	Sweeping Strike IV
60400	Engineer	Common	Common	Time Bomb IV
60400	Fighter	Common	Common	Haymaker IV
60400	Glaiver	Common	Common	Leaping Slash IV
60400	Sorcerer	Common	Common	Meteor Strike IV
60401	Fighter	Common	Common	Haymaker IV
60402	Fighter	Common	Common	Haymaker IV
60430	Berserker	Common	Common	Sweeping Strike IV
60430	Fighter	Common	Common	Haymaker IV
60430	Glaiver	Common	Common	Leaping Slash IV
60431	Fighter	Common	Common	Haymaker IV
60499	Glaiver	Common	Common	Leaping Slash IV
60500	Assassin	Common	Common	One Thousand Cuts V
60500	Berserker	Common	Common	Sweeping Strike V
60500	Engineer	Common	Common	Time Bomb V
60500	Fighter	Common	Common	Haymaker V
60500	Glaiver	Common	Common	Leaping Slash V
60500	Sorcerer	Common	Common	Meteor Strike V
60501	Fighter	Common	Common	Haymaker V
60502	Fighter	Common	Common	Haymaker V
60530	Berserker	Common	Common	Sweeping Strike V
60530	Fighter	Common	Common	Haymaker V
60530	Glaiver	Common	Common	Leaping Slash V
60531	Fighter	Common	Common	Haymaker V
60599	Glaiver	Common	Common	Leaping Slash V
60600	Assassin	Common	Common	One Thousand Cuts VI
60600	Berserker	Common	Common	Sweeping Strike VI
60600	Engineer	Common	Common	Time Bomb VI
60600	Fighter	Common	Common	Haymaker VI
60600	Glaiver	Common	Common	Leaping Slash VI
60600	Sorcerer	Common	Common	Meteor Strike VI
60601	Fighter	Common	Common	Haymaker VI
60602	Fighter	Common	Common	Haymaker VI
60630	Berserker	Common	Common	Sweeping Strike VI
60630	Fighter	Common	Common	Haymaker VI
60630	Glaiver	Common	Common	Leaping Slash VI
60631	Fighter	Common	Common	Haymaker VI
60699	Glaiver	Common	Common	Leaping Slash VI
60700	Assassin	Common	Common	One Thousand Cuts VII
60700	Berserker	Common	Common	Sweeping Strike VII
60700	Engineer	Common	Common	Time Bomb VII
60700	Fighter	Common	Common	Haymaker VII
60700	Glaiver	Common	Common	Leaping Slash VII
60700	Sorcerer	Common	Common	Meteor Strike VII
60701	Fighter	Common	Common	Haymaker VII
60702	Fighter	Common	Common	Haymaker VII
60730	Berserker	Common	Common	Sweeping Strike VII
60730	Fighter	Common	Common	Haymaker VII
60730	Glaiver	Common	Common	Leaping Slash VII
60731	Fighter	Common	Common	Haymaker VII
60799	Glaiver	Common	Common	Leaping Slash VII
60800	Assassin	Common	Common	One Thousand Cuts VIII
60800	Berserker	Common	Common	Sweeping Strike VIII
60800	Engineer	Common	Common	Time Bomb VIII
60800	Fighter	Common	Common	Haymaker VIII
60800	Glaiver	Common	Common	Leaping Slash VIII
60800	Sorcerer	Common	Common	Meteor Strike VIII
60801	Fighter	Common	Common	Haymaker VIII
60802	Fighter	Common	Common	Haymaker VIII
60830	Berserker	Common	Common	Sweeping Strike VIII
60830	Fighter	Common	Common	Haymaker VIII
60830	Glaiver	Common	Common	Leaping Slash VIII
60831	Fighter	Common	Common	Haymaker VIII
60899	Glaiver	Common	Common	Leaping Slash VIII
60900	Assassin	Common	Common	One Thousand Cuts IX
60900	Berserker	Common	Common	Sweeping Strike IX
60900	Engineer	Common	Common	Time Bomb IX
60900	Fighter	Common	Common	Haymaker IX
60900	Glaiver	Common	Common	Leaping Slash IX
60900	Sorcerer	Common	Common	Meteor Strike IX
60901	Fighter	Common	Common	Haymaker IX
60902	Fighter	Common	Common	Haymaker IX
60930	Berserker	Common	Common	Sweeping Strike IX
60930	Fighter	Common	Common	Haymaker IX
60930	Glaiver	Common	Common	Leaping Slash IX
60931	Fighter	Common	Common	Haymaker IX
60940	Fighter	Common	Common	Haymaker IX
60941	Fighter	Common	Common	Haymaker IX
60942	Fighter	Common	Common	Haymaker IX
60946	Fighter	Common	Common	Haymaker IX
60947	Fighter	Common	Common	Haymaker IX
60950	Fighter	Common	Common	Haymaker IX
60951	Fighter	Common	Common	Haymaker IX
60952	Fighter	Common	Common	Haymaker IX
60956	Fighter	Common	Common	Haymaker IX
60957	Fighter	Common	Common	Haymaker IX
60960	Fighter	Common	Common	Haymaker IX
60961	Fighter	Common	Common	Haymaker IX
60962	Fighter	Common	Common	Haymaker IX
60966	Fighter	Common	Common	Haymaker IX
60967	Fighter	Common	Common	Haymaker IX
60999	Glaiver	Common	Common	Leaping Slash IX
61000	Assassin	Common	Common	One Thousand Cuts X
61000	Berserker	Common	Common	Sweeping Strike X
61000	Engineer	Common	Common	Time Bomb X
61000	Fighter	Common	Common	Haymaker X
61000	Glaiver	Common	Common	Leaping Slash X
61000	Sorcerer	Common	Common	Meteor Strike X
61001	Fighter	Common	Common	Haymaker X
61002	Fighter	Common	Common	Haymaker X
61030	Berserker	Common	Common	Sweeping Strike X
61030	Fighter	Common	Common	Haymaker X
61030	Glaiver	Common	Common	Leaping Slash X
61031	Fighter	Common	Common	Haymaker X
61099	Glaiver	Common	Common	Leaping Slash X
61100	Assassin	Common	Common	One Thousand Cuts XI
61100	Berserker	Common	Common	Sweeping Strike XI
61100	Engineer	Common	Common	Time Bomb XI
61100	Fighter	Common	Common	Haymaker XI
61100	Glaiver	Common	Common	Leaping Slash XI
61101	Fighter	Common	Common	Haymaker XI
61102	Fighter	Common	Common	Haymaker XI
61130	Berserker	Common	Common	Sweeping Strike XI
61130	Fighter	Common	Common	Haymaker XI
61130	Glaiver	Common	Common	Leaping Slash XI
61131	Fighter	Common	Common	Haymaker XI
61199	Glaiver	Common	Common	Leaping Slash XI
61200	Glaiver	Common	Common	Leaping Slash XII
61230	Glaiver	Common	Common	Leaping Slash XII
61299	Glaiver	Common	Common	Leaping Slash XII
65100	Glaiver	Common	Common	Leaping Slash I
65130	Glaiver	Common	Common	Leaping Slash I
65200	Glaiver	Common	Common	Leaping Slash II
65230	Glaiver	Common	Common	Leaping Slash II
65300	Glaiver	Common	Common	Leaping Slash III
65330	Glaiver	Common	Common	Leaping Slash III
65400	Glaiver	Common	Common	Leaping Slash IV
65430	Glaiver	Common	Common	Leaping Slash IV
65500	Glaiver	Common	Common	Leaping Slash V
65530	Glaiver	Common	Common	Leaping Slash V
65600	Glaiver	Common	Common	Leaping Slash VI
65630	Glaiver	Common	Common	Leaping Slash VI
65700	Glaiver	Common	Common	Leaping Slash VII
65730	Glaiver	Common	Common	Leaping Slash VII
65800	Glaiver	Common	Common	Leaping Slash VIII
65830	Glaiver	Common	Common	Leaping Slash VIII
65900	Glaiver	Common	Common	Leaping Slash IX
65930	Glaiver	Common	Common	Leaping Slash IX
66000	Glaiver	Common	Common	Leaping Slash X
66030	Glaiver	Common	Common	Leaping Slash X
66100	Glaiver	Common	Common	Leaping Slash XI
66130	Glaiver	Common	Common	Leaping Slash XI
66200	Glaiver	Common	Common	Leaping Slash XII
66230	Glaiver	Common	Common	Leaping Slash XII
70100	Archer	Common	Common	Feign Death I
70100	Assassin	Common	Common	Decoy Jutsu I
70100	Berserker	Common	Common	Mocking Shout
70100	Elementalist	Common	Common	Mana Infusion
70100	Engineer	Common	Common	Arcane Barrage I
70100	Fighter	Common	Common	Roundhouse Kick I
70100	Glaiver	Common	Common	Spinning Death I
70100	Lancer	Common	Common	Guardian Shout I
70100	Sorcerer	Common	Common	Backstep
70100	Soulless	Common	Common	Final Judgment I
70101	Glaiver	Common	Common	Spinning Death I
70102	Glaiver	Common	Common	Spinning Death I
70130	Fighter	Common	Common	Roundhouse Kick I
70130	Glaiver	Common	Common	Spinning Death I
70130	Soulless	Common	Common	Final Judgment I
70131	Soulless	Common	Common	Final Judgment I
70199	Glaiver	Common	Common	Spinning Death I
70200	Archer	Common	Common	Feign Death II
70200	Assassin	Common	Common	Decoy Jutsu II
70200	Engineer	Common	Common	Arcane Barrage II
70200	Fighter	Common	Common	Roundhouse Kick II
70200	Glaiver	Common	Common	Spinning Death II
70200	Lancer	Common	Common	Guardian Shout II
70200	Soulless	Common	Common	Final Judgment II
70201	Glaiver	Common	Common	Spinning Death II
70202	Glaiver	Common	Common	Spinning Death II
70230	Fighter	Common	Common	Roundhouse Kick II
70230	Glaiver	Common	Common	Spinning Death II
70230	Soulless	Common	Common	Final Judgment II
70231	Soulless	Common	Common	Final Judgment II
70299	Glaiver	Common	Common	Spinning Death II
70300	Archer	Common	Common	Feign Death III
70300	Assassin	Common	Common	Decoy Jutsu III
70300	Engineer	Common	Common	Arcane Barrage III
70300	Fighter	Common	Common	Roundhouse Kick III
70300	Glaiver	Common	Common	Spinning Death III
70300	Lancer	Common	Common	Guardian Shout III
70301	Glaiver	Common	Common	Spinning Death III
70302	Glaiver	Common	Common	Spinning Death III
70330	Fighter	Common	Common	Roundhouse Kick III
70330	Glaiver	Common	Common	Spinning Death III
70399	Glaiver	Common	Common	Spinning Death III
70400	Assassin	Common	Common	Decoy Jutsu IV
70400	Engineer	Common	Common	Arcane Barrage IV
70400	Fighter	Common	Common	Roundhouse Kick IV
70400	Glaiver	Common	Common	Spinning Death IV
70401	Glaiver	Common	Common	Spinning Death IV
70402	Glaiver	Common	Common	Spinning Death IV
70430	Fighter	Common	Common	Roundhouse Kick IV
70430	Glaiver	Common	Common	Spinning Death IV
70499	Glaiver	Common	Common	Spinning Death IV
70500	Assassin	Common	Common	Decoy Jutsu V
70500	Engineer	Common	Common	Arcane Barrage V
70500	Fighter	Common	Common	Roundhouse Kick V
70500	Glaiver	Common	Common	Spinning Death V
70501	Glaiver	Common	Common	Spinning Death V
70502	Glaiver	Common	Common	Spinning Death V
70530	Fighter	Common	Common	Roundhouse Kick V
70530	Glaiver	Common	Common	Spinning Death V
70599	Glaiver	Common	Common	Spinning Death V
70600	Assassin	Common	Common	Decoy Jutsu VI
70600	Engineer	Common	Common	Arcane Barrage VI
70600	Fighter	Common	Common	Roundhouse Kick VI
70600	Glaiver	Common	Common	Spinning Death VI
70601	Glaiver	Common	Common	Spinning Death VI
70602	Glaiver	Common	Common	Spinning Death VI
70630	Fighter	Common	Common	Roundhouse Kick VI
70630	Glaiver	Common	Common	Spinning Death VI
70699	Glaiver	Common	Common	Spinning Death VI
70700	Assassin	Common	Common	Decoy Jutsu VII
70700	Engineer	Common	Common	Arcane Barrage VII
70700	Fighter	Common	Common	Roundhouse Kick VII
70700	Glaiver	Common	Common	Spinning Death VII
70701	Glaiver	Common	Common	Spinning Death VII
70702	Glaiver	Common	Common	Spinning Death VII
70730	Fighter	Common	Common	Roundhouse Kick VII
70730	Glaiver	Common	Common	Spinning Death VII
70799	Glaiver	Common	Common	Spinning Death VII
70800	Assassin	Common	Common	Decoy Jutsu VIII
70800	Engineer	Common	Common	Arcane Barrage VIII
70800	Fighter	Common	Common	Roundhouse Kick VIII
70800	Glaiver	Common	Common	Spinning Death VIII
70801	Glaiver	Common	Common	Spinning Death VIII
70802	Glaiver	Common	Common	Spinning Death VIII
70830	Fighter	Common	Common	Roundhouse Kick VIII
70830	Glaiver	Common	Common	Spinning Death VIII
70899	Glaiver	Common	Common	Spinning Death VIII
70900	Assassin	Common	Common	Decoy Jutsu IX
70900	Engineer	Common	Common	Arcane Barrage IX
70900	Fighter	Common	Common	Roundhouse Kick IX
70900	Glaiver	Common	Common	Spinning Death IX
70901	Glaiver	Common	Common	Spinning Death IX
70902	Glaiver	Common	Common	Spinning Death IX
70930	Fighter	Common	Common	Roundhouse Kick IX
70930	Glaiver	Common	Common	Spinning Death IX
70999	Glaiver	Common	Common	Spinning Death IX
71000	Assassin	Common	Common	Decoy Jutsu X
71000	Engineer	Common	Common	Arcane Barrage X
71000	Fighter	Common	Common	Roundhouse Kick X
71030	Fighter	Common	Common	Roundhouse Kick X
71100	Assassin	Common	Common	Decoy Jutsu XI
71100	Engineer	Common	Common	Arcane Barrage XI
71100	Fighter	Common	Common	Roundhouse Kick XI
71130	Fighter	Common	Common	Roundhouse Kick XI
71200	Assassin	Common	Common	Decoy Jutsu XII
71200	Fighter	Common	Common	Roundhouse Kick XII
71230	Fighter	Common	Common	Roundhouse Kick XII
75100	Glaiver	Common	Common	Spinning Death I
75101	Glaiver	Common	Common	Spinning Death I
75102	Glaiver	Common	Common	Spinning Death I
75130	Glaiver	Common	Common	Spinning Death I
75200	Glaiver	Common	Common	Spinning Death II
75201	Glaiver	Common	Common	Spinning Death II
75202	Glaiver	Common	Common	Spinning Death II
75230	Glaiver	Common	Common	Spinning Death II
75300	Glaiver	Common	Common	Spinning Death III
75301	Glaiver	Common	Common	Spinning Death III
75302	Glaiver	Common	Common	Spinning Death III
75330	Glaiver	Common	Common	Spinning Death III
75400	Glaiver	Common	Common	Spinning Death IV
75401	Glaiver	Common	Common	Spinning Death IV
75402	Glaiver	Common	Common	Spinning Death IV
75430	Glaiver	Common	Common	Spinning Death IV
75500	Glaiver	Common	Common	Spinning Death V
75501	Glaiver	Common	Common	Spinning Death V
75502	Glaiver	Common	Common	Spinning Death V
75530	Glaiver	Common	Common	Spinning Death V
75600	Glaiver	Common	Common	Spinning Death VI
75601	Glaiver	Common	Common	Spinning Death VI
75602	Glaiver	Common	Common	Spinning Death VI
75630	Glaiver	Common	Common	Spinning Death VI
75700	Glaiver	Common	Common	Spinning Death VII
75701	Glaiver	Common	Common	Spinning Death VII
75702	Glaiver	Common	Common	Spinning Death VII
75730	Glaiver	Common	Common	Spinning Death VII
75800	Glaiver	Common	Common	Spinning Death VIII
75801	Glaiver	Common	Common	Spinning Death VIII
75802	Glaiver	Common	Common	Spinning Death VIII
75830	Glaiver	Common	Common	Spinning Death VIII
75900	Glaiver	Common	Common	Spinning Death IX
75901	Glaiver	Common	Common	Spinning Death IX
75902	Glaiver	Common	Common	Spinning Death IX
75930	Glaiver	Common	Common	Spinning Death IX
80100	Archer	Common	Common	Rapid Fire I
80100	Assassin	Common	Common	Fire Avalanche I
80100	Berserker	Common	Common	Fiery Rage I
80100	Elementalist	Common	Common	Metamorphic Blast I
80100	Fighter	Common	Common	Piledriver I
80100	Glaiver	Common	Common	Titansbane I
80100	Lancer	Common	Common	Shield Counter I
80100	Priest	Common	Common	Mana Infusion
80100	Slayer	Common	Common	Overhand Strike I
80100	Sorcerer	Common	Common	Flame Pillar I
80100	Soulless	Common	Common	Whipsaw I
80100	Warrior	Common	Common	Assault Stance I
80101	Fighter	Common	Common	Piledriver I
80101	Glaiver	Common	Common	Titansbane I
80102	Fighter	Common	Common	Piledriver I
80130	Elementalist	Common	Common	Metamorphic Blast I
80130	Fighter	Common	Common	Piledriver I
80130	Glaiver	Common	Common	Titansbane I
80130	Slayer	Common	Common	Overhand Strike I
80130	Soulless	Common	Common	Whipsaw I
80199	Glaiver	Common	Common	Titansbane I
80200	Archer	Common	Common	Rapid Fire II
80200	Assassin	Common	Common	Fire Avalanche II
80200	Berserker	Common	Common	Fiery Rage II
80200	Elementalist	Common	Common	Metamorphic Blast II
80200	Fighter	Common	Common	Piledriver II
80200	Lancer	Common	Common	Shield Counter II
80200	Slayer	Common	Common	Overhand Strike II
80200	Sorcerer	Common	Common	Flame Pillar II
80200	Soulless	Common	Common	Whipsaw II
80200	Warrior	Common	Common	Assault Stance II
80201	Fighter	Common	Common	Piledriver II
80202	Fighter	Common	Common	Piledriver II
80230	Elementalist	Common	Common	Metamorphic Blast II
80230	Fighter	Common	Common	Piledriver II
80230	Slayer	Common	Common	Overhand Strike II
80230	Soulless	Common	Common	Whipsaw II
80251	Assassin	Common	Common	Harmonious Fire Avalanche
80300	Archer	Common	Common	Rapid Fire III
80300	Berserker	Common	Common	Fiery Rage III
80300	Elementalist	Common	Common	Metamorphic Blast III
80300	Fighter	Common	Common	Piledriver III
80300	Lancer	Common	Common	Shield Counter III
80300	Slayer	Common	Common	Overhand Strike III
80300	Sorcerer	Common	Common	Flame Pillar III
80300	Warrior	Common	Common	Assault Stance III
80301	Fighter	Common	Common	Piledriver III
80302	Fighter	Common	Common	Piledriver III
80330	Elementalist	Common	Common	Metamorphic Blast III
80330	Fighter	Common	Common	Piledriver III
80330	Slayer	Common	Common	Overhand Strike III
80400	Archer	Common	Common	Rapid Fire IV
80400	Berserker	Common	Common	Fiery Rage IV
80400	Elementalist	Common	Common	Metamorphic Blast IV
80400	Fighter	Common	Common	Piledriver IV
80400	Lancer	Common	Common	Shield Counter IV
80400	Slayer	Common	Common	Overhand Strike IV
80400	Sorcerer	Common	Common	Flame Pillar IV
80400	Warrior	Common	Common	Assault Stance IV
80401	Fighter	Common	Common	Piledriver IV
80402	Fighter	Common	Common	Piledriver IV
80430	Elementalist	Common	Common	Metamorphic Blast IV
80430	Fighter	Common	Common	Piledriver IV
80430	Slayer	Common	Common	Overhand Strike IV
80500	Archer	Common	Common	Rapid Fire V
80500	Berserker	Common	Common	Fiery Rage V
80500	Elementalist	Common	Common	Metamorphic Blast V
80500	Fighter	Common	Common	Piledriver V
80500	Lancer	Common	Common	Shield Counter V
80500	Slayer	Common	Common	Overhand Strike V
80500	Sorcerer	Common	Common	Flame Pillar V
80501	Fighter	Common	Common	Piledriver V
80502	Fighter	Common	Common	Piledriver V
80530	Elementalist	Common	Common	Metamorphic Blast V
80530	Fighter	Common	Common	Piledriver V
80530	Slayer	Common	Common	Overhand Strike V
80600	Archer	Common	Common	Rapid Fire VI
80600	Berserker	Common	Common	Fiery Rage VI
80600	Elementalist	Common	Common	Metamorphic Blast VI
80600	Fighter	Common	Common	Piledriver VI
80600	Lancer	Common	Common	Shield Counter VI
80600	Slayer	Common	Common	Overhand Strike VI
80600	Sorcerer	Common	Common	Flame Pillar VI
80601	Archer	Common	Common	Rapid Fire VI
80601	Fighter	Common	Common	Piledriver VI
80602	Fighter	Common	Common	Piledriver VI
80611	Archer	Common	Common	Rapid Fire VI
80630	Elementalist	Common	Common	Metamorphic Blast VI
80630	Fighter	Common	Common	Piledriver VI
80630	Slayer	Common	Common	Overhand Strike VI
80700	Elementalist	Common	Common	Metamorphic Blast VII
80700	Fighter	Common	Common	Piledriver VII
80700	Lancer	Common	Common	Shield Counter VII
80700	Slayer	Common	Common	Overhand Strike VII
80700	Sorcerer	Common	Common	Flame Pillar VII
80701	Fighter	Common	Common	Piledriver VII
80702	Fighter	Common	Common	Piledriver VII
80730	Elementalist	Common	Common	Metamorphic Blast VII
80730	Fighter	Common	Common	Piledriver VII
80730	Slayer	Common	Common	Overhand Strike VII
80800	Elementalist	Common	Common	Metamorphic Blast VIII
80800	Fighter	Common	Common	Piledriver VIII
80800	Lancer	Common	Common	Shield Counter VIII
80800	Slayer	Common	Common	Overhand Strike VIII
80801	Fighter	Common	Common	Piledriver VIII
80802	Fighter	Common	Common	Piledriver VIII
80830	Elementalist	Common	Common	Metamorphic Blast VIII
80830	Fighter	Common	Common	Piledriver VIII
80830	Slayer	Common	Common	Overhand Strike VIII
80900	Elementalist	Common	Common	Metamorphic Blast IX
80900	Fighter	Common	Common	Piledriver IX
80900	Lancer	Common	Common	Shield Counter IX
80900	Slayer	Common	Common	Overhand Strike IX
80901	Fighter	Common	Common	Piledriver IX
80902	Fighter	Common	Common	Piledriver IX
80930	Elementalist	Common	Common	Metamorphic Blast IX
80930	Fighter	Common	Common	Piledriver IX
80930	Slayer	Common	Common	Overhand Strike IX
81000	Elementalist	Common	Common	Metamorphic Blast X
81000	Fighter	Common	Common	Piledriver X
81000	Lancer	Common	Common	Shield Counter X
81000	Slayer	Common	Common	Overhand Strike X
81001	Fighter	Common	Common	Piledriver X
81002	Fighter	Common	Common	Piledriver X
81030	Elementalist	Common	Common	Metamorphic Blast X
81030	Fighter	Common	Common	Piledriver X
81030	Slayer	Common	Common	Overhand Strike X
81100	Elementalist	Common	Common	Metamorphic Blast XI
81100	Fighter	Common	Common	Piledriver XI
81100	Lancer	Common	Common	Shield Counter XI
81101	Fighter	Common	Common	Piledriver XI
81102	Fighter	Common	Common	Piledriver XI
81130	Elementalist	Common	Common	Metamorphic Blast XI
81130	Fighter	Common	Common	Piledriver XI
85100	Glaiver	Common	Common	Titansbane I
85101	Glaiver	Common	Common	Titansbane I
85130	Glaiver	Common	Common	Titansbane I
90100	Archer	Common	Common	Slow Trap I
90100	Assassin	Common	Common	Smoke Bomb
90100	Elementalist	Common	Common	Arun's Cleansing Touch
90100	Engineer	Common	Common	Mana Missiles I
90100	Fighter	Common	Common	Jackhammer I
90100	Glaiver	Common	Common	Ground Bash I
90100	Lancer	Common	Common	Leash I
90100	Slayer	Common	Common	Leaping Strike I
90100	Soulless	Common	Common	Smite
90100	Warrior	Common	Common	Defensive Stance I
90101	Fighter	Common	Common	Jackhammer I
90102	Fighter	Common	Common	Jackhammer I
90130	Fighter	Common	Common	Jackhammer I
90130	Glaiver	Common	Common	Ground Bash I
90199	Glaiver	Common	Common	Ground Bash I
90200	Archer	Common	Common	Slow Trap II
90200	Engineer	Common	Common	Mana Missiles II
90200	Fighter	Common	Common	Jackhammer II
90200	Glaiver	Common	Common	Ground Bash II
90200	Lancer	Common	Common	Leash II
90200	Slayer	Common	Common	Leaping Strike II
90200	Warrior	Common	Common	Defensive Stance II
90201	Fighter	Common	Common	Jackhammer II
90202	Fighter	Common	Common	Jackhammer II
90230	Fighter	Common	Common	Jackhammer II
90230	Glaiver	Common	Common	Ground Bash II
90299	Glaiver	Common	Common	Ground Bash II
90300	Archer	Common	Common	Slow Trap III
90300	Engineer	Common	Common	Mana Missiles III
90300	Fighter	Common	Common	Jackhammer III
90300	Glaiver	Common	Common	Ground Bash III
90300	Lancer	Common	Common	Leash III
90300	Slayer	Common	Common	Leaping Strike III
90301	Fighter	Common	Common	Jackhammer III
90302	Fighter	Common	Common	Jackhammer III
90330	Fighter	Common	Common	Jackhammer III
90330	Glaiver	Common	Common	Ground Bash III
90399	Glaiver	Common	Common	Ground Bash III
90400	Archer	Common	Common	Slow Trap IV
90400	Engineer	Common	Common	Mana Missiles IV
90400	Fighter	Common	Common	Jackhammer IV
90400	Glaiver	Common	Common	Ground Bash IV
90400	Slayer	Common	Common	Leaping Strike IV
90401	Fighter	Common	Common	Jackhammer IV
90402	Fighter	Common	Common	Jackhammer IV
90430	Fighter	Common	Common	Jackhammer IV
90430	Glaiver	Common	Common	Ground Bash IV
90499	Glaiver	Common	Common	Ground Bash IV
90500	Archer	Common	Common	Slow Trap V
90500	Engineer	Common	Common	Mana Missiles V
90500	Fighter	Common	Common	Jackhammer V
90500	Glaiver	Common	Common	Ground Bash V
90500	Slayer	Common	Common	Leaping Strike V
90501	Fighter	Common	Common	Jackhammer V
90502	Fighter	Common	Common	Jackhammer V
90530	Fighter	Common	Common	Jackhammer V
90530	Glaiver	Common	Common	Ground Bash V
90599	Glaiver	Common	Common	Ground Bash V
90600	Archer	Common	Common	Slow Trap VI
90600	Engineer	Common	Common	Mana Missiles VI
90600	Fighter	Common	Common	Jackhammer VI
90600	Glaiver	Common	Common	Ground Bash VI
90600	Slayer	Common	Common	Leaping Strike VI
90601	Fighter	Common	Common	Jackhammer VI
90602	Fighter	Common	Common	Jackhammer VI
90630	Fighter	Common	Common	Jackhammer VI
90630	Glaiver	Common	Common	Ground Bash VI
90699	Glaiver	Common	Common	Ground Bash VI
90700	Archer	Common	Common	Slow Trap VII
90700	Engineer	Common	Common	Mana Missiles VII
90700	Fighter	Common	Common	Jackhammer VII
90700	Glaiver	Common	Common	Ground Bash VII
90700	Slayer	Common	Common	Leaping Strike VII
90701	Fighter	Common	Common	Jackhammer VII
90702	Fighter	Common	Common	Jackhammer VII
90730	Fighter	Common	Common	Jackhammer VII
90730	Glaiver	Common	Common	Ground Bash VII
90799	Glaiver	Common	Common	Ground Bash VII
90800	Archer	Common	Common	Slow Trap VIII
90800	Engineer	Common	Common	Mana Missiles VIII
90800	Fighter	Common	Common	Jackhammer VIII
90800	Glaiver	Common	Common	Ground Bash VIII
90800	Slayer	Common	Common	Leaping Strike VIII
90801	Fighter	Common	Common	Jackhammer VIII
90802	Fighter	Common	Common	Jackhammer VIII
90830	Fighter	Common	Common	Jackhammer VIII
90830	Glaiver	Common	Common	Ground Bash VIII
90899	Glaiver	Common	Common	Ground Bash VIII
90900	Archer	Common	Common	Slow Trap IX
90900	Engineer	Common	Common	Mana Missiles IX
90900	Fighter	Common	Common	Jackhammer IX
90900	Glaiver	Common	Common	Ground Bash IX
90901	Fighter	Common	Common	Jackhammer IX
90902	Fighter	Common	Common	Jackhammer IX
90930	Fighter	Common	Common	Jackhammer IX
90930	Glaiver	Common	Common	Ground Bash IX
90999	Glaiver	Common	Common	Ground Bash IX
91000	Engineer	Common	Common	Mana Missiles X
91000	Fighter	Common	Common	Jackhammer X
91000	Glaiver	Common	Common	Ground Bash X
91001	Fighter	Common	Common	Jackhammer X
91002	Fighter	Common	Common	Jackhammer X
91030	Fighter	Common	Common	Jackhammer X
91030	Glaiver	Common	Common	Ground Bash X
91099	Glaiver	Common	Common	Ground Bash X
91100	Fighter	Common	Common	Jackhammer XI
91100	Glaiver	Common	Common	Ground Bash XI
91101	Fighter	Common	Common	Jackhammer XI
91102	Fighter	Common	Common	Jackhammer XI
91130	Fighter	Common	Common	Jackhammer XI
91130	Glaiver	Common	Common	Ground Bash XI
91199	Glaiver	Common	Common	Ground Bash XI
95100	Glaiver	Common	Common	Ground Bash I
95130	Glaiver	Common	Common	Ground Bash I
95200	Glaiver	Common	Common	Ground Bash II
95230	Glaiver	Common	Common	Ground Bash II
95300	Glaiver	Common	Common	Ground Bash III
95330	Glaiver	Common	Common	Ground Bash III
95400	Glaiver	Common	Common	Ground Bash IV
95430	Glaiver	Common	Common	Ground Bash IV
95500	Glaiver	Common	Common	Ground Bash V
95530	Glaiver	Common	Common	Ground Bash V
95600	Glaiver	Common	Common	Ground Bash VI
95630	Glaiver	Common	Common	Ground Bash VI
95700	Glaiver	Common	Common	Ground Bash VII
95730	Glaiver	Common	Common	Ground Bash VII
95800	Glaiver	Common	Common	Ground Bash VIII
95830	Glaiver	Common	Common	Ground Bash VIII
95900	Glaiver	Common	Common	Ground Bash IX
95930	Glaiver	Common	Common	Ground Bash IX
96000	Glaiver	Common	Common	Ground Bash X
96030	Glaiver	Common	Common	Ground Bash X
96100	Glaiver	Common	Common	Ground Bash XI
96130	Glaiver	Common	Common	Ground Bash XI
100100	Archer	Common	Common	Stunning Trap I
100100	Assassin	Common	Common	Retaliate I
100100	Berserker	Common	Common	Cyclone I
100100	Elementalist	Common	Common	Resurrect
100100	Engineer	Common	Common	Arc Bomb I
100100	Fighter	Common	Common	Counterpunch I
100100	Glaiver	Common	Common	Dream Slash I
100100	Lancer	Common	Common	Debilitate I
100100	Priest	Common	Common	Purifying Circle
100100	Slayer	Common	Common	Retaliate I
100100	Sorcerer	Common	Common	Mana Barrier I
100100	Soulless	Common	Common	Pendulum Strike I
100100	Warrior	Common	Common	Death From Above I
100120	Glaiver	Common	Common	Dream Slash I
100130	Glaiver	Common	Common	Dream Slash I
100130	Lancer	Common	Common	Debilitate I
100130	Soulless	Common	Common	Pendulum Strike I
100199	Glaiver	Common	Common	Dream Slash I
100200	Archer	Common	Common	Stunning Trap II
100200	Assassin	Common	Common	Retaliate II
100200	Berserker	Common	Common	Cyclone II
100200	Engineer	Common	Common	Arc Bomb II
100200	Fighter	Common	Common	Counterpunch II
100200	Glaiver	Common	Common	Dream Slash II
100200	Lancer	Common	Common	Debilitate II
100200	Slayer	Common	Common	Retaliate II
100200	Sorcerer	Common	Common	Mana Barrier II
100200	Soulless	Common	Common	Pendulum Strike II
100200	Warrior	Common	Common	Death From Above II
100220	Glaiver	Common	Common	Dream Slash II
100230	Glaiver	Common	Common	Dream Slash II
100230	Lancer	Common	Common	Debilitate II
100230	Soulless	Common	Common	Pendulum Strike II
100299	Glaiver	Common	Common	Dream Slash II
100300	Archer	Common	Common	Stunning Trap III
100300	Assassin	Common	Common	Retaliate III
100300	Berserker	Common	Common	Cyclone III
100300	Engineer	Common	Common	Arc Bomb III
100300	Fighter	Common	Common	Counterpunch III
100300	Glaiver	Common	Common	Dream Slash III
100300	Lancer	Common	Common	Debilitate III
100300	Slayer	Common	Common	Retaliate III
100300	Sorcerer	Common	Common	Mana Barrier III
100300	Warrior	Common	Common	Death From Above III
100320	Glaiver	Common	Common	Dream Slash III
100330	Glaiver	Common	Common	Dream Slash III
100330	Lancer	Common	Common	Debilitate III
100399	Glaiver	Common	Common	Dream Slash III
100400	Archer	Common	Common	Stunning Trap IV
100400	Assassin	Common	Common	Retaliate IV
100400	Berserker	Common	Common	Cyclone IV
100400	Engineer	Common	Common	Arc Bomb IV
100400	Fighter	Common	Common	Counterpunch IV
100400	Glaiver	Common	Common	Dream Slash IV
100400	Slayer	Common	Common	Retaliate IV
100400	Warrior	Common	Common	Death From Above IV
100420	Glaiver	Common	Common	Dream Slash IV
100430	Glaiver	Common	Common	Dream Slash IV
100499	Glaiver	Common	Common	Dream Slash IV
100500	Archer	Common	Common	Stunning Trap V
100500	Assassin	Common	Common	Retaliate V
100500	Berserker	Common	Common	Cyclone V
100500	Engineer	Common	Common	Arc Bomb V
100500	Fighter	Common	Common	Counterpunch V
100500	Glaiver	Common	Common	Dream Slash V
100500	Slayer	Common	Common	Retaliate V
100500	Warrior	Common	Common	Death From Above V
100520	Glaiver	Common	Common	Dream Slash V
100530	Glaiver	Common	Common	Dream Slash V
100599	Glaiver	Common	Common	Dream Slash V
100600	Assassin	Common	Common	Retaliate VI
100600	Berserker	Common	Common	Cyclone VI
100600	Engineer	Common	Common	Arc Bomb VI
100600	Fighter	Common	Common	Counterpunch VI
100600	Glaiver	Common	Common	Dream Slash VI
100600	Slayer	Common	Common	Retaliate VI
100600	Warrior	Common	Common	Death From Above VI
100620	Glaiver	Common	Common	Dream Slash VI
100630	Glaiver	Common	Common	Dream Slash VI
100699	Glaiver	Common	Common	Dream Slash VI
100700	Assassin	Common	Common	Retaliate VII
100700	Berserker	Common	Common	Cyclone VII
100700	Engineer	Common	Common	Arc Bomb VII
100700	Fighter	Common	Common	Counterpunch VII
100700	Glaiver	Common	Common	Dream Slash VII
100700	Slayer	Common	Common	Retaliate VII
100700	Warrior	Common	Common	Death From Above VII
100720	Glaiver	Common	Common	Dream Slash VII
100730	Glaiver	Common	Common	Dream Slash VII
100799	Glaiver	Common	Common	Dream Slash VII
100800	Assassin	Common	Common	Retaliate VIII
100800	Berserker	Common	Common	Cyclone VIII
100800	Engineer	Common	Common	Arc Bomb VIII
100800	Fighter	Common	Common	Counterpunch VIII
100800	Glaiver	Common	Common	Dream Slash VIII
100800	Slayer	Common	Common	Retaliate VIII
100820	Glaiver	Common	Common	Dream Slash VIII
100830	Glaiver	Common	Common	Dream Slash VIII
100899	Glaiver	Common	Common	Dream Slash VIII
100900	Assassin	Common	Common	Retaliate IX
100900	Berserker	Common	Common	Cyclone IX
100900	Engineer	Common	Common	Arc Bomb IX
100900	Fighter	Common	Common	Counterpunch IX
100900	Glaiver	Common	Common	Dream Slash IX
100900	Slayer	Common	Common	Retaliate IX
100920	Glaiver	Common	Common	Dream Slash IX
100930	Glaiver	Common	Common	Dream Slash IX
100999	Glaiver	Common	Common	Dream Slash IX
101000	Assassin	Common	Common	Retaliate X
101000	Berserker	Common	Common	Cyclone X
101000	Glaiver	Common	Common	Dream Slash X
101000	Slayer	Common	Common	Retaliate X
101020	Glaiver	Common	Common	Dream Slash X
101030	Glaiver	Common	Common	Dream Slash X
101099	Glaiver	Common	Common	Dream Slash X
101100	Berserker	Common	Common	Cyclone XI
101100	Glaiver	Common	Common	Dream Slash XI
101120	Glaiver	Common	Common	Dream Slash XI
101130	Glaiver	Common	Common	Dream Slash XI
101199	Glaiver	Common	Common	Dream Slash XI
105100	Glaiver	Common	Common	Dream Slash I
105120	Glaiver	Common	Common	Dream Slash I
105130	Glaiver	Common	Common	Dream Slash I
105200	Glaiver	Common	Common	Dream Slash II
105220	Glaiver	Common	Common	Dream Slash II
105230	Glaiver	Common	Common	Dream Slash II
105300	Glaiver	Common	Common	Dream Slash III
105320	Glaiver	Common	Common	Dream Slash III
105330	Glaiver	Common	Common	Dream Slash III
105400	Glaiver	Common	Common	Dream Slash IV
105420	Glaiver	Common	Common	Dream Slash IV
105430	Glaiver	Common	Common	Dream Slash IV
105500	Glaiver	Common	Common	Dream Slash V
105520	Glaiver	Common	Common	Dream Slash V
105530	Glaiver	Common	Common	Dream Slash V
105600	Glaiver	Common	Common	Dream Slash VI
105620	Glaiver	Common	Common	Dream Slash VI
105630	Glaiver	Common	Common	Dream Slash VI
105700	Glaiver	Common	Common	Dream Slash VII
105720	Glaiver	Common	Common	Dream Slash VII
105730	Glaiver	Common	Common	Dream Slash VII
105800	Glaiver	Common	Common	Dream Slash VIII
105820	Glaiver	Common	Common	Dream Slash VIII
105830	Glaiver	Common	Common	Dream Slash VIII
105900	Glaiver	Common	Common	Dream Slash IX
105920	Glaiver	Common	Common	Dream Slash IX
105930	Glaiver	Common	Common	Dream Slash IX
106000	Glaiver	Common	Common	Dream Slash X
106020	Glaiver	Common	Common	Dream Slash X
106030	Glaiver	Common	Common	Dream Slash X
106100	Glaiver	Common	Common	Dream Slash XI
106120	Glaiver	Common	Common	Dream Slash XI
106130	Glaiver	Common	Common	Dream Slash XI
110100	Archer	Common	Common	Poison Trap I
110100	Assassin	Common	Common	Focus
110100	Berserker	Common	Common	Leaping Strike I
110100	Elementalist	Common	Common	Summon: Group
110100	Engineer	Common	Common	Rocket Jump I
110100	Glaiver	Common	Common	Shining Crescent I
110100	Lancer	Common	Common	Retaliate I
110100	Priest	Common	Common	Metamorphic Blast I
110100	Sorcerer	Common	Common	Lightning Strike I
110100	Soulless	Common	Common	Shadow Lash I
110100	Warrior	Common	Common	Poison Blade I
110101	Glaiver	Common	Common	Shining Crescent I
110101	Soulless	Common	Common	Shadow Lash I
110102	Soulless	Common	Common	Shadow Lash I
110103	Soulless	Common	Common	Shadow Lash I
110130	Glaiver	Common	Common	Shining Crescent I
110131	Engineer	Common	Common	Super Rocket Jump I
110131	Glaiver	Common	Common	Shining Crescent I
110140	Sorcerer	Common	Common	Lightning Strike I
110190	Soulless	Common	Common	Shadow Lash I
110199	Glaiver	Common	Common	Shining Crescent I
110200	Archer	Common	Common	Poison Trap II
110200	Berserker	Common	Common	Leaping Strike II
110200	Engineer	Common	Common	Rocket Jump II
110200	Glaiver	Common	Common	Shining Crescent II
110200	Lancer	Common	Common	Retaliate II
110200	Priest	Common	Common	Metamorphic Blast II
110200	Sorcerer	Common	Common	Lightning Strike II
110200	Soulless	Common	Common	Shadow Lash II
110200	Warrior	Common	Common	Poison Blade II
110201	Glaiver	Common	Common	Shining Crescent II
110201	Soulless	Common	Common	Shadow Lash II
110202	Soulless	Common	Common	Shadow Lash II
110203	Soulless	Common	Common	Shadow Lash II
110230	Glaiver	Common	Common	Shining Crescent II
110231	Engineer	Common	Common	Super Rocket Jump II
110231	Glaiver	Common	Common	Shining Crescent II
110240	Sorcerer	Common	Common	Lightning Strike II
110290	Soulless	Common	Common	Shadow Lash II
110299	Glaiver	Common	Common	Shining Crescent II
110300	Archer	Common	Common	Poison Trap III
110300	Berserker	Common	Common	Leaping Strike III
110300	Engineer	Common	Common	Rocket Jump III
110300	Glaiver	Common	Common	Shining Crescent III
110300	Lancer	Common	Common	Retaliate III
110300	Priest	Common	Common	Metamorphic Blast III
110300	Sorcerer	Common	Common	Lightning Strike III
110300	Warrior	Common	Common	Poison Blade III
110301	Glaiver	Common	Common	Shining Crescent III
110330	Glaiver	Common	Common	Shining Crescent III
110331	Engineer	Common	Common	Super Rocket Jump III
110331	Glaiver	Common	Common	Shining Crescent III
110340	Sorcerer	Common	Common	Lightning Strike III
110399	Glaiver	Common	Common	Shining Crescent III
110400	Archer	Common	Common	Poison Trap IV
110400	Berserker	Common	Common	Leaping Strike IV
110400	Engineer	Common	Common	Rocket Jump IV
110400	Glaiver	Common	Common	Shining Crescent IV
110400	Lancer	Common	Common	Retaliate IV
110400	Priest	Common	Common	Metamorphic Blast IV
110400	Sorcerer	Common	Common	Lightning Strike IV
110400	Warrior	Common	Common	Poison Blade IV
110401	Glaiver	Common	Common	Shining Crescent IV
110430	Glaiver	Common	Common	Shining Crescent IV
110431	Engineer	Common	Common	Super Rocket Jump IV
110431	Glaiver	Common	Common	Shining Crescent IV
110440	Sorcerer	Common	Common	Lightning Strike IV
110499	Glaiver	Common	Common	Shining Crescent IV
110500	Archer	Common	Common	Poison Trap V
110500	Berserker	Common	Common	Leaping Strike V
110500	Engineer	Common	Common	Rocket Jump V
110500	Lancer	Common	Common	Retaliate V
110500	Priest	Common	Common	Metamorphic Blast V
110500	Sorcerer	Common	Common	Lightning Strike V
110500	Warrior	Common	Common	Poison Blade V
110531	Engineer	Common	Common	Super Rocket Jump V
110540	Sorcerer	Common	Common	Lightning Strike V
110600	Berserker	Common	Common	Leaping Strike VI
110600	Engineer	Common	Common	Rocket Jump VI
110600	Lancer	Common	Common	Retaliate VI
110600	Priest	Common	Common	Metamorphic Blast VI
110600	Sorcerer	Common	Common	Lightning Strike VI
110600	Warrior	Common	Common	Poison Blade VI
110631	Engineer	Common	Common	Super Rocket Jump VI
110640	Sorcerer	Common	Common	Lightning Strike VI
110700	Berserker	Common	Common	Leaping Strike VII
110700	Engineer	Common	Common	Rocket Jump VII
110700	Lancer	Common	Common	Retaliate VII
110700	Priest	Common	Common	Metamorphic Blast VII
110700	Sorcerer	Common	Common	Lightning Strike VII
110700	Warrior	Common	Common	Poison Blade VII
110731	Engineer	Common	Common	Super Rocket Jump VII
110740	Sorcerer	Common	Common	Lightning Strike VII
110800	Berserker	Common	Common	Leaping Strike VIII
110800	Engineer	Common	Common	Rocket Jump VIII
110800	Lancer	Common	Common	Retaliate VIII
110800	Priest	Common	Common	Metamorphic Blast VIII
110800	Sorcerer	Common	Common	Lightning Strike VIII
110800	Warrior	Common	Common	Poison Blade VIII
110831	Engineer	Common	Common	Super Rocket Jump VIII
110840	Sorcerer	Common	Common	Lightning Strike VIII
110900	Lancer	Common	Common	Retaliate IX
110900	Priest	Common	Common	Metamorphic Blast IX
110900	Sorcerer	Common	Common	Lightning Strike IX
110900	Warrior	Common	Common	Poison Blade IX
110940	Sorcerer	Common	Common	Lightning Strike IX
111000	Lancer	Common	Common	Retaliate X
111000	Priest	Common	Common	Metamorphic Blast X
111000	Sorcerer	Common	Common	Lightning Strike X
111000	Warrior	Common	Common	Poison Blade X
111040	Sorcerer	Common	Common	Lightning Strike X
111100	Priest	Common	Common	Metamorphic Blast XI
111100	Sorcerer	Common	Common	Lightning Strike XI
111100	Warrior	Common	Common	Poison Blade XI
111101	Priest	Common	Common	Metamorphic Blast XI
111102	Priest	Common	Common	Metamorphic Blast XI
111110	Common	Common	Common	Summon: Bay Gelding
111111	Common	Common	Common	Summon: Bay Gelding
111112	Common	Common	Common	Summon: Fast Bay Gelding
111113	Common	Common	Common	Summon: Honor Steed
111114	Common	Common	Common	Summon: Fast White Stallion
111115	Common	Common	Common	Summon: Arcadian Dapple
111116	Common	Common	Common	Summon: Chestnut Gelding
111117	Common	Common	Common	Summon: Velikan Gray
111118	Common	Common	Common	Summon: Pinto
111119	Common	Common	Common	Summon: Blue Roan
111120	Common	Common	Common	Summon: Battle Charger
111121	Common	Common	Common	Summon: Fast Arcadian Dapple
111122	Common	Common	Common	Summon: Fast Pinto
111124	Common	Common	Common	Summon: Federation Charger
111125	Common	Common	Common	Summon: Quick-Start Charger
111126	Common	Common	Common	Summon: White Stallion
111127	Common	Common	Common	Summon: Arcadian Dapple
111128	Common	Common	Common	Summon: Blue Roan
111129	Common	Common	Common	Summon: Velikan Gray
111130	Common	Common	Common	Summon: Pinto
111131	Common	Common	Common	Summon: Chestnut Gelding
111134	Common	Common	Common	Summon: EX-TRM
111135	Common	Common	Common	Summon: Smolder
111139	Common	Common	Common	Summon: Sheldon
111140	Common	Common	Common	Summon: Regulus
111140	Sorcerer	Common	Common	Lightning Strike XI
111143	Common	Common	Common	Summon: Fast Arcadian Dapple
111144	Common	Common	Common	Summon: Fast Velikan Gray
111145	Common	Common	Common	Summon: Death Charger
111190	Common	Common	Common	Summon: Fast Velikan Gray
111191	Common	Common	Common	Summon: Shadow Steed
111193	Common	Common	Common	Summon: Nexus Warhorse
111194	Common	Common	Common	Summon: Razormane
111195	Common	Common	Common	Summon: Aeolian Zebra
111197	Common	Common	Common	Summon: Jeweled Lion
111199	Common	Common	Common	Summon: Black Leopard
111202	Common	Common	Common	Summon: Night Mare
111203	Common	Common	Common	Summon: Petunia
111303	Common	Common	Common	Summon Razormane
111304	Common	Common	Common	Summon Electrum Wind
111305	Common	Common	Common	Summon Lupus Obscurus
111306	Common	Common	Common	Summon Lupus Argentum
111307	Common	Common	Common	Jitterbug
111308	Common	Common	Common	Humbug
111309	Common	Common	Common	Litterbug
111310	Common	Common	Common	Summon Waddles
111311	Common	Common	Common	Summon Harry Porker
111312	Common	Common	Common	Summon Boss
111313	Common	Common	Common	Summon Petunia
111314	Common	Common	Common	Black and White Cat
111315	Common	Common	Common	Red Tabby Cat
111316	Common	Common	Common	Striped Tabby Cat
111317	Common	Common	Common	Summon Snow Leopard
111318	Common	Common	Common	Summon Tawny Huntress
111319	Common	Common	Common	Summon White Tiger
111320	Common	Common	Common	Summon Wild Tiger
111321	Common	Common	Common	Summon Polar Bear
111322	Common	Common	Common	Summon Grizzly Bear
111323	Common	Common	Common	Summon Panda
111324	Common	Common	Common	Summon Speedy-Y 3.3
111325	Common	Common	Common	Summon Speedy-R 3.3
111326	Common	Common	Common	Summon Speedy-B 3.3
111327	Common	Common	Common	Summon Squawk
111328	Common	Common	Common	Summon Blaze
111329	Common	Common	Common	Summon Quackerjack
111330	Common	Common	Common	Summon Duckerberg
115100	Glaiver	Common	Common	Shining Crescent I
115101	Glaiver	Common	Common	Shining Crescent I
115130	Glaiver	Common	Common	Shining Crescent I
115131	Glaiver	Common	Common	Shining Crescent I
115200	Glaiver	Common	Common	Shining Crescent II
115201	Glaiver	Common	Common	Shining Crescent II
115230	Glaiver	Common	Common	Shining Crescent II
115231	Glaiver	Common	Common	Shining Crescent II
115300	Glaiver	Common	Common	Shining Crescent III
115301	Glaiver	Common	Common	Shining Crescent III
115330	Glaiver	Common	Common	Shining Crescent III
115331	Glaiver	Common	Common	Shining Crescent III
115400	Glaiver	Common	Common	Shining Crescent IV
115401	Glaiver	Common	Common	Shining Crescent IV
115430	Glaiver	Common	Common	Shining Crescent IV
115431	Glaiver	Common	Common	Shining Crescent IV
116001	Common	Common	Common	Summon: Black Pearl
116002	Common	Common	Common	Summon: Lupus Animus
116003	Common	Common	Common	Summon: Almighty Etherwing
116004	Common	Common	Common	Summon: Almighty Spectral Tail
117002	Common	Common	Common	Summon: Blackstar
117003	Common	Common	Common	Summon: Tulpar
117004	Common	Common	Common	Summon: Black Pegasus
117005	Common	Common	Common	Summon: White Pegasus
118000	Common	Common	Common	Summon: Training Bay Gelding
120000	Common	Common	Common	Dismount
120100	Archer	Common	Common	Velik's Mark I
120100	Assassin	Common	Common	Skyfall I
120100	Berserker	Common	Common	Unchained Anger I
120100	Elementalist	Common	Common	Vow of Rebirth
120100	Fighter	Common	Common	Retaliate I
120100	Glaiver	Common	Common	Ragnarok I
120100	Lancer	Common	Common	Infuriate
120100	Priest	Common	Common	Resurrect
120100	Slayer	Common	Common	Heart Thrust I
120100	Sorcerer	Common	Common	Void Pulse I
120100	Soulless	Common	Common	Shadow Burst I
120100	Warrior	Common	Common	Leaping Strike I
120101	Soulless	Common	Common	Shadow Burst I
120120	Engineer	Common	Common	Electric Bomb I
120130	Glaiver	Common	Common	Ragnarok I
120130	Soulless	Common	Common	Shadow Burst I
120199	Glaiver	Common	Common	Ragnarok I
120200	Archer	Common	Common	Velik's Mark II
120200	Assassin	Common	Common	Skyfall II
120200	Berserker	Common	Common	Unchained Anger II
120200	Fighter	Common	Common	Retaliate II
120200	Slayer	Common	Common	Heart Thrust II
120200	Sorcerer	Common	Common	Void Pulse II
120200	Soulless	Common	Common	Shadow Burst II
120200	Warrior	Common	Common	Leaping Strike II
120201	Soulless	Common	Common	Shadow Burst II
120220	Engineer	Common	Common	Electric Bomb II
120230	Soulless	Common	Common	Shadow Burst II
120231	Soulless	Common	Common	Enhanced Shadow Burst
120300	Archer	Common	Common	Velik's Mark III
120300	Assassin	Common	Common	Skyfall III
120300	Berserker	Common	Common	Unchained Anger III
120300	Fighter	Common	Common	Retaliate III
120300	Slayer	Common	Common	Heart Thrust III
120300	Sorcerer	Common	Common	Void Pulse III
120300	Warrior	Common	Common	Leaping Strike III
120320	Engineer	Common	Common	Electric Bomb III
120400	Assassin	Common	Common	Skyfall IV
120400	Berserker	Common	Common	Unchained Anger IV
120400	Fighter	Common	Common	Retaliate IV
120400	Slayer	Common	Common	Heart Thrust IV
120400	Sorcerer	Common	Common	Void Pulse IV
120400	Warrior	Common	Common	Leaping Strike IV
120420	Engineer	Common	Common	Electric Bomb IV
120500	Assassin	Common	Common	Skyfall V
120500	Berserker	Common	Common	Unchained Anger V
120500	Fighter	Common	Common	Retaliate V
120500	Slayer	Common	Common	Heart Thrust V
120500	Sorcerer	Common	Common	Void Pulse V
120500	Warrior	Common	Common	Leaping Strike V
120520	Engineer	Common	Common	Electric Bomb V
120600	Assassin	Common	Common	Skyfall VI
120600	Berserker	Common	Common	Unchained Anger VI
120600	Fighter	Common	Common	Retaliate VI
120600	Slayer	Common	Common	Heart Thrust VI
120600	Sorcerer	Common	Common	Void Pulse VI
120600	Warrior	Common	Common	Leaping Strike VI
120620	Engineer	Common	Common	Electric Bomb VI
120700	Assassin	Common	Common	Skyfall VII
120700	Berserker	Common	Common	Unchained Anger VII
120700	Fighter	Common	Common	Retaliate VII
120700	Slayer	Common	Common	Heart Thrust VII
120700	Sorcerer	Common	Common	Void Pulse VII
120700	Warrior	Common	Common	Leaping Strike VII
120720	Engineer	Common	Common	Electric Bomb VI
120800	Assassin	Common	Common	Skyfall VIII
120800	Berserker	Common	Common	Unchained Anger VIII
120800	Fighter	Common	Common	Retaliate VIII
120800	Slayer	Common	Common	Heart Thrust VIII
120800	Sorcerer	Common	Common	Void Pulse VIII
120800	Warrior	Common	Common	Leaping Strike VIII
120900	Assassin	Common	Common	Skyfall IX
120900	Fighter	Common	Common	Retaliate IX
120900	Slayer	Common	Common	Heart Thrust IX
120900	Sorcerer	Common	Common	Void Pulse IX
121000	Assassin	Common	Common	Skyfall X
121000	Fighter	Common	Common	Retaliate X
121000	Slayer	Common	Common	Heart Thrust X
121100	Assassin	Common	Common	Skyfall XI
121100	Slayer	Common	Common	Heart Thrust XI
121101	Slayer	Common	Common	Heart Thrust XI
121102	Slayer	Common	Common	Heart Thrust XI
121130	Slayer	Common	Common	Heart Thrust XI
130100	Assassin	Common	Common	Circle of Steel I
130100	Berserker	Common	Common	Retaliate I
130100	Elementalist	Common	Common	Aura of the Merciless I
130100	Engineer	Common	Common	Balder's Vengeance I
130100	Fighter	Common	Common	Provoke I
130100	Glaiver	Common	Common	Bloodflower I
130100	Lancer	Common	Common	Spring Attack I
130100	Slayer	Common	Common	Stunning Backhand I
130100	Sorcerer	Common	Common	Mindblast I
130100	Soulless	Common	Common	Soul Reversal
130100	Warrior	Common	Common	Retaliate I
130120	Soulless	Common	Common	Soul Reversal
130130	Glaiver	Common	Common	Bloodflower I
130130	Lancer	Common	Common	Spring Attack I
130130	Soulless	Common	Common	Soul Reversal
130199	Glaiver	Common	Common	Bloodflower I
130200	Assassin	Common	Common	Circle of Steel II
130200	Berserker	Common	Common	Retaliate II
130200	Elementalist	Common	Common	Aura of the Merciless II
130200	Engineer	Common	Common	Balder's Vengeance II
130200	Fighter	Common	Common	Provoke II
130200	Glaiver	Common	Common	Bloodflower II
130200	Lancer	Common	Common	Spring Attack II
130200	Slayer	Common	Common	Stunning Backhand II
130200	Sorcerer	Common	Common	Mindblast II
130200	Warrior	Common	Common	Retaliate II
130230	Glaiver	Common	Common	Bloodflower II
130230	Lancer	Common	Common	Spring Attack II
130299	Glaiver	Common	Common	Bloodflower II
130300	Assassin	Common	Common	Circle of Steel III
130300	Berserker	Common	Common	Retaliate III
130300	Elementalist	Common	Common	Aura of the Merciless III
130300	Fighter	Common	Common	Provoke III
130300	Glaiver	Common	Common	Bloodflower III
130300	Lancer	Common	Common	Spring Attack III
130300	Slayer	Common	Common	Stunning Backhand III
130300	Sorcerer	Common	Common	Mindblast III
130300	Warrior	Common	Common	Retaliate III
130330	Glaiver	Common	Common	Bloodflower III
130330	Lancer	Common	Common	Spring Attack III
130399	Glaiver	Common	Common	Bloodflower III
130400	Assassin	Common	Common	Circle of Steel IV
130400	Berserker	Common	Common	Retaliate IV
130400	Elementalist	Common	Common	Aura of the Merciless IV
130400	Fighter	Common	Common	Provoke IV
130400	Glaiver	Common	Common	Bloodflower IV
130400	Lancer	Common	Common	Spring Attack IV
130400	Slayer	Common	Common	Stunning Backhand IV
130400	Warrior	Common	Common	Retaliate IV
130430	Glaiver	Common	Common	Bloodflower IV
130430	Lancer	Common	Common	Spring Attack IV
130499	Glaiver	Common	Common	Bloodflower IV
130500	Assassin	Common	Common	Circle of Steel V
130500	Berserker	Common	Common	Retaliate V
130500	Fighter	Common	Common	Provoke V
130500	Glaiver	Common	Common	Bloodflower V
130500	Lancer	Common	Common	Spring Attack V
130500	Slayer	Common	Common	Stunning Backhand V
130500	Warrior	Common	Common	Retaliate V
130530	Glaiver	Common	Common	Bloodflower V
130530	Lancer	Common	Common	Spring Attack V
130599	Glaiver	Common	Common	Bloodflower V
130600	Assassin	Common	Common	Circle of Steel VI
130600	Berserker	Common	Common	Retaliate VI
130600	Fighter	Common	Common	Provoke VI
130600	Glaiver	Common	Common	Bloodflower VI
130600	Lancer	Common	Common	Spring Attack VI
130600	Slayer	Common	Common	Stunning Backhand VI
130600	Warrior	Common	Common	Retaliate VI
130630	Glaiver	Common	Common	Bloodflower VI
130630	Lancer	Common	Common	Spring Attack VI
130699	Glaiver	Common	Common	Bloodflower VI
130700	Assassin	Common	Common	Circle of Steel VII
130700	Berserker	Common	Common	Retaliate VII
130700	Fighter	Common	Common	Provoke VII
130700	Glaiver	Common	Common	Bloodflower VII
130700	Lancer	Common	Common	Spring Attack VII
130700	Slayer	Common	Common	Stunning Backhand VII
130700	Warrior	Common	Common	Retaliate VII
130730	Glaiver	Common	Common	Bloodflower VII
130730	Lancer	Common	Common	Spring Attack VII
130799	Glaiver	Common	Common	Bloodflower VII
130800	Assassin	Common	Common	Circle of Steel VIII
130800	Berserker	Common	Common	Retaliate VIII
130800	Fighter	Common	Common	Provoke VIII
130800	Glaiver	Common	Common	Bloodflower VIII
130800	Lancer	Common	Common	Spring Attack VIII
130800	Slayer	Common	Common	Stunning Backhand VIII
130800	Warrior	Common	Common	Retaliate VIII
130830	Glaiver	Common	Common	Bloodflower VIII
130830	Lancer	Common	Common	Spring Attack VIII
130899	Glaiver	Common	Common	Bloodflower VIII
130900	Assassin	Common	Common	Circle of Steel IX
130900	Berserker	Common	Common	Retaliate IX
130900	Fighter	Common	Common	Provoke XI
130900	Glaiver	Common	Common	Bloodflower IX
130900	Lancer	Common	Common	Spring Attack IX
130900	Slayer	Common	Common	Stunning Backhand IX
130900	Warrior	Common	Common	Retaliate IX
130930	Glaiver	Common	Common	Bloodflower IX
130930	Lancer	Common	Common	Spring Attack IX
130999	Glaiver	Common	Common	Bloodflower IX
131000	Assassin	Common	Common	Circle of Steel X
131000	Berserker	Common	Common	Retaliate X
131000	Glaiver	Common	Common	Bloodflower X
131000	Lancer	Common	Common	Spring Attack X
131000	Warrior	Common	Common	Retaliate X
131030	Glaiver	Common	Common	Bloodflower X
131030	Lancer	Common	Common	Spring Attack X
131099	Glaiver	Common	Common	Bloodflower X
131100	Glaiver	Common	Common	Bloodflower XI
131100	Lancer	Common	Common	Spring Attack XI
131130	Glaiver	Common	Common	Bloodflower XI
131130	Lancer	Common	Common	Spring Attack XI
131199	Glaiver	Common	Common	Bloodflower XI
135100	Glaiver	Common	Common	Bloodflower I
135130	Glaiver	Common	Common	Bloodflower I
135200	Glaiver	Common	Common	Bloodflower II
135230	Glaiver	Common	Common	Bloodflower II
135300	Glaiver	Common	Common	Bloodflower III
135330	Glaiver	Common	Common	Bloodflower III
135400	Glaiver	Common	Common	Bloodflower IV
135430	Glaiver	Common	Common	Bloodflower IV
135500	Glaiver	Common	Common	Bloodflower V
135530	Glaiver	Common	Common	Bloodflower V
135600	Glaiver	Common	Common	Bloodflower VI
135630	Glaiver	Common	Common	Bloodflower VI
135700	Glaiver	Common	Common	Bloodflower VII
135730	Glaiver	Common	Common	Bloodflower VII
135800	Glaiver	Common	Common	Bloodflower VIII
135830	Glaiver	Common	Common	Bloodflower VIII
135900	Glaiver	Common	Common	Bloodflower IX
135930	Glaiver	Common	Common	Bloodflower IX
136000	Glaiver	Common	Common	Bloodflower X
136030	Glaiver	Common	Common	Bloodflower X
136100	Glaiver	Common	Common	Bloodflower XI
136130	Glaiver	Common	Common	Bloodflower XI
140100	Archer	Common	Common	Retaliate I
140100	Assassin	Common	Common	Double Cut I
140100	Elementalist	Common	Common	Aura of the Swift I
140100	Fighter	Common	Common	Infuriate
140100	Glaiver	Common	Common	Evasion I
140100	Priest	Common	Common	Summon: Group
140100	Slayer	Common	Common	Distant Blade I
140100	Sorcerer	Common	Common	Retaliate I
140100	Soulless	Common	Common	Retaliate I
140101	Glaiver	Common	Common	Evasion I
140199	Glaiver	Common	Common	Evasion I
140200	Archer	Common	Common	Retaliate II
140200	Assassin	Common	Common	Double Cut II
140200	Elementalist	Common	Common	Aura of the Swift II
140200	Slayer	Common	Common	Distant Blade II
140200	Sorcerer	Common	Common	Retaliate II
140200	Soulless	Common	Common	Retaliate II
140300	Archer	Common	Common	Retaliate III
140300	Assassin	Common	Common	Double Cut III
140300	Slayer	Common	Common	Distant Blade III
140300	Sorcerer	Common	Common	Retaliate III
140300	Soulless	Common	Common	Retaliate III
140400	Archer	Common	Common	Retaliate IV
140400	Assassin	Common	Common	Double Cut IV
140400	Slayer	Common	Common	Distant Blade IV
140400	Sorcerer	Common	Common	Retaliate IV
140500	Archer	Common	Common	Retaliate V
140500	Assassin	Common	Common	Double Cut V
140500	Slayer	Common	Common	Distant Blade V
140500	Sorcerer	Common	Common	Retaliate V
140600	Archer	Common	Common	Retaliate VI
140600	Assassin	Common	Common	Double Cut VI
140600	Slayer	Common	Common	Distant Blade VI
140600	Sorcerer	Common	Common	Retaliate VI
140700	Archer	Common	Common	Retaliate VII
140700	Assassin	Common	Common	Double Cut VII
140700	Slayer	Common	Common	Distant Blade VII
140700	Sorcerer	Common	Common	Retaliate VII
140800	Archer	Common	Common	Retaliate VIII
140800	Assassin	Common	Common	Double Cut VIII
140800	Slayer	Common	Common	Distant Blade VIII
140800	Sorcerer	Common	Common	Retaliate VIII
140900	Archer	Common	Common	Retaliate IX
140900	Assassin	Common	Common	Double Cut IX
140900	Sorcerer	Common	Common	Retaliate IX
141000	Archer	Common	Common	Retaliate X
141000	Assassin	Common	Common	Double Cut X
141000	Sorcerer	Common	Common	Retaliate X
141100	Assassin	Common	Common	Double Cut XI
150100	Archer	Common	Common	Incendiary Trap I
150100	Assassin	Common	Common	Burning Heart I
150100	Berserker	Common	Common	Vampiric Blow I
150100	Elementalist	Common	Common	Aura of the Unyielding I
150100	Engineer	Common	Common	Replenishment I
150100	Fighter	Common	Common	High Kick I
150100	Glaiver	Common	Common	Windslash I
150100	Lancer	Common	Common	Charging Lunge I
150100	Slayer	Common	Common	Startling Kick I
150100	Soulless	Common	Common	Retribution I
150101	Lancer	Common	Common	Charging Lunge I
150130	Glaiver	Common	Common	Windslash I
150180	Soulless	Common	Common	Retribution I
150199	Glaiver	Common	Common	Windslash I
150200	Archer	Common	Common	Incendiary Trap II
150200	Assassin	Common	Common	Burning Heart II
150200	Berserker	Common	Common	Vampiric Blow II
150200	Elementalist	Common	Common	Aura of the Unyielding II
150200	Engineer	Common	Common	Replenishment II
150200	Fighter	Common	Common	High Kick II
150200	Glaiver	Common	Common	Windslash II
150200	Lancer	Common	Common	Charging Lunge II
150200	Slayer	Common	Common	Startling Kick II
150200	Soulless	Common	Common	Retribution II
150201	Lancer	Common	Common	Charging Lunge II
150230	Glaiver	Common	Common	Windslash II
150280	Soulless	Common	Common	Retribution II
150299	Glaiver	Common	Common	Windslash II
150300	Archer	Common	Common	Incendiary Trap III
150300	Assassin	Common	Common	Burning Heart III
150300	Berserker	Common	Common	Vampiric Blow III
150300	Elementalist	Common	Common	Aura of the Unyielding III
150300	Engineer	Common	Common	Replenishment III
150300	Fighter	Common	Common	High Kick III
150300	Glaiver	Common	Common	Windslash III
150300	Lancer	Common	Common	Charging Lunge III
150300	Slayer	Common	Common	Startling Kick III
150300	Soulless	Common	Common	Retribution III
150301	Lancer	Common	Common	Charging Lunge III
150330	Glaiver	Common	Common	Windslash III
150380	Soulless	Common	Common	Retribution III
150399	Glaiver	Common	Common	Windslash III
150400	Archer	Common	Common	Incendiary Trap IV
150400	Assassin	Common	Common	Burning Heart IV
150400	Berserker	Common	Common	Vampiric Blow IV
150400	Elementalist	Common	Common	Aura of the Unyielding IV
150400	Engineer	Common	Common	Replenishment IV
150400	Fighter	Common	Common	High Kick IV
150400	Glaiver	Common	Common	Windslash IV
150400	Lancer	Common	Common	Charging Lunge IV
150400	Slayer	Common	Common	Startling Kick IV
150401	Lancer	Common	Common	Charging Lunge IV
150430	Glaiver	Common	Common	Windslash IV
150499	Glaiver	Common	Common	Windslash IV
150500	Archer	Common	Common	Incendiary Trap V
150500	Assassin	Common	Common	Burning Heart V
150500	Berserker	Common	Common	Vampiric Blow V
150500	Engineer	Common	Common	Replenishment V
150500	Fighter	Common	Common	High Kick V
150500	Glaiver	Common	Common	Windslash V
150500	Lancer	Common	Common	Charging Lunge V
150500	Slayer	Common	Common	Startling Kick V
150501	Lancer	Common	Common	Charging Lunge V
150530	Glaiver	Common	Common	Windslash V
150599	Glaiver	Common	Common	Windslash V
150600	Archer	Common	Common	Incendiary Trap VI
150600	Assassin	Common	Common	Burning Heart VI
150600	Berserker	Common	Common	Vampiric Blow VI
150600	Engineer	Common	Common	Replenishment VI
150600	Fighter	Common	Common	High Kick VI
150600	Glaiver	Common	Common	Windslash VI
150600	Lancer	Common	Common	Charging Lunge VI
150600	Slayer	Common	Common	Startling Kick VI
150601	Lancer	Common	Common	Charging Lunge VI
150630	Glaiver	Common	Common	Windslash VI
150699	Glaiver	Common	Common	Windslash VI
150700	Archer	Common	Common	Incendiary Trap VII
150700	Assassin	Common	Common	Burning Heart VII
150700	Berserker	Common	Common	Vampiric Blow VII
150700	Engineer	Common	Common	Replenishment VII
150700	Fighter	Common	Common	High Kick VII
150700	Glaiver	Common	Common	Windslash VII
150700	Lancer	Common	Common	Charging Lunge VII
150700	Slayer	Common	Common	Startling Kick VII
150701	Lancer	Common	Common	Charging Lunge VII
150730	Glaiver	Common	Common	Windslash VII
150731	Assassin	Common	Common	Harmonious Burning Heart
150799	Glaiver	Common	Common	Windslash VII
150800	Berserker	Common	Common	Vampiric Blow VIII
150800	Engineer	Common	Common	Replenishment VIII
150800	Fighter	Common	Common	High Kick VIII
150800	Glaiver	Common	Common	Windslash VIII
150800	Lancer	Common	Common	Charging Lunge VIII
150800	Slayer	Common	Common	Startling Kick VIII
150801	Lancer	Common	Common	Charging Lunge VIII
150830	Glaiver	Common	Common	Windslash VIII
150899	Glaiver	Common	Common	Windslash VIII
150900	Berserker	Common	Common	Vampiric Blow IX
150900	Engineer	Common	Common	Replenishment IX
150900	Fighter	Common	Common	High Kick IX
150900	Glaiver	Common	Common	Windslash IX
150900	Lancer	Common	Common	Charging Lunge IX
150900	Slayer	Common	Common	Startling Kick IX
150901	Lancer	Common	Common	Charging Lunge IX
150930	Glaiver	Common	Common	Windslash IX
150999	Glaiver	Common	Common	Windslash IX
151000	Berserker	Common	Common	Vampiric Blow X
151000	Engineer	Common	Common	Replenishment X
151000	Fighter	Common	Common	High Kick X
151000	Glaiver	Common	Common	Windslash X
151000	Lancer	Common	Common	Charging Lunge X
151001	Lancer	Common	Common	Charging Lunge X
151030	Glaiver	Common	Common	Windslash X
151099	Glaiver	Common	Common	Windslash X
151100	Engineer	Common	Common	Replenishment XI
151100	Glaiver	Common	Common	Windslash XI
151130	Glaiver	Common	Common	Windslash XI
151199	Glaiver	Common	Common	Windslash XI
155100	Glaiver	Common	Common	Windslash I
155130	Glaiver	Common	Common	Windslash I
155200	Glaiver	Common	Common	Windslash II
155230	Glaiver	Common	Common	Windslash II
155300	Glaiver	Common	Common	Windslash III
155330	Glaiver	Common	Common	Windslash III
155400	Glaiver	Common	Common	Windslash IV
155430	Glaiver	Common	Common	Windslash IV
155500	Glaiver	Common	Common	Windslash V
155530	Glaiver	Common	Common	Windslash V
155600	Glaiver	Common	Common	Windslash VI
155630	Glaiver	Common	Common	Windslash VI
155700	Glaiver	Common	Common	Windslash VII
155730	Glaiver	Common	Common	Windslash VII
155800	Glaiver	Common	Common	Windslash VIII
155830	Glaiver	Common	Common	Windslash VIII
155900	Glaiver	Common	Common	Windslash IX
155930	Glaiver	Common	Common	Windslash IX
156000	Glaiver	Common	Common	Windslash X
156030	Glaiver	Common	Common	Windslash X
156100	Glaiver	Common	Common	Windslash XI
156130	Glaiver	Common	Common	Windslash XI
160100	Archer	Common	Common	Breakaway Bolt I
160100	Assassin	Common	Common	Death Blossom I
160100	Berserker	Common	Common	Fearsome Shout I
160100	Elementalist	Common	Common	Aura of the Tenacious
160100	Fighter	Common	Common	Flip Kick I
160100	Glaiver	Common	Common	Runeburst I
160100	Lancer	Common	Common	Second Wind I
160100	Priest	Common	Common	Shocking Implosion I
160100	Slayer	Common	Common	Fury Strike I
160100	Sorcerer	Common	Common	Painblast I
160100	Soulless	Common	Common	Shadow Reaping
160100	Warrior	Common	Common	Charging Slash I
160120	Glaiver	Common	Common	Runeburst I
160130	Glaiver	Common	Common	Runeburst I
160130	Priest	Common	Common	Shocking Implosion I
160199	Glaiver	Common	Common	Runeburst I
160200	Archer	Common	Common	Breakaway Bolt II
160200	Assassin	Common	Common	Death Blossom II
160200	Berserker	Common	Common	Fearsome Shout II
160200	Fighter	Common	Common	Flip Kick II
160200	Glaiver	Common	Common	Runeburst II
160200	Lancer	Common	Common	Second Wind II
160200	Priest	Common	Common	Shocking Implosion II
160200	Slayer	Common	Common	Fury Strike II
160200	Sorcerer	Common	Common	Painblast II
160200	Warrior	Common	Common	Charging Slash II
160220	Glaiver	Common	Common	Runeburst II
160230	Glaiver	Common	Common	Runeburst II
160230	Priest	Common	Common	Shocking Implosion II
160299	Glaiver	Common	Common	Runeburst II
160300	Archer	Common	Common	Breakaway Bolt III
160300	Assassin	Common	Common	Death Blossom III
160300	Berserker	Common	Common	Fearsome Shout III
160300	Fighter	Common	Common	Flip Kick III
160300	Glaiver	Common	Common	Runeburst III
160300	Lancer	Common	Common	Second Wind III
160300	Priest	Common	Common	Shocking Implosion III
160300	Slayer	Common	Common	Fury Strike III
160300	Sorcerer	Common	Common	Painblast III
160300	Warrior	Common	Common	Charging Slash III
160320	Glaiver	Common	Common	Runeburst III
160330	Glaiver	Common	Common	Runeburst III
160330	Priest	Common	Common	Shocking Implosion III
160399	Glaiver	Common	Common	Runeburst III
160400	Archer	Common	Common	Breakaway Bolt IV
160400	Assassin	Common	Common	Death Blossom IV
160400	Berserker	Common	Common	Fearsome Shout IV
160400	Fighter	Common	Common	Flip Kick IV
160400	Glaiver	Common	Common	Runeburst IV
160400	Lancer	Common	Common	Second Wind IV
160400	Priest	Common	Common	Shocking Implosion IV
160400	Slayer	Common	Common	Fury Strike IV
160400	Sorcerer	Common	Common	Painblast IV
160400	Warrior	Common	Common	Charging Slash IV
160410	Berserker	Common	Common	Fearsome Shout IV
160420	Berserker	Common	Common	Titanic Shout I
160420	Glaiver	Common	Common	Runeburst IV
160430	Glaiver	Common	Common	Runeburst IV
160430	Priest	Common	Common	Shocking Implosion IV
160499	Glaiver	Common	Common	Runeburst IV
160500	Archer	Common	Common	Breakaway Bolt V
160500	Fighter	Common	Common	Flip Kick V
160500	Glaiver	Common	Common	Runeburst V
160500	Lancer	Common	Common	Second Wind V
160500	Priest	Common	Common	Shocking Implosion V
160500	Sorcerer	Common	Common	Painblast V
160500	Warrior	Common	Common	Charging Slash V
160520	Glaiver	Common	Common	Runeburst V
160530	Glaiver	Common	Common	Runeburst V
160530	Priest	Common	Common	Shocking Implosion V
160599	Glaiver	Common	Common	Runeburst V
160600	Archer	Common	Common	Breakaway Bolt VI
160600	Fighter	Common	Common	Flip Kick VI
160600	Glaiver	Common	Common	Runeburst VI
160600	Lancer	Common	Common	Second Wind VI
160600	Priest	Common	Common	Shocking Implosion VI
160600	Sorcerer	Common	Common	Painblast VI
160600	Warrior	Common	Common	Charging Slash VI
160620	Glaiver	Common	Common	Runeburst VI
160630	Glaiver	Common	Common	Runeburst VI
160630	Priest	Common	Common	Shocking Implosion VI
160699	Glaiver	Common	Common	Runeburst VI
160700	Archer	Common	Common	Breakaway Bolt VII
160700	Fighter	Common	Common	Flip Kick VII
160700	Glaiver	Common	Common	Runeburst VII
160700	Lancer	Common	Common	Second Wind VII
160700	Priest	Common	Common	Shocking Implosion VII
160700	Sorcerer	Common	Common	Painblast VII
160700	Warrior	Common	Common	Charging Slash VII
160720	Glaiver	Common	Common	Runeburst VII
160730	Glaiver	Common	Common	Runeburst VII
160730	Priest	Common	Common	Shocking Implosion VII
160799	Glaiver	Common	Common	Runeburst VII
160800	Archer	Common	Common	Breakaway Bolt VIII
160800	Fighter	Common	Common	Flip Kick VIII
160800	Glaiver	Common	Common	Runeburst VIII
160800	Priest	Common	Common	Shocking Implosion VIII
160800	Sorcerer	Common	Common	Painblast VIII
160800	Warrior	Common	Common	Charging Slash VIII
160820	Glaiver	Common	Common	Runeburst VIII
160830	Glaiver	Common	Common	Runeburst VIII
160830	Priest	Common	Common	Shocking Implosion VIII
160899	Glaiver	Common	Common	Runeburst VIII
160900	Archer	Common	Common	Breakaway Bolt IX
160900	Fighter	Common	Common	Flip Kick IX
160900	Glaiver	Common	Common	Runeburst IX
160900	Priest	Common	Common	Shocking Implosion IX
160900	Sorcerer	Common	Common	Painblast IX
160900	Warrior	Common	Common	Charging Slash IX
160920	Glaiver	Common	Common	Runeburst IX
160930	Glaiver	Common	Common	Runeburst IX
160930	Priest	Common	Common	Shocking Implosion IX
160999	Glaiver	Common	Common	Runeburst IX
161000	Archer	Common	Common	Breakaway Bolt X
161000	Fighter	Common	Common	Flip Kick X
161000	Glaiver	Common	Common	Runeburst X
161000	Priest	Common	Common	Shocking Implosion X
161000	Warrior	Common	Common	Charging Slash X
161020	Glaiver	Common	Common	Runeburst X
161030	Glaiver	Common	Common	Runeburst X
161030	Priest	Common	Common	Shocking Implosion X
161099	Glaiver	Common	Common	Runeburst X
161100	Fighter	Common	Common	Flip Kick XI
161100	Glaiver	Common	Common	Runeburst XI
161100	Priest	Common	Common	Shocking Implosion XI
161110	Priest	Common	Common	Shocking Implosion XI
161111	Priest	Common	Common	Shocking Implosion XI
161120	Glaiver	Common	Common	Runeburst XI
161120	Priest	Common	Common	Shocking Implosion XI
161121	Priest	Common	Common	Shocking Implosion XI
161130	Glaiver	Common	Common	Runeburst XI
161199	Glaiver	Common	Common	Runeburst XI
161200	Glaiver	Common	Common	Runeburst XII
161220	Glaiver	Common	Common	Runeburst XII
161230	Glaiver	Common	Common	Runeburst XII
161299	Glaiver	Common	Common	Runeburst XII
165100	Glaiver	Common	Common	Runeburst I
165120	Glaiver	Common	Common	Runeburst I
165130	Glaiver	Common	Common	Runeburst I
165200	Glaiver	Common	Common	Runeburst II
165220	Glaiver	Common	Common	Runeburst II
165230	Glaiver	Common	Common	Runeburst II
165300	Glaiver	Common	Common	Runeburst III
165320	Glaiver	Common	Common	Runeburst III
165330	Glaiver	Common	Common	Runeburst III
165400	Glaiver	Common	Common	Runeburst IV
165420	Glaiver	Common	Common	Runeburst IV
165430	Glaiver	Common	Common	Runeburst IV
165500	Glaiver	Common	Common	Runeburst V
165520	Glaiver	Common	Common	Runeburst V
165530	Glaiver	Common	Common	Runeburst V
165600	Glaiver	Common	Common	Runeburst VI
165620	Glaiver	Common	Common	Runeburst VI
165630	Glaiver	Common	Common	Runeburst VI
165700	Glaiver	Common	Common	Runeburst VII
165720	Glaiver	Common	Common	Runeburst VII
165730	Glaiver	Common	Common	Runeburst VII
165800	Glaiver	Common	Common	Runeburst VIII
165820	Glaiver	Common	Common	Runeburst VIII
165830	Glaiver	Common	Common	Runeburst VIII
165900	Glaiver	Common	Common	Runeburst IX
165920	Glaiver	Common	Common	Runeburst IX
165930	Glaiver	Common	Common	Runeburst IX
166000	Glaiver	Common	Common	Runeburst X
166020	Glaiver	Common	Common	Runeburst X
166030	Glaiver	Common	Common	Runeburst X
166100	Glaiver	Common	Common	Runeburst XI
166120	Glaiver	Common	Common	Runeburst XI
166130	Glaiver	Common	Common	Runeburst XI
166200	Glaiver	Common	Common	Runeburst XII
166220	Glaiver	Common	Common	Runeburst XII
166230	Glaiver	Common	Common	Runeburst XII
170100	Archer	Common	Common	Web Arrow I
170100	Assassin	Common	Common	Attunement
170100	Elementalist	Common	Common	Teleport Jaunt
170100	Fighter	Common	Common	Rampage I
170100	Glaiver	Common	Common	Balder's Tears
170100	Lancer	Common	Common	Adrenaline Rush I
170100	Slayer	Common	Common	Headlong Rush I
170100	Sorcerer	Common	Common	Painful Trap I
170100	Soulless	Common	Common	Spirit Gallows
170100	Warrior	Common	Common	Vortex Slash I
170110	Soulless	Common	Common	Spirit Gallows
170199	Glaiver	Common	Common	Balder's Tears
170200	Archer	Common	Common	Web Arrow II
170200	Fighter	Common	Common	Rampage II
170200	Lancer	Common	Common	Adrenaline Rush II
170200	Slayer	Common	Common	Headlong Rush II
170200	Sorcerer	Common	Common	Painful Trap II
170200	Warrior	Common	Common	Vortex Slash II
170300	Archer	Common	Common	Web Arrow III
170300	Fighter	Common	Common	Rampage III
170300	Slayer	Common	Common	Headlong Rush III
170300	Sorcerer	Common	Common	Painful Trap III
170300	Warrior	Common	Common	Vortex Slash III
170400	Fighter	Common	Common	Rampage IV
170400	Slayer	Common	Common	Headlong Rush IV
170400	Sorcerer	Common	Common	Painful Trap IV
170400	Warrior	Common	Common	Vortex Slash IV
170500	Fighter	Common	Common	Rampage V
170500	Warrior	Common	Common	Vortex Slash V
170600	Fighter	Common	Common	Rampage VI
170600	Warrior	Common	Common	Vortex Slash VI
170700	Fighter	Common	Common	Rampage VII
170700	Warrior	Common	Common	Vortex Slash VII
170800	Fighter	Common	Common	Rampage VIII
170900	Fighter	Common	Common	Rampage IX
171000	Fighter	Common	Common	Rampage X
180100	Archer	Common	Common	Close Quarters I
180100	Assassin	Common	Common	Bladestorm I
180100	Berserker	Common	Common	Lethal Strike I
180100	Elementalist	Common	Common	Arun's Vitae I
180100	Engineer	Common	Common	HB-1
180100	Fighter	Common	Common	Growing Fury
180100	Glaiver	Common	Common	Retaliate I
180100	Lancer	Common	Common	Shield Barrage I
180100	Priest	Common	Common	Heal Thyself I
180100	Slayer	Common	Common	Overpower I
180100	Sorcerer	Common	Common	Glacial Retreat I
180100	Soulless	Common	Common	Shrouded Escape
180100	Warrior	Common	Common	Combative Strike I
180101	Lancer	Common	Common	Shield Barrage I
180130	Berserker	Common	Common	Lethal Strike I
180199	Glaiver	Common	Common	Retaliate I
180200	Archer	Common	Common	Close Quarters II
180200	Assassin	Common	Common	Bladestorm II
180200	Berserker	Common	Common	Lethal Strike II
180200	Elementalist	Common	Common	Arun's Vitae II
180200	Engineer	Common	Common	HB-2
180200	Glaiver	Common	Common	Retaliate II
180200	Lancer	Common	Common	Shield Barrage II
180200	Priest	Common	Common	Heal Thyself II
180200	Slayer	Common	Common	Overpower II
180200	Sorcerer	Common	Common	Glacial Retreat II
180200	Warrior	Common	Common	Combative Strike II
180201	Lancer	Common	Common	Shield Barrage II
180230	Berserker	Common	Common	Lethal Strike II
180299	Glaiver	Common	Common	Retaliate II
180300	Archer	Common	Common	Close Quarters III
180300	Assassin	Common	Common	Bladestorm III
180300	Berserker	Common	Common	Lethal Strike III
180300	Elementalist	Common	Common	Arun's Vitae III
180300	Engineer	Common	Common	HB-3
180300	Glaiver	Common	Common	Retaliate III
180300	Lancer	Common	Common	Shield Barrage III
180300	Priest	Common	Common	Heal Thyself III
180300	Sorcerer	Common	Common	Glacial Retreat III
180300	Warrior	Common	Common	Combative Strike III
180301	Lancer	Common	Common	Shield Barrage III
180330	Berserker	Common	Common	Lethal Strike III
180399	Glaiver	Common	Common	Retaliate III
180400	Archer	Common	Common	Close Quarters IV
180400	Assassin	Common	Common	Bladestorm IV
180400	Berserker	Common	Common	Lethal Strike IV
180400	Elementalist	Common	Common	Arun's Vitae IV
180400	Engineer	Common	Common	HB-4
180400	Glaiver	Common	Common	Retaliate IV
180400	Lancer	Common	Common	Shield Barrage IV
180400	Priest	Common	Common	Heal Thyself IV
180400	Sorcerer	Common	Common	Glacial Retreat IV
180400	Warrior	Common	Common	Combative Strike IV
180401	Lancer	Common	Common	Shield Barrage IV
180430	Berserker	Common	Common	Lethal Strike IV
180499	Glaiver	Common	Common	Retaliate IV
180500	Archer	Common	Common	Close Quarters V
180500	Assassin	Common	Common	Bladestorm V
180500	Berserker	Common	Common	Lethal Strike V
180500	Elementalist	Common	Common	Arun's Vitae V
180500	Engineer	Common	Common	HB-5
180500	Glaiver	Common	Common	Retaliate V
180500	Lancer	Common	Common	Shield Barrage V
180500	Priest	Common	Common	Heal Thyself V
180500	Sorcerer	Common	Common	Glacial Retreat V
180500	Warrior	Common	Common	Combative Strike V
180501	Lancer	Common	Common	Shield Barrage V
180530	Berserker	Common	Common	Lethal Strike V
180599	Glaiver	Common	Common	Retaliate V
180600	Archer	Common	Common	Close Quarters VI
180600	Assassin	Common	Common	Bladestorm VI
180600	Berserker	Common	Common	Lethal Strike VI
180600	Elementalist	Common	Common	Arun's Vitae VI
180600	Engineer	Common	Common	HB-6
180600	Glaiver	Common	Common	Retaliate VI
180600	Lancer	Common	Common	Shield Barrage VI
180600	Priest	Common	Common	Heal Thyself VI
180600	Sorcerer	Common	Common	Glacial Retreat VI
180600	Warrior	Common	Common	Combative Strike VI
180601	Lancer	Common	Common	Shield Barrage VI
180630	Berserker	Common	Common	Lethal Strike VI
180699	Glaiver	Common	Common	Retaliate VI
180700	Archer	Common	Common	Close Quarters VII
180700	Assassin	Common	Common	Bladestorm VII
180700	Elementalist	Common	Common	Arun's Vitae VII
180700	Engineer	Common	Common	HB-7
180700	Glaiver	Common	Common	Retaliate VII
180700	Lancer	Common	Common	Shield Barrage VII
180700	Priest	Common	Common	Heal Thyself VII
180700	Warrior	Common	Common	Combative Strike VII
180701	Lancer	Common	Common	Shield Barrage VII
180799	Glaiver	Common	Common	Retaliate VII
180800	Archer	Common	Common	Close Quarters VIII
180800	Assassin	Common	Common	Bladestorm VIII
180800	Elementalist	Common	Common	Arun's Vitae VIII
180800	Glaiver	Common	Common	Retaliate VIII
180800	Lancer	Common	Common	Shield Barrage VIII
180800	Priest	Common	Common	Heal Thyself VIII
180800	Warrior	Common	Common	Combative Strike VIII
180801	Lancer	Common	Common	Shield Barrage VIII
180899	Glaiver	Common	Common	Retaliate VIII
180900	Archer	Common	Common	Close Quarters IX
180900	Assassin	Common	Common	Bladestorm IX
180900	Elementalist	Common	Common	Arun's Vitae IX
180900	Glaiver	Common	Common	Retaliate IX
180900	Lancer	Common	Common	Shield Barrage IX
180900	Priest	Common	Common	Heal Thyself IX
180900	Warrior	Common	Common	Combative Strike IX
180901	Lancer	Common	Common	Shield Barrage IX
180999	Glaiver	Common	Common	Retaliate IX
181000	Archer	Common	Common	Close Quarters X
181000	Assassin	Common	Common	Bladestorm X
181000	Elementalist	Common	Common	Arun's Vitae X
181000	Glaiver	Common	Common	Retaliate X
181000	Lancer	Common	Common	Shield Barrage X
181000	Priest	Common	Common	Heal Thyself X
181000	Warrior	Common	Common	Combative Strike X
181001	Lancer	Common	Common	Shield Barrage X
181099	Glaiver	Common	Common	Retaliate X
181100	Assassin	Common	Common	Bladestorm XI
181100	Elementalist	Common	Common	Arun's Vitae XI
181100	Lancer	Common	Common	Shield Barrage XI
181100	Priest	Common	Common	Heal Thyself XI
181100	Warrior	Common	Common	Combative Strike XI
181101	Lancer	Common	Common	Shield Barrage XI
181200	Priest	Common	Common	Heal Thyself XII
185100	Glaiver	Common	Common	Retaliate I
185200	Glaiver	Common	Common	Retaliate II
185300	Glaiver	Common	Common	Retaliate III
185400	Glaiver	Common	Common	Retaliate IV
185500	Glaiver	Common	Common	Retaliate V
185600	Glaiver	Common	Common	Retaliate VI
185700	Glaiver	Common	Common	Retaliate VII
185800	Glaiver	Common	Common	Retaliate VIII
185900	Glaiver	Common	Common	Retaliate IX
186000	Glaiver	Common	Common	Retaliate X
190039	Common	Common	Common	Anti-Tank Mine
190041	Common	Common	Common	Lightning Mine
190043	Common	Common	Common	Thunder Mine
190045	Common	Common	Common	Suicide Soldier
190046	Common	Common	Common	Suicide Bomber
190100	Archer	Common	Common	Poison Arrow I
190100	Assassin	Common	Common	Chakra Thrust I
190100	Berserker	Common	Common	Triumphant Shout I
190100	Engineer	Common	Common	ST-1
190100	Fighter	Common	Common	Invigorating Rage
190100	Glaiver	Common	Common	Reclamation I
190100	Lancer	Common	Common	Pledge of Protection
190100	Priest	Common	Common	Focus Heal I
190100	Slayer	Common	Common	Tenacity I
190100	Sorcerer	Common	Common	Mana Siphon
190100	Soulless	Common	Common	Dark Harvest
190100	Warrior	Common	Common	Rising Fury I
190110	Priest	Common	Common	Focus Heal I
190130	Glaiver	Common	Common	Reclamation I
190199	Glaiver	Common	Common	Reclamation I
190200	Archer	Common	Common	Poison Arrow II
190200	Assassin	Common	Common	Chakra Thrust II
190200	Berserker	Common	Common	Triumphant Shout II
190200	Engineer	Common	Common	ST-2
190200	Priest	Common	Common	Focus Heal II
190200	Slayer	Common	Common	Tenacity II
190200	Warrior	Common	Common	Rising Fury II
190210	Priest	Common	Common	Focus Heal II
190300	Archer	Common	Common	Poison Arrow III
190300	Assassin	Common	Common	Chakra Thrust III
190300	Berserker	Common	Common	Triumphant Shout III
190300	Engineer	Common	Common	ST-3
190300	Priest	Common	Common	Focus Heal III
190300	Slayer	Common	Common	Tenacity III
190300	Warrior	Common	Common	Rising Fury III
190310	Priest	Common	Common	Focus Heal III
190400	Archer	Common	Common	Poison Arrow IV
190400	Assassin	Common	Common	Chakra Thrust IV
190400	Engineer	Common	Common	ST-4
190400	Priest	Common	Common	Focus Heal IV
190400	Warrior	Common	Common	Rising Fury IV
190410	Priest	Common	Common	Focus Heal IV
190500	Archer	Common	Common	Poison Arrow V
190500	Assassin	Common	Common	Chakra Thrust V
190500	Priest	Common	Common	Focus Heal V
190500	Warrior	Common	Common	Rising Fury V
190510	Priest	Common	Common	Focus Heal V
190600	Archer	Common	Common	Poison Arrow VI
190600	Priest	Common	Common	Focus Heal VI
190600	Warrior	Common	Common	Rising Fury VI
190610	Priest	Common	Common	Focus Heal VI
190700	Archer	Common	Common	Poison Arrow VII
190700	Priest	Common	Common	Focus Heal VII
190700	Warrior	Common	Common	Rising Fury VII
190710	Priest	Common	Common	Focus Heal VII
190800	Archer	Common	Common	Poison Arrow VIII
190800	Priest	Common	Common	Focus Heal VIII
190800	Warrior	Common	Common	Rising Fury VIII
190810	Priest	Common	Common	Focus Heal VIII
190900	Priest	Common	Common	Focus Heal IX
190900	Warrior	Common	Common	Rising Fury IX
190910	Priest	Common	Common	Focus Heal IX
191000	Warrior	Common	Common	Rising Fury X
191100	Warrior	Common	Common	Rising Fury XI
200001	Common	Common	Common	Outlaw Declaration
200003	Common	Common	Common	Murderous Intent
200010	Common	Common	Common	Dark Wings
200011	Common	Common	Common	Dark Souls
200012	Common	Common	Common	Dark Hearts
200100	Archer	Common	Common	Restraining Arrow I
200100	Assassin	Common	Common	Clone Jutsu
200100	Berserker	Common	Common	Inescapable Doom I
200100	Engineer	Common	Common	Retaliate I
200100	Fighter	Common	Common	Meat Grinder I
200100	Glaiver	Common	Common	Backstab I
200100	Slayer	Common	Common	In Cold Blood I
200100	Sorcerer	Common	Common	Flaming Barrage I
200100	Soulless	Common	Common	Cable Step
200100	Warrior	Common	Common	Deadly Gamble I
200110	Sorcerer	Common	Common	Flaming Barrage I
200130	Soulless	Common	Common	Cable Step
200199	Glaiver	Common	Common	Backstab I
200200	Archer	Common	Common	Restraining Arrow II
200200	Berserker	Common	Common	Inescapable Doom II
200200	Engineer	Common	Common	Retaliate II
200200	Fighter	Common	Common	Meat Grinder II
200200	Glaiver	Common	Common	Backstab II
200200	Slayer	Common	Common	In Cold Blood II
200200	Sorcerer	Common	Common	Flaming Barrage II
200200	Warrior	Common	Common	Deadly Gamble II
200210	Sorcerer	Common	Common	Flaming Barrage II
200299	Glaiver	Common	Common	Backstab II
200300	Engineer	Common	Common	Retaliate III
200300	Fighter	Common	Common	Meat Grinder III
200300	Glaiver	Common	Common	Backstab III
200300	Slayer	Common	Common	In Cold Blood II
200300	Sorcerer	Common	Common	Flaming Barrage III
200310	Sorcerer	Common	Common	Flaming Barrage III
200399	Glaiver	Common	Common	Backstab III
200400	Engineer	Common	Common	Retaliate IV
200400	Fighter	Common	Common	Meat Grinder IV
200400	Glaiver	Common	Common	Backstab IV
200400	Sorcerer	Common	Common	Flaming Barrage IV
200410	Sorcerer	Common	Common	Flaming Barrage IV
200499	Glaiver	Common	Common	Backstab IV
200500	Engineer	Common	Common	Retaliate V
200500	Fighter	Common	Common	Meat Grinder V
200500	Glaiver	Common	Common	Backstab V
200500	Sorcerer	Common	Common	Flaming Barrage V
200510	Sorcerer	Common	Common	Flaming Barrage V
200599	Glaiver	Common	Common	Backstab V
200600	Engineer	Common	Common	Retaliate VI
200600	Fighter	Common	Common	Meat Grinder VI
200600	Glaiver	Common	Common	Backstab VI
200699	Glaiver	Common	Common	Backstab VI
200700	Engineer	Common	Common	Retaliate VII
200700	Fighter	Common	Common	Meat Grinder VII
200700	Glaiver	Common	Common	Backstab VII
200799	Glaiver	Common	Common	Backstab VII
200800	Engineer	Common	Common	Retaliate VIII
200800	Fighter	Common	Common	Meat Grinder VIII
200800	Glaiver	Common	Common	Backstab VIII
200899	Glaiver	Common	Common	Backstab VIII
200900	Engineer	Common	Common	Retaliate IX
200900	Fighter	Common	Common	Meat Grinder IX
201000	Engineer	Common	Common	Retaliate X
201000	Fighter	Common	Common	Meat Grinder X
205100	Glaiver	Common	Common	Backstab I
205200	Glaiver	Common	Common	Backstab II
205300	Glaiver	Common	Common	Backstab III
205400	Glaiver	Common	Common	Backstab IV
205500	Glaiver	Common	Common	Backstab V
205600	Glaiver	Common	Common	Backstab VI
205700	Glaiver	Common	Common	Backstab VII
205800	Glaiver	Common	Common	Backstab VIII
210100	Archer	Common	Common	Sniper's Eye I
210100	Assassin	Common	Common	Boomerang Shuriken
210100	Berserker	Common	Common	Bloodlust I
210100	Elementalist	Common	Common	Retaliate I
210100	Engineer	Common	Common	Command: Recall I
210100	Fighter	Common	Common	Mounting Rage
210100	Glaiver	Common	Common	Dark Herald I
210100	Lancer	Common	Common	Lockdown Blow I
210100	Slayer	Common	Common	Exhausting Blow
210100	Sorcerer	Common	Common	Nerve Exhaustion
210100	Soulless	Common	Common	Recall Scythes
210100	Warrior	Common	Common	Cascade of Stuns I
210112	Assassin	Common	Common	Harmonious Boomerang Shuriken
210120	Glaiver	Common	Common	Dark Herald I
210130	Lancer	Common	Common	Lockdown Blow I
210199	Glaiver	Common	Common	Dark Herald I
210200	Archer	Common	Common	Sniper's Eye II
210200	Berserker	Common	Common	Bloodlust II
210200	Elementalist	Common	Common	Retaliate II
210200	Engineer	Common	Common	Command: Recall II
210200	Lancer	Common	Common	Lockdown Blow II
210200	Warrior	Common	Common	Cascade of Stuns II
210230	Lancer	Common	Common	Lockdown Blow II
210300	Elementalist	Common	Common	Retaliate III
210300	Engineer	Common	Common	Command: Recall III
210300	Lancer	Common	Common	Lockdown Blow III
210300	Warrior	Common	Common	Cascade of Stuns III
210330	Lancer	Common	Common	Lockdown Blow III
210400	Elementalist	Common	Common	Retaliate IV
210400	Lancer	Common	Common	Lockdown Blow IV
210400	Warrior	Common	Common	Cascade of Stuns IV
210430	Lancer	Common	Common	Lockdown Blow IV
210500	Elementalist	Common	Common	Retaliate V
210500	Warrior	Common	Common	Cascade of Stuns V
210600	Elementalist	Common	Common	Retaliate VI
210700	Elementalist	Common	Common	Retaliate VII
210800	Elementalist	Common	Common	Retaliate VIII
210900	Elementalist	Common	Common	Retaliate IX
211000	Elementalist	Common	Common	Retaliate X
215100	Glaiver	Common	Common	Dark Herald I
215120	Glaiver	Common	Common	Dark Herald I
220100	Archer	Common	Common	Sequential Fire I
220100	Assassin	Common	Common	Quick Attack
220100	Elementalist	Common	Common	Arun's Tears
220100	Engineer	Common	Common	Command: Self-Destruct
220100	Fighter	Common	Common	Flying Kick
220100	Lancer	Common	Common	Iron Will I
220100	Priest	Common	Common	Kaia's Shield I
220100	Sorcerer	Common	Common	Burning Breath I
220100	Soulless	Common	Common	Binding Scythes
220100	Warrior	Common	Common	Backstab I
220110	Sorcerer	Common	Common	Burning Breath I
220140	Assassin	Common	Common	Harmonious Quick Attack
220200	Archer	Common	Common	Sequential Fire II
220200	Lancer	Common	Common	Iron Will II
220200	Priest	Common	Common	Kaia's Shield II
220200	Sorcerer	Common	Common	Burning Breath II
220200	Warrior	Common	Common	Backstab II
220210	Sorcerer	Common	Common	Burning Breath II
220300	Archer	Common	Common	Sequential Fire III
220300	Lancer	Common	Common	Iron Will III
220300	Priest	Common	Common	Kaia's Shield III
220300	Sorcerer	Common	Common	Burning Breath III
220310	Sorcerer	Common	Common	Burning Breath III
220400	Archer	Common	Common	Sequential Fire IV
220400	Lancer	Common	Common	Iron Will IV
220400	Priest	Common	Common	Kaia's Shield IV
220400	Sorcerer	Common	Common	Burning Breath IV
220410	Sorcerer	Common	Common	Burning Breath IV
220500	Archer	Common	Common	Sequential Fire V
220500	Lancer	Common	Common	Iron Will V
220500	Priest	Common	Common	Kaia's Shield V
220500	Sorcerer	Common	Common	Burning Breath V
220510	Sorcerer	Common	Common	Burning Breath V
220600	Archer	Common	Common	Sequential Fire VI
220600	Lancer	Common	Common	Iron Will VI
220600	Sorcerer	Common	Common	Burning Breath VI
220610	Sorcerer	Common	Common	Burning Breath VI
220700	Archer	Common	Common	Sequential Fire VII
220700	Sorcerer	Common	Common	Burning Breath VII
220710	Sorcerer	Common	Common	Burning Breath VII
220800	Archer	Common	Common	Sequential Fire VIII
220900	Archer	Common	Common	Sequential Fire IX
221000	Archer	Common	Common	Sequential Fire X
221100	Archer	Common	Common	Sequential Fire XI
230100	Archer	Common	Common	Stunning Trap Arrow I
230100	Assassin	Common	Common	Inner Harmony
230100	Elementalist	Common	Common	Metamorphic Smite I
230100	Engineer	Common	Common	Command: Stay/Follow
230100	Fighter	Common	Common	Spinning Back Elbow
230100	Glaiver	Common	Common	Gungnir's Bite
230100	Lancer	Common	Common	Master's Leash I
230100	Slayer	Common	Common	Measured Slice I
230100	Sorcerer	Common	Common	Mana Volley I
230100	Soulless	Common	Common	Binding Scythes
230100	Warrior	Common	Common	Spinning Counter I
230101	Glaiver	Common	Common	Gungnir's Bite
230102	Glaiver	Common	Common	Gungnir's Bite
230109	Glaiver	Common	Common	Gungnir's Bite
230130	Elementalist	Common	Common	Metamorphic Smite I
230130	Slayer	Common	Common	Measured Slice I
230199	Glaiver	Common	Common	Gungnir's Bite
230200	Archer	Common	Common	Stunning Trap Arrow II
230200	Elementalist	Common	Common	Metamorphic Smite II
230200	Lancer	Common	Common	Master's Leash II
230200	Slayer	Common	Common	Measured Slice II
230200	Sorcerer	Common	Common	Mana Volley II
230200	Warrior	Common	Common	Spinning Counter II
230230	Elementalist	Common	Common	Metamorphic Smite II
230230	Slayer	Common	Common	Measured Slice II
230300	Archer	Common	Common	Stunning Trap Arrow III
230300	Elementalist	Common	Common	Metamorphic Smite III
230300	Slayer	Common	Common	Measured Slice III
230300	Warrior	Common	Common	Spinning Counter III
230330	Elementalist	Common	Common	Metamorphic Smite III
230330	Slayer	Common	Common	Measured Slice III
230400	Elementalist	Common	Common	Metamorphic Smite IV
230400	Slayer	Common	Common	Measured Slice IV
230400	Warrior	Common	Common	Spinning Counter IV
230430	Elementalist	Common	Common	Metamorphic Smite IV
230430	Slayer	Common	Common	Measured Slice IV
230500	Elementalist	Common	Common	Metamorphic Smite V
230500	Slayer	Common	Common	Measured Slice V
230500	Warrior	Common	Common	Spinning Counter V
230530	Elementalist	Common	Common	Metamorphic Smite V
230530	Slayer	Common	Common	Measured Slice V
230600	Elementalist	Common	Common	Metamorphic Smite VI
230600	Slayer	Common	Common	Measured Slice VI
230600	Warrior	Common	Common	Spinning Counter VI
230630	Elementalist	Common	Common	Metamorphic Smite VI
230630	Slayer	Common	Common	Measured Slice VI
230700	Elementalist	Common	Common	Metamorphic Smite VII
230700	Slayer	Common	Common	Measured Slice VII
230730	Elementalist	Common	Common	Metamorphic Smite VII
230730	Slayer	Common	Common	Measured Slice VII
230800	Elementalist	Common	Common	Metamorphic Smite VIII
230800	Slayer	Common	Common	Measured Slice VIII
230830	Elementalist	Common	Common	Metamorphic Smite VIII
230830	Slayer	Common	Common	Measured Slice VIII
230900	Elementalist	Common	Common	Metamorphic Smite IX
230900	Slayer	Common	Common	Measured Slice IX
230930	Elementalist	Common	Common	Metamorphic Smite IX
230930	Slayer	Common	Common	Measured Slice IX
231000	Elementalist	Common	Common	Metamorphic Smite X
231030	Elementalist	Common	Common	Metamorphic Smite X
231100	Elementalist	Common	Common	Metamorphic Smite XI
231130	Elementalist	Common	Common	Metamorphic Smite XI
235100	Glaiver	Common	Common	Gungnir's Bite
235101	Glaiver	Common	Common	Gungnir's Bite
235102	Glaiver	Common	Common	Gungnir's Bite
235109	Glaiver	Common	Common	Gungnir's Bite
240100	Archer	Common	Common	Snare I
240100	Berserker	Common	Common	Evasive Smash I
240100	Elementalist	Common	Common	Volley of Curses I
240100	Fighter	Common	Common	One-Inch Punch
240100	Glaiver	Common	Common	Twilight Waltz
240100	Lancer	Common	Common	Chained Leash
240100	Slayer	Common	Common	Eviscerate I
240100	Sorcerer	Common	Common	Burst of Celerity
240100	Warrior	Common	Common	Smoke Aggressor I
240101	Glaiver	Common	Common	Twilight Waltz
240101	Lancer	Common	Common	Chained Leash
240102	Glaiver	Common	Common	Twilight Waltz
240102	Lancer	Common	Common	Chained Leash
240103	Glaiver	Common	Common	Twilight Waltz
240104	Glaiver	Common	Common	Twilight Waltz
240105	Berserker	Common	Common	Evasive Smash I
240109	Glaiver	Common	Common	Twilight Waltz
240110	Elementalist	Common	Common	Volley of Curses I
240121	Lancer	Common	Common	Chained Leash
240122	Lancer	Common	Common	Chained Leash
240130	Slayer	Common	Common	Eviscerate I
240199	Glaiver	Common	Common	Twilight Waltz
240200	Archer	Common	Common	Snare II
240200	Berserker	Common	Common	Evasive Smash II
240200	Elementalist	Common	Common	Volley of Curses II
240200	Slayer	Common	Common	Eviscerate II
240200	Warrior	Common	Common	Smoke Aggressor II
240205	Berserker	Common	Common	Evasive Smash II
240210	Elementalist	Common	Common	Volley of Curses II
240230	Slayer	Common	Common	Eviscerate II
240300	Elementalist	Common	Common	Volley of Curses III
240300	Slayer	Common	Common	Eviscerate III
240310	Elementalist	Common	Common	Volley of Curses III
240330	Slayer	Common	Common	Eviscerate III
240400	Elementalist	Common	Common	Volley of Curses IV
240400	Slayer	Common	Common	Eviscerate IV
240410	Elementalist	Common	Common	Volley of Curses IV
240430	Slayer	Common	Common	Eviscerate IV
240500	Elementalist	Common	Common	Volley of Curses V
240500	Slayer	Common	Common	Eviscerate V
240510	Elementalist	Common	Common	Volley of Curses V
240530	Slayer	Common	Common	Eviscerate V
240600	Elementalist	Common	Common	Volley of Curses VI
240600	Slayer	Common	Common	Eviscerate VI
240610	Elementalist	Common	Common	Volley of Curses VI
240630	Slayer	Common	Common	Eviscerate VI
240700	Elementalist	Common	Common	Volley of Curses VII
240700	Slayer	Common	Common	Eviscerate VII
240710	Elementalist	Common	Common	Volley of Curses VII
240730	Slayer	Common	Common	Eviscerate VII
240800	Elementalist	Common	Common	Volley of Curses VIII
240800	Slayer	Common	Common	Eviscerate VIII
240810	Elementalist	Common	Common	Volley of Curses VIII
240830	Slayer	Common	Common	Eviscerate VIII
240900	Elementalist	Common	Common	Volley of Curses IX
240900	Slayer	Common	Common	Eviscerate IX
240910	Elementalist	Common	Common	Volley of Curses IX
240930	Slayer	Common	Common	Eviscerate IX
241000	Elementalist	Common	Common	Volley of Curses X
241010	Elementalist	Common	Common	Volley of Curses X
245100	Glaiver	Common	Common	Twilight Waltz
245101	Glaiver	Common	Common	Twilight Waltz
245102	Glaiver	Common	Common	Twilight Waltz
245103	Glaiver	Common	Common	Twilight Waltz
245104	Glaiver	Common	Common	Twilight Waltz
245109	Glaiver	Common	Common	Twilight Waltz
250100	Archer	Common	Common	Incendiary Trap Arrow I
250100	Berserker	Common	Common	Raze I
250100	Elementalist	Common	Common	Thrall of Protection I
250100	Fighter	Common	Common	Dempsey Roll (Slow)
250100	Glaiver	Common	Common	Godsfall
250100	Lancer	Common	Common	Wallop I
250100	Priest	Common	Common	Retaliate I
250100	Slayer	Common	Common	Ultimate Overhand Strike I
250100	Sorcerer	Common	Common	Time Gyre I
250100	Warrior	Common	Common	Command: Attack
250101	Glaiver	Common	Common	Godsfall
250102	Glaiver	Common	Common	Godsfall
250103	Glaiver	Common	Common	Godsfall
250109	Glaiver	Common	Common	Godsfall
250110	Sorcerer	Common	Common	Time Gyre I
250130	Lancer	Common	Common	Wallop I
250130	Slayer	Common	Common	Ultimate Overhand Strike I
250131	Glaiver	Common	Common	Godsfall
250132	Glaiver	Common	Common	Godsfall
250199	Glaiver	Common	Common	Godsfall
250200	Archer	Common	Common	Incendiary Trap Arrow II
250200	Berserker	Common	Common	Raze II
250200	Elementalist	Common	Common	Thrall of Protection II
250200	Lancer	Common	Common	Wallop II
250200	Priest	Common	Common	Retaliate II
250200	Sorcerer	Common	Common	Time Gyre II
250210	Sorcerer	Common	Common	Time Gyre II
250230	Lancer	Common	Common	Wallop II
250300	Archer	Common	Common	Incendiary Trap Arrow III
250300	Berserker	Common	Common	Raze III
250300	Elementalist	Common	Common	Thrall of Protection III
250300	Lancer	Common	Common	Wallop III
250300	Priest	Common	Common	Retaliate III
250300	Sorcerer	Common	Common	Time Gyre III
250310	Sorcerer	Common	Common	Time Gyre III
250330	Lancer	Common	Common	Wallop III
250400	Archer	Common	Common	Incendiary Trap Arrow IV
250400	Berserker	Common	Common	Raze IV
250400	Elementalist	Common	Common	Thrall of Protection IV
250400	Lancer	Common	Common	Wallop IV
250400	Priest	Common	Common	Retaliate IV
250400	Sorcerer	Common	Common	Time Gyre IV
250430	Lancer	Common	Common	Wallop IV
250500	Archer	Common	Common	Incendiary Trap Arrow V
250500	Berserker	Common	Common	Raze V
250500	Elementalist	Common	Common	Thrall of Protection V
250500	Lancer	Common	Common	Wallop V
250500	Priest	Common	Common	Retaliate V
250530	Lancer	Common	Common	Wallop V
250600	Archer	Common	Common	Incendiary Trap Arrow VI
250600	Berserker	Common	Common	Raze VI
250600	Elementalist	Common	Common	Thrall of Protection VI
250600	Lancer	Common	Common	Wallop VI
250600	Priest	Common	Common	Retaliate VI
250630	Lancer	Common	Common	Wallop VI
250700	Archer	Common	Common	Incendiary Trap Arrow VII
250700	Berserker	Common	Common	Raze VII
250700	Elementalist	Common	Common	Thrall of Protection VII
250700	Lancer	Common	Common	Wallop VII
250700	Priest	Common	Common	Retaliate VII
250730	Lancer	Common	Common	Wallop VII
250800	Archer	Common	Common	Incendiary Trap Arrow VIII
250800	Berserker	Common	Common	Raze VIII
250800	Elementalist	Common	Common	Thrall of Protection VIII
250800	Lancer	Common	Common	Wallop VIII
250800	Priest	Common	Common	Retaliate VIII
250830	Lancer	Common	Common	Wallop VIII
250900	Archer	Common	Common	Incendiary Trap Arrow IX
250900	Berserker	Common	Common	Raze IX
250900	Elementalist	Common	Common	Thrall of Protection IX
250900	Lancer	Common	Common	Wallop IX
250900	Priest	Common	Common	Retaliate IX
250930	Lancer	Common	Common	Wallop IX
251000	Archer	Common	Common	Incendiary Trap Arrow X
251000	Elementalist	Common	Common	Thrall of Protection X
251000	Lancer	Common	Common	Wallop X
251000	Priest	Common	Common	Retaliate X
251030	Lancer	Common	Common	Wallop X
251100	Elementalist	Common	Common	Thrall of Protection XI
251200	Elementalist	Common	Common	Thrall of Protection XII
251300	Elementalist	Common	Common	Thrall of Protection XIII
251400	Elementalist	Common	Common	Thrall of Protection XIV
251500	Elementalist	Common	Common	Thrall of Protection XV
251600	Elementalist	Common	Common	Thrall of Protection XVI
251700	Elementalist	Common	Common	Thrall of Protection XVII
260100	Berserker	Common	Common	Tackle
260100	Fighter	Common	Common	Rhythmic Blows
260100	Lancer	Common	Common	Backstep
260100	Priest	Common	Common	Fiery Escape I
260100	Slayer	Common	Common	Punishing Blow
260100	Sorcerer	Common	Common	Teleport Jaunt
260100	Warrior	Common	Common	Command: Follow
260130	Slayer	Common	Common	Punishing Blow
260200	Priest	Common	Common	Fiery Escape II
260300	Priest	Common	Common	Fiery Escape III
260400	Priest	Common	Common	Fiery Escape IV
260500	Priest	Common	Common	Fiery Escape V
260600	Priest	Common	Common	Fiery Escape VI
260700	Priest	Common	Common	Fiery Escape VII
260800	Priest	Common	Common	Fiery Escape VIII
260900	Priest	Common	Common	Fiery Escape IX
261000	Priest	Common	Common	Fiery Escape X
270100	Berserker	Common	Common	Unbreakable
270100	Elementalist	Common	Common	Thrall of Life I
270100	Fighter	Common	Common	One-inch Punch range check
270100	Lancer	Common	Common	Rallying Cry
270100	Priest	Common	Common	Final Reprisal I
270100	Slayer	Common	Common	Savage Strike
270100	Sorcerer	Common	Common	Hail Storm I
270120	Sorcerer	Common	Common	Hail Storm I
270130	Priest	Common	Common	Final Reprisal I
270200	Elementalist	Common	Common	Thrall of Life II
270200	Priest	Common	Common	Final Reprisal II
270200	Sorcerer	Common	Common	Hail Storm II
270220	Sorcerer	Common	Common	Hail Storm II
270230	Priest	Common	Common	Final Reprisal II
270300	Elementalist	Common	Common	Thrall of Life III
270300	Priest	Common	Common	Final Reprisal III
270300	Sorcerer	Common	Common	Hail Storm III
270320	Sorcerer	Common	Common	Hail Storm III
270330	Priest	Common	Common	Final Reprisal III
270400	Elementalist	Common	Common	Thrall of Life IV
270400	Priest	Common	Common	Final Reprisal IV
270400	Sorcerer	Common	Common	Hail Storm IV
270430	Priest	Common	Common	Final Reprisal IV
270500	Elementalist	Common	Common	Thrall of Life V
270500	Priest	Common	Common	Final Reprisal V
270500	Sorcerer	Common	Common	Hail Storm V
270530	Priest	Common	Common	Final Reprisal V
270600	Elementalist	Common	Common	Thrall of Life VI
270600	Priest	Common	Common	Final Reprisal VI
270600	Sorcerer	Common	Common	Hail Storm VI
270630	Priest	Common	Common	Final Reprisal VI
270700	Elementalist	Common	Common	Thrall of Life VII
270700	Priest	Common	Common	Final Reprisal VII
270700	Sorcerer	Common	Common	Hail Storm VII
270730	Priest	Common	Common	Final Reprisal VII
270800	Elementalist	Common	Common	Thrall of Life VIII
270800	Priest	Common	Common	Final Reprisal VIII
270800	Sorcerer	Common	Common	Hail Storm VIII
270830	Priest	Common	Common	Final Reprisal VIII
270900	Elementalist	Common	Common	Thrall of Life IX
270900	Priest	Common	Common	Final Reprisal IX
270900	Sorcerer	Common	Common	Hail Storm IX
270930	Priest	Common	Common	Final Reprisal IX
271000	Elementalist	Common	Common	Thrall of Life X
271000	Priest	Common	Common	Final Reprisal X
271030	Priest	Common	Common	Final Reprisal X
271100	Elementalist	Common	Common	Thrall of Life XI
271100	Priest	Common	Common	Final Reprisal XI
271110	Priest	Common	Common	Final Reprisal XI
271111	Priest	Common	Common	Final Reprisal XI
271120	Priest	Common	Common	Final Reprisal XI
271121	Priest	Common	Common	Final Reprisal XI
271200	Elementalist	Common	Common	Thrall of Life XII
271300	Elementalist	Common	Common	Thrall of Life XIII
271310	Elementalist	Common	Common	Thrall of Life XIII
271330	Elementalist	Common	Common	Thrall of Life XIII
271400	Elementalist	Common	Common	Thrall of Life XIV
280100	Archer	Common	Common	Eagle's Eye I
280100	Berserker	Common	Common	Intimidation
280100	Elementalist	Common	Common	Sonorous Dreams I
280100	Lancer	Common	Common	Super Leap
280100	Priest	Common	Common	Mana Charge
280100	Slayer	Common	Common	Unsheathe
280100	Sorcerer	Common	Common	Stone Skin
280100	Warrior	Common	Common	Traverse Cut I
280101	Lancer	Common	Common	Super Leap
280110	Elementalist	Common	Common	Sonorous Dreams I
280130	Warrior	Common	Common	Traverse Cut I
280200	Archer	Common	Common	Eagle's Eye II
280200	Elementalist	Common	Common	Sonorous Dreams II
280200	Priest	Common	Common	Divine Charge
280200	Warrior	Common	Common	Traverse Cut II
280210	Elementalist	Common	Common	Sonorous Dreams II
280230	Warrior	Common	Common	Traverse Cut II
280300	Warrior	Common	Common	Traverse Cut III
280330	Warrior	Common	Common	Traverse Cut III
280400	Warrior	Common	Common	Traverse Cut IV
280430	Warrior	Common	Common	Traverse Cut IV
280500	Warrior	Common	Common	Traverse Cut V
280530	Warrior	Common	Common	Traverse Cut V
280600	Warrior	Common	Common	Traverse Cut VI
280630	Warrior	Common	Common	Traverse Cut VI
280700	Warrior	Common	Common	Traverse Cut VII
280730	Warrior	Common	Common	Traverse Cut VII
280800	Warrior	Common	Common	Traverse Cut VIII
280830	Warrior	Common	Common	Traverse Cut VIII
280900	Warrior	Common	Common	Traverse Cut IX
280930	Warrior	Common	Common	Traverse Cut IX
281000	Warrior	Common	Common	Traverse Cut X
281030	Warrior	Common	Common	Traverse Cut X
290100	Archer	Common	Common	Thunderbolt I
290100	Berserker	Common	Common	Evasive Roll
290100	Elementalist	Common	Common	Regression I
290100	Lancer	Common	Common	Guardian Barrier
290100	Priest	Common	Common	Triple Nemesis I
290100	Sorcerer	Common	Common	Vortex Prison I
290100	Warrior	Common	Common	Blade Draw I
290130	Warrior	Common	Common	Blade Draw I
290200	Archer	Common	Common	Thunderbolt II
290200	Elementalist	Common	Common	Regression II
290200	Priest	Common	Common	Triple Nemesis II
290200	Warrior	Common	Common	Blade Draw II
290230	Warrior	Common	Common	Blade Draw II
290300	Archer	Common	Common	Thunderbolt III
290300	Priest	Common	Common	Triple Nemesis III
290300	Warrior	Common	Common	Blade Draw III
290330	Warrior	Common	Common	Blade Draw III
290400	Archer	Common	Common	Thunderbolt IV
290400	Priest	Common	Common	Triple Nemesis IV
290400	Warrior	Common	Common	Blade Draw IV
290430	Warrior	Common	Common	Blade Draw IV
290500	Archer	Common	Common	Thunderbolt V
290500	Priest	Common	Common	Triple Nemesis V
290500	Warrior	Common	Common	Blade Draw V
290530	Warrior	Common	Common	Blade Draw V
290600	Archer	Common	Common	Thunderbolt VI
290600	Priest	Common	Common	Triple Nemesis VI
290600	Warrior	Common	Common	Blade Draw VI
290630	Warrior	Common	Common	Blade Draw VI
290700	Archer	Common	Common	Thunderbolt VII
290700	Priest	Common	Common	Triple Nemesis VII
290700	Warrior	Common	Common	Blade Draw VII
290730	Warrior	Common	Common	Blade Draw VII
290800	Archer	Common	Common	Thunderbolt VIII
290800	Priest	Common	Common	Triple Nemesis VIII
290800	Warrior	Common	Common	Blade Draw VIII
290830	Warrior	Common	Common	Blade Draw VIII
290900	Archer	Common	Common	Thunderbolt IX
290900	Priest	Common	Common	Triple Nemesis IX
290900	Warrior	Common	Common	Blade Draw IX
290930	Warrior	Common	Common	Blade Draw IX
291000	Archer	Common	Common	Thunderbolt X
300100	Berserker	Common	Common	Axe Counter
300100	Elementalist	Common	Common	Curse of Exhaustion I
300100	Lancer	Common	Common	Divine Protection
300100	Priest	Common	Common	Plague of Exhaustion I
300100	Sorcerer	Common	Common	Nova I
300100	Warrior	Common	Common	Scythe I
300110	Elementalist	Common	Common	Curse of Exhaustion I
300200	Elementalist	Common	Common	Curse of Exhaustion II
300200	Priest	Common	Common	Plague of Exhaustion II
300200	Sorcerer	Common	Common	Nova II
300200	Warrior	Common	Common	Scythe II
300210	Elementalist	Common	Common	Curse of Exhaustion II
300300	Elementalist	Common	Common	Curse of Exhaustion III
300300	Priest	Common	Common	Plague of Exhaustion III
300300	Sorcerer	Common	Common	Nova III
300300	Warrior	Common	Common	Scythe III
300400	Priest	Common	Common	Plague of Exhaustion IV
300400	Sorcerer	Common	Common	Nova IV
300400	Warrior	Common	Common	Scythe IV
300500	Priest	Common	Common	Plague of Exhaustion V
300500	Sorcerer	Common	Common	Nova V
300500	Warrior	Common	Common	Scythe V
300600	Priest	Common	Common	Plague of Exhaustion VI
300600	Sorcerer	Common	Common	Nova VI
300600	Warrior	Common	Common	Scythe VI
300700	Priest	Common	Common	Plague of Exhaustion VII
300700	Sorcerer	Common	Common	Nova VII
300700	Warrior	Common	Common	Scythe VII
300800	Priest	Common	Common	Plague of Exhaustion VIII
300800	Sorcerer	Common	Common	Nova VIII
300800	Warrior	Common	Common	Scythe VIII
300900	Sorcerer	Common	Common	Nova IX
300900	Warrior	Common	Common	Scythe IX
310100	Archer	Common	Common	Tenacity
310100	Berserker	Common	Common	Overwhelm I
310100	Elementalist	Common	Common	Curse of Confusion
310100	Priest	Common	Common	Guardian Sanctuary I
310100	Sorcerer	Common	Common	Warp Barrier
310100	Warrior	Common	Common	Reaping Slash I
310110	Elementalist	Common	Common	Curse of Confusion
310110	Sorcerer	Common	Common	Warp Barrier
310120	Sorcerer	Common	Common	Warp Barrier
310130	Warrior	Common	Common	Reaping Slash I
310200	Berserker	Common	Common	Overwhelm II
310200	Priest	Common	Common	Guardian Sanctuary II
310200	Warrior	Common	Common	Reaping Slash II
310230	Warrior	Common	Common	Reaping Slash II
310300	Berserker	Common	Common	Overwhelm III
310300	Warrior	Common	Common	Reaping Slash III
310330	Warrior	Common	Common	Reaping Slash III
310400	Berserker	Common	Common	Overwhelm IV
310400	Warrior	Common	Common	Reaping Slash IV
310430	Warrior	Common	Common	Reaping Slash IV
310500	Berserker	Common	Common	Overwhelm V
310500	Warrior	Common	Common	Reaping Slash V
310530	Warrior	Common	Common	Reaping Slash V
310600	Berserker	Common	Common	Overwhelm VI
310600	Warrior	Common	Common	Reaping Slash VI
310630	Warrior	Common	Common	Reaping Slash VI
310700	Berserker	Common	Common	Overwhelm VII
310700	Warrior	Common	Common	Reaping Slash VII
310730	Warrior	Common	Common	Reaping Slash VII
310800	Berserker	Common	Common	Overwhelm VIII
310800	Warrior	Common	Common	Reaping Slash VIII
310830	Warrior	Common	Common	Reaping Slash VIII
310900	Berserker	Common	Common	Overwhelm IX
311000	Berserker	Common	Common	Overwhelm X
320100	Archer	Common	Common	Find Weakness I
320100	Berserker	Common	Common	Punishing Strike
320100	Elementalist	Common	Common	Mire I
320100	Priest	Common	Common	Divine Prayer I
320100	Warrior	Common	Common	Cross Parry
320110	Elementalist	Common	Common	Mire I
320200	Archer	Common	Common	Find Weakness II
320200	Elementalist	Common	Common	Mire II
320200	Priest	Common	Common	Divine Prayer II
320210	Elementalist	Common	Common	Mire II
320300	Archer	Common	Common	Find Weakness III
330100	Archer	Common	Common	Chase I
330100	Berserker	Common	Common	Unleash
330100	Elementalist	Common	Common	Thrall of Vengeance I
330100	Priest	Common	Common	Ishara's Lullaby I
330100	Warrior	Common	Common	Smoke Flanker I
330200	Elementalist	Common	Common	Thrall of Vengeance II
330200	Priest	Common	Common	Ishara's Lullaby II
330200	Warrior	Common	Common	Smoke Flanker II
330300	Elementalist	Common	Common	Thrall of Vengeance III
330300	Priest	Common	Common	Ishara's Lullaby III
330400	Elementalist	Common	Common	Thrall of Vengeance IV
330500	Elementalist	Common	Common	Thrall of Vengeance V
330600	Elementalist	Common	Common	Thrall of Vengeance VI
330700	Elementalist	Common	Common	Thrall of Vengeance VII
330800	Elementalist	Common	Common	Thrall of Vengeance VIII
330900	Elementalist	Common	Common	Thrall of Vengeance IX
331000	Elementalist	Common	Common	Thrall of Vengeance X
331100	Elementalist	Common	Common	Thrall of Vengeance XI
331200	Elementalist	Common	Common	Thrall of Vengeance XII
331300	Elementalist	Common	Common	Thrall of Vengeance XIII
331400	Elementalist	Common	Common	Thrall of Vengeance XIV
331500	Elementalist	Common	Common	Thrall of Vengeance XV
340100	Archer	Common	Common	Wind Walk I
340100	Berserker	Common	Common	Unleashed: Dexter
340100	Elementalist	Common	Common	Thrall of Wrath I
340100	Priest	Common	Common	Restorative Burst I
340100	Sorcerer	Common	Common	Mana Boost I
340100	Warrior	Common	Common	Binding Sword
340200	Elementalist	Common	Common	Thrall of Wrath II
340200	Priest	Common	Common	Restorative Burst II
340200	Sorcerer	Common	Common	Mana Boost II
340300	Elementalist	Common	Common	Thrall of Wrath III
340400	Elementalist	Common	Common	Thrall of Wrath IV
340500	Elementalist	Common	Common	Thrall of Wrath V
340600	Elementalist	Common	Common	Thrall of Wrath VI
340700	Elementalist	Common	Common	Thrall of Wrath VII
340800	Elementalist	Common	Common	Thrall of Wrath VIII
350100	Archer	Common	Common	Windsong I
350100	Berserker	Common	Common	Unleashed: Sinister
350100	Elementalist	Common	Common	Command: Attack
350100	Priest	Common	Common	Energy Stars I
350100	Sorcerer	Common	Common	Ice Lances
350100	Warrior	Common	Common	Infuriate I
350110	Priest	Common	Common	Energy Stars I
350200	Priest	Common	Common	Energy Stars II
350210	Priest	Common	Common	Energy Stars II
350300	Priest	Common	Common	Energy Stars III
350310	Priest	Common	Common	Energy Stars III
350400	Priest	Common	Common	Energy Stars IV
350410	Priest	Common	Common	Energy Stars IV
360100	Archer	Common	Common	Gust Arrow I
360100	Berserker	Common	Common	Unleashed: Rampage
360100	Elementalist	Common	Common	Command: Follow
360100	Priest	Common	Common	Epiphany of the Goddess I
360100	Sorcerer	Common	Common	Fusion
360100	Warrior	Common	Common	Rain of Blows XI
360130	Warrior	Common	Common	Rain of Blows XI
360200	Sorcerer	Common	Common	Prime Flame
360300	Sorcerer	Common	Common	Arcane Storm
360400	Sorcerer	Common	Common	Iceberg
360600	Sorcerer	Common	Common	Elemental Fusion
370100	Berserker	Common	Common	Unleashed: Beast Fury
370100	Elementalist	Common	Common	Warding Totem I
370100	Priest	Common	Common	Healing Immersion I
370100	Warrior	Common	Common	Blade Draw IX
370110	Priest	Common	Common	Healing Immersion I
370130	Warrior	Common	Common	Blade Draw IX
370200	Elementalist	Common	Common	Warding Totem II
370200	Priest	Common	Common	Healing Immersion II
370210	Priest	Common	Common	Healing Immersion II
380100	Elementalist	Common	Common	Numbing Totem
380100	Priest	Common	Common	Backstep
380100	Warrior	Common	Common	Scythe II
380130	Warrior	Common	Common	Scythe II
390100	Elementalist	Common	Common	Speed Totem
390100	Priest	Common	Common	Grace of Resurrection
390100	Sorcerer	Common	Common	Implosion
390100	Warrior	Common	Common	Traverse Cut X
390130	Warrior	Common	Common	Traverse Cut X
400100	Elementalist	Common	Common	Assailing Totem
400100	Engineer	Common	Common	Rolling Reload
400100	Fighter	Common	Common	Quick Dash
400100	Priest	Common	Common	Zenobia's Vortex I
400100	Soulless	Common	Common	Shadow Step
400100	Warrior	Common	Common	Blade Waltz
400101	Engineer	Common	Common	Rolling Reload
400102	Engineer	Common	Common	Dashing Reload
400110	Warrior	Common	Common	Blade Waltz
400111	Warrior	Common	Common	Blade Waltz
400112	Warrior	Common	Common	Blade Waltz
400119	Warrior	Common	Common	Blade Waltz
400120	Warrior	Common	Common	Blade Waltz
400121	Warrior	Common	Common	Blade Waltz
400122	Warrior	Common	Common	Blade Waltz
400129	Warrior	Common	Common	Blade Waltz
400130	Fighter	Common	Common	Quick Dash
400130	Soulless	Common	Common	Shadow Step
400131	Engineer	Common	Common	Rolling Reload
400132	Engineer	Common	Common	Dashing Reload
400200	Priest	Common	Common	Zenobia's Vortex II
400300	Priest	Common	Common	Zenobia's Vortex III
400400	Priest	Common	Common	Zenobia's Vortex IV
400500	Priest	Common	Common	Zenobia's Vortex V
400600	Priest	Common	Common	Zenobia's Vortex VI
400700	Priest	Common	Common	Zenobia's Vortex VII
400800	Priest	Common	Common	Zenobia's Vortex VIII
400900	Priest	Common	Common	Zenobia's Vortex IX
401000	Priest	Common	Common	Zenobia's Vortex X
410100	Elementalist	Common	Common	Contagion I
410100	Engineer	Common	Common	Modular Weapon System
410100	Priest	Common	Common	Divine Intervention
410100	Warrior	Common	Common	Aerial Scythe
410105	Sorcerer	Common	Common	Lightning Strike I
410130	Warrior	Common	Common	Aerial Scythe
410131	Warrior	Common	Common	Aerial Scythe
410190	Warrior	Common	Common	Aerial Scythe
410200	Elementalist	Common	Common	Contagion II
410200	Priest	Common	Common	Mass Divine Intervention
410205	Sorcerer	Common	Common	Lightning Strike II
410300	Elementalist	Common	Common	Contagion III
410305	Sorcerer	Common	Common	Lightning Strike III
410400	Elementalist	Common	Common	Contagion IV
410405	Sorcerer	Common	Common	Lightning Strike IV
410500	Elementalist	Common	Common	Contagion V
410505	Sorcerer	Common	Common	Lightning Strike V
410600	Elementalist	Common	Common	Contagion VI
410605	Sorcerer	Common	Common	Lightning Strike VI
410700	Elementalist	Common	Common	Contagion VII
410705	Sorcerer	Common	Common	Lightning Strike VII
410800	Elementalist	Common	Common	Contagion VIII
410805	Sorcerer	Common	Common	Lightning Strike VIII
410900	Elementalist	Common	Common	Contagion IX
410905	Sorcerer	Common	Common	Lightning Strike IX
411005	Sorcerer	Common	Common	Lightning Strike X
411105	Sorcerer	Common	Common	Lightning Strike XI
420100	Elementalist	Common	Common	Boomerang Pulse I
420100	Priest	Common	Common	Holy Burst
420100	Warrior	Common	Common	Blade Frenzy
420101	Engineer	Common	Common	Detonate
420120	Engineer	Common	Common	Detonate
420121	Engineer	Common	Common	Detonate
420122	Engineer	Common	Common	Detonate
420130	Engineer	Common	Common	Detonate
420130	Warrior	Common	Common	Blade Frenzy
420131	Engineer	Common	Common	Detonate
420131	Warrior	Common	Common	Blade Frenzy
420190	Warrior	Common	Common	Blade Frenzy
420200	Elementalist	Common	Common	Boomerang Pulse II
420300	Elementalist	Common	Common	Boomerang Pulse III
420400	Elementalist	Common	Common	Boomerang Pulse IV
420500	Elementalist	Common	Common	Boomerang Pulse V
420600	Elementalist	Common	Common	Boomerang Pulse VI
420700	Elementalist	Common	Common	Boomerang Pulse VII
420800	Elementalist	Common	Common	Boomerang Pulse VIII
420900	Elementalist	Common	Common	Boomerang Pulse IX
421000	Elementalist	Common	Common	Boomerang Pulse X
430100	Elementalist	Common	Common	Unsummon Thrall
430100	Engineer	Common	Common	Remote Trigger
430100	Priest	Common	Common	Edict of Judgment
430101	Engineer	Common	Common	Remote Trigger
430103	Engineer	Common	Common	Remote Trigger
430120	Engineer	Common	Common	Remote Trigger
430121	Engineer	Common	Common	Remote Trigger
430122	Engineer	Common	Common	Remote Trigger
430130	Engineer	Common	Common	Remote Trigger
430131	Engineer	Common	Common	Remote Trigger
430140	Engineer	Common	Common	Remote Trigger
430150	Engineer	Common	Common	Remote Trigger
430151	Engineer	Common	Common	Remote Trigger
430190	Engineer	Common	Common	Remote Trigger
440100	Elementalist	Common	Common	Mass Teleport
440101	Engineer	Common	Common	Balder's Vengeance II
440120	Engineer	Common	Common	Balder's Vengeance II
440130	Engineer	Common	Common	Balder's Vengeance II
450100	Elementalist	Common	Common	Thrall Augmentation
460100	Elementalist	Common	Common	Summon: Elemental God
470100	Elementalist	Common	Common	Arunic Release
470100	Engineer	Common	Common	Obliteration
480100	Elementalist	Common	Common	Summon: Thrall Lord
510120	Engineer	Common	Common	[HB] Obliteration
520120	Engineer	Common	Common	Arcane Splash Damage
900001	Common	Common	Common	Summon: Terminus
1111232	Common	Common	Common	Summon: Night Mare
1111322	Common	Common	Common	Summon: Regal Frostlion
1111332	Common	Common	Common	Summon: Sleipnir
1111362	Common	Common	Common	Summon: Boneshaker
1111502	Common	Common	Common	Summon: Snowdrift
1111503	Common	Common	Common	
1111513	Common	Common	Common	Summon: Festive Carpet
1111521	Common	Common	Common	Summon: Carmine
1111522	Common	Common	Common	Summon: Carmine
1111523	Common	Common	Common	Summon: Sparky
1111524	Common	Common	Common	Summon: Sparky
1111529	Common	Common	Common	Summon: Rootstock Carpet
1111530	Common	Common	Common	Summon: Moonsilk Carpet
1111541	Common	Common	Common	Summon: Aeolian Zebra
1111573	Common	Common	Common	Summon: Jade
1111981	Common	Common	Common	Summon: Tawny Huntress
2000001	Common	Common	Common	Take off Azart disguise
2000002	Common	Common	Common	Take off Azart disguise
8400010	Common	Common	Common	Activate Noctenium Infusion
8400020	Common	Common	Common	Summon: Fortuna
8400030	Common	Common	Common	Summon: Fides
8400040	Common	Common	Common	Summon: Virtus
8500000	Common	Common	Common	Summon: Brave Black Lion
8500001	Common	Common	Common	Summon: Loyal Black Lion
8500002	Common	Common	Common	Summon: Brave Black Steed
8500003	Common	Common	Common	Summon: Loyal Black Steed
8500004	Common	Common	Common	Summon: Glorious Black Lion
8500005	Common	Common	Common	Summon: Glorious Black Steed
8500006	Common	Common	Common	Summon: Brave White Lion
8500007	Common	Common	Common	Summon: Loyal White Lion
8500008	Common	Common	Common	Summon: Brave White Steed
8500009	Common	Common	Common	Summon: Loyal White Steed
8500010	Common	Common	Common	Summon: Glorious White Lion
8500011	Common	Common	Common	Summon: Glorious White Steed
9010100	Common	Common	Aman	Kaiator's Drums
9010100	Common	Common	Baraka	Core's Resonance
9010100	Common	Common	Castanic	Kaiator's Drums
9010100	Common	Common	Highelf	Core's Resonance
9010100	Common	Common	Human	Velik's Horn
9010100	Common	Common	Popori	Velik's Horn
9020100	Common	Common	Aman	Last Aman Standing
9020100	Common	Common	Baraka	Ancient Wellspring
9020100	Common	Common	Castanic	Skirmish Running
9020100	Common	Common	Highelf	Core Infusion
9020100	Common	Common	Human	Deft Footwork
9020100	Common	Common	Popori	Soothing Presence
9030100	Common	Common	Popori	Horizon Run
9100001	Common	Common	Common	Dreamreader
9100002	Common	Common	Common	Dreamreader
9100003	Common	Common	Common	Dreamreader
9100004	Common	Common	Common	Dreamreader
9100005	Common	Common	Common	Dreamreader
9100006	Common	Common	Common	Dreamreader
9100007	Common	Common	Common	Dreamreader
9100008	Common	Common	Common	Dreamreader
9100010	Common	Common	Common	Corrupting Tide
9100011	Common	Common	Common	Corrupting Tide
9100012	Common	Common	Common	Ancient Corrupting Tide
9100013	Common	Common	Common	Ancient Corrupting Tide
9100014	Common	Common	Common	Ancient Corrupting Tide
9100015	Common	Common	Common	Ancient Corrupting Tide
9100016	Common	Common	Common	Corrupting Tide
9100017	Common	Common	Common	Corrupting Tide
9100018	Common	Common	Common	Ancient Corrupting Tide
9100019	Common	Common	Common	Ancient Corrupting Tide
9100020	Common	Common	Common	Corrupting Tide
9100021	Common	Common	Common	Corrupting Tide
9100031	Common	Common	Common	Illumination
9100032	Common	Common	Common	Illumination
9100033	Common	Common	Common	Illumination
9100034	Common	Common	Common	Illumination
9100035	Common	Common	Common	Illumination
9100036	Common	Common	Common	Illumination
9100037	Common	Common	Common	Illumination
9100038	Common	Common	Common	Illumination
9100039	Common	Common	Common	Stormcharge
9100040	Common	Common	Common	Stormcharge
9100041	Common	Common	Common	Stormcharge
9100042	Common	Common	Common	Stormcharge
9100043	Common	Common	Common	Dreamreader
9100044	Common	Common	Common	Dreamreader
9100045	Common	Common	Common	Dreamreader
9100046	Common	Common	Common	Dreamreader
9100047	Common	Common	Common	Rexpert Turbosaurus
9100048	Common	Common	Common	Rexpert Turbosaurus
9100049	Common	Common	Common	Rexpert Grabosaurus
9100050	Common	Common	Common	Rexpert Grabosaurus
9100051	Common	Common	Common	Rexpert Anglersaurus
9100052	Common	Common	Common	Rexpert Anglersaurus
9100053	Common	Common	Common	Turbosaurus
9100054	Common	Common	Common	Turbosaurus
9100055	Common	Common	Common	Grabosaurus
9100056	Common	Common	Common	Grabosaurus
9100057	Common	Common	Common	Anglersaurus
9100058	Common	Common	Common	Anglersaurus
9100100	Common	Common	Common	Apex Urgency
9100100	Priest	Common	Common	Apex Urgency
11117100	Common	Common	Common	Summon: Regulus
12000006	Common	Common	Common	
12200001	Common	Common	Common	Flight: Mighty Armored Dragon
12200002	Common	Common	Common	Flight: Mighty Fire Dragon
12200003	Common	Common	Common	Flight: Mighty Spirit Dragon
12200004	Common	Common	Common	Flight: Mighty Diamond Dragon
12200005	Common	Common	Common	Flight: Ancient Mighty Armored Dragon
12200006	Common	Common	Common	Flight: Ancient Mighty Fire Dragon
12200007	Common	Common	Common	Flight: Ancient Mighty Spirit Dragon
12200008	Common	Common	Common	Flight: Ancient Mighty Diamond Dragon
12200009	Common	Common	Common	Flight: Mighty Armored Dragon
12200010	Common	Common	Common	Flight: Mighty Fire Dragon
12200011	Common	Common	Common	Flight: Mighty Spirit Dragon
12200012	Common	Common	Common	Flight: Mighty Diamond Dragon
12200013	Common	Common	Common	Flight: Ancient Mighty Armored Dragon
12200014	Common	Common	Common	Flight: Ancient Mighty Fire Dragon
12200015	Common	Common	Common	Flight: Ancient Mighty Spirit Dragon
12200016	Common	Common	Common	Flight: Ancient Mighty Diamond Dragon
12200017	Common	Common	Common	Flight: Armored Dragon
12200018	Common	Common	Common	Flight: Fire Dragon
12200019	Common	Common	Common	Flight: Spirit Dragon
12200020	Common	Common	Common	Flight: Diamond Dragon
12200021	Common	Common	Common	Flight: Ancient Armored Dragon
12200022	Common	Common	Common	Flight: Ancient Fire Dragon
12200023	Common	Common	Common	Flight: Ancient Spirit Dragon
12200024	Common	Common	Common	Flight: Ancient Diamond Dragon
12200025	Common	Common	Common	Flight: Armored Dragon
12200026	Common	Common	Common	Flight: Fire Dragon
12200027	Common	Common	Common	Flight: Spirit Dragon
12200028	Common	Common	Common	Flight: Diamond Dragon
12200029	Common	Common	Common	Flight: Ancient Armored Dragon
12200030	Common	Common	Common	Flight: Ancient Fire Dragon
12200031	Common	Common	Common	Flight: Ancient Spirit Dragon
12200032	Common	Common	Common	Flight: Ancient Diamond Dragon
12200033	Common	Common	Common	(TEST) Skycycle
12200034	Common	Common	Common	(TEST) Jetcycle
12200035	Common	Common	Common	Flight: Mighty Bone Wyvern
12200036	Common	Common	Common	Flight: Ancient Mighty Bone Wyvern
12200037	Common	Common	Common	Flight: Mighty Bone Wyvern
12200038	Common	Common	Common	Flight: Ancient Mighty Bone Wyvern
12200039	Common	Common	Common	Flight: Bone Wyvern
12200040	Common	Common	Common	Flight: Ancient Bone Wyvern
12200041	Common	Common	Common	Flight: Bone Wyvern
12200042	Common	Common	Common	Flight: Ancient Bone Wyvern
12200043	Common	Common	Common	Flight: Mighty Abyssal Wyvern
12200044	Common	Common	Common	Flight: Ancient Mighty Abyssal Wyvern
12200045	Common	Common	Common	Flight: Mighty Abyssal Wyvern
12200046	Common	Common	Common	Flight: Ancient Mighty Abyssal Wyvern
12200047	Common	Common	Common	Flight: Abyssal Wyvern
12200048	Common	Common	Common	Flight: Ancient Abyssal Wyvern
12200049	Common	Common	Common	Flight: Abyssal Wyvern
12200050	Common	Common	Common	Flight: Ancient Abyssal Wyvern
12200051	Common	Common	Common	Flight: Mighty Solarian Wyvern
12200052	Common	Common	Common	Flight: Ancient Mighty Solarian Wyvern
12200053	Common	Common	Common	Flight: Mighty Solarian Wyvern
12200054	Common	Common	Common	Flight: Ancient Mighty Solarian Wyvern
12200055	Common	Common	Common	Flight: Solarian Wyvern
12200056	Common	Common	Common	Flight: Ancient Solarian Wyvern
12200057	Common	Common	Common	Flight: Solarian Wyvern
12200058	Common	Common	Common	Flight: Ancient Solarian Wyvern
12200059	Common	Common	Common	Flight: Mighty Argent Wyvern
12200060	Common	Common	Common	Flight: Ancient Mighty Argent Wyvern
12200061	Common	Common	Common	Flight: Mighty Argent Wyvern
12200062	Common	Common	Common	Flight: Ancient Mighty Argent Wyvern
12200063	Common	Common	Common	Flight: Argent Wyvern
12200064	Common	Common	Common	Flight: Ancient Argent Wyvern
12200065	Common	Common	Common	Flight: Argent Wyvern
12200066	Common	Common	Common	Flight: Ancient Argent Wyvern
12200067	Common	Common	Common	Flight: Mighty Igneous Wyvern
12200068	Common	Common	Common	Flight: Ancient Mighty Igneous Wyvern
12200069	Common	Common	Common	Flight: Mighty Igneous Wyvern
12200070	Common	Common	Common	Flight: Ancient Mighty Igneous Wyvern
12200071	Common	Common	Common	Flight: Igneous Wyvern
12200072	Common	Common	Common	Flight: Ancient Igneous Wyvern
12200073	Common	Common	Common	Flight: Igneous Wyvern
12200074	Common	Common	Common	Flight: Ancient Igneous Wyvern
12200075	Common	Common	Common	Flight: Mighty Icewynder
12200076	Common	Common	Common	Flight: Ancient Mighty Icewynder
12200077	Common	Common	Common	Flight: Mighty Icewynder
12200078	Common	Common	Common	Flight: Ancient Mighty Icewynder
12200079	Common	Common	Common	Flight: Icewynder
12200080	Common	Common	Common	Flight: Ancient Icewynder
12200081	Common	Common	Common	Flight: Icewynder
12200082	Common	Common	Common	Flight: Ancient Icewynder
12200083	Common	Common	Common	Flight: Mighty Flamewynder
12200084	Common	Common	Common	Flight: Ancient Mighty Flamewynder
12200085	Common	Common	Common	Flight: Mighty Flamewynder
12200086	Common	Common	Common	Flight: Ancient Mighty Flamewynder
12200087	Common	Common	Common	Flight: Flamewynder
12200088	Common	Common	Common	Flight: Ancient Flamewynder
12200089	Common	Common	Common	Flight: Flamewynder
12200090	Common	Common	Common	Flight: Ancient Flamewynder
12200103	Common	Common	Common	Summon: Royal Elephant
12200104	Common	Common	Common	Summon: Royal Elephant
12200105	Common	Common	Common	Summon: Almighty Royal Elephant
12200106	Common	Common	Common	Summon: Almighty Royal Elephant
12200121	Common	Common	Common	Flight: Mighty Vakna
12200122	Common	Common	Common	Flight: Ancient Mighty Vakna
12200123	Common	Common	Common	Flight: Mighty Vakna
12200124	Common	Common	Common	Flight: Ancient Mighty Vakna
12200125	Common	Common	Common	Flight: Vakna
12200126	Common	Common	Common	Flight: Ancient Vakna
12200127	Common	Common	Common	Flight: Vakna
12200128	Common	Common	Common	Flight: Ancient Vakna
12200129	Common	Common	Common	Flight: Mighty Somno
12200130	Common	Common	Common	Flight: Ancient Mighty Somno
12200131	Common	Common	Common	Flight: Mighty Somno
12200132	Common	Common	Common	Flight: Ancient Mighty Somno
12200133	Common	Common	Common	Flight: Somno
12200134	Common	Common	Common	Flight: Ancient Somno
12200135	Common	Common	Common	Flight: Somno
12200136	Common	Common	Common	Flight: Ancient Somno
12200137	Common	Common	Common	Summon Lilly
12200140	Common	Common	Common	Flight: Ancient Mighty Dusk Drake
12200141	Common	Common	Common	Flight: Ancient Mighty Dusk Drake
12200142	Common	Common	Common	Flight: Ancient Dusk Drake
12200143	Common	Common	Common	Flight: Ancient Dusk Drake
12200144	Common	Common	Common	Flight: Mighty Vulcan Drake
12200145	Common	Common	Common	Flight: Mighty Vulcan Drake
12200146	Common	Common	Common	Flight: Vulcan Drake
12200147	Common	Common	Common	Flight: Mighty Vulcan Drake
12200148	Common	Common	Common	Flight: Ancient Mighty Arcane Drake
12200149	Common	Common	Common	Flight: Ancient Mighty Arcane Drake
12200150	Common	Common	Common	Flight: Ancient Arcane Drake
12200151	Common	Common	Common	Flight: Ancient Arcane Drake
12200152	Common	Common	Common	Flight: Mighty Dusk Drake
12200153	Common	Common	Common	Flight: Mighty Dusk Drake
12200154	Common	Common	Common	Flight: Dusk Drake
12200155	Common	Common	Common	Flight: Dusk Drake
12200156	Common	Common	Common	Flight: Ancient Mighty Vulcan Drake
12200157	Common	Common	Common	Flight: Ancient Mighty Vulcan Drake
12200158	Common	Common	Common	Flight: Ancient Vulcan Drake
12200159	Common	Common	Common	Flight: Ancient Vulcan Drake
12200160	Common	Common	Common	Flight: Mighty Arcane Drake
12200161	Common	Common	Common	Flight: Mighty Arcane Drake
12200162	Common	Common	Common	Flight: Arcane Drake
12200163	Common	Common	Common	Flight: Arcane Drake
12200164	Common	Common	Common	Forest Keeper Kumas
12200165	Common	Common	Common	Summon: Bay Gelding
12200166	Common	Common	Common	Flight: Mighty Dawn Gryphon
12200167	Common	Common	Common	Flight: Ancient Mighty Dawn Gryphon
12200168	Common	Common	Common	Flight: Mighty Dawn Gryphon
12200169	Common	Common	Common	Flight: Ancient Mighty Dawn Gryphon
12200170	Common	Common	Common	Flight: Dawn Gryphon
12200171	Common	Common	Common	Flight: Ancient Dawn Gryphon
12200172	Common	Common	Common	Flight: Dawn Gryphon
12200173	Common	Common	Common	Flight: Ancient Dawn Gryphon
12200174	Common	Common	Common	Flight: Mighty Thunder Gryphon
12200175	Common	Common	Common	Flight: Ancient Mighty Thunder Gryphon
12200176	Common	Common	Common	Flight: Mighty Thunder Gryphon
12200177	Common	Common	Common	Flight: Ancient Mighty Thunder Gryphon
12200178	Common	Common	Common	Flight: Thunder Gryphon
12200179	Common	Common	Common	Flight: Ancient Thunder Gryphon
12200180	Common	Common	Common	Flight: Thunder Gryphon
12200181	Common	Common	Common	Flight: Ancient Thunder Gryphon
12200182	Common	Common	Common	Flight: Mighty Goldseeker
12200183	Common	Common	Common	Flight: Ancient Mighty Goldseeker
12200184	Common	Common	Common	Flight: Mighty Goldseeker
12200185	Common	Common	Common	Flight: Ancient Mighty Goldseeker
12200186	Common	Common	Common	Flight: Goldseeker
12200187	Common	Common	Common	Flight: Ancient Goldseeker
12200188	Common	Common	Common	Flight: Goldseeker
12200189	Common	Common	Common	Flight: Ancient Goldseeker
12200190	Common	Common	Common	Flight: Mighty Fyrewing
12200191	Common	Common	Common	Flight: Mighty Fyrewing
12200192	Common	Common	Common	Flight: Fyrewing
12200193	Common	Common	Common	Flight: Fyrewing
12200194	Common	Common	Common	Flight: Mighty Jadewing
12200195	Common	Common	Common	Flight: Mighty Jadewing
12200196	Common	Common	Common	Flight: Jadewing
12200197	Common	Common	Common	Flight: Jadewing
12200198	Common	Common	Common	Flight: Mighty Ebonwing
12200199	Common	Common	Common	Flight: Mighty Ebonwing
12200200	Common	Common	Common	Flight: Ebonwing
12200201	Common	Common	Common	Flight: Ebonwing
12200202	Common	Common	Common	Flight: Mighty Frost Monarch
12200203	Common	Common	Common	Flight: Ancient Mighty Frost Monarch
12200204	Common	Common	Common	Flight: Mighty Frost Monarch
12200205	Common	Common	Common	Flight: Ancient Mighty Frost Monarch
12200206	Common	Common	Common	Flight: Frost Monarch
12200207	Common	Common	Common	Flight: Ancient Frost Monarch
12200208	Common	Common	Common	Flight: Frost Monarch
12200209	Common	Common	Common	Flight: Ancient Frost Monarch
12200210	Common	Common	Common	Flight: Noelle
12200211	Common	Common	Common	Summon: Charitable Wintera Snowbite
12200212	Common	Common	Common	Summon: Charitable Snowbite
12200213	Common	Common	Common	Summon: Cheerful Wintera Christmas Kumas
12200214	Common	Common	Common	Summon: Polar Bear
12200215	Common	Common	Common	
12200216	Common	Common	Common	
12200217	Common	Common	Common	Mighty Free Flight
12200218	Common	Common	Common	Ancient Mighty Free Flight
12200219	Common	Common	Common	Mighty Free Flight
12200220	Common	Common	Common	Ancient Mighty Free Flight
12200221	Common	Common	Common	Rapid Free Flight
12200222	Common	Common	Common	Ancient Free Flight
12200223	Common	Common	Common	Rapid Free Flight
12200224	Common	Common	Common	Ancient Free Flight
12200225	Common	Common	Common	Flight: Ancient Tyflamosaurous Flex
12200226	Common	Common	Common	Flight: Ancient Tyflamosaurous Flex
12200227	Common	Common	Common	Flight: Ancient Mighty Tyflamosaurus Flex
12200228	Common	Common	Common	Flight: Ancient Mighty Tyflamosaurus Flex
12200229	Common	Common	Common	Flight: Ancient Frankensaurus Trex
12200230	Common	Common	Common	Flight: Ancient Frankensaurus Trex
12200231	Common	Common	Common	Flight: Ancient Mighty Frankensaurus Trex
12200232	Common	Common	Common	Flight: Ancient Mighty Frankensaurus Trex
12200233	Common	Common	Common	Flight: Ancient Bolansaurus Rox
12200234	Common	Common	Common	Flight: Ancient Bolansaurus Rox
12200235	Common	Common	Common	Flight: Ancient Mighty Bolansaurus Rox
12200236	Common	Common	Common	Flight: Ancient Mighty Bolansaurus Rox
12200237	Common	Common	Common	Flight: Rhinosaurus Vex
12200238	Common	Common	Common	Flight: Rhinosaurus Vex
12200239	Common	Common	Common	Flight: Mighty Rhinosaurus Vex
12200240	Common	Common	Common	Flight: Mighty Rhinosaurus Vex
12200241	Common	Common	Common	Flight: Stitchosaurus Max
12200242	Common	Common	Common	Flight: Stitchosaurus Max
12200243	Common	Common	Common	Flight: Mighty Stitchosaurus Max
12200244	Common	Common	Common	Flight: Mighty Stitchosaurus Max
12200245	Common	Common	Common	Flight: Punkosaurus Rex
12200246	Common	Common	Common	Flight: Punkosaurus Rex
12200247	Common	Common	Common	Flight: Mighty Punkosaurus Rex
12200248	Common	Common	Common	Flight: Mighty Punkosaurus Rex
15210001	Common	Common	Common	Summon: Topthorn
15210002	Common	Common	Common	Summon: Tanner
17000001	Common	Common	Common	Summon : Skydancer (30days)
60193025	Common	Common	Common	Kick
60193026	Common	Common	Common	Pig Pheromone
60193027	Common	Common	Common	Drum Beat
60251200	Common	Common	Common	{@RawItem:45292}
60251300	Common	Common	Common	{@RawItem:45293}
60251400	Common	Common	Common	{@RawItem:45294}
60251700	Common	Common	Common	{@RawItem:45299}
60340286	Common	Common	Common	Free Flight
60340287	Common	Common	Common	Landing
60400307	Common	Common	Common	Alkaline Water Bomb
60400308	Common	Common	Common	Alkaline Water Bomb Mode
60401301	Common	Common	Common	Personalized Greeting
60401304	Common	Common	Common	Summon Group
60401306	Common	Common	Common	Summon NPC: Phargo
60401307	Common	Common	Common	Elemental Fire
60401308	Common	Common	Common	Elemental Ice
60401309	Common	Common	Common	Elemental Muck
60401312	Common	Common	Common	Elemental Blast
60401313	Common	Common	Common	Darkan's Wings
60401315	Common	Common	Common	Darkan's Blue Wings
60401317	Common	Common	Common	Darkan's Green Wings
60401319	Common	Common	Common	Darkan's Black Wings
60401321	Common	Common	Common	Darkan's Pink Wings
60401323	Common	Common	Common	Moon Lotus Aura
60950510	Common	Common	Common	Mutate (Balder's Gift)
60950511	Common	Common	Common	Stun (Balder's Gift)
60950512	Common	Common	Common	Fear (Balder's Gift)
60950513	Common	Common	Common	Light (Balder's Gift)
60950514	Common	Common	Common	Punish (Balder's Gift)
60950515	Common	Common	Common	Quake (Balder's Gift)
60951901	Common	Common	Common	Repel
60951902	Common	Common	Common	Inexorable Pull
60951903	Common	Common	Common	Human Cannonball
60951904	Common	Common	Common	Rising Wind
60951905	Common	Common	Common	Oneiric Lance
60951906	Common	Common	Common	Dream Bolt
60951907	Common	Common	Common	Hush!
61016000	Common	Common	Common	Rampage I
61901000	Common	Common	Common	Snow Barrage
61902000	Common	Common	Common	Set Us Up, Da Bomb
61905012	Common	Common	Common	Summon: Felicity
61905013	Common	Common	Common	Summon Pet: Wooley
61905014	Common	Common	Common	Summon Pet: Candyspinner
61905100	Common	Common	Common	Angler's Greeting
61905223	Common	Common	Common	
61905224	Common	Common	Common	
61985010	Common	Common	Common	Un-zombify
61985011	Common	Common	Common	Un-zombify
62000001	Common	Common	Common	Velik's Horn
63000101	Common	Common	Common	Location Scan
63000102	Common	Common	Common	Meteor
63000103	Common	Common	Common	Commander's Blessing
63000104	Common	Common	Common	Commander's Salvation
63000105	Common	Common	Common	Commander's Blessing
63000106	Common	Common	Common	Commander's Salvation
63000107	Common	Common	Common	Meteor
63000108	Common	Common	Common	Meteor
63000109	Common	Common	Common	Meteor
63000110	Common	Common	Common	Meteor
63000111	Common	Common	Common	Meteor
65000001	Common	Common	Common	Dismount
65000002	Common	Common	Common	Dive
65000015	Common	Common	Common	Landing
111136	Common	Common	Common	Summon: Boneshaker
111137	Common	Common	Common	Summon: Munchhausen
111138	Common	Common	Common	Summon: Gourmando
111141	Common	Common	Common	Summon: Rainbow
111142	Common	Common	Common	Summon: Terminus
111147	Common	Common	Common	Summon: Aeolian Zebra
111149	Common	Common	Common	Summon: Razormane
111150	Common	Common	Common	Summon: Snowdrift
111151	Common	Common	Common	Summon: EX-TRM
111152	Common	Common	Common	Summon: Sheldon
111153	Common	Common	Common	Summon: Munchhausen
111154	Common	Common	Common	Summon: Gourmando
111155	Common	Common	Common	Summon: Squawk
111156	Common	Common	Common	Summon: Blaze
111157	Common	Common	Common	Summon: Peep
111158	Common	Common	Common	Summon: Ember
211141	Common	Common	Common	Summon: Rainbow
211150	Common	Common	Common	Summon: Snowdrift
1111363	Common	Common	Common	Summon: Boneshaker
1111512	Common	Common	Common	Summon: Light Lion
1111514	Common	Common	Common	Summon: Waddles
1111515	Common	Common	Common	Summon: Harry Porker
1111516	Common	Common	Common	Summon: Boss
1111517	Common	Common	Common	Summon: Petunia
1111518	Common	Common	Common	Summon: Quackerjack
1111519	Common	Common	Common	Summon: Duckerberg
1111525	Common	Common	Common	Summon: Quacklemore
1111526	Common	Common	Common	Summon: Dafi
1111527	Common	Common	Common	Summon: Shadow Steed
1111528	Common	Common	Common	Summon: Death Charger
1111531	Common	Common	Common	Summon: Harley
1111532	Common	Common	Common	Summon: Lupus Obscurus
1111533	Common	Common	Common	Summon: Snow Tiger
1111534	Common	Common	Common	Summon: Battle Ready Snow Tiger
1111535	Common	Common	Common	Summon: Bengal Tiger
1111536	Common	Common	Common	Summon: Battle Ready Bengal Tiger
1111537	Common	Common	Common	Summon: Glimmer
1111538	Common	Common	Common	Summon: Temper
1111539	Common	Common	Common	Summon: Cinder
1111540	Common	Common	Common	Summon: Slash
1111552	Common	Common	Common	Summon: Quackerjack
1111553	Common	Common	Common	Summon: Duckerberg
1111554	Common	Common	Common	Summon: Quacklemore
1111555	Common	Common	Common	Summon: Dafi
1111911	Common	Common	Common	Summon: Shadow Steed
1111921	Common	Common	Common	Summon: Electrum Wind
1111961	Common	Common	Common	Summon: Death Charger
1112001	Common	Common	Common	Summon: Soccer Mania Southern Tiger
1112002	Common	Common	Common	Summon: Soccer Mania Southern White Tiger
1112003	Common	Common	Common	Summon: Soccer Mania Giant Brazilian Tiger
1112004	Common	Common	Common	Summon: Soccer Mania Giant White Brazilian Tiger
1701270	Common	Common	Common	Summon: Glory
1701271	Common	Common	Common	Summon: Snarl
1701272	Common	Common	Common	Summon: Paddy
1701273	Common	Common	Common	Summon: Aurum
1701274	Common	Common	Common	Summon: Snowball Kumas
1701275	Common	Common	Common	Summon: Brass Kumas
1701276	Common	Common	Common	Summon: Snowball Giant Snowman
1701277	Common	Common	Common	Summon: Santa Kumas
1701278	Common	Common	Common	
1701279	Common	Common	Common	Summon: Rudolf the Giant Snowman
1701280	Common	Common	Common	
1701281	Common	Common	Common	
1701282	Common	Common	Common	
1701283	Common	Common	Common	
1701284	Common	Common	Common	
1701285	Common	Common	Common	
1701292	Common	Common	Common	
1701293	Common	Common	Common	
1701294	Common	Common	Common	
1701295	Common	Common	Common	
13000000	Common	Common	Common	
13000001	Common	Common	Common	
13000002	Common	Common	Common	
13000003	Common	Common	Common	
13000004	Common	Common	Common	
13000005	Common	Common	Common	
13000009	Common	Common	Common	
13000010	Common	Common	Common	
13000011	Common	Common	Common	
13000012	Common	Common	Common	
13000013	Common	Common	Common	
13000014	Common	Common	Common	
13000015	Common	Common	Common	
13000016	Common	Common	Common	
13000017	Common	Common	Common	
13000018	Common	Common	Common	
13000019	Common	Common	Common	
13000020	Common	Common	Common	
13000021	Common	Common	Common	
13000022	Common	Common	Common	
13000023	Common	Common	Common	
13000024	Common	Common	Common	
13000025	Common	Common	Common	
13000026	Common	Common	Common	
13000027	Common	Common	Common	
13000028	Common	Common	Common	
13000029	Common	Common	Common	
13000030	Common	Common	Common	
13000031	Common	Common	Common	
13000032	Common	Common	Common	
13000033	Common	Common	Common	
13000034	Common	Common	Common	
13000035	Common	Common	Common	
13000036	Common	Common	Common	
13000037	Common	Common	Common	
13000038	Common	Common	Common	
13000039	Common	Common	Common	
13000040	Common	Common	Common	
13000041	Common	Common	Common	
13000042	Common	Common	Common	
13000043	Common	Common	Common	
13000044	Common	Common	Common	
13000045	Common	Common	Common	
13000046	Common	Common	Common	
13000047	Common	Common	Common	
13000048	Common	Common	Common	
13000049	Common	Common	Common	
13000050	Common	Common	Common	
13000051	Common	Common	Common	
13000052	Common	Common	Common	
13000053	Common	Common	Common	
13000054	Common	Common	Common	
13000055	Common	Common	Common	
13000056	Common	Common	Common	
13000057	Common	Common	Common	
13000058	Common	Common	Common	
13000059	Common	Common	Common	
13000060	Common	Common	Common	
13000061	Common	Common	Common	
13300009	Common	Common	Common	
13300010	Common	Common	Common	
13300011	Common	Common	Common	
13300012	Common	Common	Common	
13300013	Common	Common	Common	
13300014	Common	Common	Common	
13300015	Common	Common	Common	
13300016	Common	Common	Common	
13300017	Common	Common	Common	
13300018	Common	Common	Common	
13300019	Common	Common	Common	
13300020	Common	Common	Common	
13300021	Common	Common	Common	
13300022	Common	Common	Common	
13300023	Common	Common	Common	
13300024	Common	Common	Common	
13301001	Common	Common	Common	
13301002	Common	Common	Common	
13301003	Common	Common	Common	
13301004	Common	Common	Common	
13301005	Common	Common	Common	
13600068	Common	Common	Common	
13600069	Common	Common	Common	
13600238	Common	Common	Common	
13600304	Common	Common	Common	
61900007	Common	Common	Common	Transformation: Green Wintera Snowman
61900008	Common	Common	Common	Transformation: Yellow Wintera Snowman
61900009	Common	Common	Common	Transformation: Blue Wintera Snowman
61900010	Common	Common	Common	Transformation: Red Wintera Snowman
111123	Common	Common	Common	Summon: Night Mare
111132	Common	Common	Common	Summon: Regal Frostlion
111133	Common	Common	Common	Summon: Sleipnir
111146	Common	Common	Common	Summon: Shadow Steed
111148	Common	Common	Common	Summon: Black Leopard
111192	Common	Common	Common	Summon: Electrum Wind
111196	Common	Common	Common	Summon: Death Charger
111198	Common	Common	Common	Summon: Tawny Huntress
211145	Common	Common	Common	Summon: Death Charger
1111520	Common	Common	Common	Summon: Duck (Punk)
1111542	Common	Common	Common	[Event] Summon: Glimmer
1111543	Common	Common	Common	Summon White Tiger
1111544	Common	Common	Common	Summon Roaring Armored White Tiger
1111545	Common	Common	Common	Summon Fierce Tiger
1111546	Common	Common	Common	Summon Roaring Armored Fierce Tiger
1111547	Common	Common	Common	Summon: Soccer Mania Supporter Tiger
1111548	Common	Common	Common	Summon: Soccer Mania Supporter White Tiger
1111549	Common	Common	Common	Summon: Soccer Mania Giant Korean Tiger us
1111550	Common	Common	Common	Summon: Soccer Mania Giant Korean White Tiger us
1111551	Common	Common	Common	Summon: Tamed Arborean Black Steed
1111556	Common	Common	Common	Summon: Blue Ookami
1111557	Common	Common	Common	Summon: Red Ookami
1111558	Common	Common	Common	[Previous Benefit] Summon: Rainbow
1111559	Common	Common	Common	[Invite A Friend Event] Summon: Lioness
1111560	Common	Common	Common	Summon: Police Car
1111561	Common	Common	Common	Summon: Crimsonheart
1111562	Common	Common	Common	Summon: Jeweled Lion (15 Days)
1111563	Common	Common	Common	Summon: Crimson
1111564	Common	Common	Common	Summon: Portersprint
1111565	Common	Common	Common	Summon: Blithespring
1111566	Common	Common	Common	Summon: Wintera Snowbite
1111567	Common	Common	Common	Summon: Christmas Kumas
1111568	Common	Common	Common	Summon: Snowbite
1111570	Common	Common	Common	
1111571	Common	Common	Common	
1111572	Common	Common	Common	
12000000	Common	Common	Common	
12000001	Common	Common	Common	
12000002	Common	Common	Common	
12000003	Common	Common	Common	
12000004	Common	Common	Common	
12000005	Common	Common	Common	
12000007	Common	Common	Common	
12000008	Common	Common	Common	
12000009	Common	Common	Common	
12000010	Common	Common	Common	
12000011	Common	Common	Common	
12000012	Common	Common	Common	
12000013	Common	Common	Common	
12000014	Common	Common	Common	Summon: Police Car
12000015	Common	Common	Common	Summon: Silver Giraffe
12000016	Common	Common	Common	Summon: Noble Buzzer
12000017	Common	Common	Common	Summon: Noble Tweedle
12000018	Common	Common	Common	Summon: Cutter (Rare)
12000019	Common	Common	Common	Summon: Buzzer
12000020	Common	Common	Common	Summon: Tweedle
12000021	Common	Common	Common	Summon: Cutter
12000022	Common	Common	Common	Summon: Glimmerheart
12000023	Common	Common	Common	
12000024	Common	Common	Common	
12000025	Common	Common	Common	
12000026	Common	Common	Common	
12000027	Common	Common	Common	
12000028	Common	Common	Common	
12000029	Common	Common	Common	Summon: Black Ookami
12000030	Common	Common	Common	Summon: Green Ookami
12000031	Common	Common	Common	Summon: Friendship
12000032	Common	Common	Common	Summon: Ghost Horse Black
12000033	Common	Common	Common	Summon: Ghost Horse Gold
12000034	Common	Common	Common	Summon: Ghost Horse Silver
12000035	Common	Common	Common	Summon: Ghost Horse Red
12000036	Common	Common	Common	Summon: Ghost Horse Luminous
12000037	Common	Common	Common	Summon : [Event] Sushi Cat Gray (Rare)
12000038	Common	Common	Common	Summon : Quick-Start Charger
12000039	Common	Common	Common	Summon : Practice Kart[Kartrider_Original]
12000040	Common	Common	Common	Summon : Practice Kart[Kartrider_Red]
12000041	Common	Common	Common	Summon : Practice Kart[Kartrider_Green]
12000042	Common	Common	Common	Summon : Practice Kart[Kartrider_Yellow]
12000043	Common	Common	Common	Summon : Lulu[Kartrider_Original]
12000044	Common	Common	Common	Summon : Lulu[Kartrider_Pink]
12000045	Common	Common	Common	Summon : Lulu[Kartrider_Yellow]
12000046	Common	Common	Common	Summon : Lulu[Kartrider_Mint]
12000047	Common	Common	Common	Summon : Saber[Kartrider_Original]
12000048	Common	Common	Common	Summon : Saber[Kartrider_Red]
12000049	Common	Common	Common	Summon : Saber[Kartrider_Black]
12000050	Common	Common	Common	Summon : Saber[Kartrider_Purple]
12000055	Common	Common	Common	Summon: EX-TRM
12000056	Common	Common	Common	Summon: Rainbow
12000057	Common	Common	Common	Summon: Terminus
12000058	Common	Common	Common	Summon: Munchhausen
12000059	Common	Common	Common	Summon: Sleipnir
12000060	Common	Common	Common	Summon: Squawk
12000061	Common	Common	Common	Summon: Waddles
12000062	Common	Common	Common	Summon: Harry Porker
12000063	Common	Common	Common	Summon: Police Car
12000069	Common	Common	Common	Summon: Liberated White Lion
12000070	Common	Common	Common	Summon: Liberated Black Lion
12000071	Common	Common	Common	Summon: Liberated Bahaar's Lion
12000072	Common	Common	Common	Summon: Liberated Bahaar's[Brown] Lion
12000073	Common	Common	Common	Summon: Liberated Bahaar's[Gold] Lion
12000074	Common	Common	Common	Summon: Liberated Bahaar's[Silver] Lion
12000077	Common	Common	Common	
12000078	Common	Common	Common	
12000079	Common	Common	Common	
12000080	Common	Common	Common	
12000081	Common	Common	Common	
12000082	Common	Common	Common	
12000083	Common	Common	Common	
12000084	Common	Common	Common	
12000085	Common	Common	Common	
12000086	Common	Common	Common	
12000087	Common	Common	Common	
12000088	Common	Common	Common	
12000089	Common	Common	Common	
12000090	Common	Common	Common	
12000091	Common	Common	Common	
12000093	Common	Common	Common	
12000094	Common	Common	Common	
12000098	Common	Common	Common	
12000099	Common	Common	Common	
12000100	Common	Common	Common	
12000101	Common	Common	Common	
12000102	Common	Common	Common	
12000103	Common	Common	Common	
12000104	Common	Common	Common	
12000105	Common	Common	Common	
12000106	Common	Common	Common	
12000107	Common	Common	Common	
12000108	Common	Common	Common	
12000109	Common	Common	Common	
12000110	Common	Common	Common	
12000111	Common	Common	Common	
12000112	Common	Common	Common	
12000113	Common	Common	Common	
12000114	Common	Common	Common	
12000115	Common	Common	Common	
12100075	Common	Common	Common	Summon: [Event] Blaze
111159	Common	Common	Common	Summon: Squawk
111160	Common	Common	Common	Summon: Squawk
111161	Common	Common	Common	Summon: Blaze
111162	Common	Common	Common	Summon: Blaze
111163	Common	Common	Common	Summon: Peep
111164	Common	Common	Common	Summon: Peep
111165	Common	Common	Common	Summon: Ember
111166	Common	Common	Common	Summon: Ember
111168	Common	Common	Common	Summon: Quackerjack
111169	Common	Common	Common	Summon: Quackerjack
111170	Common	Common	Common	Summon: Duckerberg
111171	Common	Common	Common	Summon: Duckerberg
111172	Common	Common	Common	Summon: White Afro Duck
111173	Common	Common	Common	Summon: White Afro Duck
111174	Common	Common	Common	Summon: Black Afro Duck
111175	Common	Common	Common	Summon: Black Afro Duck
111176	Common	Common	Common	Summon: Waddles
111177	Common	Common	Common	Summon: Harry Porker
111178	Common	Common	Common	Summon: Boss
111179	Common	Common	Common	Summon: Petunia
111180	Common	Common	Common	Summon: Harley
111204	Common	Common	Common	Summon: Lupus Obscurus
111205	Common	Common	Common	Summon: Lupus Aurum
111206	Common	Common	Common	Summon: Lupus Aeris
111207	Common	Common	Common	Summon: Lupus Noctus
111208	Common	Common	Common	Summon: Lupus Argentum
111209	Common	Common	Common	Summon: Snow Tiger
111210	Common	Common	Common	Summon: Battle Ready Snow Tiger
111211	Common	Common	Common	Summon: Bengal Tiger
111212	Common	Common	Common	Summon: Battle Ready Bengal Tiger
111213	Common	Common	Common	Summon: Lupus Argentum
111214	Common	Common	Common	Summon: Glimmerforce
111215	Common	Common	Common	Summon: Glimmershine
111216	Common	Common	Common	Summon: Glimmerheart
111217	Common	Common	Common	Summon: Lupus Noctus
111218	Common	Common	Common	Summon: Cinderglow
111219	Common	Common	Common	Summon: Cinderheart
111220	Common	Common	Common	Summon: Lupus Obscurus
111221	Common	Common	Common	Summon: Blitzheart
111222	Common	Common	Common	Summon: Temperheart
111223	Common	Common	Common	Summon: Slasheart
111224	Common	Common	Common	Summon: Tiger B
111225	Common	Common	Common	Summon: Tiger B
111226	Common	Common	Common	Summon: Tiger B
111227	Common	Common	Common	Summon: Tiger D
111228	Common	Common	Common	Summon: Tiger D
111229	Common	Common	Common	Summon: Tiger D
111230	Common	Common	Common	Summon: Saolo
111231	Common	Common	Common	Summon: Paolo
111232	Common	Common	Common	Summon: Tigerinho
111233	Common	Common	Common	Summon: Tigeraldo
111234	Common	Common	Common	Summon: Saolo
111235	Common	Common	Common	Summon: Energetic Saolo
111236	Common	Common	Common	Summon: Tough Saolo
111237	Common	Common	Common	Summon: Tireless Saolo
111238	Common	Common	Common	Summon: Paolo
111239	Common	Common	Common	Summon: Energetic Paolo
111241	Common	Common	Common	Summon: Tireless Paolo
111242	Common	Common	Common	Summon: Tigerinho
111243	Common	Common	Common	Summon: Energetic Tigerinho
111244	Common	Common	Common	Summon: Tough Tigerinho
111245	Common	Common	Common	Summon: Tireless Tigerinho
111246	Common	Common	Common	Summon: Tigeraldo
111247	Common	Common	Common	Summon: Energetic Tigeraldo
111248	Common	Common	Common	Summon: Tough Tigeraldo
111249	Common	Common	Common	Summon: Tireless Tigeraldo
111250	Common	Common	Common	Summon: Tough Paolo
111251	Common	Common	Common	Summon: Frost Tail
111252	Common	Common	Common	Summon: Mythical Frost Tail
111253	Common	Common	Common	Summon: Fabled Frost Tail
111254	Common	Common	Common	Summon: Legendary Frost Tail
111255	Common	Common	Common	Summon: Jeweled Lion
111256	Common	Common	Common	Summon: Ember Tail
111257	Common	Common	Common	Summon: Mythical Ember Tail
111258	Common	Common	Common	Summon: Fabled Ember Tail
111259	Common	Common	Common	Summon: Legendary Ember Tail
111260	Common	Common	Common	Summon: Police Car
111261	Common	Common	Common	Summon: Tuned Police Car
111262	Common	Common	Common	Summon: Polished Police Car
111263	Common	Common	Common	Summon: Gassed-Up Police Car
111264	Common	Common	Common	Summon: Legendary Rainbow
111265	Common	Common	Common	Summon: Mythical Sleipnir
111266	Common	Common	Common	Summon: Fabled Night Mare
111267	Common	Common	Common	Summon: Legendary Bone Dancer
111268	Common	Common	Common	Summon: Mythical Snowdrift
111269	Common	Common	Common	Summon: Fabled Tawny Huntress
111270	Common	Common	Common	Summon: Fyrewing
111271	Common	Common	Common	Summon: Mythical Fyrewing
111272	Common	Common	Common	Summon: Fabled Fyrewing
111273	Common	Common	Common	Summon: Legendary Fyrewing
111274	Common	Common	Common	Summon: Trekking Kumas
111275	Common	Common	Common	Summon: Cheerful Trekking Kumas
111276	Common	Common	Common	Summon: Jovial Trekking Kumas
111277	Common	Common	Common	Summon: Charitable Trekking Kumas
111278	Common	Common	Common	Summon: Wintera Christmas Kumas
111279	Common	Common	Common	Summon: Cheerful Wintera Christmas Kumas
111280	Common	Common	Common	Summon: Jovial Wintera Christmas Kumas
111281	Common	Common	Common	Summon: Charitable Wintera Christmas Kumas
111282	Common	Common	Common	Summon: Wintera Snowbite
111283	Common	Common	Common	Summon: Cheerful Wintera Snowbite
111284	Common	Common	Common	Summon: Jovial Wintera Snowbite
111285	Common	Common	Common	Summon: Charitable Wintera Snowbite
111286	Common	Common	Common	Summon: Christmas Kumas
111287	Common	Common	Common	Summon: Cheerful Christmas Kumas
111288	Common	Common	Common	Summon: Jovial Christmas Kumas
111289	Common	Common	Common	Summon: Charitable Christmas Kumas
111290	Common	Common	Common	Summon: Snowbite
111291	Common	Common	Common	Summon: Cheerful Snowbite
111292	Common	Common	Common	Summon: Jovial Snowbite
111293	Common	Common	Common	Summon: Charitable Snowbite
111294	Common	Common	Common	Summon: Goldwing
111295	Common	Common	Common	Summon: Mythical Goldwing
111296	Common	Common	Common	Summon: Fabled Goldwing
111297	Common	Common	Common	Summon: Legendary Goldwing
111298	Common	Common	Common	Summon: Lucky Pig
111299	Common	Common	Common	Summon: Madcap Lucky Pig
111301	Common	Common	Common	Summon: Hog-wild Lucky Pig
111302	Common	Common	Common	Summon: Slippery Lucky Pig
200002	Common	Common	Common	Outlaw Declaration
1111231	Common	Common	Common	Summon: Night Mare
1111321	Common	Common	Common	Summon: Regal Frostlion
1111323	Common	Common	Common	Summon: Jeweled Lion
1111324	Common	Common	Common	Summon: Jeweled Lion
1111331	Common	Common	Common	Summon: Sleipnir
1111361	Common	Common	Common	Summon: Boneshaker
1111371	Common	Common	Common	Summon: Munchhausen
1111381	Common	Common	Common	Summon: Gourmando
1111411	Common	Common	Common	Summon: Rainbow
1111501	Common	Common	Common	Summon: Snowdrift
1111511	Common	Common	Common	Summon: EX-TRM
1111651	Common	Common	Common	Summon: Ember
2222537	Common	Common	Common	Summon: Lupus Aurum
2222538	Common	Common	Common	Summon: Lupus Aeris
2222539	Common	Common	Common	Summon: Lupus Noctus
2222540	Common	Common	Common	Summon: Lupus Argentum
2222541	Common	Common	Common	Summon: Lupus Argentum
2222542	Common	Common	Common	Summon: Blitz
2222543	Common	Common	Common	Summon: Glimmer
2222544	Common	Common	Common	Summon: Temper
2222545	Common	Common	Common	Summon: Cinder
2222546	Common	Common	Common	Summon: Slash
2222547	Common	Common	Common	Summon: Glimmerforce
2222548	Common	Common	Common	Summon: Glimmerforce
2222549	Common	Common	Common	Summon: Glimmershine
2222550	Common	Common	Common	Summon: Glimmershine
2222551	Common	Common	Common	Summon: Glimmerheart
2222552	Common	Common	Common	Summon: Glimmerheart
2222553	Common	Common	Common	Summon: Lupus Noctus
2222554	Common	Common	Common	Summon: Lupus Noctus
2222555	Common	Common	Common	Summon: Cinderglow
2222556	Common	Common	Common	Summon: Cinderglow
2222557	Common	Common	Common	Summon: Cinderheart
2222558	Common	Common	Common	Summon: Cinderheart
2222559	Common	Common	Common	Summon: Lupus Obscurus
2222560	Common	Common	Common	Summon: Nexus Warhorse
2222561	Common	Common	Common	Summon: Aeolian Zebra
2222562	Common	Common	Common	Summon: Death Charger
2222563	Common	Common	Common	Summon: Blitzheart
2222564	Common	Common	Common	Summon: Blitzheart
2222565	Common	Common	Common	Summon: Temperheart
2222566	Common	Common	Common	Summon: Temperheart
2222567	Common	Common	Common	Summon: Slasheart
2222568	Common	Common	Common	Summon: Slasheart
2222569	Common	Common	Common	Summon: Tiger A
2222570	Common	Common	Common	Summon: Tiger B
2222571	Common	Common	Common	Summon: Tiger C
2222572	Common	Common	Common	Summon: Tiger D
2222573	Common	Common	Common	Summon: Tiger B
2222574	Common	Common	Common	Summon: Tiger B
2222575	Common	Common	Common	Summon: Tiger B
2222576	Common	Common	Common	Summon: Tiger B
2222577	Common	Common	Common	Summon: Tiger B
2222578	Common	Common	Common	Summon: Tiger B
2222579	Common	Common	Common	Summon: Tiger D
2222580	Common	Common	Common	Summon: Tiger D
2222581	Common	Common	Common	Summon: Tiger D
2222582	Common	Common	Common	Summon: Tiger D
2222583	Common	Common	Common	Summon: Tiger D
2222584	Common	Common	Common	Summon: Tiger D
2222585	Common	Common	Common	Summon: Saolo
2222586	Common	Common	Common	Summon: Energetic Saolo
2222587	Common	Common	Common	Summon: Tough Saolo
2222588	Common	Common	Common	Summon: Tireless Saolo
2222589	Common	Common	Common	Summon: Saolo
2222590	Common	Common	Common	Summon: Energetic Saolo
2222591	Common	Common	Common	Summon: Tough Saolo
2222592	Common	Common	Common	Summon: Tireless Saolo
2222593	Common	Common	Common	Summon: Paolo
2222594	Common	Common	Common	Summon: Energetic Paolo
2222595	Common	Common	Common	Summon: Tough Paolo
2222596	Common	Common	Common	Summon: Tireless Paolo
2222597	Common	Common	Common	Summon: Paolo
2222598	Common	Common	Common	Summon: Energetic Paolo
2222599	Common	Common	Common	Summon: Tough Paolo
2222600	Common	Common	Common	Summon: Tireless Paolo
2222601	Common	Common	Common	Summon: Tigerinho
2222602	Common	Common	Common	Summon: Energetic Tigerinho
2222603	Common	Common	Common	Summon: Tough Tigerinho
2222604	Common	Common	Common	Summon: Tireless Tigerinho
2222605	Common	Common	Common	Summon: Tigerinho
2222606	Common	Common	Common	Summon: Energetic Tigerinho
2222607	Common	Common	Common	Summon: Tough Tigerinho
2222608	Common	Common	Common	Summon: Tireless Tigerinho
2222609	Common	Common	Common	Summon: Tigeraldo
2222610	Common	Common	Common	Summon: Energetic Tigeraldo
2222611	Common	Common	Common	Summon: Tough Tigeraldo
2222612	Common	Common	Common	Summon: Tireless Tigeraldo
2222613	Common	Common	Common	Summon: Tigeraldo
2222614	Common	Common	Common	Summon: Energetic Tigeraldo
2222615	Common	Common	Common	Summon: Tough Tigeraldo
2222616	Common	Common	Common	Summon: Tireless Tigeraldo
2222617	Common	Common	Common	Summon: Frost Tail
2222618	Common	Common	Common	Summon: Frost Tail
2222619	Common	Common	Common	Summon: Mythical Frost Tail
2222620	Common	Common	Common	Summon: Mythical Frost Tail
2222621	Common	Common	Common	Summon: Fabled Frost Tail
2222622	Common	Common	Common	Summon: Fabled Frost Tail
2222623	Common	Common	Common	Summon: Legendary Frost Tail
2222624	Common	Common	Common	Summon: Legendary Frost Tail
2222625	Common	Common	Common	Summon: Jeweled Lion
2222626	Common	Common	Common	Summon: Ember Tail
2222627	Common	Common	Common	Summon: Ember Tail
2222628	Common	Common	Common	Summon: Mythical Ember Tail
2222629	Common	Common	Common	Summon: Mythical Ember Tail
2222630	Common	Common	Common	Summon: Fabled Ember Tail
2222631	Common	Common	Common	Summon: Fabled Ember Tail
2222632	Common	Common	Common	Summon: Legendary Ember Tail
2222633	Common	Common	Common	Summon: Legendary Ember Tail
2222634	Common	Common	Common	Summon: Police Car
2222635	Common	Common	Common	Summon: Police Car
2222636	Common	Common	Common	Summon: Tuned Police Car
2222637	Common	Common	Common	Summon: Tuned Police Car
2222638	Common	Common	Common	Summon: Polished Police Car
2222639	Common	Common	Common	Summon: Polished Police Car
2222640	Common	Common	Common	Summon: Gassed-Up Police Car
2222641	Common	Common	Common	Summon: Gassed-Up Police Car
2222642	Common	Common	Common	Summon: Legendary Rainbow
2222643	Common	Common	Common	Summon: Mythical Sleipnir
2222644	Common	Common	Common	Summon: Fabled Night Mare
2222645	Common	Common	Common	Summon: Legendary Bone Dancer
2222646	Common	Common	Common	Summon: Mythical Snowdrift
2222647	Common	Common	Common	Summon: Fabled Tawny Huntress
2222648	Common	Common	Common	Summon: Fyrewing
2222649	Common	Common	Common	Summon: Fyrewing
2222650	Common	Common	Common	Summon: Mythical Fyrewing
2222651	Common	Common	Common	Summon: Mythical Fyrewing
2222652	Common	Common	Common	Summon: Fabled Fyrewing
2222653	Common	Common	Common	Summon: Fabled Fyrewing
2222654	Common	Common	Common	Summon: Legendary Fyrewing
2222655	Common	Common	Common	Summon: Legendary Fyrewing
2222656	Common	Common	Common	Summon: Trekking Kumas
2222657	Common	Common	Common	Summon: Trekking Kumas
2222658	Common	Common	Common	Summon: Cheerful Trekking Kumas
2222659	Common	Common	Common	Summon: Cheerful Trekking Kumas
2222660	Common	Common	Common	Summon: Jovial Trekking Kumas
2222661	Common	Common	Common	Summon: Jovial Trekking Kumas
2222662	Common	Common	Common	Summon: Charitable Trekking Kumas
2222663	Common	Common	Common	Summon: Charitable Trekking Kumas
2222664	Common	Common	Common	Summon: Wintera Christmas Kumas
2222665	Common	Common	Common	Summon: Wintera Christmas Kumas
2222666	Common	Common	Common	Summon: Cheerful Wintera Christmas Kumas
2222667	Common	Common	Common	Summon: Cheerful Wintera Christmas Kumas
2222668	Common	Common	Common	Summon: Jovial Wintera Christmas Kumas
2222669	Common	Common	Common	Summon: Jovial Wintera Christmas Kumas
2222670	Common	Common	Common	Summon: Charitable Wintera Christmas Kumas
2222671	Common	Common	Common	Summon: Charitable Wintera Christmas Kumas
2222672	Common	Common	Common	Summon: Wintera Snowbite
2222673	Common	Common	Common	Summon: Wintera Snowbite
2222674	Common	Common	Common	Summon: Cheerful Wintera Snowbite
2222675	Common	Common	Common	Summon: Cheerful Wintera Snowbite
2222676	Common	Common	Common	Summon: Jovial Wintera Snowbite
2222677	Common	Common	Common	Summon: Jovial Wintera Snowbite
2222678	Common	Common	Common	Summon: Charitable Wintera Snowbite
2222679	Common	Common	Common	Summon: Charitable Wintera Snowbite
2222680	Common	Common	Common	Summon: Christmas Kumas
2222681	Common	Common	Common	Summon: Christmas Kumas
2222682	Common	Common	Common	Summon: Cheerful Christmas Kumas
2222683	Common	Common	Common	Summon: Cheerful Christmas Kumas
2222684	Common	Common	Common	Summon: Jovial Christmas Kumas
2222685	Common	Common	Common	Summon: Jovial Christmas Kumas
2222686	Common	Common	Common	Summon: Charitable Christmas Kumas
2222687	Common	Common	Common	Summon: Charitable Christmas Kumas
2222688	Common	Common	Common	Summon: Snowbite
2222689	Common	Common	Common	Summon: Snowbite
2222690	Common	Common	Common	Summon: Cheerful Snowbite
2222691	Common	Common	Common	Summon: Cheerful Snowbite
2222692	Common	Common	Common	Summon: Jovial Snowbite
2222693	Common	Common	Common	Summon: Jovial Snowbite
2222694	Common	Common	Common	Summon: Charitable Snowbite
2222695	Common	Common	Common	Summon: Charitable Snowbite
2222696	Common	Common	Common	Summon: Goldwing
2222697	Common	Common	Common	Summon: Goldwing
2222698	Common	Common	Common	Summon: Mythical Goldwing
2222699	Common	Common	Common	Summon: Mythical Goldwing
2222700	Common	Common	Common	Summon: Fabled Goldwing
2222701	Common	Common	Common	Summon: Fabled Goldwing
2222702	Common	Common	Common	Summon: Legendary Goldwing
2222703	Common	Common	Common	Summon: Legendary Goldwing
2222704	Common	Common	Common	Summon: Lucky Pig
2222705	Common	Common	Common	Summon: Lucky Pig
2222706	Common	Common	Common	Summon: Madcap Lucky Pig
2222707	Common	Common	Common	Summon: Madcap Lucky Pig
2222708	Common	Common	Common	Summon: Hog-wild Lucky Pig
2222709	Common	Common	Common	Summon: Hog-wild Lucky Pig
2222710	Common	Common	Common	Summon: Slippery Lucky Pig
2222711	Common	Common	Common	Summon: Slippery Lucky Pig
14000001	Common	Common	Common	Summon: Jadewing
14000002	Common	Common	Common	Summon: Mythical Jadewing
14000003	Common	Common	Common	Summon: Fabled Jadewing
14000004	Common	Common	Common	Summon: Legendary Jadewing
14000005	Common	Common	Common	Summon: Ebonwing
14000006	Common	Common	Common	Summon: Mythical Ebonwing
14000007	Common	Common	Common	Summon: Fabled Ebonwing
14000008	Common	Common	Common	Summon: Legendary Ebonwing
14000009	Common	Common	Common	Summon: Silverwing
14000010	Common	Common	Common	Summon: Mythical Silverwing
14000011	Common	Common	Common	Summon: Fabled Silverwing
14000012	Common	Common	Common	Summon: Legendary Silverwing
14000013	Common	Common	Common	Summon: Polar Bear
14000014	Common	Common	Common	Summon: Brave Polar Bear
14000015	Common	Common	Common	Summon: Tough Polar Bear
14000016	Common	Common	Common	Summon: Loyal Polar Bear
14000017	Common	Common	Common	Summon: Grizzly Bear
14000018	Common	Common	Common	Summon: Brave Grizzly Bear
14000019	Common	Common	Common	Summon: Tough Grizzly Bear
14000020	Common	Common	Common	Summon: Loyal Grizzly Bear
14000021	Common	Common	Common	Summon: Panda
14000022	Common	Common	Common	Summon: Brave Panda
14000023	Common	Common	Common	Summon: Tough Panda
14000024	Common	Common	Common	Summon: Loyal Panda
14000025	Common	Common	Common	Summon: Arctos
14000026	Common	Common	Common	Summon: Ursa
14000027	Common	Common	Common	Summon: Mei Mei
14000028	Common	Common	Common	Summon: Almighty Fyrewing
14000029	Common	Common	Common	Summon: Almighty Goldwing
14000030	Common	Common	Common	Summon: Almighty Jadewing
14000031	Common	Common	Common	Summon: Almighty Ebonwing
14000032	Common	Common	Common	Summon: Almighty Silverwing
14000033	Common	Common	Common	Summon: Almighty Frost Tail
14000034	Common	Common	Common	Summon: Almighty Ember Tail
14000035	Common	Common	Common	Summon: Legendary Gourmando
14000036	Common	Common	Common	Summon: Legendary Gourmando
14000037	Common	Common	Common	Summon: Fabled Munchhausen
14000038	Common	Common	Common	Summon: Legendary Munchhausen
14000039	Common	Common	Common	Summon: Eager Polar Bear
14000040	Common	Common	Common	Summon: Eager Grizzly Bear
14000041	Common	Common	Common	Summon: Eager Panda
14000042	Common	Common	Common	Summon: Sport GX800
14000043	Common	Common	Common	Summon: Tuned Sport GX800
14000044	Common	Common	Common	Summon: Polished Sport GX800
14000045	Common	Common	Common	Summon: Gassed-Up Sport GX800
14000046	Common	Common	Common	Summon: Sport SX800
14000047	Common	Common	Common	Summon: Tuned Sport SX800
14000048	Common	Common	Common	Summon: Polished Sport SX800
14000049	Common	Common	Common	Summon: Gassed-Up Sport SX800
14000050	Common	Common	Common	Summon: Sport RX800
14000051	Common	Common	Common	Summon: Tuned Sport RX800
14000052	Common	Common	Common	Summon: Polished Sport RX800
14000053	Common	Common	Common	Summon: Gassed-Up Sport RX800
14000054	Common	Common	Common	Summon: Sport GX800 Turbo
14000055	Common	Common	Common	Summon: Supercharged Police Car
14000056	Common	Common	Common	Summon: Terminus
14000057	Common	Common	Common	Summon: Mythical Terminus
14000058	Common	Common	Common	Summon: Fabled Terminus
14000059	Common	Common	Common	Summon: Legendary Terminus
14000060	Common	Common	Common	Summon: Super Sport Charger
14000061	Common	Common	Common	Summon: Super Sport Cruiser
14000062	Common	Common	Common	Summon: Super Sport Racer
14000063	Common	Common	Common	Jitterbug
14000064	Common	Common	Common	Mythical Jitterbug
14000065	Common	Common	Common	Fabled Jitterbug
14000066	Common	Common	Common	Legendary Jitterbug
14000067	Common	Common	Common	Almighty Jitterbug
14000068	Common	Common	Common	Humbug
14000069	Common	Common	Common	Mythical Humbug
14000070	Common	Common	Common	Fabled Humbug
14000071	Common	Common	Common	Legendary Humbug
14000072	Common	Common	Common	Almighty Humbug
14000073	Common	Common	Common	Litterbug
14000074	Common	Common	Common	Mythical Litterbug
14000075	Common	Common	Common	Fabled Litterbug
14000076	Common	Common	Common	Legendary Litterbug
14000077	Common	Common	Common	Almighty Litterbug
14000078	Common	Common	Common	Summon: Moon
14000079	Common	Common	Common	Summon: Moonglow
14000080	Common	Common	Common	Summon: Moonclaw
14000081	Common	Common	Common	Summon: Moonheart
14000082	Common	Common	Common	Summon: Moonlight
14000083	Common	Common	Common	Summon: Timber
14000084	Common	Common	Common	Summon: Timberspring
14000085	Common	Common	Common	Summon: Timberclaw
14000086	Common	Common	Common	Summon: Timberheart
14000087	Common	Common	Common	Summon: Timberfall
14000088	Common	Common	Common	Summon: Friendship
14000089	Common	Common	Common	Summon: Friendshine
14000090	Common	Common	Common	Summon: Friendstorm
14000091	Common	Common	Common	Summon: Friendheart
14000092	Common	Common	Common	Summon: Noble Friendship
14000093	Common	Common	Common	Summon: Obsidian Tail
14000094	Common	Common	Common	Summon: Mythical Obsidian Tail
14000095	Common	Common	Common	Summon: Fabled Obsidian Tail
14000096	Common	Common	Common	Summon: Legendary Obsidian Tail
14000097	Common	Common	Common	Summon: Almighty Obsidian Tail
14000098	Common	Common	Common	Summon: Emerald Tail
14000099	Common	Common	Common	Summon: Mythical Emerald Tail
14000100	Common	Common	Common	Summon: Fabled Emerald Tail
14000101	Common	Common	Common	Summon: Legendary Emerald Tail
14000102	Common	Common	Common	Summon: Almighty Emerald Tail
14000103	Common	Common	Common	Summon: Pixie Dreams
14000104	Common	Common	Common	Summon: Mythical Pixie Dreams
14000105	Common	Common	Common	Summon: Fabled Pixie Dreams
14000106	Common	Common	Common	Summon: Legendary Pixie Dreams
14000107	Common	Common	Common	Summon: Almighty Pixie Dreams
14000108	Common	Common	Common	Summon: Midnight's Charger
14000109	Common	Common	Common	Summon: Mythical Midnight's Charger
14000110	Common	Common	Common	Summon: Fabled Midnight's Charger
14000111	Common	Common	Common	Summon: Legendary Midnight's Charger
14000112	Common	Common	Common	Summon: Almighty Midnight's Charger
14000113	Common	Common	Common	Summon: Spiritworld Steed
14000114	Common	Common	Common	Summon: Mythical Spiritworld Steed
14000115	Common	Common	Common	Summon: Fabled Spiritworld Steed
14000116	Common	Common	Common	Summon: Legendary Spiritworld Steed
14000117	Common	Common	Common	Summon: Almighty Spiritworld Steed
14000118	Common	Common	Common	Summon: Maki Kitty
14000119	Common	Common	Common	Summon: Frisky Maki Kitty
14000120	Common	Common	Common	Summon: Jaunty Maki Kitty
14000121	Common	Common	Common	Summon: Dapper Maki Kitty
14000122	Common	Common	Common	Summon: Almighty Maki Kitty
14000123	Common	Common	Common	Summon: Nigiri Kitty
14000124	Common	Common	Common	Summon: Frisky Nigiri Kitty
14000125	Common	Common	Common	Summon: Jaunty Nigiri Kitty
14000126	Common	Common	Common	Summon: Dapper Nigiri Kitty
14000127	Common	Common	Common	Summon: Almighty Nigiri Kitty
14000153	Common	Common	Common	Sushi cat black
14000154	Common	Common	Common	Sushi cat black
14000155	Common	Common	Common	Sushi cat black
14000156	Common	Common	Common	Sushi cat black
14000157	Common	Common	Common	Sushi cat black
14000158	Common	Common	Common	Sushi cat brown
14000159	Common	Common	Common	Sushi cat brown
14000160	Common	Common	Common	Sushi cat brown
14000161	Common	Common	Common	Sushi cat brown
14000162	Common	Common	Common	Sushi cat brown
14000168	Common	Common	Common	Summon: Black Kitty
14000169	Common	Common	Common	Summon: Frisky Black Kitty
14000170	Common	Common	Common	Summon: Jaunty Black Kitty
14000171	Common	Common	Common	Summon: Dapper Black Kitty
14000172	Common	Common	Common	Summon: Almighty Black Kitty
14000173	Common	Common	Common	Summon: Brown Kitty
14000174	Common	Common	Common	Summon: Frisky Brown Kitty
14000175	Common	Common	Common	Summon: Jaunty Brown Kitty
14000176	Common	Common	Common	Summon: Dapper Brown Kitty
14000177	Common	Common	Common	Summon: Almighty Brown Kitty
14000178	Common	Common	Common	Summon: Gray Kitty
14000179	Common	Common	Common	Summon: Frisky Gray Kitty
14000180	Common	Common	Common	Summon: Jaunty Gray Kitty
14000181	Common	Common	Common	Summon: Dapper Gray Kitty
14000182	Common	Common	Common	Summon: Almighty Gray Kitty
14000183	Common	Common	Common	Summon: Oshi Kitty
14000184	Common	Common	Common	Summon: Frisky Oshi Kitty
14000185	Common	Common	Common	Summon: Jaunty Oshi Kitty
14000186	Common	Common	Common	Summon: Dapper Oshi Kitty
14000187	Common	Common	Common	Summon: Almighty Oshi Kitty
14000188	Common	Common	Common	Summon: Quacklemore
14000190	Common	Common	Common	Summon: Tempermare
14000191	Common	Common	Common	Summon: Tempersurge
14000192	Common	Common	Common	Summon: Tempersteed
14000193	Common	Common	Common	Summon: Temperbrace
14000194	Common	Common	Common	Summon: Noble Tempermare
14000195	Common	Common	Common	Summon: Goldenmare
14000196	Common	Common	Common	Summon: Goldensurge
14000197	Common	Common	Common	Summon: Goldensteed
14000198	Common	Common	Common	Summon: Goldenbrace
14000199	Common	Common	Common	Summon: Noble Goldenmare
14000200	Common	Common	Common	Summon: Shadowmare
14000201	Common	Common	Common	Summon: Shadowsurge
14000202	Common	Common	Common	Summon: Shadowsteed
14000203	Common	Common	Common	Summon: Shadowbrace
14000204	Common	Common	Common	Summon: Noble Shadowmare
14000205	Common	Common	Common	Summon: Ashenmare
14000206	Common	Common	Common	Summon: Ashensurge
14000207	Common	Common	Common	Summon: Ashensteed
14000208	Common	Common	Common	Summon: Ashenbrace
14000209	Common	Common	Common	Summon: Noble Ashenmare
14000210	Common	Common	Common	Summon: Crimsonmare
14000211	Common	Common	Common	Summon: Crimsonsurge
14000212	Common	Common	Common	Summon: Crimsonsteed
14000213	Common	Common	Common	Summon: Crimsonbrace
14000214	Common	Common	Common	Summon: Noble Crimsonmare
14000215	Common	Common	Common	Summon:Sushi Cat Black
14000216	Common	Common	Common	Summon:Sushi Cat Black
14000217	Common	Common	Common	Summon:Sushi Cat Black
14000218	Common	Common	Common	Summon:Sushi Cat Black
14000219	Common	Common	Common	Summon:Sushi Cat Black
14000220	Common	Common	Common	Summon:Sushi Cat Brown
14000221	Common	Common	Common	Summon:Sushi Cat Brown
14000222	Common	Common	Common	Summon:Sushi Cat Brown
14000223	Common	Common	Common	Summon:Sushi Cat Brown
14000224	Common	Common	Common	Summon:Sushi Cat Brown
14000225	Common	Common	Common	Summon:Sushi Cat Grey
14000226	Common	Common	Common	Summon:Sushi Cat Grey
14000227	Common	Common	Common	Summon:Sushi Cat Grey
14000228	Common	Common	Common	Summon:Sushi Cat Grey
14000229	Common	Common	Common	Summon:Sushi Cat Grey
14000230	Common	Common	Common	Summon: Malkin
14000231	Common	Common	Common	Summon: Grayspring
14000232	Common	Common	Common	Summon: Grayclaw
14000233	Common	Common	Common	Summon: Grayheart
14000234	Common	Common	Common	Summon: Noble Malkin
14000235	Common	Common	Common	Summon: Twilight Thoroughbred
14000236	Common	Common	Common	Summon: Mythical Twilight Thoroughbred
14000237	Common	Common	Common	Summon: Fabled Twilight Thoroughbred
14000238	Common	Common	Common	Summon: Legendary Twilight Thoroughbred
14000239	Common	Common	Common	Summon: Almighty Twilight Thoroughbred
14000240	Common	Common	Common	Summon: Nebulous Destrier
14000241	Common	Common	Common	Summon: Mythical Nebulous Destrier
14000242	Common	Common	Common	Summon: Fabled Nebulous Destrier
14000243	Common	Common	Common	Summon: Legendary Nebulous Destrier
14000244	Common	Common	Common	Summon: Almighty Nebulous Destrier
14000245	Common	Common	Common	Summon: Blood Moon Courser
14000246	Common	Common	Common	Summon: Mythical Blood Moon Courser
14000247	Common	Common	Common	Summon: Fabled Blood Moon Courser
14000248	Common	Common	Common	Summon: Legendary Blood Moon Courser
14000249	Common	Common	Common	Summon: Almighty Blood Moon Courser
14000250	Common	Common	Common	Summon: Hello Kitty Squealer
14000251	Common	Common	Common	Summon: Hello Kitty Snuffles
14000252	Common	Common	Common	Summon: Hello Kitty Wallers
14000253	Common	Common	Common	Summon: Hello Kitty Sweetums
14000254	Common	Common	Common	Summon: Hello Kitty Noble Squealer
14000258	Common	Common	Common	Summon: Blue Training Speedster
14000259	Common	Common	Common	Summon: Red Training Speedster
14000260	Common	Common	Common	Summon: Green Training Speedster
14000261	Common	Common	Common	Summon: Yellow Training Speedster
14000262	Common	Common	Common	Summon: Blue Racing Speedster
14000263	Common	Common	Common	Summon: Pink Racing Speedster
14000264	Common	Common	Common	Summon: Soft Yellow Racing Speedster
14000265	Common	Common	Common	Summon: Mint Green Racing Speedster
14000266	Common	Common	Common	Summon: Sea Blue Sportster
14000267	Common	Common	Common	Summon: Blood-Red Sportster
14000268	Common	Common	Common	Summon: Black Sportster
14000269	Common	Common	Common	Summon: Purple Sportster
14000270	Common	Common	Common	Summon: Frostlion
14000271	Common	Common	Common	Summon: Nightlion
14000272	Common	Common	Common	Summon: Smolder
14000273	Common	Common	Common	Summon: Vulcanmane
14000274	Common	Common	Common	Summon: Goldmane
14000275	Common	Common	Common	Summon: Silvermane
14000276	Common	Common	Common	Summon: White Pegasus
14000277	Common	Common	Common	Summon: Winged Charger
14000278	Common	Common	Common	Summon: Black Pegasus
14000279	Common	Common	Common	Summon: White Pegasus
14000280	Common	Common	Common	Summon: Winged Charger
14000281	Common	Common	Common	Summon: Black Pegasus
14000282	Common	Common	Common	Summon: Mythical Frostlion
14000283	Common	Common	Common	Summon: Fabled Frostlion
14000284	Common	Common	Common	Summon: Legendary Frostlion
14000285	Common	Common	Common	Summon: Mythical Nightlion
14000286	Common	Common	Common	Summon: Fabled Nightlion
14000287	Common	Common	Common	Summon: Legendary Nightlion
14000288	Common	Common	Common	Summon: Mythical Smolder
14000289	Common	Common	Common	Summon: Fabled Smolder
14000290	Common	Common	Common	Summon: Legendary Smolder
14000291	Common	Common	Common	Summon: Mythical Vulcanmane
14000292	Common	Common	Common	Summon: Fabled Vulcanmane
14000293	Common	Common	Common	Summon: Legendary Vulcanmane
14000294	Common	Common	Common	Summon: Mythical Goldmane
14000295	Common	Common	Common	Summon: Fabled Goldmane
14000296	Common	Common	Common	Summon: Legendary Goldmane
14000297	Common	Common	Common	Summon: Mythical Silvermane
14000298	Common	Common	Common	Summon: Fabled Silvermane
14000299	Common	Common	Common	Summon: Legendary Silvermane
14000300	Common	Common	Common	Summon: Mythical White Pegasus
14000301	Common	Common	Common	Summon: Fabled White Pegasus
14000302	Common	Common	Common	Summon: Legendary White Pegasus
14000303	Common	Common	Common	Summon: Mythical Winged Charger
14000304	Common	Common	Common	Summon: Fabled Winged Charger
14000305	Common	Common	Common	Summon: Legendary Winged Charger
14000306	Common	Common	Common	Summon: Mythical Black Pegasus
14000307	Common	Common	Common	Summon: Fabled Black Pegasus
14000308	Common	Common	Common	Summon: Legendary Black Pegasus
14000309	Common	Common	Common	Summon: Waddles
14000310	Common	Common	Common	Summon: Jaunty Waddles
14000311	Common	Common	Common	Summon: Frisky Waddles
14000312	Common	Common	Common	Summon: Dapper Waddles
14000313	Common	Common	Common	Summon: Harry Porker
14000314	Common	Common	Common	Summon: Jaunty Harry Porker
14000315	Common	Common	Common	Summon: Frisky Harry Porker
14000316	Common	Common	Common	Summon: Dapper Harry Porker
14000317	Common	Common	Common	Summon: Boss
14000318	Common	Common	Common	Summon: Jaunty Boss
14000319	Common	Common	Common	Summon: Frisky Boss
14000320	Common	Common	Common	Summon: Dapper Boss
14000321	Common	Common	Common	Summon: Petunia
14000322	Common	Common	Common	Summon: Jaunty Petunia
14000323	Common	Common	Common	Summon: Frisky Petunia
14000324	Common	Common	Common	Summon: Dapper Petunia
14000325	Common	Common	Common	Summon: Harley
14000326	Common	Common	Common	Summon: Jaunty Harley
14000327	Common	Common	Common	Summon: Frisky Harley
14000328	Common	Common	Common	Summon: Dapper Harley
14000329	Common	Common	Common	Summon: Rainbow Waddles
14000330	Common	Common	Common	Summon: Jaunty Rainbow Waddles
14000331	Common	Common	Common	Summon: Frisky Rainbow Waddles
14000332	Common	Common	Common	Summon: Dapper Rainbow Waddles
14000333	Common	Common	Common	Summon: Rainbow Porker
14000334	Common	Common	Common	Summon: Jaunty Rainbow Porker
14000335	Common	Common	Common	Summon: Frisky Rainbow Porker
14000336	Common	Common	Common	Summon: Dapper Rainbow Porker
14000337	Common	Common	Common	Summon: Rainbow Boss
14000338	Common	Common	Common	Summon: Jaunty Rainbow Boss
14000339	Common	Common	Common	Summon: Frisky Rainbow Boss
14000340	Common	Common	Common	Summon: Dapper Rainbow Boss
14000341	Common	Common	Common	Summon: Rainbow Petunia
14000342	Common	Common	Common	Summon: Jaunty Rainbow Petunia
14000343	Common	Common	Common	Summon: Frisky Rainbow Petunia
14000344	Common	Common	Common	Summon: Dapper Rainbow Petunia
14000345	Common	Common	Common	Summon: Rainbow Harley
14000346	Common	Common	Common	Summon: Jaunty Rainbow Harley
14000347	Common	Common	Common	Summon: Frisky Rainbow Harley
14000348	Common	Common	Common	Summon: Dapper Rainbow Harley
14000349	Common	Common	Common	Summon: Llara
14000350	Common	Common	Common	Summon: Jaunty Llara
14000351	Common	Common	Common	Summon: Frisky Llara
14000352	Common	Common	Common	Summon: Dapper Llara
14000353	Common	Common	Common	Summon: Llewellyn
14000354	Common	Common	Common	Summon: Jaunty Llewellyn
14000355	Common	Common	Common	Summon: Frisky Llewellyn
14000356	Common	Common	Common	Summon: Dapper Llewellyn
14000357	Common	Common	Common	Summon: Llyn
14000358	Common	Common	Common	Summon: Jaunty Llyn
14000359	Common	Common	Common	Summon: Frisky Llyn
14000360	Common	Common	Common	Summon: Dapper Llyn
14000361	Common	Common	Common	Summon: Lloyd
14000362	Common	Common	Common	Summon: Jaunty Lloyd
14000363	Common	Common	Common	Summon: Frisky Lloyd
14000364	Common	Common	Common	Summon: Dapper Lloyd
14100001	Common	Common	Common	Summon: Jadewing
14100002	Common	Common	Common	Summon: Jadewing
14100003	Common	Common	Common	Summon: Mythical Jadewing
14100004	Common	Common	Common	Summon: Mythical Jadewing
14100005	Common	Common	Common	Summon: Fabled Jadewing
14100006	Common	Common	Common	Summon: Fabled Jadewing
14100007	Common	Common	Common	Summon: Legendary Jadewing
14100008	Common	Common	Common	Summon: Legendary Jadewing
14100009	Common	Common	Common	Summon: Ebonwing
14100010	Common	Common	Common	Summon: Ebonwing
14100011	Common	Common	Common	Summon: Mythical Ebonwing
14100012	Common	Common	Common	Summon: Mythical Ebonwing
14100013	Common	Common	Common	Summon: Fabled Ebonwing
14100014	Common	Common	Common	Summon: Fabled Ebonwing
14100015	Common	Common	Common	Summon: Legendary Ebonwing
14100016	Common	Common	Common	Summon: Legendary Ebonwing
14100017	Common	Common	Common	Summon: Silverwing
14100018	Common	Common	Common	Summon: Silverwing
14100019	Common	Common	Common	Summon: Mythical Silverwing
14100020	Common	Common	Common	Summon: Mythical Silverwing
14100021	Common	Common	Common	Summon: Fabled Silverwing
14100022	Common	Common	Common	Summon: Fabled Silverwing
14100023	Common	Common	Common	Summon: Legendary Silverwing
14100024	Common	Common	Common	Summon: Legendary Silverwing
14100025	Common	Common	Common	Summon: Lupus Argentum
14100026	Common	Common	Common	Summon: Lupus Argentum
14100027	Common	Common	Common	Summon: Lupus Obscurus
14100028	Common	Common	Common	Summon: Lupus Obscurus
14100029	Common	Common	Common	Summon: Lupus Noctus
14100030	Common	Common	Common	Summon: Lupus Noctus
14100031	Common	Common	Common	Summon: Lupus Aeris
14100032	Common	Common	Common	Summon: Lupus Aeris
14100033	Common	Common	Common	Summon: Lupus Aeris
14100034	Common	Common	Common	Summon: Lupus Aurum
14100035	Common	Common	Common	Summon: Lupus Aurum
14100036	Common	Common	Common	Summon: Lupus Aurum
14100037	Common	Common	Common	Summon: Polar Bear
14100038	Common	Common	Common	Summon: Polar Bear
14100039	Common	Common	Common	Summon: Brave Polar Bear
14100040	Common	Common	Common	Summon: Brave Polar Bear
14100041	Common	Common	Common	Summon: Tough Polar Bear
14100042	Common	Common	Common	Summon: Tough Polar Bear
14100043	Common	Common	Common	Summon: Loyal Polar Bear
14100044	Common	Common	Common	Summon: Loyal Polar Bear
14100045	Common	Common	Common	Summon: Grizzly Bear
14100046	Common	Common	Common	Summon: Grizzly Bear
14100047	Common	Common	Common	Summon: Brave Grizzly Bear
14100048	Common	Common	Common	Summon: Brave Grizzly Bear
14100049	Common	Common	Common	Summon: Tough Grizzly Bear
14100050	Common	Common	Common	Summon: Tough Grizzly Bear
14100051	Common	Common	Common	Summon: Loyal Grizzly Bear
14100052	Common	Common	Common	Summon: Loyal Grizzly Bear
14100053	Common	Common	Common	Summon: Panda
14100054	Common	Common	Common	Summon: Panda
14100055	Common	Common	Common	Summon: Brave Panda
14100056	Common	Common	Common	Summon: Brave Panda
14100057	Common	Common	Common	Summon: Tough Panda
14100058	Common	Common	Common	Summon: Tough Panda
14100059	Common	Common	Common	Summon: Loyal Panda
14100060	Common	Common	Common	Summon: Loyal Panda
14100061	Common	Common	Common	Summon: Arctos
14100062	Common	Common	Common	Summon: Arctos
14100063	Common	Common	Common	Summon: Ursa
14100064	Common	Common	Common	Summon: Ursa
14100065	Common	Common	Common	Summon: Mei Mei
14100066	Common	Common	Common	Summon: Mei Mei
14100067	Common	Common	Common	Summon: Almighty Fyrewing
14100068	Common	Common	Common	Summon: Almighty Goldwing
14100069	Common	Common	Common	Summon: Almighty Jadewing
14100070	Common	Common	Common	Summon: Almighty Ebonwing
14100071	Common	Common	Common	Summon: Almighty Silverwing
14100072	Common	Common	Common	Summon: Almighty Frost Tail
14100073	Common	Common	Common	Summon: Almighty Ember Tail
14100074	Common	Common	Common	Summon: Mythical Gourmando
14100075	Common	Common	Common	Summon: Legendary Gourmando
14100076	Common	Common	Common	Summon: Fabled Munchhausen
14100077	Common	Common	Common	Summon: Legendary Munchhausen
14100078	Common	Common	Common	Summon: Eager Polar Bear
14100079	Common	Common	Common	Summon: Eager Grizzly Bear
14100080	Common	Common	Common	Summon: Eager Panda
14100081	Common	Common	Common	Summon: Sport GX800
14100082	Common	Common	Common	Summon: Sport GX800
14100083	Common	Common	Common	Summon: Tuned Sport GX800
14100084	Common	Common	Common	Summon: Tuned Sport GX800
14100085	Common	Common	Common	Summon: Polished Sport GX800
14100086	Common	Common	Common	Summon: Polished Sport GX800
14100087	Common	Common	Common	Summon: Gassed-Up Sport GX800
14100088	Common	Common	Common	Summon: Gassed-Up Sport GX800
14100089	Common	Common	Common	Summon: Sport SX800
14100090	Common	Common	Common	Summon: Sport SX800
14100091	Common	Common	Common	Summon: Tuned Sport SX800
14100092	Common	Common	Common	Summon: Tuned Sport SX800
14100093	Common	Common	Common	Summon: Polished Sport SX800
14100094	Common	Common	Common	Summon: Polished Sport SX800
14100095	Common	Common	Common	Summon: Gassed-Up Sport SX800
14100096	Common	Common	Common	Summon: Gassed-Up Sport SX800
14100097	Common	Common	Common	Summon: Sport RX800
14100098	Common	Common	Common	Summon: Sport RX800
14100099	Common	Common	Common	Summon: Tuned Sport RX800
14100100	Common	Common	Common	Summon: Tuned Sport RX800
14100101	Common	Common	Common	Summon: Polished Sport RX800
14100102	Common	Common	Common	Summon: Polished Sport RX800
14100103	Common	Common	Common	Summon: Gassed-Up Sport RX800
14100104	Common	Common	Common	Summon: Gassed-Up Sport RX800
14100105	Common	Common	Common	Summon: Sport GX800 Turbo
14100106	Common	Common	Common	Summon: Supercharged Police Car
14100107	Common	Common	Common	Summon: Terminus
14100108	Common	Common	Common	Summon: Terminus
14100109	Common	Common	Common	Summon: Mythical Terminus
14100110	Common	Common	Common	Summon: Mythical Terminus
14100111	Common	Common	Common	Summon: Fabled Terminus
14100112	Common	Common	Common	Summon: Fabled Terminus
14100113	Common	Common	Common	Summon: Legendary Terminus
14100114	Common	Common	Common	Summon: Legendary Terminus
14100115	Common	Common	Common	Summon: Super Sport Charger
14100116	Common	Common	Common	Summon: Super Sport Charger
14100117	Common	Common	Common	Summon: Super Sport Cruiser
14100118	Common	Common	Common	Summon: Super Sport Cruiser
14100119	Common	Common	Common	Summon: Super Sport Racer
14100120	Common	Common	Common	Summon: Super Sport Racer
14100121	Common	Common	Common	Jitterbug
14100122	Common	Common	Common	Jitterbug
14100123	Common	Common	Common	Mythical Jitterbug
14100124	Common	Common	Common	Mythical Jitterbug
14100125	Common	Common	Common	Fabled Jitterbug
14100126	Common	Common	Common	Fabled Jitterbug
14100127	Common	Common	Common	Legendary Jitterbug
14100128	Common	Common	Common	Legendary Jitterbug
14100129	Common	Common	Common	Almighty Jitterbug
14100130	Common	Common	Common	Almighty Jitterbug
14100131	Common	Common	Common	Humbug
14100132	Common	Common	Common	Humbug
14100133	Common	Common	Common	Mythical Humbug
14100134	Common	Common	Common	Mythical Humbug
14100135	Common	Common	Common	Fabled Humbug
14100136	Common	Common	Common	Fabled Humbug
14100137	Common	Common	Common	Legendary Humbug
14100138	Common	Common	Common	Legendary Humbug
14100139	Common	Common	Common	Almighty Humbug
14100140	Common	Common	Common	Almighty Humbug
14100141	Common	Common	Common	Litterbug
14100142	Common	Common	Common	Litterbug
14100143	Common	Common	Common	Mythical Litterbug
14100144	Common	Common	Common	Mythical Litterbug
14100145	Common	Common	Common	Fabled Litterbug
14100146	Common	Common	Common	Fabled Litterbug
14100147	Common	Common	Common	Legendary Litterbug
14100148	Common	Common	Common	Legendary Litterbug
14100149	Common	Common	Common	Almighty Litterbug
14100150	Common	Common	Common	Almighty Litterbug
14100151	Common	Common	Common	Summon: Moon
14100152	Common	Common	Common	Summon: Moon
14100153	Common	Common	Common	Summon: Moonglow
14100154	Common	Common	Common	Summon: Moonglow
14100155	Common	Common	Common	Summon: Moonclaw
14100156	Common	Common	Common	Summon: Moonclaw
14100157	Common	Common	Common	Summon: Moonheart
14100158	Common	Common	Common	Summon: Moonheart
14100159	Common	Common	Common	Summon: Moonlight
14100160	Common	Common	Common	Summon: Moonlight
14100161	Common	Common	Common	Summon: Timber
14100162	Common	Common	Common	Summon: Timber
14100163	Common	Common	Common	Summon: Timberspring
14100164	Common	Common	Common	Summon: Timberspring
14100165	Common	Common	Common	Summon: Timberclaw
14100166	Common	Common	Common	Summon: Timberclaw
14100167	Common	Common	Common	Summon: Timberheart
14100168	Common	Common	Common	Summon: Timberheart
14100169	Common	Common	Common	Summon: Timberfall
14100170	Common	Common	Common	Summon: Timberfall
14100171	Common	Common	Common	Summon: Friendship
14100172	Common	Common	Common	Summon: Friendship
14100173	Common	Common	Common	Summon: Friendshine
14100174	Common	Common	Common	Summon: Friendshine
14100175	Common	Common	Common	Summon: Friendstorm
14100176	Common	Common	Common	Summon: Friendstorm
14100177	Common	Common	Common	Summon: Friendheart
14100178	Common	Common	Common	Summon: Friendheart
14100179	Common	Common	Common	Summon: Noble Friendship
14100180	Common	Common	Common	Summon: Noble Friendship
14100181	Common	Common	Common	Summon: Obsidian Tail
14100182	Common	Common	Common	Summon: Obsidian Tail
14100183	Common	Common	Common	Summon: Mythical Obsidian Tail
14100184	Common	Common	Common	Summon: Mythical Obsidian Tail
14100185	Common	Common	Common	Summon: Fabled Obsidian Tail
14100186	Common	Common	Common	Summon: Fabled Obsidian Tail
14100187	Common	Common	Common	Summon: Legendary Obsidian Tail
14100188	Common	Common	Common	Summon: Legendary Obsidian Tail
14100189	Common	Common	Common	Summon: Almighty Obsidian Tail
14100190	Common	Common	Common	Summon: Almighty Obsidian Tail
14100191	Common	Common	Common	Summon: Emerald Tail
14100192	Common	Common	Common	Summon: Emerald Tail
14100193	Common	Common	Common	Summon: Mythical Emerald Tail
14100194	Common	Common	Common	Summon: Mythical Emerald Tail
14100195	Common	Common	Common	Summon: Fabled Emerald Tail
14100196	Common	Common	Common	Summon: Fabled Emerald Tail
14100197	Common	Common	Common	Summon: Legendary Emerald Tail
14100198	Common	Common	Common	Summon: Legendary Emerald Tail
14100199	Common	Common	Common	Summon: Almighty Emerald Tail
14100200	Common	Common	Common	Summon: Almighty Emerald Tail
14100201	Common	Common	Common	Summon: Pixie Dreams
14100202	Common	Common	Common	Summon: Pixie Dreams
14100203	Common	Common	Common	Summon: Mythical Pixie Dreams
14100204	Common	Common	Common	Summon: Mythical Pixie Dreams
14100205	Common	Common	Common	Summon: Fabled Pixie Dreams
14100206	Common	Common	Common	Summon: Fabled Pixie Dreams
14100207	Common	Common	Common	Summon: Legendary Pixie Dreams
14100208	Common	Common	Common	Summon: Legendary Pixie Dreams
14100209	Common	Common	Common	Summon: Almighty Pixie Dreams
14100210	Common	Common	Common	Summon: Almighty Pixie Dreams
14100211	Common	Common	Common	Summon: Midnight's Charger
14100212	Common	Common	Common	Summon: Midnight's Charger
14100213	Common	Common	Common	Summon: Mythical Midnight's Charger
14100214	Common	Common	Common	Summon: Mythical Midnight's Charger
14100215	Common	Common	Common	Summon: Fabled Midnight's Charger
14100216	Common	Common	Common	Summon: Fabled Midnight's Charger
14100217	Common	Common	Common	Summon: Legendary Midnight's Charger
14100218	Common	Common	Common	Summon: Legendary Midnight's Charger
14100219	Common	Common	Common	Summon: Almighty Midnight's Charger
14100220	Common	Common	Common	Summon: Almighty Midnight's Charger
14100221	Common	Common	Common	Summon: Spiritworld Steed
14100222	Common	Common	Common	Summon: Spiritworld Steed
14100223	Common	Common	Common	Summon: Mythical Spiritworld Steed
14100224	Common	Common	Common	Summon: Mythical Spiritworld Steed
14100225	Common	Common	Common	Summon: Fabled Spiritworld Steed
14100226	Common	Common	Common	Summon: Fabled Spiritworld Steed
14100227	Common	Common	Common	Summon: Legendary Spiritworld Steed
14100228	Common	Common	Common	Summon: Legendary Spiritworld Steed
14100229	Common	Common	Common	Summon: Almighty Spiritworld Steed
14100230	Common	Common	Common	Summon: Almighty Spiritworld Steed
14100231	Common	Common	Common	Summon: Maki Kitty
14100232	Common	Common	Common	Summon: Maki Kitty
14100233	Common	Common	Common	Summon: Frisky Maki Kitty
14100234	Common	Common	Common	Summon: Frisky Maki Kitty
14100235	Common	Common	Common	Summon: Jaunty Maki Kitty
14100236	Common	Common	Common	Summon: Jaunty Maki Kitty
14100237	Common	Common	Common	Summon: Dapper Maki Kitty
14100238	Common	Common	Common	Summon: Dapper Maki Kitty
14100239	Common	Common	Common	Summon: Almighty Maki Kitty
14100240	Common	Common	Common	Summon: Almighty Maki Kitty
14100241	Common	Common	Common	Summon: Nigiri Kitty
14100242	Common	Common	Common	Summon: Nigiri Kitty
14100243	Common	Common	Common	Summon: Frisky Nigiri Kitty
14100244	Common	Common	Common	Summon: Frisky Nigiri Kitty
14100245	Common	Common	Common	Summon: Jaunty Nigiri Kitty
14100246	Common	Common	Common	Summon: Jaunty Nigiri Kitty
14100247	Common	Common	Common	Summon: Dapper Nigiri Kitty
14100248	Common	Common	Common	Summon: Dapper Nigiri Kitty
14100249	Common	Common	Common	Summon: Almighty Nigiri Kitty
14100250	Common	Common	Common	Summon: Almighty Nigiri Kitty
14100296	Common	Common	Common	Sushi cat black
14100297	Common	Common	Common	Sushi cat black
14100298	Common	Common	Common	Sushi cat black
14100299	Common	Common	Common	Sushi cat black
14100300	Common	Common	Common	Sushi cat black
14100301	Common	Common	Common	Sushi cat black
14100302	Common	Common	Common	Sushi cat black
14100303	Common	Common	Common	Sushi cat black
14100304	Common	Common	Common	Sushi cat black
14100305	Common	Common	Common	Sushi cat black
14100306	Common	Common	Common	Sushi cat brown
14100307	Common	Common	Common	Sushi cat brown
14100308	Common	Common	Common	Sushi cat brown
14100309	Common	Common	Common	Sushi cat brown
14100310	Common	Common	Common	Sushi cat brown
14100311	Common	Common	Common	Sushi cat brown
14100312	Common	Common	Common	Sushi cat brown
14100313	Common	Common	Common	Sushi cat brown
14100314	Common	Common	Common	Sushi cat brown
14100315	Common	Common	Common	Sushi cat brown
14100321	Common	Common	Common	Summon: Black Kitty
14100322	Common	Common	Common	Summon: Black Kitty
14100323	Common	Common	Common	Summon: Frisky Black Kitty
14100324	Common	Common	Common	Summon: Frisky Black Kitty
14100325	Common	Common	Common	Summon: Jaunty Black Kitty
14100326	Common	Common	Common	Summon: Jaunty Black Kitty
14100327	Common	Common	Common	Summon: Dapper Black Kitty
14100328	Common	Common	Common	Summon: Dapper Black Kitty
14100329	Common	Common	Common	Summon: Almighty Black Kitty
14100330	Common	Common	Common	Summon: Almighty Black Kitty
14100331	Common	Common	Common	Summon: Brown Kitty
14100332	Common	Common	Common	Summon: Brown Kitty
14100333	Common	Common	Common	Summon: Frisky Brown Kitty
14100334	Common	Common	Common	Summon: Frisky Brown Kitty
14100335	Common	Common	Common	Summon: Jaunty Brown Kitty
14100336	Common	Common	Common	Summon: Jaunty Brown Kitty
14100337	Common	Common	Common	Summon: Dapper Brown Kitty
14100338	Common	Common	Common	Summon: Dapper Brown Kitty
14100339	Common	Common	Common	Summon: Almighty Brown Kitty
14100340	Common	Common	Common	Summon: Almighty Brown Kitty
14100341	Common	Common	Common	Summon: Gray Kitty
14100342	Common	Common	Common	Summon: Gray Kitty
14100343	Common	Common	Common	Summon: Frisky Gray Kitty
14100344	Common	Common	Common	Summon: Frisky Gray Kitty
14100345	Common	Common	Common	Summon: Jaunty Gray Kitty
14100346	Common	Common	Common	Summon: Jaunty Gray Kitty
14100347	Common	Common	Common	Summon: Dapper Gray Kitty
14100348	Common	Common	Common	Summon: Dapper Gray Kitty
14100349	Common	Common	Common	Summon: Almighty Gray Kitty
14100350	Common	Common	Common	Summon: Almighty Gray Kitty
14100351	Common	Common	Common	Summon: Oshi Kitty
14100352	Common	Common	Common	Summon: Oshi Kitty
14100353	Common	Common	Common	Summon: Frisky Oshi Kitty
14100354	Common	Common	Common	Summon: Frisky Oshi Kitty
14100355	Common	Common	Common	Summon: Jaunty Oshi Kitty
14100356	Common	Common	Common	Summon: Jaunty Oshi Kitty
14100357	Common	Common	Common	Summon: Dapper Oshi Kitty
14100358	Common	Common	Common	Summon: Dapper Oshi Kitty
14100359	Common	Common	Common	Summon: Almighty Oshi Kitty
14100360	Common	Common	Common	Summon: Almighty Oshi Kitty
14100361	Common	Common	Common	Summon: Tempermare
14100362	Common	Common	Common	Summon: Tempermare
14100363	Common	Common	Common	Summon: Tempersurge
14100364	Common	Common	Common	Summon: Tempersurge
14100365	Common	Common	Common	Summon: Tempersteed
14100366	Common	Common	Common	Summon: Tempersteed
14100367	Common	Common	Common	Summon: Temperbrace
14100368	Common	Common	Common	Summon: Temperbrace
14100369	Common	Common	Common	Summon: Noble Tempermare
14100370	Common	Common	Common	Summon: Noble Tempermare
14100371	Common	Common	Common	Summon: Goldenmare
14100372	Common	Common	Common	Summon: Goldenmare
14100373	Common	Common	Common	Summon: Goldensurge
14100374	Common	Common	Common	Summon: Goldensurge
14100375	Common	Common	Common	Summon: Goldensteed
14100376	Common	Common	Common	Summon: Goldensteed
14100377	Common	Common	Common	Summon: Goldenbrace
14100378	Common	Common	Common	Summon: Goldenbrace
14100379	Common	Common	Common	Summon: Noble Goldenmare
14100380	Common	Common	Common	Summon: Noble Goldenmare
14100381	Common	Common	Common	Summon: Shadowmare
14100382	Common	Common	Common	Summon: Shadowmare
14100383	Common	Common	Common	Summon: Shadowsurge
14100384	Common	Common	Common	Summon: Shadowsurge
14100385	Common	Common	Common	Summon: Shadowsteed
14100386	Common	Common	Common	Summon: Shadowsteed
14100387	Common	Common	Common	Summon: Shadowbrace
14100388	Common	Common	Common	Summon: Shadowbrace
14100389	Common	Common	Common	Summon: Noble Shadowmare
14100390	Common	Common	Common	Summon: Noble Shadowmare
14100391	Common	Common	Common	Summon: Ashenmare
14100392	Common	Common	Common	Summon: Ashenmare
14100393	Common	Common	Common	Summon: Ashensurge
14100394	Common	Common	Common	Summon: Ashensurge
14100395	Common	Common	Common	Summon: Ashensteed
14100396	Common	Common	Common	Summon: Ashensteed
14100397	Common	Common	Common	Summon: Ashenbrace
14100398	Common	Common	Common	Summon: Ashenbrace
14100399	Common	Common	Common	Summon: Noble Ashenmare
14100400	Common	Common	Common	Summon: Noble Ashenmare
14100401	Common	Common	Common	Summon: Crimsonmare
14100402	Common	Common	Common	Summon: Crimsonmare
14100403	Common	Common	Common	Summon: Crimsonsurge
14100404	Common	Common	Common	Summon: Crimsonsurge
14100405	Common	Common	Common	Summon: Crimsonsteed
14100406	Common	Common	Common	Summon: Crimsonsteed
14100407	Common	Common	Common	Summon: Crimsonbrace
14100408	Common	Common	Common	Summon: Crimsonbrace
14100409	Common	Common	Common	Summon: Noble Crimsonmare
14100410	Common	Common	Common	Summon: Noble Crimsonmare
14100411	Common	Common	Common	Summon:Sushi Cat Black
14100412	Common	Common	Common	Summon:Sushi Cat Black
14100413	Common	Common	Common	Summon:Sushi Cat Black
14100414	Common	Common	Common	Summon:Sushi Cat Black
14100415	Common	Common	Common	Summon:Sushi Cat Black
14100416	Common	Common	Common	Summon:Sushi Cat Black
14100417	Common	Common	Common	Summon:Sushi Cat Black
14100418	Common	Common	Common	Summon:Sushi Cat Black
14100419	Common	Common	Common	Summon:Sushi Cat Black
14100420	Common	Common	Common	Summon:Sushi Cat Black
14100421	Common	Common	Common	Summon:Sushi Cat Brown
14100422	Common	Common	Common	Summon:Sushi Cat Brown
14100423	Common	Common	Common	Summon:Sushi Cat Brown
14100424	Common	Common	Common	Summon:Sushi Cat Brown
14100425	Common	Common	Common	Summon:Sushi Cat Brown
14100426	Common	Common	Common	Summon:Sushi Cat Brown
14100427	Common	Common	Common	Summon:Sushi Cat Brown
14100428	Common	Common	Common	Summon:Sushi Cat Brown
14100429	Common	Common	Common	Summon:Sushi Cat Brown
14100430	Common	Common	Common	Summon:Sushi Cat Brown
14100431	Common	Common	Common	Summon:Sushi Cat Grey
14100432	Common	Common	Common	Summon:Sushi Cat Grey
14100433	Common	Common	Common	Summon:Sushi Cat Grey
14100434	Common	Common	Common	Summon:Sushi Cat Grey
14100435	Common	Common	Common	Summon:Sushi Cat Grey
14100436	Common	Common	Common	Summon:Sushi Cat Grey
14100437	Common	Common	Common	Summon:Sushi Cat Grey
14100438	Common	Common	Common	Summon:Sushi Cat Grey
14100439	Common	Common	Common	Summon:Sushi Cat Grey
14100440	Common	Common	Common	Summon:Sushi Cat Grey
14100441	Common	Common	Common	Summon: Malkin
14100442	Common	Common	Common	Summon: Malkin
14100443	Common	Common	Common	Summon: Grayspring
14100444	Common	Common	Common	Summon: Grayspring
14100445	Common	Common	Common	Summon: Grayclaw
14100446	Common	Common	Common	Summon: Grayclaw
14100447	Common	Common	Common	Summon: Grayheart
14100448	Common	Common	Common	Summon: Summon: Grayheart
14100449	Common	Common	Common	Summon: Noble Malkin
14100450	Common	Common	Common	Summon: Noble Malkin
14100451	Common	Common	Common	Summon: Twilight Thoroughbred
14100452	Common	Common	Common	Summon: Twilight Thoroughbred
14100453	Common	Common	Common	Summon: Mythical Twilight Thoroughbred
14100454	Common	Common	Common	Summon: Mythical Twilight Thoroughbred
14100455	Common	Common	Common	Summon: Fabled Twilight Thoroughbred
14100456	Common	Common	Common	Summon: Fabled Twilight Thoroughbred
14100457	Common	Common	Common	Summon: Legendary Twilight Thoroughbred
14100458	Common	Common	Common	Summon: Legendary Twilight Thoroughbred
14100459	Common	Common	Common	Summon: Almighty Twilight Thoroughbred
14100460	Common	Common	Common	Summon: Almighty Twilight Thoroughbred
14100461	Common	Common	Common	Summon: Nebulous Destrier
14100462	Common	Common	Common	Summon: Nebulous Destrier
14100463	Common	Common	Common	Summon: Mythical Nebulous Destrier
14100464	Common	Common	Common	Summon: Mythical Nebulous Destrier
14100465	Common	Common	Common	Summon: Fabled Nebulous Destrier
14100466	Common	Common	Common	Summon: Fabled Nebulous Destrier
14100467	Common	Common	Common	Summon: Legendary Nebulous Destrier
14100468	Common	Common	Common	Summon: Legendary Nebulous Destrier
14100469	Common	Common	Common	Summon: Almighty Nebulous Destrier
14100470	Common	Common	Common	Summon: Almighty Nebulous Destrier
14100471	Common	Common	Common	Summon: Blood Moon Courser
14100472	Common	Common	Common	Summon: Blood Moon Courser
14100473	Common	Common	Common	Summon: Mythical Blood Moon Courser
14100474	Common	Common	Common	Summon: Mythical Blood Moon Courser
14100475	Common	Common	Common	Summon: Fabled Blood Moon Courser
14100476	Common	Common	Common	Summon: Fabled Blood Moon Courser
14100477	Common	Common	Common	Summon: Legendary Blood Moon Courser
14100478	Common	Common	Common	Summon: Legendary Blood Moon Courser
14100479	Common	Common	Common	Summon: Almighty Blood Moon Courser
14100480	Common	Common	Common	Summon: Almighty Blood Moon Courser
14100481	Common	Common	Common	Summon: Hello Kitty Squealer
14100482	Common	Common	Common	Summon: Hello Kitty Snuffles
14100483	Common	Common	Common	Summon: Hello Kitty Wallers
14100484	Common	Common	Common	Summon: Hello Kitty Sweetums
14100485	Common	Common	Common	Summon: Hello Kitty Noble Squealer
14100489	Common	Common	Common	Summon: Blue Training Speedster
14100490	Common	Common	Common	Summon: Red Training Speedster
14100491	Common	Common	Common	Summon: Green Training Speedster
14100492	Common	Common	Common	Summon: Yellow Training Speedster
14100493	Common	Common	Common	Summon: Blue Racing Speedster
14100494	Common	Common	Common	Summon: Pink Racing Speedster
14100495	Common	Common	Common	Summon: Soft Yellow Racing Speedster
14100496	Common	Common	Common	Summon: Mint Green Racing Speedster
14100497	Common	Common	Common	Summon: Sea Blue Sportster
14100498	Common	Common	Common	Summon: Blood-Red Sportster
14100499	Common	Common	Common	Summon: Black Sportster
14100500	Common	Common	Common	Summon: Purple Sportster
14100501	Common	Common	Common	Summon: Frostlion
14100502	Common	Common	Common	Summon: Frostlion
14100503	Common	Common	Common	Summon: Nightlion
14100504	Common	Common	Common	Summon: Nightlion
14100505	Common	Common	Common	Summon: Smolder
14100506	Common	Common	Common	Summon: Smolder
14100507	Common	Common	Common	Summon: Vulcanmane
14100508	Common	Common	Common	Summon: Vulcanmane
14100509	Common	Common	Common	Summon: Goldmane
14100510	Common	Common	Common	Summon: Goldmane
14100511	Common	Common	Common	Summon: Silvermane
14100512	Common	Common	Common	Summon: Silvermane
14100513	Common	Common	Common	Summon: White Pegasus
14100514	Common	Common	Common	Summon: Winged Charger
14100515	Common	Common	Common	Summon: Black Pegasus
14100516	Common	Common	Common	Summon: White Pegasus
14100517	Common	Common	Common	Summon: White Pegasus
14100518	Common	Common	Common	Summon: Winged Charger
14100519	Common	Common	Common	Summon: Winged Charger
14100520	Common	Common	Common	Summon: Black Pegasus
14100521	Common	Common	Common	Summon: Black Pegasus
14100522	Common	Common	Common	Summon: Mythical Frostlion
14100523	Common	Common	Common	Summon: Fabled Frostlion
14100524	Common	Common	Common	Summon: Legendary Frostlion
14100525	Common	Common	Common	Summon: Mythical Nightlion
14100526	Common	Common	Common	Summon: Fabled Nightlion
14100527	Common	Common	Common	Summon: Legendary Nightlion
14100528	Common	Common	Common	Summon: Mythical Smolder
14100529	Common	Common	Common	Summon: Fabled Smolder
14100530	Common	Common	Common	Summon: Legendary Smolder
14100531	Common	Common	Common	Summon: Mythical Vulcanmane
14100532	Common	Common	Common	Summon: Fabled Vulcanmane
14100533	Common	Common	Common	Summon: Legendary Vulcanmane
14100534	Common	Common	Common	Summon: Mythical Goldmane
14100535	Common	Common	Common	Summon: Fabled Goldmane
14100536	Common	Common	Common	Summon: Legendary Goldmane
14100537	Common	Common	Common	Summon: Mythical Silvermane
14100538	Common	Common	Common	Summon: Fabled Silvermane
14100539	Common	Common	Common	Summon: Legendary Silvermane
14100540	Common	Common	Common	Summon: Mythical White Pegasus
14100541	Common	Common	Common	Summon: Fabled White Pegasus
14100542	Common	Common	Common	Summon: Legendary White Pegasus
14100543	Common	Common	Common	Summon: Mythical Winged Charger
14100544	Common	Common	Common	Summon: Fabled Winged Charger
14100545	Common	Common	Common	Summon: Legendary Winged Charger
14100546	Common	Common	Common	Summon: Mythical Black Pegasus
14100547	Common	Common	Common	Summon: Fabled Black Pegasus
14100548	Common	Common	Common	Summon: Legendary Black Pegasus
14100549	Common	Common	Common	Summon: Waddles
14100550	Common	Common	Common	Summon: Jaunty Waddles
14100551	Common	Common	Common	Summon: Frisky Waddles
14100552	Common	Common	Common	Summon: Dapper Waddles
14100553	Common	Common	Common	Summon: Harry Porker
14100554	Common	Common	Common	Summon: Jaunty Harry Porker
14100555	Common	Common	Common	Summon: Frisky Harry Porker
14100556	Common	Common	Common	Summon: Dapper Harry Porker
14100557	Common	Common	Common	Summon: Boss
14100558	Common	Common	Common	Summon: Jaunty Boss
14100559	Common	Common	Common	Summon: Frisky Boss
14100560	Common	Common	Common	Summon: Dapper Boss
14100561	Common	Common	Common	Summon: Petunia
14100562	Common	Common	Common	Summon: Jaunty Petunia
14100563	Common	Common	Common	Summon: Frisky Petunia
14100564	Common	Common	Common	Summon: Dapper Petunia
14100565	Common	Common	Common	Summon: Harley
14100566	Common	Common	Common	Summon: Jaunty Harley
14100567	Common	Common	Common	Summon: Frisky Harley
14100568	Common	Common	Common	Summon: Dapper Harley
14100569	Common	Common	Common	Summon: Rainbow Waddles
14100570	Common	Common	Common	Summon: Jaunty Rainbow Waddles
14100571	Common	Common	Common	Summon: Frisky Rainbow Waddles
14100572	Common	Common	Common	Summon: Dapper Rainbow Waddles
14100573	Common	Common	Common	Summon: Rainbow Porker
14100574	Common	Common	Common	Summon: Jaunty Rainbow Porker
14100575	Common	Common	Common	Summon: Frisky Rainbow Porker
14100576	Common	Common	Common	Summon: Dapper Rainbow Porker
14100577	Common	Common	Common	Summon: Rainbow Boss
14100578	Common	Common	Common	Summon: Jaunty Rainbow Boss
14100579	Common	Common	Common	Summon: Frisky Rainbow Boss
14100580	Common	Common	Common	Summon: Dapper Rainbow Boss
14100581	Common	Common	Common	Summon: Rainbow Petunia
14100582	Common	Common	Common	Summon: Jaunty Rainbow Petunia
14100583	Common	Common	Common	Summon: Frisky Rainbow Petunia
14100584	Common	Common	Common	Summon: Dapper Rainbow Petunia
14100585	Common	Common	Common	Summon: Rainbow Harley
14100586	Common	Common	Common	Summon: Jaunty Rainbow Harley
14100587	Common	Common	Common	Summon: Frisky Rainbow Harley
14100588	Common	Common	Common	Summon: Dapper Rainbow Harley
14100594	Common	Common	Common	Summon: Llara
14100595	Common	Common	Common	Summon: Jaunty Llara
14100596	Common	Common	Common	Summon: Frisky Llara
14100597	Common	Common	Common	Summon: Dapper Llara
14100598	Common	Common	Common	Summon: Llewellyn
14100599	Common	Common	Common	Summon: Jaunty Llewellyn
14100600	Common	Common	Common	Summon: Frisky Llewellyn
14100601	Common	Common	Common	Summon: Dapper Llewellyn
14100602	Common	Common	Common	Summon: Llyn
14100603	Common	Common	Common	Summon: Jaunty Llyn
14100604	Common	Common	Common	Summon: Frisky Llyn
14100605	Common	Common	Common	Summon: Dapper Llyn
14100606	Common	Common	Common	Summon: Lloyd
14100607	Common	Common	Common	Summon: Jaunty Lloyd
14100608	Common	Common	Common	Summon: Frisky Lloyd
14100609	Common	Common	Common	Summon: Dapper Lloyd
14100610	Common	Common	Common	Flight: Mighty Armored Dragon
14100611	Common	Common	Common	Flight: Mighty Fire Dragon
14100612	Common	Common	Common	Flight: Mighty Spirit Dragon
14100613	Common	Common	Common	Flight: Mighty Diamond Dragon
14100614	Common	Common	Common	Flight: Ancient Mighty Armored Dragon
14100615	Common	Common	Common	Flight: Ancient Mighty Fire Dragon
14100616	Common	Common	Common	Flight: Ancient Mighty Spirit Dragon
14100617	Common	Common	Common	Flight: Ancient Mighty Diamond Dragon
14100618	Common	Common	Common	Flight: Armored Dragon
14100619	Common	Common	Common	Flight: Fire Dragon
14100620	Common	Common	Common	Flight: Spirit Dragon
14100621	Common	Common	Common	Flight: Diamond Dragon
14100622	Common	Common	Common	Flight: Ancient Armored Dragon
14100623	Common	Common	Common	Flight: Ancient Fire Dragon
14100624	Common	Common	Common	Flight: Ancient Spirit Dragon
14100625	Common	Common	Common	Flight: Ancient Diamond Dragon
14100626	Common	Common	Common	Summon: Modded Elin Spyder
14100627	Common	Common	Common	Summon: Elin Spyder
14100628	Common	Common	Common	Summon: Lupus Animus
14100629	Common	Common	Common	Summon: Almighty Etherwing
14100630	Common	Common	Common	Summon: Almighty Spectral Tail
14100631	Common	Common	Common	Summon: Lupus Animus
14100632	Common	Common	Common	Summon: Almighty Etherwing
14100633	Common	Common	Common	Summon: Almighty Spectral Tail
14100635	Common	Common	Common	Summon: Battle Ready Bengal Tiger
14100636	Common	Common	Common	Flight: Nightlion
14100637	Common	Common	Common	Summon: Swift Tawny Huntress
14100638	Common	Common	Common	Summon: Legendary Bloom Tail
14100639	Common	Common	Common	Summon: Spectral Tail
14100640	Common	Common	Common	Summon: Razormane
14100641	Common	Common	Common	Flight: Bone Wyvern
14100642	Common	Common	Common	Flight: Abyssal Wyvern
14100643	Common	Common	Common	Flight: Solarian Wyvern
14100644	Common	Common	Common	Summon: Wintera Christmas Kumas
14100645	Common	Common	Common	Summon: Wintera Snowbite
14100646	Common	Common	Common	Summon: Dapper Llewellyn
14300016	Common	Common	Common	Darkan's Wings
122002	Common	Common	Common	
122003	Common	Common	Common	
122012	Common	Common	Common	
122013	Common	Common	Common	
122014	Common	Common	Common	
122015	Common	Common	Common	
122027	Common	Common	Common	
122030	Common	Common	Common	
122031	Common	Common	Common	
122032	Common	Common	Common	
122033	Common	Common	Common	
122034	Common	Common	Common	
122035	Common	Common	Common	
122036	Common	Common	Common	
122037	Common	Common	Common	
122038	Common	Common	Common	
122039	Common	Common	Common	
122040	Common	Common	Common	
122041	Common	Common	Common	
122042	Common	Common	Common	
122043	Common	Common	Common	
122044	Common	Common	Common	
122045	Common	Common	Common	
122046	Common	Common	Common	
122047	Common	Common	Common	
122048	Common	Common	Common	
122049	Common	Common	Common	
122050	Common	Common	Common	
122051	Common	Common	Common	
122052	Common	Common	Common	
122053	Common	Common	Common	
122054	Common	Common	Common	
122055	Common	Common	Common	
122056	Common	Common	Common	
122057	Common	Common	Common	
122058	Common	Common	Common	
122059	Common	Common	Common	
122060	Common	Common	Common	
122061	Common	Common	Common	
122062	Common	Common	Common	
122063	Common	Common	Common	
122064	Common	Common	Common	
122065	Common	Common	Common	
122066	Common	Common	Common	
122067	Common	Common	Common	
122068	Common	Common	Common	
122069	Common	Common	Common	
122070	Common	Common	Common	
122071	Common	Common	Common	
122072	Common	Common	Common	
122073	Common	Common	Common	
122074	Common	Common	Common	
122075	Common	Common	Common	
122076	Common	Common	Common	
122077	Common	Common	Common	
122078	Common	Common	Common	
122079	Common	Common	Common	
122080	Common	Common	Common	
122081	Common	Common	Common	
122082	Common	Common	Common	
122083	Common	Common	Common	
122084	Common	Common	Common	
122085	Common	Common	Common	
122086	Common	Common	Common	
122087	Common	Common	Common	
122088	Common	Common	Common	
122089	Common	Common	Common	
122095	Common	Common	Common	
122096	Common	Common	Common	
122097	Common	Common	Common	
122098	Common	Common	Common	
122099	Common	Common	Common	
122100	Common	Common	Common	
122101	Common	Common	Common	
122102	Common	Common	Common	
122103	Common	Common	Common	
122104	Common	Common	Common	
122105	Common	Common	Common	
122106	Common	Common	Common	
122107	Common	Common	Common	
122108	Common	Common	Common	
122109	Common	Common	Common	
122110	Common	Common	Common	
122111	Common	Common	Common	
122112	Common	Common	Common	
122113	Common	Common	Common	
122114	Common	Common	Common	
122115	Common	Common	Common	
122116	Common	Common	Common	
122117	Common	Common	Common	
122118	Common	Common	Common	
122119	Common	Common	Common	
122120	Common	Common	Common	
122121	Common	Common	Common	
122122	Common	Common	Common	
122123	Common	Common	Common	
122124	Common	Common	Common	
122125	Common	Common	Common	
122126	Common	Common	Common	
122127	Common	Common	Common	
122128	Common	Common	Common	
122129	Common	Common	Common	
122130	Common	Common	Common	
122131	Common	Common	Common	
122132	Common	Common	Common	
122133	Common	Common	Common	
122134	Common	Common	Common	
122135	Common	Common	Common	
122136	Common	Common	Common	
122137	Common	Common	Common	
122138	Common	Common	Common	
122139	Common	Common	Common	
122140	Common	Common	Common	
122141	Common	Common	Common	
122142	Common	Common	Common	
122143	Common	Common	Common	
122144	Common	Common	Common	
122145	Common	Common	Common	
122146	Common	Common	Common	
122147	Common	Common	Common	
122148	Common	Common	Common	
122149	Common	Common	Common	
122150	Common	Common	Common	
122151	Common	Common	Common	
122152	Common	Common	Common	
122153	Common	Common	Common	
122154	Common	Common	Common	
122155	Common	Common	Common	
122156	Common	Common	Common	
122157	Common	Common	Common	
122158	Common	Common	Common	
122159	Common	Common	Common	
122160	Common	Common	Common	
122161	Common	Common	Common	
122162	Common	Common	Common	
122163	Common	Common	Common	
122164	Common	Common	Common	
122165	Common	Common	Common	
122166	Common	Common	Common	
122167	Common	Common	Common	
122168	Common	Common	Common	
122169	Common	Common	Common	
122170	Common	Common	Common	
122171	Common	Common	Common	
122172	Common	Common	Common	
122173	Common	Common	Common	
122174	Common	Common	Common	
122175	Common	Common	Common	
122176	Common	Common	Common	
122177	Common	Common	Common	
122178	Common	Common	Common	
122179	Common	Common	Common	
122180	Common	Common	Common	
122181	Common	Common	Common	
122182	Common	Common	Common	
122183	Common	Common	Common	
122184	Common	Common	Common	
122185	Common	Common	Common	
122186	Common	Common	Common	
122187	Common	Common	Common	
122188	Common	Common	Common	
122189	Common	Common	Common	
122190	Common	Common	Common	
122191	Common	Common	Common	
122192	Common	Common	Common	
122193	Common	Common	Common	
122194	Common	Common	Common	
122195	Common	Common	Common	
122196	Common	Common	Common	
122197	Common	Common	Common	
122198	Common	Common	Common	
122199	Common	Common	Common	
122200	Common	Common	Common	
122201	Common	Common	Common	
122202	Common	Common	Common	
122203	Common	Common	Common	
122204	Common	Common	Common	
122205	Common	Common	Common	
122206	Common	Common	Common	
122207	Common	Common	Common	
122208	Common	Common	Common	
122209	Common	Common	Common	
122210	Common	Common	Common	
122211	Common	Common	Common	
122212	Common	Common	Common	
122213	Common	Common	Common	
122214	Common	Common	Common	
122215	Common	Common	Common	
122216	Common	Common	Common	
122217	Common	Common	Common	
122218	Common	Common	Common	
122219	Common	Common	Common	
122220	Common	Common	Common	
122221	Common	Common	Common	
122222	Common	Common	Common	
122223	Common	Common	Common	
122224	Common	Common	Common	
122225	Common	Common	Common	
122226	Common	Common	Common	
122227	Common	Common	Common	
122228	Common	Common	Common	
122229	Common	Common	Common	
122230	Common	Common	Common	
122231	Common	Common	Common	
122232	Common	Common	Common	
122233	Common	Common	Common	
122234	Common	Common	Common	
122235	Common	Common	Common	
122236	Common	Common	Common	
122237	Common	Common	Common	
122238	Common	Common	Common	
122239	Common	Common	Common	
122240	Common	Common	Common	
122241	Common	Common	Common	
122242	Common	Common	Common	
122243	Common	Common	Common	
122244	Common	Common	Common	
122245	Common	Common	Common	
122246	Common	Common	Common	
122247	Common	Common	Common	
122248	Common	Common	Common	
3366000	Common	Common	Common	
3366001	Common	Common	Common	
3366026	Common	Common	Common	
3366027	Common	Common	Common	
3366028	Common	Common	Common	
3366029	Common	Common	Common	
3366033	Common	Common	Common	
3366034	Common	Common	Common	
3366035	Common	Common	Common	
3366036	Common	Common	Common	
3366037	Common	Common	Common	
3366038	Common	Common	Common	
16000001	Common	Common	Common	
16000002	Common	Common	Common	
16000003	Common	Common	Common	
16000004	Common	Common	Common	
16000005	Common	Common	Common	
16000006	Common	Common	Common	
16000007	Common	Common	Common	
16000008	Common	Common	Common	
16000009	Common	Common	Common	
16000010	Common	Common	Common	
16000011	Common	Common	Common	
16000012	Common	Common	Common	
16000013	Common	Common	Common	
16000014	Common	Common	Common	
16000015	Common	Common	Common	
16000016	Common	Common	Common	
16000017	Common	Common	Common	
16000018	Common	Common	Common	
16000019	Common	Common	Common	
16000020	Common	Common	Common	
16000021	Common	Common	Common	
16000022	Common	Common	Common	
16000023	Common	Common	Common	
16000024	Common	Common	Common	
16000025	Common	Common	Common	
16000026	Common	Common	Common	
16000027	Common	Common	Common	
16000028	Common	Common	Common	
16000029	Common	Common	Common	
16000030	Common	Common	Common	
16000031	Common	Common	Common	
16000032	Common	Common	Common	
16000033	Common	Common	Common	
16000034	Common	Common	Common	
16000035	Common	Common	Common	
16000036	Common	Common	Common	
16000037	Common	Common	Common	
16000038	Common	Common	Common	
16000039	Common	Common	Common	
16000040	Common	Common	Common	
16000041	Common	Common	Common	
16000042	Common	Common	Common	
16000043	Common	Common	Common	
16000044	Common	Common	Common	
16000045	Common	Common	Common	
16000046	Common	Common	Common	
16000047	Common	Common	Common	
16000048	Common	Common	Common	
16000049	Common	Common	Common	
16000050	Common	Common	Common	
16000051	Common	Common	Common	
16000052	Common	Common	Common	
16000053	Common	Common	Common	
16000054	Common	Common	Common	
16000055	Common	Common	Common	
16000056	Common	Common	Common	
16000057	Common	Common	Common	
16000058	Common	Common	Common	
16000059	Common	Common	Common	
16000060	Common	Common	Common	
16000061	Common	Common	Common	
16000062	Common	Common	Common	
16000063	Common	Common	Common	
16000064	Common	Common	Common	
16000065	Common	Common	Common	
16000066	Common	Common	Common	
16000067	Common	Common	Common	
16000068	Common	Common	Common	
16000069	Common	Common	Common	
16000070	Common	Common	Common	
16000071	Common	Common	Common	
16000072	Common	Common	Common	
16000073	Common	Common	Common	
16000074	Common	Common	Common	
16000075	Common	Common	Common	
16000076	Common	Common	Common	
16000077	Common	Common	Common	
16000078	Common	Common	Common	
16000079	Common	Common	Common	
16000080	Common	Common	Common	
16000081	Common	Common	Common	
16000082	Common	Common	Common	
16000083	Common	Common	Common	
16000084	Common	Common	Common	
16000085	Common	Common	Common	
16000086	Common	Common	Common	
16000089	Common	Common	Common	
16000090	Common	Common	Common	
16000091	Common	Common	Common	
16000092	Common	Common	Common	
16000093	Common	Common	Common	
16000094	Common	Common	Common	
16000095	Common	Common	Common	
16000096	Common	Common	Common	
16000097	Common	Common	Common	
16000098	Common	Common	Common	
16000099	Common	Common	Common	
16000100	Common	Common	Common	
16000101	Common	Common	Common	
16000102	Common	Common	Common	
16000103	Common	Common	Common	
16000104	Common	Common	Common	
16000105	Common	Common	Common	
16000106	Common	Common	Common	
16000107	Common	Common	Common	
16000108	Common	Common	Common	
16000109	Common	Common	Common	
16000110	Common	Common	Common	
16000111	Common	Common	Common	
16000112	Common	Common	Common	
16000113	Common	Common	Common	
16000114	Common	Common	Common	
16000115	Common	Common	Common	
16000116	Common	Common	Common	
16000117	Common	Common	Common	
16000118	Common	Common	Common	
16000119	Common	Common	Common	
16000120	Common	Common	Common	
16000121	Common	Common	Common	
16000122	Common	Common	Common	
16000123	Common	Common	Common	
16000124	Common	Common	Common	
16000125	Common	Common	Common	
16000126	Common	Common	Common	
16000127	Common	Common	Common	
16000128	Common	Common	Common	
16000129	Common	Common	Common	
16000130	Common	Common	Common	
16000136	Common	Common	Common	
16000137	Common	Common	Common	
16000138	Common	Common	Common	
16000139	Common	Common	Common	
16000140	Common	Common	Common	
16000141	Common	Common	Common	
16000142	Common	Common	Common	
16000143	Common	Common	Common	
16000144	Common	Common	Common	
16000145	Common	Common	Common	
16000146	Common	Common	Common	
16000147	Common	Common	Common	
16000148	Common	Common	Common	
16000149	Common	Common	Common	
16000150	Common	Common	Common	
16000151	Common	Common	Common	
16000152	Common	Common	Common	
16000153	Common	Common	Common	
16000154	Common	Common	Common	
16000155	Common	Common	Common	
16000156	Common	Common	Common	
16000157	Common	Common	Common	
16000158	Common	Common	Common	
16000159	Common	Common	Common	
16000160	Common	Common	Common	
16000161	Common	Common	Common	
16000162	Common	Common	Common	
16000163	Common	Common	Common	
16000164	Common	Common	Common	
16000165	Common	Common	Common	
16000166	Common	Common	Common	
16000167	Common	Common	Common	
16000168	Common	Common	Common	
16000169	Common	Common	Common	
16000170	Common	Common	Common	
16000171	Common	Common	Common	
16000172	Common	Common	Common	
16000173	Common	Common	Common	
16000174	Common	Common	Common	
16000175	Common	Common	Common	
16000176	Common	Common	Common	
16000177	Common	Common	Common	
16000178	Common	Common	Common	
16000179	Common	Common	Common	
16000180	Common	Common	Common	
16000181	Common	Common	Common	
16000182	Common	Common	Common	
16000183	Common	Common	Common	
16000184	Common	Common	Common	
16000185	Common	Common	Common	
16000186	Common	Common	Common	
16000187	Common	Common	Common	
16000188	Common	Common	Common	
16000189	Common	Common	Common	
16000190	Common	Common	Common	
16000191	Common	Common	Common	
16000192	Common	Common	Common	
16000193	Common	Common	Common	
16000194	Common	Common	Common	
16000195	Common	Common	Common	
16000196	Common	Common	Common	
16000197	Common	Common	Common	
16000198	Common	Common	Common	
16000199	Common	Common	Common	
16000200	Common	Common	Common	
16000201	Common	Common	Common	
16000202	Common	Common	Common	
16000203	Common	Common	Common	
16000204	Common	Common	Common	
16000205	Common	Common	Common	
16000206	Common	Common	Common	
16000207	Common	Common	Common	
16000208	Common	Common	Common	
16000209	Common	Common	Common	
16000210	Common	Common	Common	
16000211	Common	Common	Common	
16000212	Common	Common	Common	
16000213	Common	Common	Common	
16000214	Common	Common	Common	
16000215	Common	Common	Common	
16000216	Common	Common	Common	
16000217	Common	Common	Common	
16000218	Common	Common	Common	
16000219	Common	Common	Common	
16000220	Common	Common	Common	
16000221	Common	Common	Common	
16000222	Common	Common	Common	
16000223	Common	Common	Common	
16000224	Common	Common	Common	
16000225	Common	Common	Common	
16000226	Common	Common	Common	
16000227	Common	Common	Common	
16000228	Common	Common	Common	
16000229	Common	Common	Common	
16000230	Common	Common	Common	
16000231	Common	Common	Common	
16000232	Common	Common	Common	
16000233	Common	Common	Common	
16000234	Common	Common	Common	
16000235	Common	Common	Common	
16000236	Common	Common	Common	
16000237	Common	Common	Common	
16000238	Common	Common	Common	
16000239	Common	Common	Common	
16000240	Common	Common	Common	
16000241	Common	Common	Common	
16000242	Common	Common	Common	
16000243	Common	Common	Common	
16000244	Common	Common	Common	
16000245	Common	Common	Common	
16000246	Common	Common	Common	
16000247	Common	Common	Common	
16000248	Common	Common	Common	
16000249	Common	Common	Common	
16000250	Common	Common	Common	
16000251	Common	Common	Common	
16000252	Common	Common	Common	
16000253	Common	Common	Common	
16000254	Common	Common	Common	
16000255	Common	Common	Common	
16000256	Common	Common	Common	
16000257	Common	Common	Common	
16000258	Common	Common	Common	
16000259	Common	Common	Common	
16000260	Common	Common	Common	
16000261	Common	Common	Common	
16000262	Common	Common	Common	
16000263	Common	Common	Common	
16000264	Common	Common	Common	
16000265	Common	Common	Common	
16000266	Common	Common	Common	
16000267	Common	Common	Common	
16000268	Common	Common	Common	
16000269	Common	Common	Common	
16000270	Common	Common	Common	
16000271	Common	Common	Common	
16000272	Common	Common	Common	
16000273	Common	Common	Common	
16000274	Common	Common	Common	
16000275	Common	Common	Common	
16000276	Common	Common	Common	
16000277	Common	Common	Common	
16000278	Common	Common	Common	
16000279	Common	Common	Common	
16000280	Common	Common	Common	
16000281	Common	Common	Common	
16000282	Common	Common	Common	
16000283	Common	Common	Common	
16000284	Common	Common	Common	
16000285	Common	Common	Common	
16000286	Common	Common	Common	
16000287	Common	Common	Common	
16000288	Common	Common	Common	
16000289	Common	Common	Common	
16000290	Common	Common	Common	
16000291	Common	Common	Common	
17000002	Common	Common	Common	
17000003	Common	Common	Common	
17000004	Common	Common	Common	
17000005	Common	Common	Common	
17000006	Common	Common	Common	
17000007	Common	Common	Common	
17000008	Common	Common	Common	
17000009	Common	Common	Common	
17000010	Common	Common	Common	
17000011	Common	Common	Common	
17000012	Common	Common	Common	
17000013	Common	Common	Common	
17000014	Common	Common	Common	
17000015	Common	Common	Common	
17000016	Common	Common	Common	
17000017	Common	Common	Common	
17000018	Common	Common	Common	
17000019	Common	Common	Common	
17000020	Common	Common	Common	
17000021	Common	Common	Common	
17000022	Common	Common	Common	
17000023	Common	Common	Common	
17000024	Common	Common	Common	
17000025	Common	Common	Common	
17000026	Common	Common	Common	
17000027	Common	Common	Common	
17000028	Common	Common	Common	
17000029	Common	Common	Common	
17000030	Common	Common	Common	
17000031	Common	Common	Common	
17000032	Common	Common	Common	
17000033	Common	Common	Common	
17000034	Common	Common	Common	
17000035	Common	Common	Common	
17000036	Common	Common	Common	
17000037	Common	Common	Common	
17000038	Common	Common	Common	
17000039	Common	Common	Common	
17000040	Common	Common	Common	
17000041	Common	Common	Common	
17000042	Common	Common	Common	
17000043	Common	Common	Common	
17000044	Common	Common	Common	
17000045	Common	Common	Common	
17000046	Common	Common	Common	
17000047	Common	Common	Common	
17000048	Common	Common	Common	
17000049	Common	Common	Common	
17000050	Common	Common	Common	
17000051	Common	Common	Common	
17000052	Common	Common	Common	
17000053	Common	Common	Common	
17000054	Common	Common	Common	
17000055	Common	Common	Common	
17000056	Common	Common	Common	
17000057	Common	Common	Common	
17000058	Common	Common	Common	
17000059	Common	Common	Common	
17000060	Common	Common	Common	
17000061	Common	Common	Common	
17000062	Common	Common	Common	
17000063	Common	Common	Common	
17000064	Common	Common	Common	
17000065	Common	Common	Common	
17000066	Common	Common	Common	
17000067	Common	Common	Common	
17000068	Common	Common	Common	
17000069	Common	Common	Common	
17000070	Common	Common	Common	
17000071	Common	Common	Common	
17000072	Common	Common	Common	
17000073	Common	Common	Common	
17000074	Common	Common	Common	
17000075	Common	Common	Common	
17000076	Common	Common	Common	
17000077	Common	Common	Common	
17000078	Common	Common	Common	
17000079	Common	Common	Common	
17000080	Common	Common	Common	
17000081	Common	Common	Common	
17000082	Common	Common	Common	
17000083	Common	Common	Common	
17000084	Common	Common	Common	
17000085	Common	Common	Common	
17000086	Common	Common	Common	
17000087	Common	Common	Common	
17000088	Common	Common	Common	
17000089	Common	Common	Common	
17000090	Common	Common	Common	
17000091	Common	Common	Common	
17000092	Common	Common	Common	
17000093	Common	Common	Common	
17000094	Common	Common	Common	
17000095	Common	Common	Common	
17000096	Common	Common	Common	
17000097	Common	Common	Common	
17000098	Common	Common	Common	
17000099	Common	Common	Common	
17000100	Common	Common	Common	
17000101	Common	Common	Common	
17000102	Common	Common	Common	
17000103	Common	Common	Common	
17000104	Common	Common	Common	
17000105	Common	Common	Common	
17000106	Common	Common	Common	
17000107	Common	Common	Common	
17000108	Common	Common	Common	
17000109	Common	Common	Common	
17000110	Common	Common	Common	
17000111	Common	Common	Common	
17000112	Common	Common	Common	
17000113	Common	Common	Common	
17000114	Common	Common	Common	
17000115	Common	Common	Common	
17000116	Common	Common	Common	
17000117	Common	Common	Common	
17000118	Common	Common	Common	
17000119	Common	Common	Common	
17000120	Common	Common	Common	
17000121	Common	Common	Common	
17000122	Common	Common	Common	
17000123	Common	Common	Common	
17000124	Common	Common	Common	
17000125	Common	Common	Common	
17000126	Common	Common	Common	
17000127	Common	Common	Common	
17000128	Common	Common	Common	
17000129	Common	Common	Common	
17000130	Common	Common	Common	
17000131	Common	Common	Common	
17000132	Common	Common	Common	
17000133	Common	Common	Common	
17000134	Common	Common	Common	
17000135	Common	Common	Common	
17000136	Common	Common	Common	
17000137	Common	Common	Common	
17000138	Common	Common	Common	
17000139	Common	Common	Common	
17000140	Common	Common	Common	
17000141	Common	Common	Common	
17000142	Common	Common	Common	
17000143	Common	Common	Common	
17000144	Common	Common	Common	
17000145	Common	Common	Common	
17000146	Common	Common	Common	
17000147	Common	Common	Common	
17000148	Common	Common	Common	
17000149	Common	Common	Common	
17000150	Common	Common	Common	
17000151	Common	Common	Common	
17000152	Common	Common	Common	
17000153	Common	Common	Common	
17000154	Common	Common	Common	
17000155	Common	Common	Common	
17000156	Common	Common	Common	
17000157	Common	Common	Common	
17000158	Common	Common	Common	
17000159	Common	Common	Common	
17000160	Common	Common	Common	
17000161	Common	Common	Common	
17000162	Common	Common	Common	
17000163	Common	Common	Common	
17000164	Common	Common	Common	
17000165	Common	Common	Common	
17000166	Common	Common	Common	
17000167	Common	Common	Common	
17000168	Common	Common	Common	
17000169	Common	Common	Common	
23000000	Common	Common	Common	Summon: Elin Spyder
23000001	Common	Common	Common	Summon: Tuned Elin Spyder
23000002	Common	Common	Common	Summon: Polished Elin Spyder
23000003	Common	Common	Common	Summon: Gassed-Up Elin Spyder
23000004	Common	Common	Common	Summon: Supercharged Elin Spyder
23000005	Common	Common	Common	Summon: Gassed-Up Elin Spyder
23000006	Common	Common	Common	Summon: Modded Elin Spyder
23000007	Common	Common	Common	Summon: Elin Spyder
23000008	Common	Common	Common	Summon: Tuned Elin Spyder
23000009	Common	Common	Common	Summon: Polished Elin Spyder
23000010	Common	Common	Common	Summon: Gassed-Up Elin Spyder
23000011	Common	Common	Common	Summon: Modded Elin Spyder
23000012	Common	Common	Common	Summon: Elin Spyder
23000013	Common	Common	Common	Summon: Tuned Elin Spyder
23000014	Common	Common	Common	Summon: Polished Elin Spyder
23000015	Common	Common	Common	Summon: Gassed-Up Elin Spyder
23000016	Common	Common	Common	Summon: Modded Elin Spyder
23000017	Common	Common	Common	Summon: Elin Spyder
23000018	Common	Common	Common	Summon: Tuned Elin Spyder
23000019	Common	Common	Common	Summon: Polished Elin Spyder
23000020	Common	Common	Common	Summon: Gassed-Up Elin Spyder
23000021	Common	Common	Common	Summon: Modded Elin Spyder
23000022	Common	Common	Common	Summon: Elin Spyder
23000023	Common	Common	Common	Summon: Tuned Elin Spyder
23000024	Common	Common	Common	Summon: Polished Elin Spyder
23000025	Common	Common	Common	Summon: Gassed-Up Elin Spyder
23000026	Common	Common	Common	Summon: Modded Elin Spyder
23000027	Common	Common	Common	Flight: Gravitron
23000028	Common	Common	Common	Flight: Mythical Gravitron
23000029	Common	Common	Common	Flight: Fabled Gravitron
23000030	Common	Common	Common	Flight: Legendary Gravitron
23000031	Common	Common	Common	Flight: Almighty Gravitron
23000032	Common	Common	Common	Flight: Legendary Gravitron
23000033	Common	Common	Common	Flight: Chimeric Gravitron
23000034	Common	Common	Common	Flight: Gravitron
23000035	Common	Common	Common	Flight: Mythical Gravitron
23000036	Common	Common	Common	Flight: Fabled Gravitron
23000037	Common	Common	Common	Flight: Legendary Gravitron
23000038	Common	Common	Common	Flight: Chimeric Gravitron
23000039	Common	Common	Common	Flight: Gravitron
23000040	Common	Common	Common	Flight: Mythical Gravitron
23000041	Common	Common	Common	Flight: Fabled Gravitron
23000042	Common	Common	Common	Flight: Legendary Gravitron
23000043	Common	Common	Common	Flight: Chimeric Gravitron
23000044	Common	Common	Common	Flight: Gravitron
23000045	Common	Common	Common	Flight: Mythical Gravitron
23000046	Common	Common	Common	Flight: Fabled Gravitron
23000047	Common	Common	Common	Flight: Legendary Gravitron
23000048	Common	Common	Common	Flight: Chimeric Gravitron
23000049	Common	Common	Common	Flight: Gravitron
23000050	Common	Common	Common	Flight: Mythical Gravitron
23000051	Common	Common	Common	Flight: Fabled Gravitron
23000052	Common	Common	Common	Flight: Legendary Gravitron
23000053	Common	Common	Common	Flight: Chimeric Gravitron
23000054	Common	Common	Common	Flight: Aerotron
23000055	Common	Common	Common	Flight: Mythical Aerotron
23000056	Common	Common	Common	Flight: Fabled Aerotron
23000057	Common	Common	Common	Flight: Legendary Aerotron
23000058	Common	Common	Common	Flight: Almighty Aerotron
23000059	Common	Common	Common	Flight: Legendary Aerotron
23000060	Common	Common	Common	Flight: Chimeric Aerotron
23000061	Common	Common	Common	Flight: Aerotron
23000062	Common	Common	Common	Flight: Mythical Aerotron
23000063	Common	Common	Common	Flight: Fabled Aerotron
23000064	Common	Common	Common	Flight: Legendary Aerotron
23000065	Common	Common	Common	Flight: Chimeric Aerotron
23000066	Common	Common	Common	Flight: Aerotron
23000067	Common	Common	Common	Flight: Mythical Aerotron
23000068	Common	Common	Common	Flight: Fabled Aerotron
23000069	Common	Common	Common	Flight: Legendary Aerotron
23000070	Common	Common	Common	Flight: Chimeric Aerotron
23000071	Common	Common	Common	Flight: Aerotron
23000072	Common	Common	Common	Flight: Mythical Aerotron
23000073	Common	Common	Common	Flight: Fabled Aerotron
23000074	Common	Common	Common	Flight: Legendary Aerotron
23000075	Common	Common	Common	Flight: Chimeric Aerotron
23000076	Common	Common	Common	Flight: Aerotron
23000077	Common	Common	Common	Flight: Mythical Aerotron
23000078	Common	Common	Common	Flight: Fabled Aerotron
23000079	Common	Common	Common	Flight: Legendary Aerotron
23000080	Common	Common	Common	Flight: Chimeric Aerotron
23000081	Common	Common	Common	
23000082	Common	Common	Common	
23000083	Common	Common	Common	
23000084	Common	Common	Common	
23000085	Common	Common	Common	
23000086	Common	Common	Common	
23000087	Common	Common	Common	
23000088	Common	Common	Common	
23000089	Common	Common	Common	
23000090	Common	Common	Common	
23000091	Common	Common	Common	
23000092	Common	Common	Common	
23000093	Common	Common	Common	
23000094	Common	Common	Common	
23000095	Common	Common	Common	
23000096	Common	Common	Common	
23000097	Common	Common	Common	
23000098	Common	Common	Common	
23000099	Common	Common	Common	
23000100	Common	Common	Common	
23000101	Common	Common	Common	
23000102	Common	Common	Common	
23000103	Common	Common	Common	
23000104	Common	Common	Common	
23000105	Common	Common	Common	
23000106	Common	Common	Common	
23000107	Common	Common	Common	
23000108	Common	Common	Common	
23000109	Common	Common	Common	
23000110	Common	Common	Common	
23000111	Common	Common	Common	
23000112	Common	Common	Common	
23000113	Common	Common	Common	
23000114	Common	Common	Common	
23000115	Common	Common	Common	
23000116	Common	Common	Common	
23000117	Common	Common	Common	
23000118	Common	Common	Common	
23000119	Common	Common	Common	
23000120	Common	Common	Common	
23000121	Common	Common	Common	
23000122	Common	Common	Common	
23000123	Common	Common	Common	
23000124	Common	Common	Common	
23000125	Common	Common	Common	
23000126	Common	Common	Common	
23000127	Common	Common	Common	
23000128	Common	Common	Common	
23000129	Common	Common	Common	
23000130	Common	Common	Common	
23000131	Common	Common	Common	
23000132	Common	Common	Common	
23000133	Common	Common	Common	
23000134	Common	Common	Common	
23000135	Common	Common	Common	
23000136	Common	Common	Common	
23000137	Common	Common	Common	
23000138	Common	Common	Common	
23000139	Common	Common	Common	
23000140	Common	Common	Common	
23000141	Common	Common	Common	Summon: Bloom Tail
23000142	Common	Common	Common	Summon: Mythical Bloom Tail
23000143	Common	Common	Common	Summon: Fabled Bloom Tail
23000144	Common	Common	Common	Summon: Legendary Bloom Tail
23000145	Common	Common	Common	Summon: Almighty Bloom Tail
23000146	Common	Common	Common	Summon: Legendary Bloom Tail
23000147	Common	Common	Common	Summon: Chimeric Bloom Tail
23000148	Common	Common	Common	Summon: Bloom Tail
23000149	Common	Common	Common	Summon: Mythical Bloom Tail
23000150	Common	Common	Common	Summon: Fabled Bloom Tail
23000151	Common	Common	Common	Summon: Legendary Bloom Tail
23000152	Common	Common	Common	Summon: Chimeric Bloom Tail
23000153	Common	Common	Common	Flight: Moonhopper
23000154	Common	Common	Common	Flight: Mythical Moonhopper
23000155	Common	Common	Common	Flight: Fabled Moonhopper
23000156	Common	Common	Common	Flight: Legendary Moonhopper
23000157	Common	Common	Common	Flight: Almighty Moonhopper
23000158	Common	Common	Common	Flight: Legendary Moonhopper
23000159	Common	Common	Common	Flight: Chimeric Moonhopper
23000160	Common	Common	Common	Flight: Moonhopper
23000161	Common	Common	Common	Flight: Mythical Moonhopper
23000162	Common	Common	Common	Flight: Fabled Moonhopper
23000163	Common	Common	Common	Flight: Legendary Moonhopper
23000164	Common	Common	Common	Flight: Chimeric Moonhopper
23000165	Common	Common	Common	Flight: Dreamhopper
23000166	Common	Common	Common	Flight: Mythical Dreamhopper
23000167	Common	Common	Common	Flight: Fabled Dreamhopper
23000168	Common	Common	Common	Flight: Legendary Dreamhopper
23000169	Common	Common	Common	Flight: Almighty Dreamhopper
23000170	Common	Common	Common	Flight: Legendary Dreamhopper
23000171	Common	Common	Common	Flight: Chimeric Dreamhopper
23000172	Common	Common	Common	Flight: Dreamhopper
23000173	Common	Common	Common	Flight: Mythical Dreamhopper
23000174	Common	Common	Common	Flight: Fabled Dreamhopper
23000175	Common	Common	Common	Flight: Legendary Dreamhopper
23000176	Common	Common	Common	Flight: Chimeric Dreamhopper
23000177	Common	Common	Common	Flight: Obsidian Tail
23000178	Common	Common	Common	Flight: Mythical Obsidian Tail
23000179	Common	Common	Common	Flight: Fabled Obsidian Tail
23000180	Common	Common	Common	Flight: Legendary Obsidian Tail
23000181	Common	Common	Common	Flight: Almighty Obsidian Tail
23000182	Common	Common	Common	Flight: Legendary Obsidian Tail
23000183	Common	Common	Common	Flight: Chimeric Obsidian Tail
23000184	Common	Common	Common	Flight: Obsidian Tail
23000185	Common	Common	Common	Flight: Mythical Obsidian Tail
23000186	Common	Common	Common	Flight: Fabled Obsidian Tail
23000187	Common	Common	Common	Flight: Legendary Obsidian Tail
23000188	Common	Common	Common	Flight: Chimeric Obsidian Tail
23000189	Common	Common	Common	Flight: Spectral Tail
23000190	Common	Common	Common	Flight: Mythical Spectral Tail
23000191	Common	Common	Common	Flight: Fabled Spectral Tail
23000192	Common	Common	Common	Flight: Legendary Spectral Tail
23000193	Common	Common	Common	Flight: Almighty Spectral Tail
23000194	Common	Common	Common	Flight: Legendary Spectral Tail
23000195	Common	Common	Common	Flight: Chimeric Spectral Tail
23000196	Common	Common	Common	Flight: Spectral Tail
23000197	Common	Common	Common	Flight: Mythical Spectral Tail
23000198	Common	Common	Common	Flight: Fabled Spectral Tail
23000199	Common	Common	Common	Flight: Legendary Spectral Tail
23000200	Common	Common	Common	Flight: Chimeric Spectral Tail
23000201	Common	Common	Common	Flight: Bloom Tail
23000202	Common	Common	Common	Flight: Mythical Bloom Tail
23000203	Common	Common	Common	Flight: Fabled Bloom Tail
23000204	Common	Common	Common	Flight: Legendary Bloom Tail
23000205	Common	Common	Common	Flight: Almighty Bloom Tail
23000206	Common	Common	Common	Flight: Legendary Bloom Tail
23000207	Common	Common	Common	Flight: Chimeric Bloom Tail
23000208	Common	Common	Common	Flight: Bloom Tail
23000209	Common	Common	Common	Flight: Mythical Bloom Tail
23000210	Common	Common	Common	Flight: Fabled Bloom Tail
23000211	Common	Common	Common	Flight: Legendary Bloom Tail
23000212	Common	Common	Common	Flight: Chimeric Bloom Tail
23000213	Common	Common	Common	Flight: Photon Fighter
23000214	Common	Common	Common	Flight: Mythical Photon Fighter
23000215	Common	Common	Common	Flight: Fabled Photon Fighter
23000216	Common	Common	Common	Flight: Legendary Photon Fighter
23000217	Common	Common	Common	Flight: Almighty Photon Fighter
23000218	Common	Common	Common	Flight: Legendary Photon Fighter
23000219	Common	Common	Common	Flight: Chimeric Photon Fighter
23000220	Common	Common	Common	Flight: Photon Fighter
23000221	Common	Common	Common	Flight: Mythical Photon Fighter
23000222	Common	Common	Common	Flight: Fabled Photon Fighter
23000223	Common	Common	Common	Flight: Legendary Photon Fighter
23000224	Common	Common	Common	Flight: Chimeric Photon Fighter
23000225	Common	Common	Common	Flight: Photon Fighter
23000226	Common	Common	Common	Flight: Mythical Photon Fighter
23000227	Common	Common	Common	Flight: Fabled Photon Fighter
23000228	Common	Common	Common	Flight: Legendary Photon Fighter
23000229	Common	Common	Common	Flight: Chimeric Photon Fighter
23000230	Common	Common	Common	Flight: Photon Fighter
23000231	Common	Common	Common	Flight: Mythical Photon Fighter
23000232	Common	Common	Common	Flight: Fabled Photon Fighter
23000233	Common	Common	Common	Flight: Legendary Photon Fighter
23000234	Common	Common	Common	Flight: Chimeric Photon Fighter
23000235	Common	Common	Common	Flight: Photon Fighter
23000236	Common	Common	Common	Flight: Mythical Photon Fighter
23000237	Common	Common	Common	Flight: Fabled Photon Fighter
23000238	Common	Common	Common	Flight: Legendary Photon Fighter
23000239	Common	Common	Common	Flight: Chimeric Photon Fighter
23000240	Common	Common	Common	Flight: Guardex Fighter
23000241	Common	Common	Common	Flight: Mythical Guardex Fighter
23000242	Common	Common	Common	Flight: Fabled Guardex Fighter
23000243	Common	Common	Common	Flight: Legendary Guardex Fighter
23000244	Common	Common	Common	Flight: Almighty Guardex Fighter
23000245	Common	Common	Common	Flight: Legendary Guardex Fighter
23000246	Common	Common	Common	Flight: Chimeric Guardex Fighter
23000247	Common	Common	Common	Flight: Guardex Fighter
23000248	Common	Common	Common	Flight: Mythical Guardex Fighter
23000249	Common	Common	Common	Flight: Fabled Guardex Fighter
23000250	Common	Common	Common	Flight: Legendary Guardex Fighter
23000251	Common	Common	Common	Flight: Chimeric Guardex Fighter
23000252	Common	Common	Common	Flight: Guardex Fighter
23000253	Common	Common	Common	Flight: Mythical Guardex Fighter
23000254	Common	Common	Common	Flight: Fabled Guardex Fighter
23000255	Common	Common	Common	Flight: Legendary Guardex Fighter
23000256	Common	Common	Common	Flight: Chimeric Guardex Fighter
23000257	Common	Common	Common	Flight: Guardex Fighter
23000258	Common	Common	Common	Flight: Mythical Guardex Fighter
23000259	Common	Common	Common	Flight: Fabled Guardex Fighter
23000260	Common	Common	Common	Flight: Legendary Guardex Fighter
23000261	Common	Common	Common	Flight: Chimeric Guardex Fighter
23000262	Common	Common	Common	Flight: Guardex Fighter
23000263	Common	Common	Common	Flight: Mythical Guardex Fighter
23000264	Common	Common	Common	Flight: Fabled Guardex Fighter
23000265	Common	Common	Common	Flight: Legendary Guardex Fighter
23000266	Common	Common	Common	Flight: Chimeric Guardex Fighter
23000267	Common	Common	Common	Flight: Carnelian Koinobori
23000268	Common	Common	Common	Flight: Mythical Carnelian Koinobori
23000269	Common	Common	Common	Flight: Fabled Carnelian Koinobori
23000270	Common	Common	Common	Flight: Legendary Carnelian Koinobori
23000271	Common	Common	Common	Flight: Almighty Carnelian Koinobori
23000272	Common	Common	Common	Flight: Legendary Carnelian Koinobori
23000273	Common	Common	Common	Flight: Chimeric Carnelian Koinobori
23000274	Common	Common	Common	Flight: Carnelian Koinobori
23000275	Common	Common	Common	Flight: Mythical Carnelian Koinobori
23000276	Common	Common	Common	Flight: Fabled Carnelian Koinobori
23000277	Common	Common	Common	Flight: Legendary Carnelian Koinobori
23000278	Common	Common	Common	Flight: Chimeric Carnelian Koinobori
23000279	Common	Common	Common	Flight: Carnelian Koi
23000280	Common	Common	Common	Flight: Mythical Carnelian Koi
23000281	Common	Common	Common	Flight: Fabled Carnelian Koi
23000282	Common	Common	Common	Flight: Legendary Carnelian Koi
23000283	Common	Common	Common	Flight: Almighty Carnelian Koi
23000284	Common	Common	Common	Flight: Legendary Carnelian Koi
23000285	Common	Common	Common	Flight: Chimeric Carnelian Koi
23000286	Common	Common	Common	Flight: Carnelian Koi
23000287	Common	Common	Common	Flight: Mythical Carnelian Koi
23000288	Common	Common	Common	Flight: Fabled Carnelian Koi
23000289	Common	Common	Common	Flight: Legendary Carnelian Koi
23000290	Common	Common	Common	Flight: Almighty Carnelian Koi
23000291	Common	Common	Common	Flight: Aquamarine Koinobori
23000292	Common	Common	Common	Flight: Mythical Aquamarine Koinobori
23000293	Common	Common	Common	Flight: Fabled Aquamarine Koinobori
23000294	Common	Common	Common	Flight: Legendary Aquamarine Koinobori
23000295	Common	Common	Common	Flight: Almighty Aquamarine Koinobori
23000296	Common	Common	Common	Flight: Legendary Aquamarine Koinobori
23000297	Common	Common	Common	Flight: Chimeric Aquamarine Koinobori
23000298	Common	Common	Common	Flight: Aquamarine Koinobori
23000299	Common	Common	Common	Flight: Mythical Aquamarine Koinobori
23000300	Common	Common	Common	Flight: Fabled Aquamarine Koinobori
23000301	Common	Common	Common	Flight: Legendary Aquamarine Koinobori
23000302	Common	Common	Common	Flight: Chimeric Aquamarine Koinobori
23000303	Common	Common	Common	Flight: Aquamarine Koi
23000304	Common	Common	Common	Flight: Mythical Aquamarine Koi
23000305	Common	Common	Common	Flight: Fabled Aquamarine Koi
23000306	Common	Common	Common	Flight: Legendary Aquamarine Koi
23000307	Common	Common	Common	Flight: Almighty Aquamarine Koi
23000308	Common	Common	Common	Flight: Legendary Aquamarine Koi
23000309	Common	Common	Common	Flight: Chimeric Aquamarine Koi
23000310	Common	Common	Common	Flight: Aquamarine Koi
23000311	Common	Common	Common	Flight: Mythical Aquamarine Koi
23000312	Common	Common	Common	Flight: Fabled Aquamarine Koi
23000313	Common	Common	Common	Flight: Legendary Aquamarine Koi
23000314	Common	Common	Common	Flight: Almighty Aquamarine Koi
23000315	Common	Common	Common	Flight: Onyx Koinobori
23000316	Common	Common	Common	Flight: Mythical Onyx Koinobori
23000317	Common	Common	Common	Flight: Fabled Onyx Koinobori
23000318	Common	Common	Common	Flight: Legendary Onyx Koinobori
23000319	Common	Common	Common	Flight: Almighty Onyx Koinobori
23000320	Common	Common	Common	Flight: Legendary Onyx Koinobori
23000321	Common	Common	Common	Flight: Almighty Onyx Koinobori
23000322	Common	Common	Common	Flight: Onyx Koinobori
23000323	Common	Common	Common	Flight: Mythical Onyx Koinobori
23000324	Common	Common	Common	Flight: Fabled Onyx Koinobori
23000325	Common	Common	Common	Flight: Legendary Onyx Koinobori
23000326	Common	Common	Common	Flight: Chimeric Onyx Koinobori
23000327	Common	Common	Common	Flight: Onyx Koi
23000328	Common	Common	Common	Flight: Mythical Onyx Koi
23000329	Common	Common	Common	Flight: Fabled Onyx Koi
23000330	Common	Common	Common	Flight: Legendary Onyx Koi
23000331	Common	Common	Common	Flight: Almighty Onyx Koi
23000332	Common	Common	Common	Flight: Legendary Onyx Koi
23000333	Common	Common	Common	Flight: Chimeric Onyx Koi
23000334	Common	Common	Common	Flight: Onyx Koi
23000335	Common	Common	Common	Flight: Mythical Onyx Koi
23000336	Common	Common	Common	Flight: Fabled Onyx Koi
23000337	Common	Common	Common	Flight: Legendary Onyx Koi
23000338	Common	Common	Common	Flight: Almighty Onyx Koi
23000339	Common	Common	Common	Flight: Koinobori School
23000340	Common	Common	Common	Flight: Mythical Koinobori School
23000341	Common	Common	Common	Flight: Fabled Koinobori School
23000342	Common	Common	Common	Flight: Legendary Koinobori School
23000343	Common	Common	Common	Flight: Almighty Koinobori School
23000344	Common	Common	Common	Flight: Legendary Koinobori School
23000345	Common	Common	Common	Flight: Chimeric Koinobori School
23000346	Common	Common	Common	Flight: Koinobori School
23000347	Common	Common	Common	Flight: Mythical Koinobori School
23000348	Common	Common	Common	Flight: Fabled Koinobori School
23000349	Common	Common	Common	Flight: Legendary Koinobori School
23000350	Common	Common	Common	Flight: Chimeric Koinobori School
23000351	Common	Common	Common	Flight: Cheeks' Dragon Boat
23000352	Common	Common	Common	Flight: Cheeks' Mythical Dragon Boat
23000353	Common	Common	Common	Flight: Cheeks' Fabled Dragon Boat
23000354	Common	Common	Common	Flight: Cheeks' Legendary Dragon Boat
23000355	Common	Common	Common	Flight: Cheeks' Almighty Dragon Boat
23000356	Common	Common	Common	Flight: Cheeks' Legendary Dragon Boat
23000357	Common	Common	Common	Flight: Cheeks' Chimeric Dragon Boat
23000358	Common	Common	Common	Flight: Cheeks' Dragon Boat
23000359	Common	Common	Common	Flight: Cheeks' Mythical Dragon Boat
23000360	Common	Common	Common	Flight: Cheeks' Fabled Dragon Boat
23000361	Common	Common	Common	Flight: Cheeks' Legendary Dragon Boat
23000362	Common	Common	Common	Flight: Cheeks' Chimeric Dragon Boat
23000363	Common	Common	Common	Flight: Moonshine
23000364	Common	Common	Common	Flight: Mythical Moonshine
23000365	Common	Common	Common	Flight: Fabled Moonshine
23000366	Common	Common	Common	Flight: Legendary Moonshine
23000367	Common	Common	Common	Flight: Almighty Moonshine
23000368	Common	Common	Common	Flight: Legendary Moonshine
23000369	Common	Common	Common	Flight: Chimeric Moonshine
23000370	Common	Common	Common	Flight: Moonshine
23000371	Common	Common	Common	Flight: Mythical Moonshine
23000372	Common	Common	Common	Flight: Fabled Moonshine
23000373	Common	Common	Common	Flight: Legendary Moonshine
23000374	Common	Common	Common	Flight: Chimeric Moonshine
23000375	Common	Common	Common	Flight: Starhopper
23000376	Common	Common	Common	Flight: Mythical Starhopper
23000377	Common	Common	Common	Flight: Fabled Starhopper
23000378	Common	Common	Common	Flight: Legendary Starhopper
23000379	Common	Common	Common	Flight: Almighty Starhopper
23000380	Common	Common	Common	Flight: Legendary Starhopper
23000381	Common	Common	Common	Flight: Chimeric Starhopper
23000382	Common	Common	Common	Flight: Starhopper
23000383	Common	Common	Common	Flight: Mythical Starhopper
23000384	Common	Common	Common	Flight: Fabled Starhopper
23000385	Common	Common	Common	Flight: Legendary Starhopper
23000386	Common	Common	Common	Flight: Chimeric Starhopper
23000387	Common	Common	Common	Flight: Star Trail
23000388	Common	Common	Common	Flight: Mythical Star Trail
23000389	Common	Common	Common	Flight: Fabled Star Trail
23000390	Common	Common	Common	Flight: Legendary Star Trail
23000391	Common	Common	Common	Flight: Almighty Star Trail
23000392	Common	Common	Common	Flight: Legendary Star Trail
23000393	Common	Common	Common	Flight: Chimeric Star Trail
23000394	Common	Common	Common	Flight: Star Trail
23000395	Common	Common	Common	Flight: Mythical Star Trail
23000396	Common	Common	Common	Flight: Fabled Star Trail
23000397	Common	Common	Common	Flight: Legendary Star Trail
23000398	Common	Common	Common	Flight: Chimeric Star Trail
23000399	Common	Common	Common	Summon: Vampire Throne
23000400	Common	Common	Common	Summon: Mythical Vampire Throne
23000401	Common	Common	Common	Summon: Fabled Vampire Throne
23000402	Common	Common	Common	Summon: Legendary Vampire Throne
23000403	Common	Common	Common	Summon: Almighty Vampire Throne
23000404	Common	Common	Common	Summon: Legendary Vampire Throne
23000405	Common	Common	Common	Summon: Chimeric Vampire Throne
23000406	Common	Common	Common	Summon: Vampire Throne
23000407	Common	Common	Common	Summon: Mythical Vampire Throne
23000408	Common	Common	Common	Summon: Fabled Vampire Throne
23000409	Common	Common	Common	Summon: Legendary Vampire Throne
23000410	Common	Common	Common	Summon: Chimeric Vampire Throne
23000411	Common	Common	Common	Summon: Throne of the Underworld
23000412	Common	Common	Common	Summon: Mythical Throne of the Underworld
23000413	Common	Common	Common	Summon: Fabled Throne of the Underworld
23000414	Common	Common	Common	Summon: Legendary Throne of the Underworld
23000415	Common	Common	Common	Summon: Almighty Throne of the Underworld
23000416	Common	Common	Common	Summon: Legendary Throne of the Underworld
23000417	Common	Common	Common	Summon: Chimeric Throne of the Underworld
23000418	Common	Common	Common	Summon: Throne of the Underworld
23000419	Common	Common	Common	Summon: Mythical Throne of the Underworld
23000420	Common	Common	Common	Summon: Fabled Throne of the Underworld
23000421	Common	Common	Common	Summon: Legendary Throne of the Underworld
23000422	Common	Common	Common	Summon: Chimeric Throne of the Underworld
23000423	Common	Common	Common	Flight: Rubex Fighter
23000424	Common	Common	Common	Flight: Mythical Rubex Fighter
23000425	Common	Common	Common	Flight: Fabled Rubex Fighter
23000426	Common	Common	Common	Flight: Legendary Rubex Fighter
23000427	Common	Common	Common	Flight: Almighty Rubex Fighter
23000428	Common	Common	Common	Flight: Legendary Rubex Fighter
23000429	Common	Common	Common	Flight: Chimeric Rubex Fighter
23000430	Common	Common	Common	Flight: Rubex Fighter
23000431	Common	Common	Common	Flight: Mythical Rubex Fighter
23000432	Common	Common	Common	Flight: Fabled Rubex Fighter
23000433	Common	Common	Common	Flight: Legendary Rubex Fighter
23000434	Common	Common	Common	Flight: Chimeric Rubex Fighter
23000435	Common	Common	Common	Flight: Quartex Fighter
23000436	Common	Common	Common	Flight: Mythical Quartex Fighter
23000437	Common	Common	Common	Flight: Fabled Quartex Fighter
23000438	Common	Common	Common	Flight: Legendary Quartex Fighter
23000439	Common	Common	Common	Flight: Almighty Quartex Fighter
23000440	Common	Common	Common	Flight: Legendary Quartex Fighter
23000441	Common	Common	Common	Flight: Chimeric Quartex Fighter
23000442	Common	Common	Common	Flight: Quartex Fighter
23000443	Common	Common	Common	Flight: Mythical Quartex Fighter
23000444	Common	Common	Common	Flight: Fabled Quartex Fighter
23000445	Common	Common	Common	Flight: Legendary Quartex Fighter
23000446	Common	Common	Common	Flight: Chimeric Quartex Fighter
23000447	Common	Common	Common	Flight: Tizia
23000448	Common	Common	Common	Flight: Mighty Tizia
23000449	Common	Common	Common	Flight: Tizia
23000450	Common	Common	Common	Flight: Mighty Tizia
23000451	Common	Common	Common	Flight: Mighty Tizia
23000452	Common	Common	Common	Flight: Mighty Tizia
23000453	Common	Common	Common	Flight: Ancient Tizia
23000454	Common	Common	Common	Flight: Ancient Mighty Tizia
23000455	Common	Common	Common	Flight: Ancient Mighty Tizia
23000456	Common	Common	Common	Flight: Ancient Mighty Tizia
23000457	Common	Common	Common	Flight: Ancient Mighty Tizia
23000458	Common	Common	Common	Flight: Ancient Mighty Tizia
23000459	Common	Common	Common	Flight: Mournwing
23000460	Common	Common	Common	Flight: Almighty Mournwing
23000461	Common	Common	Common	Flight: Mournwing
23000462	Common	Common	Common	Flight: Golden Mournwing
23000463	Common	Common	Common	Flight: Almighty Golden Mournwing
23000464	Common	Common	Common	Flight: Golden Mournwing
23000465	Common	Common	Common	Flight: F2 Hover Racer
23000466	Common	Common	Common	Flight: Almighty F2 Hover Racer
23000467	Common	Common	Common	Flight: F2 Hover Racer
23000468	Common	Common	Common	Flight: F2 Hover Racer
23000469	Common	Common	Common	Flight: Almighty F2 Hover Racer
23000470	Common	Common	Common	Flight: F2 Hover Racer
23000471	Common	Common	Common	Flight: F1 Hover Racer
23000472	Common	Common	Common	Flight: Almighty F1 Hover Racer
23000473	Common	Common	Common	Flight: F1 Hover Racer
23000474	Common	Common	Common	Flight: F1 Hover Racer
23000475	Common	Common	Common	Flight: Almighty F1 Hover Racer
23000476	Common	Common	Common	Flight: F1 Hover Racer
15300000	Common	Common	Common	Summon: Regal Frostlion
15300001	Common	Common	Common	
15300002	Common	Common	Common	
15300003	Common	Common	Common	
15300004	Common	Common	Common	
15300005	Common	Common	Common	
15300006	Common	Common	Common	
15300007	Common	Common	Common	
15300008	Common	Common	Common	
15300009	Common	Common	Common	
15300010	Common	Common	Common	
15300011	Common	Common	Common	
15300012	Common	Common	Common	
15300013	Common	Common	Common	
15300014	Common	Common	Common	
15300015	Common	Common	Common	
15300016	Common	Common	Common	
15300017	Common	Common	Common	
15300018	Common	Common	Common	
15300019	Common	Common	Common	
15300020	Common	Common	Common	
15300021	Common	Common	Common	
15300022	Common	Common	Common	
15300023	Common	Common	Common	
15300024	Common	Common	Common	
15300030	Common	Common	Common	
15300031	Common	Common	Common	
15300032	Common	Common	Common	
15300033	Common	Common	Common	
15300034	Common	Common	Common	
15300035	Common	Common	Common	
15300037	Common	Common	Common	
15300038	Common	Common	Common	
15300039	Common	Common	Common	
15300045	Common	Common	Common	
15300046	Common	Common	Common	
15300047	Common	Common	Common	
15300060	Common	Common	Common	
15300061	Common	Common	Common	
15300062	Common	Common	Common	
15300063	Common	Common	Common	
15300064	Common	Common	Common	
15300065	Common	Common	Common	
15300066	Common	Common	Common	
15300067	Common	Common	Common	
15300071	Common	Common	Common	
15300072	Common	Common	Common	
15300073	Common	Common	Common	
15300074	Common	Common	Common	
15300075	Common	Common	Common	
15300076	Common	Common	Common	
15300077	Common	Common	Common	
15300078	Common	Common	Common	
15300079	Common	Common	Common	
15300080	Common	Common	Common	
15300081	Common	Common	Common	
15300082	Common	Common	Common	
15300091	Common	Common	Common	
15300092	Common	Common	Common	
15300093	Common	Common	Common	
15300094	Common	Common	Common	
15300095	Common	Common	Common	
15300096	Common	Common	Common	
15300097	Common	Common	Common	
15300098	Common	Common	Common	
15300099	Common	Common	Common	
15300100	Common	Common	Common	
15300101	Common	Common	Common	
15300102	Common	Common	Common	
15300103	Common	Common	Common	
15300104	Common	Common	Common	
15300105	Common	Common	Common	
15300106	Common	Common	Common	
15300107	Common	Common	Common	
15300108	Common	Common	Common	
15300109	Common	Common	Common	
15300110	Common	Common	Common	
15300111	Common	Common	Common	
15300112	Common	Common	Common	
15300113	Common	Common	Common	
15300114	Common	Common	Common	
15300115	Common	Common	Common	
15300116	Common	Common	Common	
15300117	Common	Common	Common	
15300118	Common	Common	Common	
15300119	Common	Common	Common	
15300120	Common	Common	Common	
15300121	Common	Common	Common	
15300122	Common	Common	Common	
15300123	Common	Common	Common	
15300124	Common	Common	Common	
15300125	Common	Common	Common	
15300126	Common	Common	Common	
15600099	Common	Common	Common	
15600100	Common	Common	Common	
